<?xml version="1.0" encoding="UTF-8"?>
<!DOCTYPE POWERMART SYSTEM "powrmart.dtd">
<POWERMART CREATION_DATE="06/09/2018 07:31:30" REPOSITORY_VERSION="186.95">
<REPOSITORY NAME="EDW_Prod_101" VERSION="186" CODEPAGE="UTF-8" DATABASETYPE="Oracle">
<FOLDER NAME="EDWTD_SALES_ORDERS" GROUP="" OWNER="infoadm" SHARED="NOTSHARED" DESCRIPTION="This is for EDW TeraData Sales Orders and POS Track
PM:Vinit verma" PERMISSIONS="rwx---r--" UUID="fa0507c5-29f3-4af8-bd2d-bb2872a3a591">
    <SOURCE BUSINESSNAME ="" DATABASETYPE ="Teradata" DBDNAME ="TDDEV" DESCRIPTION ="" NAME ="WI_DRR_FIN_ADJ_RULE3_PARTY_SAV" OBJECTVERSION ="1" OWNERNAME ="STGDB_DV4" VERSIONNUMBER ="4">
        <SOURCEFIELD BUSINESSNAME ="" DATATYPE ="integer" DESCRIPTION ="" FIELDNUMBER ="1" FIELDPROPERTY ="0" FIELDTYPE ="ELEMITEM" HIDDEN ="NO" KEYTYPE ="NOT A KEY" LENGTH ="11" LEVEL ="0" NAME ="BOOKINGS_MEASURE_KEY" NULLABLE ="NOTNULL" OCCURS ="0" OFFSET ="0" PHYSICALLENGTH ="10" PHYSICALOFFSET ="0" PICTURETEXT ="" PRECISION ="10" SCALE ="0" USAGE_FLAGS =""/>
        <SOURCEFIELD BUSINESSNAME ="" DATATYPE ="date" DESCRIPTION ="" FIELDNUMBER ="2" FIELDPROPERTY ="0" FIELDTYPE ="ELEMITEM" HIDDEN ="NO" KEYTYPE ="NOT A KEY" LENGTH ="19" LEVEL ="0" NAME ="BOOKINGS_PROCESS_DATE" NULLABLE ="NOTNULL" OCCURS ="0" OFFSET ="11" PHYSICALLENGTH ="10" PHYSICALOFFSET ="10" PICTURETEXT ="" PRECISION ="10" SCALE ="0" USAGE_FLAGS =""/>
        <SOURCEFIELD BUSINESSNAME ="" DATATYPE ="char" DESCRIPTION ="" FIELDNUMBER ="3" FIELDPROPERTY ="0" FIELDTYPE ="ELEMITEM" HIDDEN ="NO" KEYTYPE ="NOT A KEY" LENGTH ="0" LEVEL ="0" NAME ="BKGS_MEASURE_TRANS_TYPE_CODE" NULLABLE ="NOTNULL" OCCURS ="0" OFFSET ="30" PHYSICALLENGTH ="7" PHYSICALOFFSET ="20" PICTURETEXT ="" PRECISION ="7" SCALE ="0" USAGE_FLAGS =""/>
        <SOURCEFIELD BUSINESSNAME ="" DATATYPE ="integer" DESCRIPTION ="" FIELDNUMBER ="4" FIELDPROPERTY ="0" FIELDTYPE ="ELEMITEM" HIDDEN ="NO" KEYTYPE ="NOT A KEY" LENGTH ="11" LEVEL ="0" NAME ="DV_END_CUST_PARTY_KEY" NULLABLE ="NOTNULL" OCCURS ="0" OFFSET ="30" PHYSICALLENGTH ="10" PHYSICALOFFSET ="27" PICTURETEXT ="" PRECISION ="10" SCALE ="0" USAGE_FLAGS =""/>
        <SOURCEFIELD BUSINESSNAME ="" DATATYPE ="integer" DESCRIPTION ="" FIELDNUMBER ="5" FIELDPROPERTY ="0" FIELDTYPE ="ELEMITEM" HIDDEN ="NO" KEYTYPE ="NOT A KEY" LENGTH ="11" LEVEL ="0" NAME ="NEW_SA_MEMBER_ID_INT" NULLABLE ="NOTNULL" OCCURS ="0" OFFSET ="41" PHYSICALLENGTH ="10" PHYSICALOFFSET ="37" PICTURETEXT ="" PRECISION ="10" SCALE ="0" USAGE_FLAGS =""/>
        <SOURCEFIELD BUSINESSNAME ="" DATATYPE ="integer" DESCRIPTION ="" FIELDNUMBER ="6" FIELDPROPERTY ="0" FIELDTYPE ="ELEMITEM" HIDDEN ="NO" KEYTYPE ="NOT A KEY" LENGTH ="11" LEVEL ="0" NAME ="LINK_CUSTOMER_PARTY_KEY" NULLABLE ="NULL" OCCURS ="0" OFFSET ="52" PHYSICALLENGTH ="10" PHYSICALOFFSET ="47" PICTURETEXT ="" PRECISION ="10" SCALE ="0" USAGE_FLAGS =""/>
        <SOURCEFIELD BUSINESSNAME ="" DATATYPE ="integer" DESCRIPTION ="" FIELDNUMBER ="7" FIELDPROPERTY ="0" FIELDTYPE ="ELEMITEM" HIDDEN ="NO" KEYTYPE ="NOT A KEY" LENGTH ="11" LEVEL ="0" NAME ="SALES_ACCOUNT_GROUP_PARTY_KEY" NULLABLE ="NOTNULL" OCCURS ="0" OFFSET ="63" PHYSICALLENGTH ="10" PHYSICALOFFSET ="57" PICTURETEXT ="" PRECISION ="10" SCALE ="0" USAGE_FLAGS =""/>
        <SOURCEFIELD BUSINESSNAME ="" DATATYPE ="varchar" DESCRIPTION ="" FIELDNUMBER ="8" FIELDPROPERTY ="0" FIELDTYPE ="ELEMITEM" HIDDEN ="NO" KEYTYPE ="NOT A KEY" LENGTH ="0" LEVEL ="0" NAME ="REASON_DESC_END_CUST" NULLABLE ="NULL" OCCURS ="0" OFFSET ="74" PHYSICALLENGTH ="50" PHYSICALOFFSET ="67" PICTURETEXT ="" PRECISION ="50" SCALE ="0" USAGE_FLAGS =""/>
        <SOURCEFIELD BUSINESSNAME ="" DATATYPE ="varchar" DESCRIPTION ="" FIELDNUMBER ="9" FIELDPROPERTY ="0" FIELDTYPE ="ELEMITEM" HIDDEN ="NO" KEYTYPE ="NOT A KEY" LENGTH ="0" LEVEL ="0" NAME ="REASON_DESCR" NULLABLE ="NULL" OCCURS ="0" OFFSET ="74" PHYSICALLENGTH ="100" PHYSICALOFFSET ="117" PICTURETEXT ="" PRECISION ="100" SCALE ="0" USAGE_FLAGS =""/>
        <SOURCEFIELD BUSINESSNAME ="" DATATYPE ="decimal" DESCRIPTION ="" FIELDNUMBER ="10" FIELDPROPERTY ="0" FIELDTYPE ="ELEMITEM" HIDDEN ="NO" KEYTYPE ="NOT A KEY" LENGTH ="20" LEVEL ="0" NAME ="BK_ALLOCATION_SPLIT_PCT" NULLABLE ="NULL" OCCURS ="0" OFFSET ="74" PHYSICALLENGTH ="18" PHYSICALOFFSET ="217" PICTURETEXT ="" PRECISION ="18" SCALE ="6" USAGE_FLAGS =""/>
        <SOURCEFIELD BUSINESSNAME ="" DATATYPE ="integer" DESCRIPTION ="" FIELDNUMBER ="11" FIELDPROPERTY ="0" FIELDTYPE ="ELEMITEM" HIDDEN ="NO" KEYTYPE ="NOT A KEY" LENGTH ="11" LEVEL ="0" NAME ="SALES_TERRITORY_KEY" NULLABLE ="NOTNULL" OCCURS ="0" OFFSET ="94" PHYSICALLENGTH ="10" PHYSICALOFFSET ="235" PICTURETEXT ="" PRECISION ="10" SCALE ="0" USAGE_FLAGS =""/>
        <SOURCEFIELD BUSINESSNAME ="" DATATYPE ="varchar" DESCRIPTION ="" FIELDNUMBER ="12" FIELDPROPERTY ="0" FIELDTYPE ="ELEMITEM" HIDDEN ="NO" KEYTYPE ="NOT A KEY" LENGTH ="0" LEVEL ="0" NAME ="SALES_REP_NUMBER" NULLABLE ="NOTNULL" OCCURS ="0" OFFSET ="105" PHYSICALLENGTH ="100" PHYSICALOFFSET ="245" PICTURETEXT ="" PRECISION ="100" SCALE ="0" USAGE_FLAGS =""/>
        <SOURCEFIELD BUSINESSNAME ="" DATATYPE ="integer" DESCRIPTION ="" FIELDNUMBER ="13" FIELDPROPERTY ="0" FIELDTYPE ="ELEMITEM" HIDDEN ="NO" KEYTYPE ="NOT A KEY" LENGTH ="11" LEVEL ="0" NAME ="EP_OTM_TERRITORY_ID_INT" NULLABLE ="NULL" OCCURS ="0" OFFSET ="105" PHYSICALLENGTH ="10" PHYSICALOFFSET ="345" PICTURETEXT ="" PRECISION ="10" SCALE ="0" USAGE_FLAGS =""/>
        <SOURCEFIELD BUSINESSNAME ="" DATATYPE ="varchar" DESCRIPTION ="" FIELDNUMBER ="14" FIELDPROPERTY ="0" FIELDTYPE ="ELEMITEM" HIDDEN ="NO" KEYTYPE ="NOT A KEY" LENGTH ="0" LEVEL ="0" NAME ="ISO_COUNTRY_CODE" NULLABLE ="NULL" OCCURS ="0" OFFSET ="116" PHYSICALLENGTH ="50" PHYSICALOFFSET ="355" PICTURETEXT ="" PRECISION ="50" SCALE ="0" USAGE_FLAGS =""/>
        <SOURCEFIELD BUSINESSNAME ="" DATATYPE ="integer" DESCRIPTION ="" FIELDNUMBER ="15" FIELDPROPERTY ="0" FIELDTYPE ="ELEMITEM" HIDDEN ="NO" KEYTYPE ="NOT A KEY" LENGTH ="11" LEVEL ="0" NAME ="FIN_ADJ_KEY" NULLABLE ="NOTNULL" OCCURS ="0" OFFSET ="116" PHYSICALLENGTH ="10" PHYSICALOFFSET ="405" PICTURETEXT ="" PRECISION ="10" SCALE ="0" USAGE_FLAGS =""/>
        <SOURCEFIELD BUSINESSNAME ="" DATATYPE ="varchar" DESCRIPTION ="" FIELDNUMBER ="16" FIELDPROPERTY ="0" FIELDTYPE ="ELEMITEM" HIDDEN ="NO" KEYTYPE ="NOT A KEY" LENGTH ="0" LEVEL ="0" NAME ="PROCESS_TYPE" NULLABLE ="NULL" OCCURS ="0" OFFSET ="127" PHYSICALLENGTH ="50" PHYSICALOFFSET ="415" PICTURETEXT ="" PRECISION ="50" SCALE ="0" USAGE_FLAGS =""/>
    </SOURCE>
    <SOURCE BUSINESSNAME ="" DATABASETYPE ="Teradata" DBDNAME ="TDDEV" DESCRIPTION ="" NAME ="WI_DRR_BOOKINGS_PARTY_ENRICH" OBJECTVERSION ="1" OWNERNAME ="STGDB_DV4" VERSIONNUMBER ="13">
        <SOURCEFIELD BUSINESSNAME ="" DATATYPE ="integer" DESCRIPTION ="" FIELDNUMBER ="1" FIELDPROPERTY ="0" FIELDTYPE ="ELEMITEM" HIDDEN ="NO" KEYTYPE ="NOT A KEY" LENGTH ="11" LEVEL ="0" NAME ="BOOKINGS_MEASURE_KEY" NULLABLE ="NOTNULL" OCCURS ="0" OFFSET ="0" PHYSICALLENGTH ="10" PHYSICALOFFSET ="0" PICTURETEXT ="" PRECISION ="10" SCALE ="0" USAGE_FLAGS =""/>
        <SOURCEFIELD BUSINESSNAME ="" DATATYPE ="date" DESCRIPTION ="" FIELDNUMBER ="2" FIELDPROPERTY ="0" FIELDTYPE ="ELEMITEM" HIDDEN ="NO" KEYTYPE ="NOT A KEY" LENGTH ="19" LEVEL ="0" NAME ="BOOKINGS_PROCESS_DATE" NULLABLE ="NOTNULL" OCCURS ="0" OFFSET ="11" PHYSICALLENGTH ="10" PHYSICALOFFSET ="10" PICTURETEXT ="" PRECISION ="10" SCALE ="0" USAGE_FLAGS =""/>
        <SOURCEFIELD BUSINESSNAME ="" DATATYPE ="char" DESCRIPTION ="" FIELDNUMBER ="3" FIELDPROPERTY ="0" FIELDTYPE ="ELEMITEM" HIDDEN ="NO" KEYTYPE ="NOT A KEY" LENGTH ="0" LEVEL ="0" NAME ="BKGS_MEASURE_TRANS_TYPE_CODE" NULLABLE ="NOTNULL" OCCURS ="0" OFFSET ="30" PHYSICALLENGTH ="7" PHYSICALOFFSET ="20" PICTURETEXT ="" PRECISION ="7" SCALE ="0" USAGE_FLAGS =""/>
        <SOURCEFIELD BUSINESSNAME ="" DATATYPE ="integer" DESCRIPTION ="" FIELDNUMBER ="4" FIELDPROPERTY ="0" FIELDTYPE ="ELEMITEM" HIDDEN ="NO" KEYTYPE ="NOT A KEY" LENGTH ="11" LEVEL ="0" NAME ="SALES_TERRITORY_KEY" NULLABLE ="NOTNULL" OCCURS ="0" OFFSET ="30" PHYSICALLENGTH ="10" PHYSICALOFFSET ="27" PICTURETEXT ="" PRECISION ="10" SCALE ="0" USAGE_FLAGS =""/>
        <SOURCEFIELD BUSINESSNAME ="" DATATYPE ="varchar" DESCRIPTION ="" FIELDNUMBER ="5" FIELDPROPERTY ="0" FIELDTYPE ="ELEMITEM" HIDDEN ="NO" KEYTYPE ="NOT A KEY" LENGTH ="0" LEVEL ="0" NAME ="SALES_REP_NUMBER" NULLABLE ="NULL" OCCURS ="0" OFFSET ="41" PHYSICALLENGTH ="100" PHYSICALOFFSET ="37" PICTURETEXT ="" PRECISION ="100" SCALE ="0" USAGE_FLAGS =""/>
        <SOURCEFIELD BUSINESSNAME ="" DATATYPE ="integer" DESCRIPTION ="" FIELDNUMBER ="6" FIELDPROPERTY ="0" FIELDTYPE ="ELEMITEM" HIDDEN ="NO" KEYTYPE ="NOT A KEY" LENGTH ="11" LEVEL ="0" NAME ="END_CUSTOMER_KEY" NULLABLE ="NOTNULL" OCCURS ="0" OFFSET ="41" PHYSICALLENGTH ="10" PHYSICALOFFSET ="137" PICTURETEXT ="" PRECISION ="10" SCALE ="0" USAGE_FLAGS =""/>
        <SOURCEFIELD BUSINESSNAME ="" DATATYPE ="integer" DESCRIPTION ="" FIELDNUMBER ="7" FIELDPROPERTY ="0" FIELDTYPE ="ELEMITEM" HIDDEN ="NO" KEYTYPE ="NOT A KEY" LENGTH ="11" LEVEL ="0" NAME ="SHIP_TO_CUSTOMER_KEY" NULLABLE ="NOTNULL" OCCURS ="0" OFFSET ="52" PHYSICALLENGTH ="10" PHYSICALOFFSET ="147" PICTURETEXT ="" PRECISION ="10" SCALE ="0" USAGE_FLAGS =""/>
        <SOURCEFIELD BUSINESSNAME ="" DATATYPE ="integer" DESCRIPTION ="" FIELDNUMBER ="8" FIELDPROPERTY ="0" FIELDTYPE ="ELEMITEM" HIDDEN ="NO" KEYTYPE ="NOT A KEY" LENGTH ="11" LEVEL ="0" NAME ="SOLD_TO_CUSTOMER_KEY" NULLABLE ="NOTNULL" OCCURS ="0" OFFSET ="63" PHYSICALLENGTH ="10" PHYSICALOFFSET ="157" PICTURETEXT ="" PRECISION ="10" SCALE ="0" USAGE_FLAGS =""/>
        <SOURCEFIELD BUSINESSNAME ="" DATATYPE ="varchar" DESCRIPTION ="" FIELDNUMBER ="9" FIELDPROPERTY ="0" FIELDTYPE ="ELEMITEM" HIDDEN ="NO" KEYTYPE ="NOT A KEY" LENGTH ="0" LEVEL ="0" NAME ="DV_DEAL_ID" NULLABLE ="NOTNULL" OCCURS ="0" OFFSET ="74" PHYSICALLENGTH ="50" PHYSICALOFFSET ="167" PICTURETEXT ="" PRECISION ="50" SCALE ="0" USAGE_FLAGS =""/>
        <SOURCEFIELD BUSINESSNAME ="" DATATYPE ="integer" DESCRIPTION ="" FIELDNUMBER ="10" FIELDPROPERTY ="0" FIELDTYPE ="ELEMITEM" HIDDEN ="NO" KEYTYPE ="NOT A KEY" LENGTH ="11" LEVEL ="0" NAME ="WIPS_ORIGINATOR_ID_INT" NULLABLE ="NULL" OCCURS ="0" OFFSET ="74" PHYSICALLENGTH ="10" PHYSICALOFFSET ="217" PICTURETEXT ="" PRECISION ="10" SCALE ="0" USAGE_FLAGS =""/>
        <SOURCEFIELD BUSINESSNAME ="" DATATYPE ="varchar" DESCRIPTION ="" FIELDNUMBER ="11" FIELDPROPERTY ="0" FIELDTYPE ="ELEMITEM" HIDDEN ="NO" KEYTYPE ="NOT A KEY" LENGTH ="0" LEVEL ="0" NAME ="L1_SALES_TERRITORY_NAME_CODE" NULLABLE ="NULL" OCCURS ="0" OFFSET ="85" PHYSICALLENGTH ="255" PHYSICALOFFSET ="227" PICTURETEXT ="" PRECISION ="255" SCALE ="0" USAGE_FLAGS =""/>
        <SOURCEFIELD BUSINESSNAME ="" DATATYPE ="varchar" DESCRIPTION ="" FIELDNUMBER ="12" FIELDPROPERTY ="0" FIELDTYPE ="ELEMITEM" HIDDEN ="NO" KEYTYPE ="NOT A KEY" LENGTH ="0" LEVEL ="0" NAME ="L5_SALES_TERRITORY_NAME_CODE" NULLABLE ="NULL" OCCURS ="0" OFFSET ="85" PHYSICALLENGTH ="255" PHYSICALOFFSET ="482" PICTURETEXT ="" PRECISION ="255" SCALE ="0" USAGE_FLAGS =""/>
        <SOURCEFIELD BUSINESSNAME ="" DATATYPE ="varchar" DESCRIPTION ="" FIELDNUMBER ="13" FIELDPROPERTY ="0" FIELDTYPE ="ELEMITEM" HIDDEN ="NO" KEYTYPE ="NOT A KEY" LENGTH ="0" LEVEL ="0" NAME ="L6_SALES_TERRITORY_NAME_CODE" NULLABLE ="NULL" OCCURS ="0" OFFSET ="85" PHYSICALLENGTH ="255" PHYSICALOFFSET ="737" PICTURETEXT ="" PRECISION ="255" SCALE ="0" USAGE_FLAGS =""/>
        <SOURCEFIELD BUSINESSNAME ="" DATATYPE ="varchar" DESCRIPTION ="" FIELDNUMBER ="14" FIELDPROPERTY ="0" FIELDTYPE ="ELEMITEM" HIDDEN ="NO" KEYTYPE ="NOT A KEY" LENGTH ="0" LEVEL ="0" NAME ="ISO_COUNTRY_CODE" NULLABLE ="NULL" OCCURS ="0" OFFSET ="85" PHYSICALLENGTH ="50" PHYSICALOFFSET ="992" PICTURETEXT ="" PRECISION ="50" SCALE ="0" USAGE_FLAGS =""/>
        <SOURCEFIELD BUSINESSNAME ="" DATATYPE ="integer" DESCRIPTION ="" FIELDNUMBER ="15" FIELDPROPERTY ="0" FIELDTYPE ="ELEMITEM" HIDDEN ="NO" KEYTYPE ="NOT A KEY" LENGTH ="11" LEVEL ="0" NAME ="FIELD_VLDTD_END_CUST_PRTY_KEY" NULLABLE ="NOTNULL" OCCURS ="0" OFFSET ="85" PHYSICALLENGTH ="10" PHYSICALOFFSET ="1042" PICTURETEXT ="" PRECISION ="10" SCALE ="0" USAGE_FLAGS =""/>
        <SOURCEFIELD BUSINESSNAME ="" DATATYPE ="varchar" DESCRIPTION ="" FIELDNUMBER ="16" FIELDPROPERTY ="0" FIELDTYPE ="ELEMITEM" HIDDEN ="NO" KEYTYPE ="NOT A KEY" LENGTH ="0" LEVEL ="0" NAME ="SALES_COVERAGE_CODE" NULLABLE ="NULL" OCCURS ="0" OFFSET ="96" PHYSICALLENGTH ="100" PHYSICALOFFSET ="1052" PICTURETEXT ="" PRECISION ="100" SCALE ="0" USAGE_FLAGS =""/>
        <SOURCEFIELD BUSINESSNAME ="" DATATYPE ="varchar" DESCRIPTION ="" FIELDNUMBER ="17" FIELDPROPERTY ="0" FIELDTYPE ="ELEMITEM" HIDDEN ="NO" KEYTYPE ="NOT A KEY" LENGTH ="0" LEVEL ="0" NAME ="SALES_TERRITORY_TYPE_CODE" NULLABLE ="NULL" OCCURS ="0" OFFSET ="96" PHYSICALLENGTH ="50" PHYSICALOFFSET ="1152" PICTURETEXT ="" PRECISION ="50" SCALE ="0" USAGE_FLAGS =""/>
        <SOURCEFIELD BUSINESSNAME ="" DATATYPE ="integer" DESCRIPTION ="" FIELDNUMBER ="18" FIELDPROPERTY ="0" FIELDTYPE ="ELEMITEM" HIDDEN ="NO" KEYTYPE ="NOT A KEY" LENGTH ="11" LEVEL ="0" NAME ="SALES_ACCOUNT_GROUP_PARTY_KEY" NULLABLE ="NOTNULL" OCCURS ="0" OFFSET ="96" PHYSICALLENGTH ="10" PHYSICALOFFSET ="1202" PICTURETEXT ="" PRECISION ="10" SCALE ="0" USAGE_FLAGS =""/>
        <SOURCEFIELD BUSINESSNAME ="" DATATYPE ="integer" DESCRIPTION ="" FIELDNUMBER ="19" FIELDPROPERTY ="0" FIELDTYPE ="ELEMITEM" HIDDEN ="NO" KEYTYPE ="NOT A KEY" LENGTH ="11" LEVEL ="0" NAME ="DV_END_CUST_PARTY_KEY" NULLABLE ="NOTNULL" OCCURS ="0" OFFSET ="107" PHYSICALLENGTH ="10" PHYSICALOFFSET ="1212" PICTURETEXT ="" PRECISION ="10" SCALE ="0" USAGE_FLAGS =""/>
        <SOURCEFIELD BUSINESSNAME ="" DATATYPE ="varchar" DESCRIPTION ="" FIELDNUMBER ="20" FIELDPROPERTY ="0" FIELDTYPE ="ELEMITEM" HIDDEN ="NO" KEYTYPE ="NOT A KEY" LENGTH ="0" LEVEL ="0" NAME ="REASON_DESC" NULLABLE ="NULL" OCCURS ="0" OFFSET ="118" PHYSICALLENGTH ="100" PHYSICALOFFSET ="1222" PICTURETEXT ="" PRECISION ="100" SCALE ="0" USAGE_FLAGS =""/>
        <SOURCEFIELD BUSINESSNAME ="" DATATYPE ="integer" DESCRIPTION ="" FIELDNUMBER ="21" FIELDPROPERTY ="0" FIELDTYPE ="ELEMITEM" HIDDEN ="NO" KEYTYPE ="NOT A KEY" LENGTH ="11" LEVEL ="0" NAME ="FIN_ADJ_KEY" NULLABLE ="NOTNULL" OCCURS ="0" OFFSET ="118" PHYSICALLENGTH ="10" PHYSICALOFFSET ="1322" PICTURETEXT ="" PRECISION ="10" SCALE ="0" USAGE_FLAGS =""/>
        <SOURCEFIELD BUSINESSNAME ="" DATATYPE ="varchar" DESCRIPTION ="" FIELDNUMBER ="22" FIELDPROPERTY ="0" FIELDTYPE ="ELEMITEM" HIDDEN ="NO" KEYTYPE ="NOT A KEY" LENGTH ="0" LEVEL ="0" NAME ="PROCESS_TYPE" NULLABLE ="NULL" OCCURS ="0" OFFSET ="129" PHYSICALLENGTH ="50" PHYSICALOFFSET ="1332" PICTURETEXT ="" PRECISION ="50" SCALE ="0" USAGE_FLAGS =""/>
        <SOURCEFIELD BUSINESSNAME ="" DATATYPE ="char" DESCRIPTION ="" FIELDNUMBER ="23" FIELDPROPERTY ="0" FIELDTYPE ="ELEMITEM" HIDDEN ="NO" KEYTYPE ="NOT A KEY" LENGTH ="0" LEVEL ="0" NAME ="RULE_PROCESS_FLAG" NULLABLE ="NULL" OCCURS ="0" OFFSET ="129" PHYSICALLENGTH ="1" PHYSICALOFFSET ="1382" PICTURETEXT ="" PRECISION ="1" SCALE ="0" USAGE_FLAGS =""/>
    </SOURCE>
    <TARGET BUSINESSNAME ="" CONSTRAINT ="" DATABASETYPE ="Teradata" DESCRIPTION ="" NAME ="WI_DRR_FIN_ADJ_RULE3_PARTY_SAV" OBJECTVERSION ="1" TABLEOPTIONS ="" VERSIONNUMBER ="4">
        <TARGETFIELD BUSINESSNAME ="" DATATYPE ="integer" DESCRIPTION ="" FIELDNUMBER ="1" KEYTYPE ="NOT A KEY" NAME ="BOOKINGS_MEASURE_KEY" NULLABLE ="NOTNULL" PICTURETEXT ="" PRECISION ="10" SCALE ="0"/>
        <TARGETFIELD BUSINESSNAME ="" DATATYPE ="date" DESCRIPTION ="" FIELDNUMBER ="2" KEYTYPE ="NOT A KEY" NAME ="BOOKINGS_PROCESS_DATE" NULLABLE ="NOTNULL" PICTURETEXT ="" PRECISION ="10" SCALE ="0"/>
        <TARGETFIELD BUSINESSNAME ="" DATATYPE ="char" DESCRIPTION ="" FIELDNUMBER ="3" KEYTYPE ="NOT A KEY" NAME ="BKGS_MEASURE_TRANS_TYPE_CODE" NULLABLE ="NOTNULL" PICTURETEXT ="" PRECISION ="7" SCALE ="0"/>
        <TARGETFIELD BUSINESSNAME ="" DATATYPE ="integer" DESCRIPTION ="" FIELDNUMBER ="4" KEYTYPE ="NOT A KEY" NAME ="DV_END_CUST_PARTY_KEY" NULLABLE ="NOTNULL" PICTURETEXT ="" PRECISION ="10" SCALE ="0"/>
        <TARGETFIELD BUSINESSNAME ="" DATATYPE ="integer" DESCRIPTION ="" FIELDNUMBER ="5" KEYTYPE ="NOT A KEY" NAME ="NEW_SA_MEMBER_ID_INT" NULLABLE ="NOTNULL" PICTURETEXT ="" PRECISION ="10" SCALE ="0"/>
        <TARGETFIELD BUSINESSNAME ="" DATATYPE ="integer" DESCRIPTION ="" FIELDNUMBER ="6" KEYTYPE ="NOT A KEY" NAME ="LINK_CUSTOMER_PARTY_KEY" NULLABLE ="NULL" PICTURETEXT ="" PRECISION ="10" SCALE ="0"/>
        <TARGETFIELD BUSINESSNAME ="" DATATYPE ="integer" DESCRIPTION ="" FIELDNUMBER ="7" KEYTYPE ="NOT A KEY" NAME ="SALES_ACCOUNT_GROUP_PARTY_KEY" NULLABLE ="NOTNULL" PICTURETEXT ="" PRECISION ="10" SCALE ="0"/>
        <TARGETFIELD BUSINESSNAME ="" DATATYPE ="varchar" DESCRIPTION ="" FIELDNUMBER ="8" KEYTYPE ="NOT A KEY" NAME ="REASON_DESC_END_CUST" NULLABLE ="NULL" PICTURETEXT ="" PRECISION ="50" SCALE ="0"/>
        <TARGETFIELD BUSINESSNAME ="" DATATYPE ="varchar" DESCRIPTION ="" FIELDNUMBER ="9" KEYTYPE ="NOT A KEY" NAME ="REASON_DESCR" NULLABLE ="NULL" PICTURETEXT ="" PRECISION ="100" SCALE ="0"/>
        <TARGETFIELD BUSINESSNAME ="" DATATYPE ="decimal" DESCRIPTION ="" FIELDNUMBER ="10" KEYTYPE ="NOT A KEY" NAME ="BK_ALLOCATION_SPLIT_PCT" NULLABLE ="NULL" PICTURETEXT ="" PRECISION ="18" SCALE ="6"/>
        <TARGETFIELD BUSINESSNAME ="" DATATYPE ="integer" DESCRIPTION ="" FIELDNUMBER ="11" KEYTYPE ="NOT A KEY" NAME ="SALES_TERRITORY_KEY" NULLABLE ="NOTNULL" PICTURETEXT ="" PRECISION ="10" SCALE ="0"/>
        <TARGETFIELD BUSINESSNAME ="" DATATYPE ="varchar" DESCRIPTION ="" FIELDNUMBER ="12" KEYTYPE ="NOT A KEY" NAME ="SALES_REP_NUMBER" NULLABLE ="NOTNULL" PICTURETEXT ="" PRECISION ="100" SCALE ="0"/>
        <TARGETFIELD BUSINESSNAME ="" DATATYPE ="integer" DESCRIPTION ="" FIELDNUMBER ="13" KEYTYPE ="NOT A KEY" NAME ="EP_OTM_TERRITORY_ID_INT" NULLABLE ="NULL" PICTURETEXT ="" PRECISION ="10" SCALE ="0"/>
        <TARGETFIELD BUSINESSNAME ="" DATATYPE ="varchar" DESCRIPTION ="" FIELDNUMBER ="14" KEYTYPE ="NOT A KEY" NAME ="ISO_COUNTRY_CODE" NULLABLE ="NULL" PICTURETEXT ="" PRECISION ="50" SCALE ="0"/>
        <TARGETFIELD BUSINESSNAME ="" DATATYPE ="integer" DESCRIPTION ="" FIELDNUMBER ="15" KEYTYPE ="NOT A KEY" NAME ="FIN_ADJ_KEY" NULLABLE ="NOTNULL" PICTURETEXT ="" PRECISION ="10" SCALE ="0"/>
        <TARGETFIELD BUSINESSNAME ="" DATATYPE ="varchar" DESCRIPTION ="" FIELDNUMBER ="16" KEYTYPE ="NOT A KEY" NAME ="PROCESS_TYPE" NULLABLE ="NULL" PICTURETEXT ="" PRECISION ="50" SCALE ="0"/>
    </TARGET>
    <TARGET BUSINESSNAME ="" CONSTRAINT ="" DATABASETYPE ="Teradata" DESCRIPTION ="" NAME ="WI_DRR_SALES_ACNT_MEASURE_FNL" OBJECTVERSION ="1" TABLEOPTIONS ="" VERSIONNUMBER ="17">
        <TARGETFIELD BUSINESSNAME ="" DATATYPE ="integer" DESCRIPTION ="" FIELDNUMBER ="1" KEYTYPE ="NOT A KEY" NAME ="BOOKINGS_MEASURE_KEY" NULLABLE ="NOTNULL" PICTURETEXT ="" PRECISION ="10" SCALE ="0"/>
        <TARGETFIELD BUSINESSNAME ="" DATATYPE ="date" DESCRIPTION ="" FIELDNUMBER ="2" KEYTYPE ="NOT A KEY" NAME ="BOOKINGS_PROCESS_DATE" NULLABLE ="NOTNULL" PICTURETEXT ="" PRECISION ="10" SCALE ="0"/>
        <TARGETFIELD BUSINESSNAME ="" DATATYPE ="char" DESCRIPTION ="" FIELDNUMBER ="3" KEYTYPE ="NOT A KEY" NAME ="BKGS_MEASURE_TRANS_TYPE_CODE" NULLABLE ="NOTNULL" PICTURETEXT ="" PRECISION ="7" SCALE ="0"/>
        <TARGETFIELD BUSINESSNAME ="" DATATYPE ="integer" DESCRIPTION ="" FIELDNUMBER ="4" KEYTYPE ="NOT A KEY" NAME ="DV_END_CUST_PARTY_KEY" NULLABLE ="NOTNULL" PICTURETEXT ="" PRECISION ="10" SCALE ="0"/>
        <TARGETFIELD BUSINESSNAME ="" DATATYPE ="integer" DESCRIPTION ="" FIELDNUMBER ="5" KEYTYPE ="NOT A KEY" NAME ="NEW_SA_MEMBER_ID_INT" NULLABLE ="NOTNULL" PICTURETEXT ="" PRECISION ="10" SCALE ="0"/>
        <TARGETFIELD BUSINESSNAME ="" DATATYPE ="integer" DESCRIPTION ="" FIELDNUMBER ="6" KEYTYPE ="NOT A KEY" NAME ="LINK_CUSTOMER_PARTY_KEY" NULLABLE ="NULL" PICTURETEXT ="" PRECISION ="10" SCALE ="0"/>
        <TARGETFIELD BUSINESSNAME ="" DATATYPE ="integer" DESCRIPTION ="" FIELDNUMBER ="7" KEYTYPE ="NOT A KEY" NAME ="SALES_ACCOUNT_GROUP_PARTY_KEY" NULLABLE ="NOTNULL" PICTURETEXT ="" PRECISION ="10" SCALE ="0"/>
        <TARGETFIELD BUSINESSNAME ="" DATATYPE ="varchar" DESCRIPTION ="" FIELDNUMBER ="8" KEYTYPE ="NOT A KEY" NAME ="REASON_DESC_END_CUST" NULLABLE ="NULL" PICTURETEXT ="" PRECISION ="50" SCALE ="0"/>
        <TARGETFIELD BUSINESSNAME ="" DATATYPE ="varchar" DESCRIPTION ="" FIELDNUMBER ="9" KEYTYPE ="NOT A KEY" NAME ="REASON_DESCR" NULLABLE ="NULL" PICTURETEXT ="" PRECISION ="100" SCALE ="0"/>
        <TARGETFIELD BUSINESSNAME ="" DATATYPE ="decimal" DESCRIPTION ="" FIELDNUMBER ="10" KEYTYPE ="NOT A KEY" NAME ="SALES_CREDIT_SPLIT_PCT" NULLABLE ="NULL" PICTURETEXT ="" PRECISION ="18" SCALE ="6"/>
        <TARGETFIELD BUSINESSNAME ="" DATATYPE ="integer" DESCRIPTION ="" FIELDNUMBER ="11" KEYTYPE ="NOT A KEY" NAME ="SLS_ACCT_GROUP_SALES_TERR_KEY" NULLABLE ="NOTNULL" PICTURETEXT ="" PRECISION ="10" SCALE ="0"/>
        <TARGETFIELD BUSINESSNAME ="" DATATYPE ="varchar" DESCRIPTION ="" FIELDNUMBER ="12" KEYTYPE ="NOT A KEY" NAME ="SALES_REP_NUM" NULLABLE ="NOTNULL" PICTURETEXT ="" PRECISION ="100" SCALE ="0"/>
        <TARGETFIELD BUSINESSNAME ="" DATATYPE ="integer" DESCRIPTION ="" FIELDNUMBER ="13" KEYTYPE ="NOT A KEY" NAME ="EP_OTM_TERRITORY_ID_INT" NULLABLE ="NULL" PICTURETEXT ="" PRECISION ="10" SCALE ="0"/>
        <TARGETFIELD BUSINESSNAME ="" DATATYPE ="integer" DESCRIPTION ="" FIELDNUMBER ="14" KEYTYPE ="NOT A KEY" NAME ="FIN_ADJ_KEY" NULLABLE ="NOTNULL" PICTURETEXT ="" PRECISION ="10" SCALE ="0"/>
        <TARGETFIELD BUSINESSNAME ="" DATATYPE ="varchar" DESCRIPTION ="" FIELDNUMBER ="15" KEYTYPE ="NOT A KEY" NAME ="PROCESS_TYPE" NULLABLE ="NULL" PICTURETEXT ="" PRECISION ="50" SCALE ="0"/>
    </TARGET>
    <MAPPING DESCRIPTION ="" ISVALID ="YES" NAME ="m_DRR_FA_PARTY_SAV_FNL" OBJECTVERSION ="1" VERSIONNUMBER ="4">
        <TRANSFORMATION DESCRIPTION ="" NAME ="SQ_WI_DRR_FIN_ADJ_RULE3_PARTY_SAV" OBJECTVERSION ="1" REUSABLE ="NO" TYPE ="Source Qualifier" VERSIONNUMBER ="4">
            <TRANSFORMFIELD DATATYPE ="integer" DEFAULTVALUE ="" DESCRIPTION ="" NAME ="BOOKINGS_MEASURE_KEY" PICTURETEXT ="" PORTTYPE ="INPUT/OUTPUT" PRECISION ="10" SCALE ="0"/>
            <TRANSFORMFIELD DATATYPE ="date/time" DEFAULTVALUE ="" DESCRIPTION ="" NAME ="BOOKINGS_PROCESS_DATE" PICTURETEXT ="" PORTTYPE ="INPUT/OUTPUT" PRECISION ="29" SCALE ="9"/>
            <TRANSFORMFIELD DATATYPE ="string" DEFAULTVALUE ="" DESCRIPTION ="" NAME ="BKGS_MEASURE_TRANS_TYPE_CODE" PICTURETEXT ="" PORTTYPE ="INPUT/OUTPUT" PRECISION ="7" SCALE ="0"/>
            <TRANSFORMFIELD DATATYPE ="integer" DEFAULTVALUE ="" DESCRIPTION ="" NAME ="DV_END_CUST_PARTY_KEY" PICTURETEXT ="" PORTTYPE ="INPUT/OUTPUT" PRECISION ="10" SCALE ="0"/>
            <TRANSFORMFIELD DATATYPE ="integer" DEFAULTVALUE ="" DESCRIPTION ="" NAME ="NEW_SA_MEMBER_ID_INT" PICTURETEXT ="" PORTTYPE ="INPUT/OUTPUT" PRECISION ="10" SCALE ="0"/>
            <TRANSFORMFIELD DATATYPE ="integer" DEFAULTVALUE ="" DESCRIPTION ="" NAME ="LINK_CUSTOMER_PARTY_KEY" PICTURETEXT ="" PORTTYPE ="INPUT/OUTPUT" PRECISION ="10" SCALE ="0"/>
            <TRANSFORMFIELD DATATYPE ="integer" DEFAULTVALUE ="" DESCRIPTION ="" NAME ="SALES_ACCOUNT_GROUP_PARTY_KEY" PICTURETEXT ="" PORTTYPE ="INPUT/OUTPUT" PRECISION ="10" SCALE ="0"/>
            <TRANSFORMFIELD DATATYPE ="string" DEFAULTVALUE ="" DESCRIPTION ="" NAME ="REASON_DESC_END_CUST" PICTURETEXT ="" PORTTYPE ="INPUT/OUTPUT" PRECISION ="50" SCALE ="0"/>
            <TRANSFORMFIELD DATATYPE ="string" DEFAULTVALUE ="" DESCRIPTION ="" NAME ="REASON_DESCR" PICTURETEXT ="" PORTTYPE ="INPUT/OUTPUT" PRECISION ="100" SCALE ="0"/>
            <TRANSFORMFIELD DATATYPE ="decimal" DEFAULTVALUE ="" DESCRIPTION ="" NAME ="SALES_CREDIT_SPLIT_PCT" PICTURETEXT ="" PORTTYPE ="INPUT/OUTPUT" PRECISION ="18" SCALE ="6"/>
            <TRANSFORMFIELD DATATYPE ="integer" DEFAULTVALUE ="" DESCRIPTION ="" NAME ="SLS_ACCT_GROUP_SALES_TERR_KEY" PICTURETEXT ="" PORTTYPE ="INPUT/OUTPUT" PRECISION ="10" SCALE ="0"/>
            <TRANSFORMFIELD DATATYPE ="string" DEFAULTVALUE ="" DESCRIPTION ="" NAME ="SALES_REP_NUM" PICTURETEXT ="" PORTTYPE ="INPUT/OUTPUT" PRECISION ="100" SCALE ="0"/>
            <TRANSFORMFIELD DATATYPE ="integer" DEFAULTVALUE ="" DESCRIPTION ="" NAME ="EP_OTM_TERRITORY_ID_INT" PICTURETEXT ="" PORTTYPE ="INPUT/OUTPUT" PRECISION ="10" SCALE ="0"/>
            <TRANSFORMFIELD DATATYPE ="integer" DEFAULTVALUE ="" DESCRIPTION ="" NAME ="FIN_ADJ_KEY" PICTURETEXT ="" PORTTYPE ="INPUT/OUTPUT" PRECISION ="10" SCALE ="0"/>
            <TRANSFORMFIELD DATATYPE ="string" DEFAULTVALUE ="" DESCRIPTION ="" NAME ="PROCESS_TYPE" PICTURETEXT ="" PORTTYPE ="INPUT/OUTPUT" PRECISION ="50" SCALE ="0"/>
            <TABLEATTRIBUTE NAME ="Sql Query" VALUE ="SELECT &#xD;&#xA;WI.BOOKINGS_MEASURE_KEY          ,&#xD;&#xA;WI.BOOKINGS_PROCESS_DATE         ,&#xD;&#xA;WI.BKGS_MEASURE_TRANS_TYPE_CODE  ,&#xD;&#xA;WI.DV_END_CUST_PARTY_KEY         ,&#xD;&#xA;WI.NEW_SA_MEMBER_ID_INT          ,&#xD;&#xA;WI.LINK_CUSTOMER_PARTY_KEY      ,&#xD;&#xA;WI.SALES_ACCOUNT_GROUP_PARTY_KEY ,&#xD;&#xA;WI.REASON_DESC_END_CUST          ,&#xD;&#xA;WI.REASON_DESCR                  ,&#xD;&#xA;WI.BK_ALLOCATION_SPLIT_PCT AS SALES_CREDIT_SPLIT_PCT        ,&#xD;&#xA;WI.SALES_TERRITORY_KEY AS SLS_ACCT_GROUP_SALES_TERR_KEY ,&#xD;&#xA;WI.SALES_REP_NUMBER AS SALES_REP_NUM                 ,&#xD;&#xA;WI.EP_OTM_TERRITORY_ID_INT AS EP_OTM_TERRITORY_ID_INT       ,&#xD;&#xA;WI.FIN_ADJ_KEY AS FIN_ADJ_KEY                   ,&#xD;&#xA;WI.PROCESS_TYPE AS PROCESS_TYPE&#xD;&#xA;FROM&#xD;&#xA;$$STGDB.WI_DRR_FIN_ADJ_RULE3_PARTY_SAV WI&#xD;&#xA;WHERE (BOOKINGS_MEASURE_KEY, BKGS_MEASURE_TRANS_TYPE_CODE, BOOKINGS_PROCESS_DATE) IN &#xD;&#xA;(&#xD;&#xA;SELECT BOOKINGS_MEASURE_KEY, BKGS_MEASURE_TRANS_TYPE_CODE, BOOKINGS_PROCESS_DATE&#xD;&#xA;FROM $$STGDB.WI_DRR_FIN_ADJ_RULE3_PARTY_SAV GROUP BY 1,2,3 HAVING SUM(BK_ALLOCATION_SPLIT_PCT) = 100)"/>
            <TABLEATTRIBUTE NAME ="User Defined Join" VALUE =""/>
            <TABLEATTRIBUTE NAME ="Source Filter" VALUE =""/>
            <TABLEATTRIBUTE NAME ="Number Of Sorted Ports" VALUE ="0"/>
            <TABLEATTRIBUTE NAME ="Tracing Level" VALUE ="Normal"/>
            <TABLEATTRIBUTE NAME ="Select Distinct" VALUE ="NO"/>
            <TABLEATTRIBUTE NAME ="Is Partitionable" VALUE ="NO"/>
            <TABLEATTRIBUTE NAME ="Pre SQL" VALUE =""/>
            <TABLEATTRIBUTE NAME ="Post SQL" VALUE =""/>
            <TABLEATTRIBUTE NAME ="Output is deterministic" VALUE ="NO"/>
            <TABLEATTRIBUTE NAME ="Output is repeatable" VALUE ="Never"/>
        </TRANSFORMATION>
        <TRANSFORMATION DESCRIPTION ="" NAME ="SQ_WI_DRR_BOOKINGS_PARTY_ENRICH" OBJECTVERSION ="1" REUSABLE ="NO" TYPE ="Source Qualifier" VERSIONNUMBER ="4">
            <TRANSFORMFIELD DATATYPE ="integer" DEFAULTVALUE ="" DESCRIPTION ="" NAME ="BOOKINGS_MEASURE_KEY" PICTURETEXT ="" PORTTYPE ="INPUT/OUTPUT" PRECISION ="10" SCALE ="0"/>
            <TRANSFORMFIELD DATATYPE ="date/time" DEFAULTVALUE ="" DESCRIPTION ="" NAME ="BOOKINGS_PROCESS_DATE" PICTURETEXT ="" PORTTYPE ="INPUT/OUTPUT" PRECISION ="29" SCALE ="9"/>
            <TRANSFORMFIELD DATATYPE ="string" DEFAULTVALUE ="" DESCRIPTION ="" NAME ="BKGS_MEASURE_TRANS_TYPE_CODE" PICTURETEXT ="" PORTTYPE ="INPUT/OUTPUT" PRECISION ="7" SCALE ="0"/>
            <TRANSFORMFIELD DATATYPE ="integer" DEFAULTVALUE ="" DESCRIPTION ="" NAME ="DV_END_CUST_PARTY_KEY" PICTURETEXT ="" PORTTYPE ="INPUT/OUTPUT" PRECISION ="10" SCALE ="0"/>
            <TRANSFORMFIELD DATATYPE ="integer" DEFAULTVALUE ="" DESCRIPTION ="" NAME ="NEW_SA_MEMBER_ID_INT" PICTURETEXT ="" PORTTYPE ="INPUT/OUTPUT" PRECISION ="10" SCALE ="0"/>
            <TRANSFORMFIELD DATATYPE ="integer" DEFAULTVALUE ="" DESCRIPTION ="" NAME ="LINK_CUSTOMER_PARTY_KEY" PICTURETEXT ="" PORTTYPE ="INPUT/OUTPUT" PRECISION ="10" SCALE ="0"/>
            <TRANSFORMFIELD DATATYPE ="integer" DEFAULTVALUE ="" DESCRIPTION ="" NAME ="SALES_ACCOUNT_GROUP_PARTY_KEY" PICTURETEXT ="" PORTTYPE ="INPUT/OUTPUT" PRECISION ="10" SCALE ="0"/>
            <TRANSFORMFIELD DATATYPE ="string" DEFAULTVALUE ="" DESCRIPTION ="" NAME ="REASON_DESC_END_CUST" PICTURETEXT ="" PORTTYPE ="INPUT/OUTPUT" PRECISION ="50" SCALE ="0"/>
            <TRANSFORMFIELD DATATYPE ="string" DEFAULTVALUE ="" DESCRIPTION ="" NAME ="REASON_DESCR" PICTURETEXT ="" PORTTYPE ="INPUT/OUTPUT" PRECISION ="100" SCALE ="0"/>
            <TRANSFORMFIELD DATATYPE ="decimal" DEFAULTVALUE ="" DESCRIPTION ="" NAME ="BK_ALLOCATION_SPLIT_PCT" PICTURETEXT ="" PORTTYPE ="INPUT/OUTPUT" PRECISION ="18" SCALE ="6"/>
            <TRANSFORMFIELD DATATYPE ="integer" DEFAULTVALUE ="" DESCRIPTION ="" NAME ="SALES_TERRITORY_KEY" PICTURETEXT ="" PORTTYPE ="INPUT/OUTPUT" PRECISION ="10" SCALE ="0"/>
            <TRANSFORMFIELD DATATYPE ="string" DEFAULTVALUE ="" DESCRIPTION ="" NAME ="SALES_REP_NUMBER" PICTURETEXT ="" PORTTYPE ="INPUT/OUTPUT" PRECISION ="100" SCALE ="0"/>
            <TRANSFORMFIELD DATATYPE ="integer" DEFAULTVALUE ="" DESCRIPTION ="" NAME ="EP_OTM_TERRITORY_ID_INT" PICTURETEXT ="" PORTTYPE ="INPUT/OUTPUT" PRECISION ="10" SCALE ="0"/>
            <TRANSFORMFIELD DATATYPE ="string" DEFAULTVALUE ="" DESCRIPTION ="" NAME ="ISO_COUNTRY_CODE" PICTURETEXT ="" PORTTYPE ="INPUT/OUTPUT" PRECISION ="50" SCALE ="0"/>
            <TRANSFORMFIELD DATATYPE ="integer" DEFAULTVALUE ="" DESCRIPTION ="" NAME ="FIN_ADJ_KEY" PICTURETEXT ="" PORTTYPE ="INPUT/OUTPUT" PRECISION ="10" SCALE ="0"/>
            <TRANSFORMFIELD DATATYPE ="string" DEFAULTVALUE ="" DESCRIPTION ="" NAME ="PROCESS_TYPE" PICTURETEXT ="" PORTTYPE ="INPUT/OUTPUT" PRECISION ="50" SCALE ="0"/>
            <TABLEATTRIBUTE NAME ="Sql Query" VALUE ="SELECT&#xD;&#xA;  ENRICH.BOOKINGS_MEASURE_KEY    ,      &#xD;&#xA;  ENRICH.BOOKINGS_PROCESS_DATE   ,      &#xD;&#xA;  ENRICH.BKGS_MEASURE_TRANS_TYPE_CODE  ,&#xD;&#xA;  ENRICH.DV_END_CUST_PARTY_KEY,&#xD;&#xA;  COALESCE (SYS_VIEW.BK_SA_MEMBER_ID_INT,-999) AS NEW_SA_MEMBER_ID_INT,&#xD;&#xA;  COALESCE(SYS_VIEW.LINK_CUSTOMER_PARTY_KEY, -999) AS LINK_CUSTOMER_PARTY_KEY ,&#xD;&#xA;  ENRICH.SALES_ACCOUNT_GROUP_PARTY_KEY,&#xD;&#xA;  ENRICH.REASON_DESC AS REASON_DESC_END_CUST,             &#xD;&#xA;  CAST( &apos;21 - FINANCE ADJUSTMENT SAV&apos; AS VARCHAR(60)) AS REASON_DESCR,&#xD;&#xA;  FIN_ADJ.BK_ALLOCATION_SPLIT_PCT,&#xD;&#xA;  SYS_VIEW.SLS_ACCT_GROUP_SALES_TERR_KEY,&#xD;&#xA;  SYS_VIEW.SALES_REP_NUM,&#xD;&#xA;  -999 as EP_OTM_TERRITORY_ID_INT,&#xD;&#xA;  SYS_VIEW.ISO_COUNTRY_CODE,&#xD;&#xA;  ENRICH.FIN_ADJ_KEY,&#xD;&#xA;  ENRICH.PROCESS_TYPE&#xD;&#xA; FROM &#xD;&#xA; ( SELECT * FROM $$STGDB.WI_DRR_BOOKINGS_PARTY_ENRICH WHERE RULE_PROCESS_FLAG=&apos;N&apos;) ENRICH&#xD;&#xA; INNER JOIN $$STGDB.WI_FIN_ADJ_BOOKINGS_ALL FIN_ADJ&#xD;&#xA; ON FIN_ADJ.BOOKINGS_MEASURE_KEY = ENRICH.BOOKINGS_MEASURE_KEY&#xD;&#xA; AND FIN_ADJ.BOOKINGS_PROCESS_DATE = ENRICH.BOOKINGS_PROCESS_DATE&#xD;&#xA; AND FIN_ADJ.BKGS_MEASURE_TRANS_TYPE_CODE = ENRICH.BKGS_MEASURE_TRANS_TYPE_CODE&#xD;&#xA; AND FIN_ADJ.RESTATEMENT_SUB_TYPE_CD LIKE &apos;RULE3%&apos;&#xD;&#xA; INNER JOIN $$STGDB.WI_DRR_SYSVIEW_PARTY SYS_VIEW&#xD;&#xA; ON SYS_VIEW.SALES_ACCOUNT_GROUP_PARTY_KEY = ENRICH.SALES_ACCOUNT_GROUP_PARTY_KEY&#xD;&#xA; AND SYS_VIEW.CUSTOMER_PARTY_KEY = ENRICH.DV_END_CUST_PARTY_KEY&#xD;&#xA; AND SYS_VIEW.SALES_ACCOUNT_GROUP_TYPE_CD = &apos;NAMED_ACCOUNT&apos;&#xD;&#xA; QUALIFY ROW_NUMBER() OVER (PARTITION BY ENRICH.BOOKINGS_MEASURE_KEY,ENRICH.BOOKINGS_PROCESS_DATE,ENRICH.BKGS_MEASURE_TRANS_TYPE_CODE,NEW_SA_MEMBER_ID_INT &#xD;&#xA; ORDER BY  REASON_DESC_END_CUST,DV_END_CUST_PARTY_KEY) = 1"/>
            <TABLEATTRIBUTE NAME ="User Defined Join" VALUE =""/>
            <TABLEATTRIBUTE NAME ="Source Filter" VALUE =""/>
            <TABLEATTRIBUTE NAME ="Number Of Sorted Ports" VALUE ="0"/>
            <TABLEATTRIBUTE NAME ="Tracing Level" VALUE ="Normal"/>
            <TABLEATTRIBUTE NAME ="Select Distinct" VALUE ="NO"/>
            <TABLEATTRIBUTE NAME ="Is Partitionable" VALUE ="NO"/>
            <TABLEATTRIBUTE NAME ="Pre SQL" VALUE =""/>
            <TABLEATTRIBUTE NAME ="Post SQL" VALUE =""/>
            <TABLEATTRIBUTE NAME ="Output is deterministic" VALUE ="NO"/>
            <TABLEATTRIBUTE NAME ="Output is repeatable" VALUE ="Never"/>
        </TRANSFORMATION>
        <INSTANCE DESCRIPTION ="" NAME ="WI_DRR_FIN_ADJ_RULE3_PARTY_SAV1" TRANSFORMATION_NAME ="WI_DRR_FIN_ADJ_RULE3_PARTY_SAV" TRANSFORMATION_TYPE ="Target Definition" TYPE ="TARGET"/>
        <INSTANCE DESCRIPTION ="" NAME ="WI_DRR_SALES_ACNT_MEASURE_FNL" TRANSFORMATION_NAME ="WI_DRR_SALES_ACNT_MEASURE_FNL" TRANSFORMATION_TYPE ="Target Definition" TYPE ="TARGET"/>
        <INSTANCE DESCRIPTION ="" NAME ="SQ_WI_DRR_FIN_ADJ_RULE3_PARTY_SAV" REUSABLE ="NO" TRANSFORMATION_NAME ="SQ_WI_DRR_FIN_ADJ_RULE3_PARTY_SAV" TRANSFORMATION_TYPE ="Source Qualifier" TYPE ="TRANSFORMATION">
            <ASSOCIATED_SOURCE_INSTANCE NAME ="WI_DRR_FIN_ADJ_RULE3_PARTY_SAV"/>
        </INSTANCE>
        <INSTANCE DESCRIPTION ="" NAME ="SQ_WI_DRR_BOOKINGS_PARTY_ENRICH" REUSABLE ="NO" TRANSFORMATION_NAME ="SQ_WI_DRR_BOOKINGS_PARTY_ENRICH" TRANSFORMATION_TYPE ="Source Qualifier" TYPE ="TRANSFORMATION">
            <ASSOCIATED_SOURCE_INSTANCE NAME ="WI_DRR_BOOKINGS_PARTY_ENRICH"/>
            <ASSOCIATED_SOURCE_INSTANCE NAME ="WI_DRR_FIN_ADJ_RULE3_PARTY_SAV"/>
        </INSTANCE>
        <INSTANCE DBDNAME ="TDDEV" DESCRIPTION ="" NAME ="WI_DRR_BOOKINGS_PARTY_ENRICH" TRANSFORMATION_NAME ="WI_DRR_BOOKINGS_PARTY_ENRICH" TRANSFORMATION_TYPE ="Source Definition" TYPE ="SOURCE"/>
        <INSTANCE DBDNAME ="TDDEV" DESCRIPTION ="" NAME ="WI_DRR_FIN_ADJ_RULE3_PARTY_SAV" TRANSFORMATION_NAME ="WI_DRR_FIN_ADJ_RULE3_PARTY_SAV" TRANSFORMATION_TYPE ="Source Definition" TYPE ="SOURCE"/>
        <CONNECTOR FROMFIELD ="LINK_CUSTOMER_PARTY_KEY" FROMINSTANCE ="SQ_WI_DRR_BOOKINGS_PARTY_ENRICH" FROMINSTANCETYPE ="Source Qualifier" TOFIELD ="LINK_CUSTOMER_PARTY_KEY" TOINSTANCE ="WI_DRR_FIN_ADJ_RULE3_PARTY_SAV1" TOINSTANCETYPE ="Target Definition"/>
        <CONNECTOR FROMFIELD ="SALES_ACCOUNT_GROUP_PARTY_KEY" FROMINSTANCE ="SQ_WI_DRR_BOOKINGS_PARTY_ENRICH" FROMINSTANCETYPE ="Source Qualifier" TOFIELD ="SALES_ACCOUNT_GROUP_PARTY_KEY" TOINSTANCE ="WI_DRR_FIN_ADJ_RULE3_PARTY_SAV1" TOINSTANCETYPE ="Target Definition"/>
        <CONNECTOR FROMFIELD ="REASON_DESC_END_CUST" FROMINSTANCE ="SQ_WI_DRR_BOOKINGS_PARTY_ENRICH" FROMINSTANCETYPE ="Source Qualifier" TOFIELD ="REASON_DESC_END_CUST" TOINSTANCE ="WI_DRR_FIN_ADJ_RULE3_PARTY_SAV1" TOINSTANCETYPE ="Target Definition"/>
        <CONNECTOR FROMFIELD ="REASON_DESCR" FROMINSTANCE ="SQ_WI_DRR_BOOKINGS_PARTY_ENRICH" FROMINSTANCETYPE ="Source Qualifier" TOFIELD ="REASON_DESCR" TOINSTANCE ="WI_DRR_FIN_ADJ_RULE3_PARTY_SAV1" TOINSTANCETYPE ="Target Definition"/>
        <CONNECTOR FROMFIELD ="BK_ALLOCATION_SPLIT_PCT" FROMINSTANCE ="SQ_WI_DRR_BOOKINGS_PARTY_ENRICH" FROMINSTANCETYPE ="Source Qualifier" TOFIELD ="BK_ALLOCATION_SPLIT_PCT" TOINSTANCE ="WI_DRR_FIN_ADJ_RULE3_PARTY_SAV1" TOINSTANCETYPE ="Target Definition"/>
        <CONNECTOR FROMFIELD ="SALES_TERRITORY_KEY" FROMINSTANCE ="SQ_WI_DRR_BOOKINGS_PARTY_ENRICH" FROMINSTANCETYPE ="Source Qualifier" TOFIELD ="SALES_TERRITORY_KEY" TOINSTANCE ="WI_DRR_FIN_ADJ_RULE3_PARTY_SAV1" TOINSTANCETYPE ="Target Definition"/>
        <CONNECTOR FROMFIELD ="SALES_REP_NUMBER" FROMINSTANCE ="SQ_WI_DRR_BOOKINGS_PARTY_ENRICH" FROMINSTANCETYPE ="Source Qualifier" TOFIELD ="SALES_REP_NUMBER" TOINSTANCE ="WI_DRR_FIN_ADJ_RULE3_PARTY_SAV1" TOINSTANCETYPE ="Target Definition"/>
        <CONNECTOR FROMFIELD ="EP_OTM_TERRITORY_ID_INT" FROMINSTANCE ="SQ_WI_DRR_BOOKINGS_PARTY_ENRICH" FROMINSTANCETYPE ="Source Qualifier" TOFIELD ="EP_OTM_TERRITORY_ID_INT" TOINSTANCE ="WI_DRR_FIN_ADJ_RULE3_PARTY_SAV1" TOINSTANCETYPE ="Target Definition"/>
        <CONNECTOR FROMFIELD ="ISO_COUNTRY_CODE" FROMINSTANCE ="SQ_WI_DRR_BOOKINGS_PARTY_ENRICH" FROMINSTANCETYPE ="Source Qualifier" TOFIELD ="ISO_COUNTRY_CODE" TOINSTANCE ="WI_DRR_FIN_ADJ_RULE3_PARTY_SAV1" TOINSTANCETYPE ="Target Definition"/>
        <CONNECTOR FROMFIELD ="FIN_ADJ_KEY" FROMINSTANCE ="SQ_WI_DRR_BOOKINGS_PARTY_ENRICH" FROMINSTANCETYPE ="Source Qualifier" TOFIELD ="FIN_ADJ_KEY" TOINSTANCE ="WI_DRR_FIN_ADJ_RULE3_PARTY_SAV1" TOINSTANCETYPE ="Target Definition"/>
        <CONNECTOR FROMFIELD ="PROCESS_TYPE" FROMINSTANCE ="SQ_WI_DRR_BOOKINGS_PARTY_ENRICH" FROMINSTANCETYPE ="Source Qualifier" TOFIELD ="PROCESS_TYPE" TOINSTANCE ="WI_DRR_FIN_ADJ_RULE3_PARTY_SAV1" TOINSTANCETYPE ="Target Definition"/>
        <CONNECTOR FROMFIELD ="BOOKINGS_MEASURE_KEY" FROMINSTANCE ="SQ_WI_DRR_BOOKINGS_PARTY_ENRICH" FROMINSTANCETYPE ="Source Qualifier" TOFIELD ="BOOKINGS_MEASURE_KEY" TOINSTANCE ="WI_DRR_FIN_ADJ_RULE3_PARTY_SAV1" TOINSTANCETYPE ="Target Definition"/>
        <CONNECTOR FROMFIELD ="BOOKINGS_PROCESS_DATE" FROMINSTANCE ="SQ_WI_DRR_BOOKINGS_PARTY_ENRICH" FROMINSTANCETYPE ="Source Qualifier" TOFIELD ="BOOKINGS_PROCESS_DATE" TOINSTANCE ="WI_DRR_FIN_ADJ_RULE3_PARTY_SAV1" TOINSTANCETYPE ="Target Definition"/>
        <CONNECTOR FROMFIELD ="BKGS_MEASURE_TRANS_TYPE_CODE" FROMINSTANCE ="SQ_WI_DRR_BOOKINGS_PARTY_ENRICH" FROMINSTANCETYPE ="Source Qualifier" TOFIELD ="BKGS_MEASURE_TRANS_TYPE_CODE" TOINSTANCE ="WI_DRR_FIN_ADJ_RULE3_PARTY_SAV1" TOINSTANCETYPE ="Target Definition"/>
        <CONNECTOR FROMFIELD ="DV_END_CUST_PARTY_KEY" FROMINSTANCE ="SQ_WI_DRR_BOOKINGS_PARTY_ENRICH" FROMINSTANCETYPE ="Source Qualifier" TOFIELD ="DV_END_CUST_PARTY_KEY" TOINSTANCE ="WI_DRR_FIN_ADJ_RULE3_PARTY_SAV1" TOINSTANCETYPE ="Target Definition"/>
        <CONNECTOR FROMFIELD ="NEW_SA_MEMBER_ID_INT" FROMINSTANCE ="SQ_WI_DRR_BOOKINGS_PARTY_ENRICH" FROMINSTANCETYPE ="Source Qualifier" TOFIELD ="NEW_SA_MEMBER_ID_INT" TOINSTANCE ="WI_DRR_FIN_ADJ_RULE3_PARTY_SAV1" TOINSTANCETYPE ="Target Definition"/>
        <CONNECTOR FROMFIELD ="BOOKINGS_PROCESS_DATE" FROMINSTANCE ="SQ_WI_DRR_FIN_ADJ_RULE3_PARTY_SAV" FROMINSTANCETYPE ="Source Qualifier" TOFIELD ="BOOKINGS_PROCESS_DATE" TOINSTANCE ="WI_DRR_SALES_ACNT_MEASURE_FNL" TOINSTANCETYPE ="Target Definition"/>
        <CONNECTOR FROMFIELD ="BKGS_MEASURE_TRANS_TYPE_CODE" FROMINSTANCE ="SQ_WI_DRR_FIN_ADJ_RULE3_PARTY_SAV" FROMINSTANCETYPE ="Source Qualifier" TOFIELD ="BKGS_MEASURE_TRANS_TYPE_CODE" TOINSTANCE ="WI_DRR_SALES_ACNT_MEASURE_FNL" TOINSTANCETYPE ="Target Definition"/>
        <CONNECTOR FROMFIELD ="DV_END_CUST_PARTY_KEY" FROMINSTANCE ="SQ_WI_DRR_FIN_ADJ_RULE3_PARTY_SAV" FROMINSTANCETYPE ="Source Qualifier" TOFIELD ="DV_END_CUST_PARTY_KEY" TOINSTANCE ="WI_DRR_SALES_ACNT_MEASURE_FNL" TOINSTANCETYPE ="Target Definition"/>
        <CONNECTOR FROMFIELD ="SALES_CREDIT_SPLIT_PCT" FROMINSTANCE ="SQ_WI_DRR_FIN_ADJ_RULE3_PARTY_SAV" FROMINSTANCETYPE ="Source Qualifier" TOFIELD ="SALES_CREDIT_SPLIT_PCT" TOINSTANCE ="WI_DRR_SALES_ACNT_MEASURE_FNL" TOINSTANCETYPE ="Target Definition"/>
        <CONNECTOR FROMFIELD ="SLS_ACCT_GROUP_SALES_TERR_KEY" FROMINSTANCE ="SQ_WI_DRR_FIN_ADJ_RULE3_PARTY_SAV" FROMINSTANCETYPE ="Source Qualifier" TOFIELD ="SLS_ACCT_GROUP_SALES_TERR_KEY" TOINSTANCE ="WI_DRR_SALES_ACNT_MEASURE_FNL" TOINSTANCETYPE ="Target Definition"/>
        <CONNECTOR FROMFIELD ="SALES_REP_NUM" FROMINSTANCE ="SQ_WI_DRR_FIN_ADJ_RULE3_PARTY_SAV" FROMINSTANCETYPE ="Source Qualifier" TOFIELD ="SALES_REP_NUM" TOINSTANCE ="WI_DRR_SALES_ACNT_MEASURE_FNL" TOINSTANCETYPE ="Target Definition"/>
        <CONNECTOR FROMFIELD ="EP_OTM_TERRITORY_ID_INT" FROMINSTANCE ="SQ_WI_DRR_FIN_ADJ_RULE3_PARTY_SAV" FROMINSTANCETYPE ="Source Qualifier" TOFIELD ="EP_OTM_TERRITORY_ID_INT" TOINSTANCE ="WI_DRR_SALES_ACNT_MEASURE_FNL" TOINSTANCETYPE ="Target Definition"/>
        <CONNECTOR FROMFIELD ="FIN_ADJ_KEY" FROMINSTANCE ="SQ_WI_DRR_FIN_ADJ_RULE3_PARTY_SAV" FROMINSTANCETYPE ="Source Qualifier" TOFIELD ="FIN_ADJ_KEY" TOINSTANCE ="WI_DRR_SALES_ACNT_MEASURE_FNL" TOINSTANCETYPE ="Target Definition"/>
        <CONNECTOR FROMFIELD ="PROCESS_TYPE" FROMINSTANCE ="SQ_WI_DRR_FIN_ADJ_RULE3_PARTY_SAV" FROMINSTANCETYPE ="Source Qualifier" TOFIELD ="PROCESS_TYPE" TOINSTANCE ="WI_DRR_SALES_ACNT_MEASURE_FNL" TOINSTANCETYPE ="Target Definition"/>
        <CONNECTOR FROMFIELD ="NEW_SA_MEMBER_ID_INT" FROMINSTANCE ="SQ_WI_DRR_FIN_ADJ_RULE3_PARTY_SAV" FROMINSTANCETYPE ="Source Qualifier" TOFIELD ="NEW_SA_MEMBER_ID_INT" TOINSTANCE ="WI_DRR_SALES_ACNT_MEASURE_FNL" TOINSTANCETYPE ="Target Definition"/>
        <CONNECTOR FROMFIELD ="LINK_CUSTOMER_PARTY_KEY" FROMINSTANCE ="SQ_WI_DRR_FIN_ADJ_RULE3_PARTY_SAV" FROMINSTANCETYPE ="Source Qualifier" TOFIELD ="LINK_CUSTOMER_PARTY_KEY" TOINSTANCE ="WI_DRR_SALES_ACNT_MEASURE_FNL" TOINSTANCETYPE ="Target Definition"/>
        <CONNECTOR FROMFIELD ="SALES_ACCOUNT_GROUP_PARTY_KEY" FROMINSTANCE ="SQ_WI_DRR_FIN_ADJ_RULE3_PARTY_SAV" FROMINSTANCETYPE ="Source Qualifier" TOFIELD ="SALES_ACCOUNT_GROUP_PARTY_KEY" TOINSTANCE ="WI_DRR_SALES_ACNT_MEASURE_FNL" TOINSTANCETYPE ="Target Definition"/>
        <CONNECTOR FROMFIELD ="REASON_DESC_END_CUST" FROMINSTANCE ="SQ_WI_DRR_FIN_ADJ_RULE3_PARTY_SAV" FROMINSTANCETYPE ="Source Qualifier" TOFIELD ="REASON_DESC_END_CUST" TOINSTANCE ="WI_DRR_SALES_ACNT_MEASURE_FNL" TOINSTANCETYPE ="Target Definition"/>
        <CONNECTOR FROMFIELD ="REASON_DESCR" FROMINSTANCE ="SQ_WI_DRR_FIN_ADJ_RULE3_PARTY_SAV" FROMINSTANCETYPE ="Source Qualifier" TOFIELD ="REASON_DESCR" TOINSTANCE ="WI_DRR_SALES_ACNT_MEASURE_FNL" TOINSTANCETYPE ="Target Definition"/>
        <CONNECTOR FROMFIELD ="BOOKINGS_MEASURE_KEY" FROMINSTANCE ="SQ_WI_DRR_FIN_ADJ_RULE3_PARTY_SAV" FROMINSTANCETYPE ="Source Qualifier" TOFIELD ="BOOKINGS_MEASURE_KEY" TOINSTANCE ="WI_DRR_SALES_ACNT_MEASURE_FNL" TOINSTANCETYPE ="Target Definition"/>
        <CONNECTOR FROMFIELD ="EP_OTM_TERRITORY_ID_INT" FROMINSTANCE ="WI_DRR_FIN_ADJ_RULE3_PARTY_SAV" FROMINSTANCETYPE ="Source Definition" TOFIELD ="EP_OTM_TERRITORY_ID_INT" TOINSTANCE ="SQ_WI_DRR_FIN_ADJ_RULE3_PARTY_SAV" TOINSTANCETYPE ="Source Qualifier"/>
        <CONNECTOR FROMFIELD ="SALES_REP_NUMBER" FROMINSTANCE ="WI_DRR_FIN_ADJ_RULE3_PARTY_SAV" FROMINSTANCETYPE ="Source Definition" TOFIELD ="SALES_REP_NUM" TOINSTANCE ="SQ_WI_DRR_FIN_ADJ_RULE3_PARTY_SAV" TOINSTANCETYPE ="Source Qualifier"/>
        <CONNECTOR FROMFIELD ="SALES_TERRITORY_KEY" FROMINSTANCE ="WI_DRR_FIN_ADJ_RULE3_PARTY_SAV" FROMINSTANCETYPE ="Source Definition" TOFIELD ="SLS_ACCT_GROUP_SALES_TERR_KEY" TOINSTANCE ="SQ_WI_DRR_FIN_ADJ_RULE3_PARTY_SAV" TOINSTANCETYPE ="Source Qualifier"/>
        <CONNECTOR FROMFIELD ="BOOKINGS_MEASURE_KEY" FROMINSTANCE ="WI_DRR_FIN_ADJ_RULE3_PARTY_SAV" FROMINSTANCETYPE ="Source Definition" TOFIELD ="BOOKINGS_MEASURE_KEY" TOINSTANCE ="SQ_WI_DRR_FIN_ADJ_RULE3_PARTY_SAV" TOINSTANCETYPE ="Source Qualifier"/>
        <CONNECTOR FROMFIELD ="BOOKINGS_PROCESS_DATE" FROMINSTANCE ="WI_DRR_FIN_ADJ_RULE3_PARTY_SAV" FROMINSTANCETYPE ="Source Definition" TOFIELD ="BOOKINGS_PROCESS_DATE" TOINSTANCE ="SQ_WI_DRR_FIN_ADJ_RULE3_PARTY_SAV" TOINSTANCETYPE ="Source Qualifier"/>
        <CONNECTOR FROMFIELD ="BKGS_MEASURE_TRANS_TYPE_CODE" FROMINSTANCE ="WI_DRR_FIN_ADJ_RULE3_PARTY_SAV" FROMINSTANCETYPE ="Source Definition" TOFIELD ="BKGS_MEASURE_TRANS_TYPE_CODE" TOINSTANCE ="SQ_WI_DRR_FIN_ADJ_RULE3_PARTY_SAV" TOINSTANCETYPE ="Source Qualifier"/>
        <CONNECTOR FROMFIELD ="DV_END_CUST_PARTY_KEY" FROMINSTANCE ="WI_DRR_FIN_ADJ_RULE3_PARTY_SAV" FROMINSTANCETYPE ="Source Definition" TOFIELD ="DV_END_CUST_PARTY_KEY" TOINSTANCE ="SQ_WI_DRR_FIN_ADJ_RULE3_PARTY_SAV" TOINSTANCETYPE ="Source Qualifier"/>
        <CONNECTOR FROMFIELD ="NEW_SA_MEMBER_ID_INT" FROMINSTANCE ="WI_DRR_FIN_ADJ_RULE3_PARTY_SAV" FROMINSTANCETYPE ="Source Definition" TOFIELD ="NEW_SA_MEMBER_ID_INT" TOINSTANCE ="SQ_WI_DRR_FIN_ADJ_RULE3_PARTY_SAV" TOINSTANCETYPE ="Source Qualifier"/>
        <CONNECTOR FROMFIELD ="LINK_CUSTOMER_PARTY_KEY" FROMINSTANCE ="WI_DRR_FIN_ADJ_RULE3_PARTY_SAV" FROMINSTANCETYPE ="Source Definition" TOFIELD ="LINK_CUSTOMER_PARTY_KEY" TOINSTANCE ="SQ_WI_DRR_FIN_ADJ_RULE3_PARTY_SAV" TOINSTANCETYPE ="Source Qualifier"/>
        <CONNECTOR FROMFIELD ="SALES_ACCOUNT_GROUP_PARTY_KEY" FROMINSTANCE ="WI_DRR_FIN_ADJ_RULE3_PARTY_SAV" FROMINSTANCETYPE ="Source Definition" TOFIELD ="SALES_ACCOUNT_GROUP_PARTY_KEY" TOINSTANCE ="SQ_WI_DRR_FIN_ADJ_RULE3_PARTY_SAV" TOINSTANCETYPE ="Source Qualifier"/>
        <CONNECTOR FROMFIELD ="REASON_DESC_END_CUST" FROMINSTANCE ="WI_DRR_FIN_ADJ_RULE3_PARTY_SAV" FROMINSTANCETYPE ="Source Definition" TOFIELD ="REASON_DESC_END_CUST" TOINSTANCE ="SQ_WI_DRR_FIN_ADJ_RULE3_PARTY_SAV" TOINSTANCETYPE ="Source Qualifier"/>
        <CONNECTOR FROMFIELD ="REASON_DESCR" FROMINSTANCE ="WI_DRR_FIN_ADJ_RULE3_PARTY_SAV" FROMINSTANCETYPE ="Source Definition" TOFIELD ="REASON_DESCR" TOINSTANCE ="SQ_WI_DRR_FIN_ADJ_RULE3_PARTY_SAV" TOINSTANCETYPE ="Source Qualifier"/>
        <CONNECTOR FROMFIELD ="FIN_ADJ_KEY" FROMINSTANCE ="WI_DRR_FIN_ADJ_RULE3_PARTY_SAV" FROMINSTANCETYPE ="Source Definition" TOFIELD ="FIN_ADJ_KEY" TOINSTANCE ="SQ_WI_DRR_FIN_ADJ_RULE3_PARTY_SAV" TOINSTANCETYPE ="Source Qualifier"/>
        <CONNECTOR FROMFIELD ="BK_ALLOCATION_SPLIT_PCT" FROMINSTANCE ="WI_DRR_FIN_ADJ_RULE3_PARTY_SAV" FROMINSTANCETYPE ="Source Definition" TOFIELD ="SALES_CREDIT_SPLIT_PCT" TOINSTANCE ="SQ_WI_DRR_FIN_ADJ_RULE3_PARTY_SAV" TOINSTANCETYPE ="Source Qualifier"/>
        <CONNECTOR FROMFIELD ="PROCESS_TYPE" FROMINSTANCE ="WI_DRR_FIN_ADJ_RULE3_PARTY_SAV" FROMINSTANCETYPE ="Source Definition" TOFIELD ="PROCESS_TYPE" TOINSTANCE ="SQ_WI_DRR_FIN_ADJ_RULE3_PARTY_SAV" TOINSTANCETYPE ="Source Qualifier"/>
        <CONNECTOR FROMFIELD ="BOOKINGS_MEASURE_KEY" FROMINSTANCE ="WI_DRR_BOOKINGS_PARTY_ENRICH" FROMINSTANCETYPE ="Source Definition" TOFIELD ="BOOKINGS_MEASURE_KEY" TOINSTANCE ="SQ_WI_DRR_BOOKINGS_PARTY_ENRICH" TOINSTANCETYPE ="Source Qualifier"/>
        <CONNECTOR FROMFIELD ="BOOKINGS_PROCESS_DATE" FROMINSTANCE ="WI_DRR_BOOKINGS_PARTY_ENRICH" FROMINSTANCETYPE ="Source Definition" TOFIELD ="BOOKINGS_PROCESS_DATE" TOINSTANCE ="SQ_WI_DRR_BOOKINGS_PARTY_ENRICH" TOINSTANCETYPE ="Source Qualifier"/>
        <CONNECTOR FROMFIELD ="BKGS_MEASURE_TRANS_TYPE_CODE" FROMINSTANCE ="WI_DRR_BOOKINGS_PARTY_ENRICH" FROMINSTANCETYPE ="Source Definition" TOFIELD ="BKGS_MEASURE_TRANS_TYPE_CODE" TOINSTANCE ="SQ_WI_DRR_BOOKINGS_PARTY_ENRICH" TOINSTANCETYPE ="Source Qualifier"/>
        <CONNECTOR FROMFIELD ="SALES_TERRITORY_KEY" FROMINSTANCE ="WI_DRR_BOOKINGS_PARTY_ENRICH" FROMINSTANCETYPE ="Source Definition" TOFIELD ="DV_END_CUST_PARTY_KEY" TOINSTANCE ="SQ_WI_DRR_BOOKINGS_PARTY_ENRICH" TOINSTANCETYPE ="Source Qualifier"/>
        <CONNECTOR FROMFIELD ="END_CUSTOMER_KEY" FROMINSTANCE ="WI_DRR_BOOKINGS_PARTY_ENRICH" FROMINSTANCETYPE ="Source Definition" TOFIELD ="NEW_SA_MEMBER_ID_INT" TOINSTANCE ="SQ_WI_DRR_BOOKINGS_PARTY_ENRICH" TOINSTANCETYPE ="Source Qualifier"/>
        <CONNECTOR FROMFIELD ="SHIP_TO_CUSTOMER_KEY" FROMINSTANCE ="WI_DRR_BOOKINGS_PARTY_ENRICH" FROMINSTANCETYPE ="Source Definition" TOFIELD ="LINK_CUSTOMER_PARTY_KEY" TOINSTANCE ="SQ_WI_DRR_BOOKINGS_PARTY_ENRICH" TOINSTANCETYPE ="Source Qualifier"/>
        <CONNECTOR FROMFIELD ="SOLD_TO_CUSTOMER_KEY" FROMINSTANCE ="WI_DRR_BOOKINGS_PARTY_ENRICH" FROMINSTANCETYPE ="Source Definition" TOFIELD ="SALES_ACCOUNT_GROUP_PARTY_KEY" TOINSTANCE ="SQ_WI_DRR_BOOKINGS_PARTY_ENRICH" TOINSTANCETYPE ="Source Qualifier"/>
        <CONNECTOR FROMFIELD ="SALES_TERRITORY_TYPE_CODE" FROMINSTANCE ="WI_DRR_BOOKINGS_PARTY_ENRICH" FROMINSTANCETYPE ="Source Definition" TOFIELD ="REASON_DESC_END_CUST" TOINSTANCE ="SQ_WI_DRR_BOOKINGS_PARTY_ENRICH" TOINSTANCETYPE ="Source Qualifier"/>
        <CONNECTOR FROMFIELD ="SALES_REP_NUMBER" FROMINSTANCE ="WI_DRR_BOOKINGS_PARTY_ENRICH" FROMINSTANCETYPE ="Source Definition" TOFIELD ="REASON_DESCR" TOINSTANCE ="SQ_WI_DRR_BOOKINGS_PARTY_ENRICH" TOINSTANCETYPE ="Source Qualifier"/>
        <CONNECTOR FROMFIELD ="SALES_ACCOUNT_GROUP_PARTY_KEY" FROMINSTANCE ="WI_DRR_BOOKINGS_PARTY_ENRICH" FROMINSTANCETYPE ="Source Definition" TOFIELD ="SALES_TERRITORY_KEY" TOINSTANCE ="SQ_WI_DRR_BOOKINGS_PARTY_ENRICH" TOINSTANCETYPE ="Source Qualifier"/>
        <CONNECTOR FROMFIELD ="REASON_DESC" FROMINSTANCE ="WI_DRR_BOOKINGS_PARTY_ENRICH" FROMINSTANCETYPE ="Source Definition" TOFIELD ="SALES_REP_NUMBER" TOINSTANCE ="SQ_WI_DRR_BOOKINGS_PARTY_ENRICH" TOINSTANCETYPE ="Source Qualifier"/>
        <CONNECTOR FROMFIELD ="FIN_ADJ_KEY" FROMINSTANCE ="WI_DRR_BOOKINGS_PARTY_ENRICH" FROMINSTANCETYPE ="Source Definition" TOFIELD ="EP_OTM_TERRITORY_ID_INT" TOINSTANCE ="SQ_WI_DRR_BOOKINGS_PARTY_ENRICH" TOINSTANCETYPE ="Source Qualifier"/>
        <CONNECTOR FROMFIELD ="ISO_COUNTRY_CODE" FROMINSTANCE ="WI_DRR_BOOKINGS_PARTY_ENRICH" FROMINSTANCETYPE ="Source Definition" TOFIELD ="ISO_COUNTRY_CODE" TOINSTANCE ="SQ_WI_DRR_BOOKINGS_PARTY_ENRICH" TOINSTANCETYPE ="Source Qualifier"/>
        <CONNECTOR FROMFIELD ="FIN_ADJ_KEY" FROMINSTANCE ="WI_DRR_BOOKINGS_PARTY_ENRICH" FROMINSTANCETYPE ="Source Definition" TOFIELD ="FIN_ADJ_KEY" TOINSTANCE ="SQ_WI_DRR_BOOKINGS_PARTY_ENRICH" TOINSTANCETYPE ="Source Qualifier"/>
        <CONNECTOR FROMFIELD ="PROCESS_TYPE" FROMINSTANCE ="WI_DRR_BOOKINGS_PARTY_ENRICH" FROMINSTANCETYPE ="Source Definition" TOFIELD ="PROCESS_TYPE" TOINSTANCE ="SQ_WI_DRR_BOOKINGS_PARTY_ENRICH" TOINSTANCETYPE ="Source Qualifier"/>
        <CONNECTOR FROMFIELD ="BK_ALLOCATION_SPLIT_PCT" FROMINSTANCE ="WI_DRR_FIN_ADJ_RULE3_PARTY_SAV" FROMINSTANCETYPE ="Source Definition" TOFIELD ="BK_ALLOCATION_SPLIT_PCT" TOINSTANCE ="SQ_WI_DRR_BOOKINGS_PARTY_ENRICH" TOINSTANCETYPE ="Source Qualifier"/>
        <TARGETLOADORDER ORDER ="1" TARGETINSTANCE ="WI_DRR_FIN_ADJ_RULE3_PARTY_SAV1"/>
        <TARGETLOADORDER ORDER ="2" TARGETINSTANCE ="WI_DRR_SALES_ACNT_MEASURE_FNL"/>
        <MAPPINGVARIABLE DATATYPE ="string" DEFAULTVALUE ="" DESCRIPTION ="" ISEXPRESSIONVARIABLE ="NO" ISPARAM ="YES" NAME ="$$STGDB" PRECISION ="30" SCALE ="0" USERDEFINED ="YES"/>
        <MAPPINGVARIABLE DATATYPE ="string" DEFAULTVALUE ="" DESCRIPTION ="" ISEXPRESSIONVARIABLE ="NO" ISPARAM ="YES" NAME ="$$ETLVWDB" PRECISION ="30" SCALE ="0" USERDEFINED ="YES"/>
        <MAPPINGVARIABLE DATATYPE ="string" DEFAULTVALUE ="" DESCRIPTION ="" ISEXPRESSIONVARIABLE ="NO" ISPARAM ="YES" NAME ="$$SLSORDVWDB" PRECISION ="30" SCALE ="0" USERDEFINED ="YES"/>
        <MAPPINGVARIABLE DATATYPE ="string" DEFAULTVALUE ="" DESCRIPTION ="" ISEXPRESSIONVARIABLE ="NO" ISPARAM ="YES" NAME ="$$COMREFVWDB" PRECISION ="30" SCALE ="0" USERDEFINED ="YES"/>
        <ERPINFO/>
    </MAPPING>
    <CONFIG DESCRIPTION ="Default session configuration object" ISDEFAULT ="YES" NAME ="default_session_config" VERSIONNUMBER ="27">
        <ATTRIBUTE NAME ="Advanced" VALUE =""/>
        <ATTRIBUTE NAME ="Constraint based load ordering" VALUE ="NO"/>
        <ATTRIBUTE NAME ="Cache LOOKUP() function" VALUE ="YES"/>
        <ATTRIBUTE NAME ="Default buffer block size" VALUE ="Auto"/>
        <ATTRIBUTE NAME ="Line Sequential buffer length" VALUE ="1024"/>
        <ATTRIBUTE NAME ="Maximum Memory Allowed For Auto Memory Attributes" VALUE ="512MB"/>
        <ATTRIBUTE NAME ="Maximum Percentage of Total Memory Allowed For Auto Memory Attributes" VALUE ="5"/>
        <ATTRIBUTE NAME ="Additional Concurrent Pipelines for Lookup Cache Creation" VALUE ="Auto"/>
        <ATTRIBUTE NAME ="Custom Properties" VALUE =""/>
        <ATTRIBUTE NAME ="Pre-build lookup cache" VALUE ="Auto"/>
        <ATTRIBUTE NAME ="Optimization Level" VALUE ="Medium"/>
        <ATTRIBUTE NAME ="DateTime Format String" VALUE ="MM/DD/YYYY HH24:MI:SS"/>
        <ATTRIBUTE NAME ="Pre 85 Timestamp Compatibility" VALUE ="YES"/>
        <ATTRIBUTE NAME ="Log Options" VALUE ="0"/>
        <ATTRIBUTE NAME ="Save session log by" VALUE ="Session runs"/>
        <ATTRIBUTE NAME ="Save session log for these runs" VALUE ="5"/>
        <ATTRIBUTE NAME ="Session Log File Max Size" VALUE ="0"/>
        <ATTRIBUTE NAME ="Session Log File Max Time Period" VALUE ="0"/>
        <ATTRIBUTE NAME ="Maximum Partial Session Log Files" VALUE ="1"/>
        <ATTRIBUTE NAME ="Writer Commit Statistics Log Frequency" VALUE ="1"/>
        <ATTRIBUTE NAME ="Writer Commit Statistics Log Interval" VALUE ="0"/>
        <ATTRIBUTE NAME ="Error handling" VALUE =""/>
        <ATTRIBUTE NAME ="Stop on errors" VALUE ="0"/>
        <ATTRIBUTE NAME ="Override tracing" VALUE ="None"/>
        <ATTRIBUTE NAME ="On Stored Procedure error" VALUE ="Stop"/>
        <ATTRIBUTE NAME ="On Pre-session command task error" VALUE ="Stop"/>
        <ATTRIBUTE NAME ="On Pre-Post SQL error" VALUE ="Stop"/>
        <ATTRIBUTE NAME ="Enable Recovery" VALUE ="NO"/>
        <ATTRIBUTE NAME ="Error Log Type" VALUE ="None"/>
        <ATTRIBUTE NAME ="Error Log Table Name Prefix" VALUE =""/>
        <ATTRIBUTE NAME ="Error Log File Name" VALUE ="PMError.log"/>
        <ATTRIBUTE NAME ="Log Source Row Data" VALUE ="NO"/>
        <ATTRIBUTE NAME ="Data Column Delimiter" VALUE ="|"/>
        <ATTRIBUTE NAME ="Partitioning Options" VALUE =""/>
        <ATTRIBUTE NAME ="Dynamic Partitioning" VALUE ="Disabled"/>
        <ATTRIBUTE NAME ="Number of Partitions" VALUE ="1"/>
        <ATTRIBUTE NAME ="Multiplication Factor" VALUE ="Auto"/>
        <ATTRIBUTE NAME ="Session on Grid" VALUE =""/>
        <ATTRIBUTE NAME ="Is Enabled" VALUE ="NO"/>
    </CONFIG>
    <WORKFLOW DESCRIPTION ="" ISENABLED ="YES" ISRUNNABLESERVICE ="NO" ISSERVICE ="NO" ISVALID ="YES" NAME ="wf_DRR_FA_PARTY_SAV_FNL" REUSABLE_SCHEDULER ="NO" SCHEDULERNAME ="Scheduler" SUSPEND_ON_ERROR ="NO" TASKS_MUST_RUN_ON_SERVER ="NO" VERSIONNUMBER ="4">
        <SCHEDULER DESCRIPTION ="" NAME ="Scheduler" REUSABLE ="NO" VERSIONNUMBER ="4">
            <SCHEDULEINFO SCHEDULETYPE ="ONDEMAND"/>
        </SCHEDULER>
        <TASK DESCRIPTION ="" NAME ="Start" REUSABLE ="NO" TYPE ="Start" VERSIONNUMBER ="4"/>
        <SESSION DESCRIPTION ="" ISVALID ="YES" MAPPINGNAME ="m_DRR_FA_PARTY_SAV_FNL" NAME ="s_m_DRR_FA_PARTY_SAV_FNL" REUSABLE ="NO" SORTORDER ="Binary" VERSIONNUMBER ="4">
            <SESSTRANSFORMATIONINST ISREPARTITIONPOINT ="YES" PARTITIONTYPE ="PASS THROUGH" PIPELINE ="2" SINSTANCENAME ="WI_DRR_FIN_ADJ_RULE3_PARTY_SAV1" STAGE ="1" TRANSFORMATIONNAME ="WI_DRR_FIN_ADJ_RULE3_PARTY_SAV1" TRANSFORMATIONTYPE ="Target Definition">
                <ATTRIBUTE NAME ="Table Name Prefix" VALUE ="$$STGDB"/>
                <ATTRIBUTE NAME ="Pre SQL" VALUE ="DELETE FROM $$STGDB.WI_DRR_FIN_ADJ_RULE3_PARTY_SAV ALL;"/>
                <ATTRIBUTE NAME ="Post SQL" VALUE ="CALL COLLECT_STATS_WRAP(&apos;$$STGDB&apos;,&apos;WI_DRR_FIN_ADJ_RULE3_PARTY_SAV&apos;,&apos;D&apos;);"/>
                <ATTRIBUTE NAME ="Target Table Name" VALUE ="WI_DRR_FIN_ADJ_RULE3_PARTY_SAV"/>
            </SESSTRANSFORMATIONINST>
            <SESSTRANSFORMATIONINST ISREPARTITIONPOINT ="YES" PARTITIONTYPE ="PASS THROUGH" PIPELINE ="1" SINSTANCENAME ="WI_DRR_SALES_ACNT_MEASURE_FNL" STAGE ="2" TRANSFORMATIONNAME ="WI_DRR_SALES_ACNT_MEASURE_FNL" TRANSFORMATIONTYPE ="Target Definition">
                <ATTRIBUTE NAME ="Table Name Prefix" VALUE ="$$STGDB"/>
                <ATTRIBUTE NAME ="Pre SQL" VALUE ="DELETE FROM $$STGDB.WI_DRR_SALES_ACNT_MEASURE_FNL ;"/>
                <ATTRIBUTE NAME ="Post SQL" VALUE ="UPDATE ENRICH_RULE3 &#xD;&#xA;FROM&#xD;&#xA;$$STGDB.WI_DRR_BOOKINGS_PARTY_ENRICH ENRICH_RULE3,&#xD;&#xA;(&#xD;&#xA; SELECT &#xD;&#xA; BOOKINGS_MEASURE_KEY,&#xD;&#xA; BOOKINGS_PROCESS_DATE,&#xD;&#xA; BKGS_MEASURE_TRANS_TYPE_CODE&#xD;&#xA; FROM&#xD;&#xA; $$STGDB.WI_DRR_SALES_ACNT_MEASURE_FNL&#xD;&#xA; WHERE&#xD;&#xA; REASON_DESCR = &apos;21 - FINANCE ADJUSTMENT SAV&apos;&#xD;&#xA; GROUP BY 1,2,3&#xD;&#xA;)FNL&#xD;&#xA;SET &#xD;&#xA;RULE_PROCESS_FLAG=&apos;Y&apos;&#xD;&#xA;WHERE&#xD;&#xA;ENRICH_RULE3.BOOKINGS_MEASURE_KEY=FNL.BOOKINGS_MEASURE_KEY&#xD;&#xA;AND ENRICH_RULE3.BOOKINGS_PROCESS_DATE=FNL.BOOKINGS_PROCESS_DATE&#xD;&#xA;AND ENRICH_RULE3.BKGS_MEASURE_TRANS_TYPE_CODE=FNL.BKGS_MEASURE_TRANS_TYPE_CODE;&#xD;&#xA;&#xD;&#xA;CALL COLLECT_STATS_WRAP(&apos;$$STGDB&apos;,&apos;WI_DRR_SALES_ACNT_MEASURE_FNL&apos;,&apos;D&apos;);"/>
                <ATTRIBUTE NAME ="Target Table Name" VALUE ="WI_DRR_SALES_ACNT_MEASURE_FNL"/>
            </SESSTRANSFORMATIONINST>
            <SESSTRANSFORMATIONINST ISREPARTITIONPOINT ="NO" PIPELINE ="0" SINSTANCENAME ="WI_DRR_FIN_ADJ_RULE3_PARTY_SAV" STAGE ="0" TRANSFORMATIONNAME ="WI_DRR_FIN_ADJ_RULE3_PARTY_SAV" TRANSFORMATIONTYPE ="Source Definition"/>
            <SESSTRANSFORMATIONINST ISREPARTITIONPOINT ="YES" PARTITIONTYPE ="PASS THROUGH" PIPELINE ="1" SINSTANCENAME ="SQ_WI_DRR_FIN_ADJ_RULE3_PARTY_SAV" STAGE ="3" TRANSFORMATIONNAME ="SQ_WI_DRR_FIN_ADJ_RULE3_PARTY_SAV" TRANSFORMATIONTYPE ="Source Qualifier"/>
            <SESSTRANSFORMATIONINST ISREPARTITIONPOINT ="NO" PIPELINE ="0" SINSTANCENAME ="WI_DRR_BOOKINGS_PARTY_ENRICH" STAGE ="0" TRANSFORMATIONNAME ="WI_DRR_BOOKINGS_PARTY_ENRICH" TRANSFORMATIONTYPE ="Source Definition"/>
            <SESSTRANSFORMATIONINST ISREPARTITIONPOINT ="YES" PARTITIONTYPE ="PASS THROUGH" PIPELINE ="2" SINSTANCENAME ="SQ_WI_DRR_BOOKINGS_PARTY_ENRICH" STAGE ="4" TRANSFORMATIONNAME ="SQ_WI_DRR_BOOKINGS_PARTY_ENRICH" TRANSFORMATIONTYPE ="Source Qualifier"/>
            <CONFIGREFERENCE REFOBJECTNAME ="default_session_config" TYPE ="Session config">
                <ATTRIBUTE NAME ="Pre 85 Timestamp Compatibility" VALUE ="YES"/>
                <ATTRIBUTE NAME ="Save session log for these runs" VALUE ="5"/>
                <ATTRIBUTE NAME ="Stop on errors" VALUE ="1"/>
                <ATTRIBUTE NAME ="Override tracing" VALUE ="Normal"/>
            </CONFIGREFERENCE>
            <SESSIONEXTENSION NAME ="Relational Writer" SINSTANCENAME ="WI_DRR_FIN_ADJ_RULE3_PARTY_SAV1" SUBTYPE ="Relational Writer" TRANSFORMATIONTYPE ="Target Definition" TYPE ="WRITER">
                <CONNECTIONREFERENCE CNXREFNAME ="DB Connection" CONNECTIONNAME ="" CONNECTIONNUMBER ="1" CONNECTIONSUBTYPE ="" CONNECTIONTYPE ="Relational" VARIABLE ="$DBConnection_Target"/>
                <ATTRIBUTE NAME ="Target load type" VALUE ="Normal"/>
                <ATTRIBUTE NAME ="Insert" VALUE ="YES"/>
                <ATTRIBUTE NAME ="Update as Update" VALUE ="NO"/>
                <ATTRIBUTE NAME ="Update as Insert" VALUE ="NO"/>
                <ATTRIBUTE NAME ="Update else Insert" VALUE ="NO"/>
                <ATTRIBUTE NAME ="Delete" VALUE ="NO"/>
                <ATTRIBUTE NAME ="Truncate target table option" VALUE ="NO"/>
                <ATTRIBUTE NAME ="Reject file directory" VALUE ="$PMRootDir&#x5c;DATA&#x5c;EDWTD_SALES_ORDERS&#x5c;reject"/>
                <ATTRIBUTE NAME ="Reject filename" VALUE ="wi_drr_fin_adj_rule3_party_sav11.bad"/>
            </SESSIONEXTENSION>
            <SESSIONEXTENSION NAME ="Relational Writer" SINSTANCENAME ="WI_DRR_SALES_ACNT_MEASURE_FNL" SUBTYPE ="Relational Writer" TRANSFORMATIONTYPE ="Target Definition" TYPE ="WRITER">
                <CONNECTIONREFERENCE CNXREFNAME ="DB Connection" CONNECTIONNAME ="" CONNECTIONNUMBER ="1" CONNECTIONSUBTYPE ="" CONNECTIONTYPE ="Relational" VARIABLE ="$DBConnection_Target"/>
                <ATTRIBUTE NAME ="Target load type" VALUE ="Normal"/>
                <ATTRIBUTE NAME ="Insert" VALUE ="YES"/>
                <ATTRIBUTE NAME ="Update as Update" VALUE ="NO"/>
                <ATTRIBUTE NAME ="Update as Insert" VALUE ="NO"/>
                <ATTRIBUTE NAME ="Update else Insert" VALUE ="NO"/>
                <ATTRIBUTE NAME ="Delete" VALUE ="NO"/>
                <ATTRIBUTE NAME ="Truncate target table option" VALUE ="NO"/>
                <ATTRIBUTE NAME ="Reject file directory" VALUE ="$PMRootDir&#x5c;DATA&#x5c;EDWTD_SALES_ORDERS&#x5c;reject"/>
                <ATTRIBUTE NAME ="Reject filename" VALUE ="wi_drr_sales_acnt_measure_fnl1.bad"/>
            </SESSIONEXTENSION>
            <SESSIONEXTENSION DSQINSTNAME ="SQ_WI_DRR_FIN_ADJ_RULE3_PARTY_SAV" DSQINSTTYPE ="Source Qualifier" NAME ="Relational Reader" SINSTANCENAME ="WI_DRR_FIN_ADJ_RULE3_PARTY_SAV" SUBTYPE ="Relational Reader" TRANSFORMATIONTYPE ="Source Definition" TYPE ="READER"/>
            <SESSIONEXTENSION DSQINSTNAME ="SQ_WI_DRR_BOOKINGS_PARTY_ENRICH" DSQINSTTYPE ="Source Qualifier" NAME ="Relational Reader" SINSTANCENAME ="WI_DRR_FIN_ADJ_RULE3_PARTY_SAV" SUBTYPE ="Relational Reader" TRANSFORMATIONTYPE ="Source Definition" TYPE ="READER"/>
            <SESSIONEXTENSION NAME ="Relational Reader" SINSTANCENAME ="SQ_WI_DRR_FIN_ADJ_RULE3_PARTY_SAV" SUBTYPE ="Relational Reader" TRANSFORMATIONTYPE ="Source Qualifier" TYPE ="READER">
                <CONNECTIONREFERENCE CNXREFNAME ="DB Connection" CONNECTIONNAME ="" CONNECTIONNUMBER ="1" CONNECTIONSUBTYPE ="" CONNECTIONTYPE ="Relational" VARIABLE ="$DBConnection_source"/>
            </SESSIONEXTENSION>
            <SESSIONEXTENSION DSQINSTNAME ="SQ_WI_DRR_BOOKINGS_PARTY_ENRICH" DSQINSTTYPE ="Source Qualifier" NAME ="Relational Reader" SINSTANCENAME ="WI_DRR_BOOKINGS_PARTY_ENRICH" SUBTYPE ="Relational Reader" TRANSFORMATIONTYPE ="Source Definition" TYPE ="READER"/>
            <SESSIONEXTENSION NAME ="Relational Reader" SINSTANCENAME ="SQ_WI_DRR_BOOKINGS_PARTY_ENRICH" SUBTYPE ="Relational Reader" TRANSFORMATIONTYPE ="Source Qualifier" TYPE ="READER">
                <CONNECTIONREFERENCE CNXREFNAME ="DB Connection" CONNECTIONNAME ="" CONNECTIONNUMBER ="1" CONNECTIONSUBTYPE ="" CONNECTIONTYPE ="Relational" VARIABLE ="$DBConnection_source"/>
            </SESSIONEXTENSION>
            <ATTRIBUTE NAME ="General Options" VALUE =""/>
            <ATTRIBUTE NAME ="Write Backward Compatible Session Log File" VALUE ="NO"/>
            <ATTRIBUTE NAME ="Session Log File Name" VALUE ="s_m_DRR_FA_PARTY_SAV_FNL.log"/>
            <ATTRIBUTE NAME ="Session Log File directory" VALUE ="$PMSessionLogDir&#x5c;"/>
            <ATTRIBUTE NAME ="Parameter Filename" VALUE ="$PMRootDir/ctrl/db.parm"/>
            <ATTRIBUTE NAME ="Enable Test Load" VALUE ="NO"/>
            <ATTRIBUTE NAME ="$Source connection value" VALUE =""/>
            <ATTRIBUTE NAME ="$Target connection value" VALUE =""/>
            <ATTRIBUTE NAME ="Treat source rows as" VALUE ="Insert"/>
            <ATTRIBUTE NAME ="Commit Type" VALUE ="Target"/>
            <ATTRIBUTE NAME ="Commit Interval" VALUE ="10000"/>
            <ATTRIBUTE NAME ="Commit On End Of File" VALUE ="YES"/>
            <ATTRIBUTE NAME ="Rollback Transactions on Errors" VALUE ="NO"/>
            <ATTRIBUTE NAME ="Recovery Strategy" VALUE ="Fail task and continue workflow"/>
            <ATTRIBUTE NAME ="Java Classpath" VALUE =""/>
            <ATTRIBUTE NAME ="Performance" VALUE =""/>
            <ATTRIBUTE NAME ="DTM buffer size" VALUE ="Auto"/>
            <ATTRIBUTE NAME ="Collect performance data" VALUE ="NO"/>
            <ATTRIBUTE NAME ="Write performance data to repository" VALUE ="NO"/>
            <ATTRIBUTE NAME ="Incremental Aggregation" VALUE ="NO"/>
            <ATTRIBUTE NAME ="Enable high precision" VALUE ="NO"/>
            <ATTRIBUTE NAME ="Session retry on deadlock" VALUE ="NO"/>
            <ATTRIBUTE NAME ="Pushdown Optimization" VALUE ="Full"/>
            <ATTRIBUTE NAME ="Allow Temporary View for Pushdown" VALUE ="NO"/>
            <ATTRIBUTE NAME ="Allow Temporary Sequence for Pushdown" VALUE ="NO"/>
            <ATTRIBUTE NAME ="Allow Pushdown for User Incompatible Connections" VALUE ="NO"/>
        </SESSION>
        <TASKINSTANCE DESCRIPTION ="" ISENABLED ="YES" NAME ="Start" REUSABLE ="NO" TASKNAME ="Start" TASKTYPE ="Start"/>
        <TASKINSTANCE DESCRIPTION ="" FAIL_PARENT_IF_INSTANCE_DID_NOT_RUN ="YES" FAIL_PARENT_IF_INSTANCE_FAILS ="YES" ISENABLED ="YES" NAME ="s_m_DRR_FA_PARTY_SAV_FNL" REUSABLE ="NO" TASKNAME ="s_m_DRR_FA_PARTY_SAV_FNL" TASKTYPE ="Session" TREAT_INPUTLINK_AS_AND ="YES"/>
        <WORKFLOWLINK CONDITION ="" FROMTASK ="Start" TOTASK ="s_m_DRR_FA_PARTY_SAV_FNL"/>
        <WORKFLOWVARIABLE DATATYPE ="date/time" DEFAULTVALUE ="" DESCRIPTION ="The time this task started" ISNULL ="NO" ISPERSISTENT ="NO" NAME ="$Start.StartTime" USERDEFINED ="NO"/>
        <WORKFLOWVARIABLE DATATYPE ="date/time" DEFAULTVALUE ="" DESCRIPTION ="The time this task completed" ISNULL ="NO" ISPERSISTENT ="NO" NAME ="$Start.EndTime" USERDEFINED ="NO"/>
        <WORKFLOWVARIABLE DATATYPE ="integer" DEFAULTVALUE ="" DESCRIPTION ="Status of this task&apos;s execution" ISNULL ="NO" ISPERSISTENT ="NO" NAME ="$Start.Status" USERDEFINED ="NO"/>
        <WORKFLOWVARIABLE DATATYPE ="integer" DEFAULTVALUE ="" DESCRIPTION ="Status of the previous task that is not disabled" ISNULL ="NO" ISPERSISTENT ="NO" NAME ="$Start.PrevTaskStatus" USERDEFINED ="NO"/>
        <WORKFLOWVARIABLE DATATYPE ="integer" DEFAULTVALUE ="" DESCRIPTION ="Error code for this task&apos;s execution" ISNULL ="NO" ISPERSISTENT ="NO" NAME ="$Start.ErrorCode" USERDEFINED ="NO"/>
        <WORKFLOWVARIABLE DATATYPE ="string" DEFAULTVALUE ="" DESCRIPTION ="Error message for this task&apos;s execution" ISNULL ="NO" ISPERSISTENT ="NO" NAME ="$Start.ErrorMsg" USERDEFINED ="NO"/>
        <WORKFLOWVARIABLE DATATYPE ="date/time" DEFAULTVALUE ="" DESCRIPTION ="The time this task started" ISNULL ="NO" ISPERSISTENT ="NO" NAME ="$s_m_DRR_FA_PARTY_SAV_FNL.StartTime" USERDEFINED ="NO"/>
        <WORKFLOWVARIABLE DATATYPE ="date/time" DEFAULTVALUE ="" DESCRIPTION ="The time this task completed" ISNULL ="NO" ISPERSISTENT ="NO" NAME ="$s_m_DRR_FA_PARTY_SAV_FNL.EndTime" USERDEFINED ="NO"/>
        <WORKFLOWVARIABLE DATATYPE ="integer" DEFAULTVALUE ="" DESCRIPTION ="Status of this task&apos;s execution" ISNULL ="NO" ISPERSISTENT ="NO" NAME ="$s_m_DRR_FA_PARTY_SAV_FNL.Status" USERDEFINED ="NO"/>
        <WORKFLOWVARIABLE DATATYPE ="integer" DEFAULTVALUE ="" DESCRIPTION ="Status of the previous task that is not disabled" ISNULL ="NO" ISPERSISTENT ="NO" NAME ="$s_m_DRR_FA_PARTY_SAV_FNL.PrevTaskStatus" USERDEFINED ="NO"/>
        <WORKFLOWVARIABLE DATATYPE ="integer" DEFAULTVALUE ="" DESCRIPTION ="Error code for this task&apos;s execution" ISNULL ="NO" ISPERSISTENT ="NO" NAME ="$s_m_DRR_FA_PARTY_SAV_FNL.ErrorCode" USERDEFINED ="NO"/>
        <WORKFLOWVARIABLE DATATYPE ="string" DEFAULTVALUE ="" DESCRIPTION ="Error message for this task&apos;s execution" ISNULL ="NO" ISPERSISTENT ="NO" NAME ="$s_m_DRR_FA_PARTY_SAV_FNL.ErrorMsg" USERDEFINED ="NO"/>
        <WORKFLOWVARIABLE DATATYPE ="integer" DEFAULTVALUE ="" DESCRIPTION ="Rows successfully read" ISNULL ="NO" ISPERSISTENT ="NO" NAME ="$s_m_DRR_FA_PARTY_SAV_FNL.SrcSuccessRows" USERDEFINED ="NO"/>
        <WORKFLOWVARIABLE DATATYPE ="integer" DEFAULTVALUE ="" DESCRIPTION ="Rows failed to read" ISNULL ="NO" ISPERSISTENT ="NO" NAME ="$s_m_DRR_FA_PARTY_SAV_FNL.SrcFailedRows" USERDEFINED ="NO"/>
        <WORKFLOWVARIABLE DATATYPE ="integer" DEFAULTVALUE ="" DESCRIPTION ="Rows successfully loaded" ISNULL ="NO" ISPERSISTENT ="NO" NAME ="$s_m_DRR_FA_PARTY_SAV_FNL.TgtSuccessRows" USERDEFINED ="NO"/>
        <WORKFLOWVARIABLE DATATYPE ="integer" DEFAULTVALUE ="" DESCRIPTION ="Rows failed to load" ISNULL ="NO" ISPERSISTENT ="NO" NAME ="$s_m_DRR_FA_PARTY_SAV_FNL.TgtFailedRows" USERDEFINED ="NO"/>
        <WORKFLOWVARIABLE DATATYPE ="integer" DEFAULTVALUE ="" DESCRIPTION ="Total number of transformation errors" ISNULL ="NO" ISPERSISTENT ="NO" NAME ="$s_m_DRR_FA_PARTY_SAV_FNL.TotalTransErrors" USERDEFINED ="NO"/>
        <WORKFLOWVARIABLE DATATYPE ="integer" DEFAULTVALUE ="" DESCRIPTION ="First error code" ISNULL ="NO" ISPERSISTENT ="NO" NAME ="$s_m_DRR_FA_PARTY_SAV_FNL.FirstErrorCode" USERDEFINED ="NO"/>
        <WORKFLOWVARIABLE DATATYPE ="string" DEFAULTVALUE ="" DESCRIPTION ="First error message" ISNULL ="NO" ISPERSISTENT ="NO" NAME ="$s_m_DRR_FA_PARTY_SAV_FNL.FirstErrorMsg" USERDEFINED ="NO"/>
        <ATTRIBUTE NAME ="Parameter Filename" VALUE =""/>
        <ATTRIBUTE NAME ="Write Backward Compatible Workflow Log File" VALUE ="NO"/>
        <ATTRIBUTE NAME ="Workflow Log File Name" VALUE ="wf_DRR_FA_PARTY_SAV_FNL.log"/>
        <ATTRIBUTE NAME ="Workflow Log File Directory" VALUE ="$PMWorkflowLogDir&#x5c;"/>
        <ATTRIBUTE NAME ="Save Workflow log by" VALUE ="By runs"/>
        <ATTRIBUTE NAME ="Save workflow log for these runs" VALUE ="0"/>
        <ATTRIBUTE NAME ="Service Name" VALUE =""/>
        <ATTRIBUTE NAME ="Service Timeout" VALUE ="0"/>
        <ATTRIBUTE NAME ="Is Service Visible" VALUE ="NO"/>
        <ATTRIBUTE NAME ="Is Service Protected" VALUE ="NO"/>
        <ATTRIBUTE NAME ="Fail task after wait time" VALUE ="0"/>
        <ATTRIBUTE NAME ="Enable HA recovery" VALUE ="NO"/>
        <ATTRIBUTE NAME ="Automatically recover terminated tasks" VALUE ="NO"/>
        <ATTRIBUTE NAME ="Service Level Name" VALUE ="Default"/>
        <ATTRIBUTE NAME ="Allow concurrent run with unique run instance name" VALUE ="NO"/>
        <ATTRIBUTE NAME ="Allow concurrent run with same run instance name" VALUE ="NO"/>
        <ATTRIBUTE NAME ="Maximum number of concurrent runs" VALUE ="0"/>
        <ATTRIBUTE NAME ="Assigned Web Services Hubs" VALUE =""/>
        <ATTRIBUTE NAME ="Maximum number of concurrent runs per Hub" VALUE ="1000"/>
        <ATTRIBUTE NAME ="Expected Service Time" VALUE ="1"/>
    </WORKFLOW>
</FOLDER>
</REPOSITORY>
</POWERMART>