<?xml version="1.0" encoding="UTF-8"?>
<!DOCTYPE POWERMART SYSTEM "powrmart.dtd">
<POWERMART CREATION_DATE="06/09/2018 07:31:52" REPOSITORY_VERSION="186.95">
<REPOSITORY NAME="EDW_Prod_101" VERSION="186" CODEPAGE="UTF-8" DATABASETYPE="Oracle">
<FOLDER NAME="EDWTD_SALES_ORDERS" GROUP="" OWNER="infoadm" SHARED="NOTSHARED" DESCRIPTION="This is for EDW TeraData Sales Orders and POS Track
PM:Vinit verma" PERMISSIONS="rwx---r--" UUID="fa0507c5-29f3-4af8-bd2d-bb2872a3a591">
    <SOURCE BUSINESSNAME ="" DATABASETYPE ="Teradata" DBDNAME ="TDDEV" DESCRIPTION ="" NAME ="EL_ACT_INACT_NODE_MAP_DRR" OBJECTVERSION ="1" OWNERNAME ="ETLVWDB_DV4" VERSIONNUMBER ="2">
        <SOURCEFIELD BUSINESSNAME ="" DATATYPE ="integer" DESCRIPTION ="" FIELDNUMBER ="1" FIELDPROPERTY ="0" FIELDTYPE ="ELEMITEM" HIDDEN ="NO" KEYTYPE ="NOT A KEY" LENGTH ="11" LEVEL ="0" NAME ="NODE_ATTR_DTL_ID" NULLABLE ="NULL" OCCURS ="0" OFFSET ="0" PHYSICALLENGTH ="10" PHYSICALOFFSET ="0" PICTURETEXT ="" PRECISION ="10" SCALE ="0" USAGE_FLAGS =""/>
        <SOURCEFIELD BUSINESSNAME ="" DATATYPE ="decimal" DESCRIPTION ="" FIELDNUMBER ="2" FIELDPROPERTY ="0" FIELDTYPE ="ELEMITEM" HIDDEN ="NO" KEYTYPE ="NOT A KEY" LENGTH ="20" LEVEL ="0" NAME ="OLD_NODE_ID" NULLABLE ="NULL" OCCURS ="0" OFFSET ="11" PHYSICALLENGTH ="18" PHYSICALOFFSET ="10" PICTURETEXT ="" PRECISION ="18" SCALE ="0" USAGE_FLAGS =""/>
        <SOURCEFIELD BUSINESSNAME ="" DATATYPE ="varchar" DESCRIPTION ="" FIELDNUMBER ="3" FIELDPROPERTY ="0" FIELDTYPE ="ELEMITEM" HIDDEN ="NO" KEYTYPE ="NOT A KEY" LENGTH ="0" LEVEL ="0" NAME ="REPLACED_NODE_ID" NULLABLE ="NULL" OCCURS ="0" OFFSET ="31" PHYSICALLENGTH ="25" PHYSICALOFFSET ="28" PICTURETEXT ="" PRECISION ="25" SCALE ="0" USAGE_FLAGS =""/>
        <SOURCEFIELD BUSINESSNAME ="" DATATYPE ="date" DESCRIPTION ="" FIELDNUMBER ="4" FIELDPROPERTY ="0" FIELDTYPE ="ELEMITEM" HIDDEN ="NO" KEYTYPE ="NOT A KEY" LENGTH ="19" LEVEL ="0" NAME ="EFFECTIVE_DATE" NULLABLE ="NULL" OCCURS ="0" OFFSET ="31" PHYSICALLENGTH ="10" PHYSICALOFFSET ="53" PICTURETEXT ="" PRECISION ="10" SCALE ="0" USAGE_FLAGS =""/>
        <SOURCEFIELD BUSINESSNAME ="" DATATYPE ="date" DESCRIPTION ="" FIELDNUMBER ="5" FIELDPROPERTY ="0" FIELDTYPE ="ELEMITEM" HIDDEN ="NO" KEYTYPE ="NOT A KEY" LENGTH ="19" LEVEL ="0" NAME ="EXPIRATION_DATE" NULLABLE ="NULL" OCCURS ="0" OFFSET ="50" PHYSICALLENGTH ="10" PHYSICALOFFSET ="63" PICTURETEXT ="" PRECISION ="10" SCALE ="0" USAGE_FLAGS =""/>
        <SOURCEFIELD BUSINESSNAME ="" DATATYPE ="integer" DESCRIPTION ="" FIELDNUMBER ="6" FIELDPROPERTY ="0" FIELDTYPE ="ELEMITEM" HIDDEN ="NO" KEYTYPE ="NOT A KEY" LENGTH ="11" LEVEL ="0" NAME ="OLD_SALES_TERRITORY_KEY" NULLABLE ="NULL" OCCURS ="0" OFFSET ="69" PHYSICALLENGTH ="10" PHYSICALOFFSET ="73" PICTURETEXT ="" PRECISION ="10" SCALE ="0" USAGE_FLAGS =""/>
        <SOURCEFIELD BUSINESSNAME ="" DATATYPE ="integer" DESCRIPTION ="" FIELDNUMBER ="7" FIELDPROPERTY ="0" FIELDTYPE ="ELEMITEM" HIDDEN ="NO" KEYTYPE ="NOT A KEY" LENGTH ="11" LEVEL ="0" NAME ="REPLACED_SALES_TERRITORY_KEY" NULLABLE ="NULL" OCCURS ="0" OFFSET ="80" PHYSICALLENGTH ="10" PHYSICALOFFSET ="83" PICTURETEXT ="" PRECISION ="10" SCALE ="0" USAGE_FLAGS =""/>
        <SOURCEFIELD BUSINESSNAME ="" DATATYPE ="integer" DESCRIPTION ="" FIELDNUMBER ="8" FIELDPROPERTY ="0" FIELDTYPE ="ELEMITEM" HIDDEN ="NO" KEYTYPE ="NOT A KEY" LENGTH ="11" LEVEL ="0" NAME ="OLD_SALES_TERRITORY_LEVEL" NULLABLE ="NULL" OCCURS ="0" OFFSET ="91" PHYSICALLENGTH ="10" PHYSICALOFFSET ="93" PICTURETEXT ="" PRECISION ="10" SCALE ="0" USAGE_FLAGS =""/>
        <SOURCEFIELD BUSINESSNAME ="" DATATYPE ="integer" DESCRIPTION ="" FIELDNUMBER ="9" FIELDPROPERTY ="0" FIELDTYPE ="ELEMITEM" HIDDEN ="NO" KEYTYPE ="NOT A KEY" LENGTH ="11" LEVEL ="0" NAME ="REPLACED_SALES_TERRITORY_LEVEL" NULLABLE ="NULL" OCCURS ="0" OFFSET ="102" PHYSICALLENGTH ="10" PHYSICALOFFSET ="103" PICTURETEXT ="" PRECISION ="10" SCALE ="0" USAGE_FLAGS =""/>
        <SOURCEFIELD BUSINESSNAME ="" DATATYPE ="varchar" DESCRIPTION ="" FIELDNUMBER ="10" FIELDPROPERTY ="0" FIELDTYPE ="ELEMITEM" HIDDEN ="NO" KEYTYPE ="NOT A KEY" LENGTH ="0" LEVEL ="0" NAME ="OLD_SL1_NAME_CODE" NULLABLE ="NULL" OCCURS ="0" OFFSET ="113" PHYSICALLENGTH ="255" PHYSICALOFFSET ="113" PICTURETEXT ="" PRECISION ="255" SCALE ="0" USAGE_FLAGS =""/>
        <SOURCEFIELD BUSINESSNAME ="" DATATYPE ="varchar" DESCRIPTION ="" FIELDNUMBER ="11" FIELDPROPERTY ="0" FIELDTYPE ="ELEMITEM" HIDDEN ="NO" KEYTYPE ="NOT A KEY" LENGTH ="0" LEVEL ="0" NAME ="REPLACED_SL1_NAME_CODE" NULLABLE ="NULL" OCCURS ="0" OFFSET ="113" PHYSICALLENGTH ="255" PHYSICALOFFSET ="368" PICTURETEXT ="" PRECISION ="255" SCALE ="0" USAGE_FLAGS =""/>
        <SOURCEFIELD BUSINESSNAME ="" DATATYPE ="varchar" DESCRIPTION ="" FIELDNUMBER ="12" FIELDPROPERTY ="0" FIELDTYPE ="ELEMITEM" HIDDEN ="NO" KEYTYPE ="NOT A KEY" LENGTH ="0" LEVEL ="0" NAME ="OLD_ISO_COUNTRY_CODE" NULLABLE ="NULL" OCCURS ="0" OFFSET ="113" PHYSICALLENGTH ="3" PHYSICALOFFSET ="623" PICTURETEXT ="" PRECISION ="3" SCALE ="0" USAGE_FLAGS =""/>
        <SOURCEFIELD BUSINESSNAME ="" DATATYPE ="varchar" DESCRIPTION ="" FIELDNUMBER ="13" FIELDPROPERTY ="0" FIELDTYPE ="ELEMITEM" HIDDEN ="NO" KEYTYPE ="NOT A KEY" LENGTH ="0" LEVEL ="0" NAME ="REPLACED_ISO_COUNTRY_CODE" NULLABLE ="NULL" OCCURS ="0" OFFSET ="113" PHYSICALLENGTH ="3" PHYSICALOFFSET ="626" PICTURETEXT ="" PRECISION ="3" SCALE ="0" USAGE_FLAGS =""/>
        <SOURCEFIELD BUSINESSNAME ="" DATATYPE ="varchar" DESCRIPTION ="" FIELDNUMBER ="14" FIELDPROPERTY ="0" FIELDTYPE ="ELEMITEM" HIDDEN ="NO" KEYTYPE ="NOT A KEY" LENGTH ="0" LEVEL ="0" NAME ="VALID_FLAG" NULLABLE ="NULL" OCCURS ="0" OFFSET ="113" PHYSICALLENGTH ="1" PHYSICALOFFSET ="629" PICTURETEXT ="" PRECISION ="1" SCALE ="0" USAGE_FLAGS =""/>
        <SOURCEFIELD BUSINESSNAME ="" DATATYPE ="timestamp" DESCRIPTION ="" FIELDNUMBER ="15" FIELDPROPERTY ="0" FIELDTYPE ="ELEMITEM" HIDDEN ="NO" KEYTYPE ="NOT A KEY" LENGTH ="19" LEVEL ="0" NAME ="DATE_CREATED" NULLABLE ="NULL" OCCURS ="0" OFFSET ="113" PHYSICALLENGTH ="19" PHYSICALOFFSET ="630" PICTURETEXT ="" PRECISION ="19" SCALE ="0" USAGE_FLAGS =""/>
        <SOURCEFIELD BUSINESSNAME ="" DATATYPE ="timestamp" DESCRIPTION ="" FIELDNUMBER ="16" FIELDPROPERTY ="0" FIELDTYPE ="ELEMITEM" HIDDEN ="NO" KEYTYPE ="NOT A KEY" LENGTH ="19" LEVEL ="0" NAME ="DATE_MODIFIED" NULLABLE ="NULL" OCCURS ="0" OFFSET ="132" PHYSICALLENGTH ="19" PHYSICALOFFSET ="649" PICTURETEXT ="" PRECISION ="19" SCALE ="0" USAGE_FLAGS =""/>
        <SOURCEFIELD BUSINESSNAME ="" DATATYPE ="timestamp" DESCRIPTION ="" FIELDNUMBER ="17" FIELDPROPERTY ="0" FIELDTYPE ="ELEMITEM" HIDDEN ="NO" KEYTYPE ="NOT A KEY" LENGTH ="19" LEVEL ="0" NAME ="EDW_CREATE_DTM" NULLABLE ="NULL" OCCURS ="0" OFFSET ="151" PHYSICALLENGTH ="19" PHYSICALOFFSET ="668" PICTURETEXT ="" PRECISION ="19" SCALE ="0" USAGE_FLAGS =""/>
        <SOURCEFIELD BUSINESSNAME ="" DATATYPE ="timestamp" DESCRIPTION ="" FIELDNUMBER ="18" FIELDPROPERTY ="0" FIELDTYPE ="ELEMITEM" HIDDEN ="NO" KEYTYPE ="NOT A KEY" LENGTH ="19" LEVEL ="0" NAME ="EDW_UPDATE_DTM" NULLABLE ="NULL" OCCURS ="0" OFFSET ="170" PHYSICALLENGTH ="19" PHYSICALOFFSET ="687" PICTURETEXT ="" PRECISION ="19" SCALE ="0" USAGE_FLAGS =""/>
    </SOURCE>
    <TARGET BUSINESSNAME ="" CONSTRAINT ="" DATABASETYPE ="Teradata" DESCRIPTION ="" NAME ="EL_ACT_INACT_NODE_MAP_DRR" OBJECTVERSION ="1" TABLEOPTIONS ="" VERSIONNUMBER ="2">
        <TARGETFIELD BUSINESSNAME ="" DATATYPE ="integer" DESCRIPTION ="" FIELDNUMBER ="1" KEYTYPE ="NOT A KEY" NAME ="NODE_ATTR_DTL_ID" NULLABLE ="NULL" PICTURETEXT ="" PRECISION ="10" SCALE ="0"/>
        <TARGETFIELD BUSINESSNAME ="" DATATYPE ="decimal" DESCRIPTION ="" FIELDNUMBER ="2" KEYTYPE ="NOT A KEY" NAME ="OLD_NODE_ID" NULLABLE ="NULL" PICTURETEXT ="" PRECISION ="18" SCALE ="0"/>
        <TARGETFIELD BUSINESSNAME ="" DATATYPE ="varchar" DESCRIPTION ="" FIELDNUMBER ="3" KEYTYPE ="NOT A KEY" NAME ="REPLACED_NODE_ID" NULLABLE ="NULL" PICTURETEXT ="" PRECISION ="25" SCALE ="0"/>
        <TARGETFIELD BUSINESSNAME ="" DATATYPE ="date" DESCRIPTION ="" FIELDNUMBER ="4" KEYTYPE ="NOT A KEY" NAME ="EFFECTIVE_DATE" NULLABLE ="NULL" PICTURETEXT ="" PRECISION ="10" SCALE ="0"/>
        <TARGETFIELD BUSINESSNAME ="" DATATYPE ="date" DESCRIPTION ="" FIELDNUMBER ="5" KEYTYPE ="NOT A KEY" NAME ="EXPIRATION_DATE" NULLABLE ="NULL" PICTURETEXT ="" PRECISION ="10" SCALE ="0"/>
        <TARGETFIELD BUSINESSNAME ="" DATATYPE ="integer" DESCRIPTION ="" FIELDNUMBER ="6" KEYTYPE ="NOT A KEY" NAME ="OLD_SALES_TERRITORY_KEY" NULLABLE ="NULL" PICTURETEXT ="" PRECISION ="10" SCALE ="0"/>
        <TARGETFIELD BUSINESSNAME ="" DATATYPE ="integer" DESCRIPTION ="" FIELDNUMBER ="7" KEYTYPE ="NOT A KEY" NAME ="REPLACED_SALES_TERRITORY_KEY" NULLABLE ="NULL" PICTURETEXT ="" PRECISION ="10" SCALE ="0"/>
        <TARGETFIELD BUSINESSNAME ="" DATATYPE ="integer" DESCRIPTION ="" FIELDNUMBER ="8" KEYTYPE ="NOT A KEY" NAME ="OLD_SALES_TERRITORY_LEVEL" NULLABLE ="NULL" PICTURETEXT ="" PRECISION ="10" SCALE ="0"/>
        <TARGETFIELD BUSINESSNAME ="" DATATYPE ="integer" DESCRIPTION ="" FIELDNUMBER ="9" KEYTYPE ="NOT A KEY" NAME ="REPLACED_SALES_TERRITORY_LEVEL" NULLABLE ="NULL" PICTURETEXT ="" PRECISION ="10" SCALE ="0"/>
        <TARGETFIELD BUSINESSNAME ="" DATATYPE ="varchar" DESCRIPTION ="" FIELDNUMBER ="10" KEYTYPE ="NOT A KEY" NAME ="OLD_SL1_NAME_CODE" NULLABLE ="NULL" PICTURETEXT ="" PRECISION ="255" SCALE ="0"/>
        <TARGETFIELD BUSINESSNAME ="" DATATYPE ="varchar" DESCRIPTION ="" FIELDNUMBER ="11" KEYTYPE ="NOT A KEY" NAME ="REPLACED_SL1_NAME_CODE" NULLABLE ="NULL" PICTURETEXT ="" PRECISION ="255" SCALE ="0"/>
        <TARGETFIELD BUSINESSNAME ="" DATATYPE ="varchar" DESCRIPTION ="" FIELDNUMBER ="12" KEYTYPE ="NOT A KEY" NAME ="OLD_ISO_COUNTRY_CODE" NULLABLE ="NULL" PICTURETEXT ="" PRECISION ="3" SCALE ="0"/>
        <TARGETFIELD BUSINESSNAME ="" DATATYPE ="varchar" DESCRIPTION ="" FIELDNUMBER ="13" KEYTYPE ="NOT A KEY" NAME ="REPLACED_ISO_COUNTRY_CODE" NULLABLE ="NULL" PICTURETEXT ="" PRECISION ="3" SCALE ="0"/>
        <TARGETFIELD BUSINESSNAME ="" DATATYPE ="varchar" DESCRIPTION ="" FIELDNUMBER ="14" KEYTYPE ="NOT A KEY" NAME ="VALID_FLAG" NULLABLE ="NULL" PICTURETEXT ="" PRECISION ="1" SCALE ="0"/>
        <TARGETFIELD BUSINESSNAME ="" DATATYPE ="timestamp" DESCRIPTION ="" FIELDNUMBER ="15" KEYTYPE ="NOT A KEY" NAME ="DATE_CREATED" NULLABLE ="NULL" PICTURETEXT ="" PRECISION ="19" SCALE ="0"/>
        <TARGETFIELD BUSINESSNAME ="" DATATYPE ="timestamp" DESCRIPTION ="" FIELDNUMBER ="16" KEYTYPE ="NOT A KEY" NAME ="DATE_MODIFIED" NULLABLE ="NULL" PICTURETEXT ="" PRECISION ="19" SCALE ="0"/>
        <TARGETFIELD BUSINESSNAME ="" DATATYPE ="timestamp" DESCRIPTION ="" FIELDNUMBER ="17" KEYTYPE ="NOT A KEY" NAME ="EDW_CREATE_DTM" NULLABLE ="NULL" PICTURETEXT ="" PRECISION ="19" SCALE ="0"/>
        <TARGETFIELD BUSINESSNAME ="" DATATYPE ="timestamp" DESCRIPTION ="" FIELDNUMBER ="18" KEYTYPE ="NOT A KEY" NAME ="EDW_UPDATE_DTM" NULLABLE ="NULL" PICTURETEXT ="" PRECISION ="19" SCALE ="0"/>
    </TARGET>
    <MAPPING DESCRIPTION ="" ISVALID ="YES" NAME ="m_EL_ACTIVE_INACT_NODE_MAP_DRR" OBJECTVERSION ="1" VERSIONNUMBER ="2">
        <TRANSFORMATION DESCRIPTION ="" NAME ="SQ_EL_ACT_INACT_NODE_MAP_DRR" OBJECTVERSION ="1" REUSABLE ="NO" TYPE ="Source Qualifier" VERSIONNUMBER ="2">
            <TRANSFORMFIELD DATATYPE ="integer" DEFAULTVALUE ="" DESCRIPTION ="" NAME ="NODE_ATTR_DTL_ID" PICTURETEXT ="" PORTTYPE ="INPUT/OUTPUT" PRECISION ="10" SCALE ="0"/>
            <TRANSFORMFIELD DATATYPE ="decimal" DEFAULTVALUE ="" DESCRIPTION ="" NAME ="OLD_NODE_ID" PICTURETEXT ="" PORTTYPE ="INPUT/OUTPUT" PRECISION ="18" SCALE ="0"/>
            <TRANSFORMFIELD DATATYPE ="string" DEFAULTVALUE ="" DESCRIPTION ="" NAME ="REPLACED_NODE_ID" PICTURETEXT ="" PORTTYPE ="INPUT/OUTPUT" PRECISION ="25" SCALE ="0"/>
            <TRANSFORMFIELD DATATYPE ="date/time" DEFAULTVALUE ="" DESCRIPTION ="" NAME ="EFFECTIVE_DATE" PICTURETEXT ="" PORTTYPE ="INPUT/OUTPUT" PRECISION ="29" SCALE ="9"/>
            <TRANSFORMFIELD DATATYPE ="date/time" DEFAULTVALUE ="" DESCRIPTION ="" NAME ="EXPIRATION_DATE" PICTURETEXT ="" PORTTYPE ="INPUT/OUTPUT" PRECISION ="29" SCALE ="9"/>
            <TRANSFORMFIELD DATATYPE ="integer" DEFAULTVALUE ="" DESCRIPTION ="" NAME ="OLD_SALES_TERRITORY_KEY" PICTURETEXT ="" PORTTYPE ="INPUT/OUTPUT" PRECISION ="10" SCALE ="0"/>
            <TRANSFORMFIELD DATATYPE ="integer" DEFAULTVALUE ="" DESCRIPTION ="" NAME ="REPLACED_SALES_TERRITORY_KEY" PICTURETEXT ="" PORTTYPE ="INPUT/OUTPUT" PRECISION ="10" SCALE ="0"/>
            <TRANSFORMFIELD DATATYPE ="integer" DEFAULTVALUE ="" DESCRIPTION ="" NAME ="OLD_SALES_TERRITORY_LEVEL" PICTURETEXT ="" PORTTYPE ="INPUT/OUTPUT" PRECISION ="10" SCALE ="0"/>
            <TRANSFORMFIELD DATATYPE ="integer" DEFAULTVALUE ="" DESCRIPTION ="" NAME ="REPLACED_SALES_TERRITORY_LEVEL" PICTURETEXT ="" PORTTYPE ="INPUT/OUTPUT" PRECISION ="10" SCALE ="0"/>
            <TRANSFORMFIELD DATATYPE ="string" DEFAULTVALUE ="" DESCRIPTION ="" NAME ="OLD_SL1_NAME_CODE" PICTURETEXT ="" PORTTYPE ="INPUT/OUTPUT" PRECISION ="255" SCALE ="0"/>
            <TRANSFORMFIELD DATATYPE ="string" DEFAULTVALUE ="" DESCRIPTION ="" NAME ="REPLACED_SL1_NAME_CODE" PICTURETEXT ="" PORTTYPE ="INPUT/OUTPUT" PRECISION ="255" SCALE ="0"/>
            <TRANSFORMFIELD DATATYPE ="string" DEFAULTVALUE ="" DESCRIPTION ="" NAME ="OLD_ISO_COUNTRY_CODE" PICTURETEXT ="" PORTTYPE ="INPUT/OUTPUT" PRECISION ="3" SCALE ="0"/>
            <TRANSFORMFIELD DATATYPE ="string" DEFAULTVALUE ="" DESCRIPTION ="" NAME ="REPLACED_ISO_COUNTRY_CODE" PICTURETEXT ="" PORTTYPE ="INPUT/OUTPUT" PRECISION ="3" SCALE ="0"/>
            <TRANSFORMFIELD DATATYPE ="string" DEFAULTVALUE ="" DESCRIPTION ="" NAME ="VALID_FLAG" PICTURETEXT ="" PORTTYPE ="INPUT/OUTPUT" PRECISION ="1" SCALE ="0"/>
            <TRANSFORMFIELD DATATYPE ="date/time" DEFAULTVALUE ="" DESCRIPTION ="" NAME ="DATE_CREATED" PICTURETEXT ="" PORTTYPE ="INPUT/OUTPUT" PRECISION ="29" SCALE ="9"/>
            <TRANSFORMFIELD DATATYPE ="date/time" DEFAULTVALUE ="" DESCRIPTION ="" NAME ="DATE_MODIFIED" PICTURETEXT ="" PORTTYPE ="INPUT/OUTPUT" PRECISION ="29" SCALE ="9"/>
            <TRANSFORMFIELD DATATYPE ="date/time" DEFAULTVALUE ="" DESCRIPTION ="" NAME ="EDW_CREATE_DTM" PICTURETEXT ="" PORTTYPE ="INPUT/OUTPUT" PRECISION ="29" SCALE ="9"/>
            <TRANSFORMFIELD DATATYPE ="date/time" DEFAULTVALUE ="" DESCRIPTION ="" NAME ="EDW_UPDATE_DTM" PICTURETEXT ="" PORTTYPE ="INPUT/OUTPUT" PRECISION ="29" SCALE ="9"/>
            <TABLEATTRIBUTE NAME ="Sql Query" VALUE ="SELECT&#xD;&#xA; NODE_ATTR_DTL_ID ,&#xD;&#xA; NODE_ID AS OLD_NODE_ID ,&#xD;&#xA; REPLACED_NODE_ID ,&#xD;&#xA; EFFECTIVE_DATE , &#xD;&#xA; EXPIRATION_DATE , &#xD;&#xA; OLD_TERR.SALES_TERRITORY_KEY AS OLD_SALES_TERRITORY_KEY ,&#xD;&#xA; REPLACED.SALES_TERRITORY_KEY AS REPLACED_SALES_TERRIOTRY_KEY ,&#xD;&#xA; OLD_TERR.DV_SALES_TERR_LEVEL_NUM_INT AS OLD_SALES_TERRITORY_LEVEL ,&#xD;&#xA; REPLACED.DV_SALES_TERR_LEVEL_NUM_INT AS REPLACED_SALES_TERRITORY_LEVEL ,&#xD;&#xA; OLD_TERR.L1_SALES_TERRITORY_NAME_CODE AS OLD_SL1_NAME_CODE , &#xD;&#xA; REPLACED.L1_SALES_TERRITORY_NAME_CODE AS REPLACED_SL1_NAME_CODE , &#xD;&#xA; OLD_TERR.ISO_COUNTRY_CODE AS OLD_ISO_COUNTRY_CODE,&#xD;&#xA; REPLACED.ISO_COUNTRY_CODE AS REPLACED_ISO_COUNTRY_CODE,&#xD;&#xA; CASE WHEN ( ( COALESCE(OLD_TERR.SALES_TERR_EXPIRATION_DATE, CAST(&apos;3500-01-01&apos; AS DATE)) &lt; CURRENT_DATE)  &#xD;&#xA;   AND CURRENT_DATE BETWEEN REPLACED.SALES_TERR_EFFECTIVE_DATE AND COALESCE(REPLACED.SALES_TERR_EXPIRATION_DATE,CAST(&apos;3500-01-01&apos; AS DATE))&#xD;&#xA;   ) THEN &apos;Y&apos;&#xD;&#xA; ELSE &apos;N&apos;&#xD;&#xA; END AS VALID_FLAG , &#xD;&#xA; DATE_CREATED,&#xD;&#xA; DATE_MODIFIED,&#xD;&#xA; CURRENT_TIMESTAMP(0) AS EDW_CREATE_DTM ,&#xD;&#xA; CURRENT_TIMESTAMP(0) AS EDW_UPDATE_DTM                &#xD;&#xA;FROM&#xD;&#xA;    $$STGDB.ST_ACT_INACT_NODE_MAP_DRR ST&#xD;&#xA;INNER JOIN $$COMREFVWDB.R_SALES_HIERARCHY OLD_TERR&#xD;&#xA; ON ST.NODE_ID = OLD_TERR.SHARE_NODE_ID_INT&#xD;&#xA;INNER JOIN $$COMREFVWDB.R_SALES_HIERARCHY REPLACED&#xD;&#xA; ON ST.REPLACED_NODE_ID = REPLACED.SHARE_NODE_ID_INT"/>
            <TABLEATTRIBUTE NAME ="User Defined Join" VALUE =""/>
            <TABLEATTRIBUTE NAME ="Source Filter" VALUE =""/>
            <TABLEATTRIBUTE NAME ="Number Of Sorted Ports" VALUE ="0"/>
            <TABLEATTRIBUTE NAME ="Tracing Level" VALUE ="Normal"/>
            <TABLEATTRIBUTE NAME ="Select Distinct" VALUE ="NO"/>
            <TABLEATTRIBUTE NAME ="Is Partitionable" VALUE ="NO"/>
            <TABLEATTRIBUTE NAME ="Pre SQL" VALUE =""/>
            <TABLEATTRIBUTE NAME ="Post SQL" VALUE =""/>
            <TABLEATTRIBUTE NAME ="Output is deterministic" VALUE ="NO"/>
            <TABLEATTRIBUTE NAME ="Output is repeatable" VALUE ="Never"/>
        </TRANSFORMATION>
        <INSTANCE DESCRIPTION ="" NAME ="EL_ACT_INACT_NODE_MAP_DRR" TRANSFORMATION_NAME ="EL_ACT_INACT_NODE_MAP_DRR" TRANSFORMATION_TYPE ="Target Definition" TYPE ="TARGET"/>
        <INSTANCE DBDNAME ="TDDEV" DESCRIPTION ="" NAME ="EL_ACT_INACT_NODE_MAP_DRR1" TRANSFORMATION_NAME ="EL_ACT_INACT_NODE_MAP_DRR" TRANSFORMATION_TYPE ="Source Definition" TYPE ="SOURCE"/>
        <INSTANCE DESCRIPTION ="" NAME ="SQ_EL_ACT_INACT_NODE_MAP_DRR" REUSABLE ="NO" TRANSFORMATION_NAME ="SQ_EL_ACT_INACT_NODE_MAP_DRR" TRANSFORMATION_TYPE ="Source Qualifier" TYPE ="TRANSFORMATION">
            <ASSOCIATED_SOURCE_INSTANCE NAME ="EL_ACT_INACT_NODE_MAP_DRR1"/>
        </INSTANCE>
        <CONNECTOR FROMFIELD ="REPLACED_SL1_NAME_CODE" FROMINSTANCE ="SQ_EL_ACT_INACT_NODE_MAP_DRR" FROMINSTANCETYPE ="Source Qualifier" TOFIELD ="REPLACED_SL1_NAME_CODE" TOINSTANCE ="EL_ACT_INACT_NODE_MAP_DRR" TOINSTANCETYPE ="Target Definition"/>
        <CONNECTOR FROMFIELD ="VALID_FLAG" FROMINSTANCE ="SQ_EL_ACT_INACT_NODE_MAP_DRR" FROMINSTANCETYPE ="Source Qualifier" TOFIELD ="VALID_FLAG" TOINSTANCE ="EL_ACT_INACT_NODE_MAP_DRR" TOINSTANCETYPE ="Target Definition"/>
        <CONNECTOR FROMFIELD ="DATE_CREATED" FROMINSTANCE ="SQ_EL_ACT_INACT_NODE_MAP_DRR" FROMINSTANCETYPE ="Source Qualifier" TOFIELD ="DATE_CREATED" TOINSTANCE ="EL_ACT_INACT_NODE_MAP_DRR" TOINSTANCETYPE ="Target Definition"/>
        <CONNECTOR FROMFIELD ="DATE_MODIFIED" FROMINSTANCE ="SQ_EL_ACT_INACT_NODE_MAP_DRR" FROMINSTANCETYPE ="Source Qualifier" TOFIELD ="DATE_MODIFIED" TOINSTANCE ="EL_ACT_INACT_NODE_MAP_DRR" TOINSTANCETYPE ="Target Definition"/>
        <CONNECTOR FROMFIELD ="EDW_CREATE_DTM" FROMINSTANCE ="SQ_EL_ACT_INACT_NODE_MAP_DRR" FROMINSTANCETYPE ="Source Qualifier" TOFIELD ="EDW_CREATE_DTM" TOINSTANCE ="EL_ACT_INACT_NODE_MAP_DRR" TOINSTANCETYPE ="Target Definition"/>
        <CONNECTOR FROMFIELD ="EDW_UPDATE_DTM" FROMINSTANCE ="SQ_EL_ACT_INACT_NODE_MAP_DRR" FROMINSTANCETYPE ="Source Qualifier" TOFIELD ="EDW_UPDATE_DTM" TOINSTANCE ="EL_ACT_INACT_NODE_MAP_DRR" TOINSTANCETYPE ="Target Definition"/>
        <CONNECTOR FROMFIELD ="NODE_ATTR_DTL_ID" FROMINSTANCE ="SQ_EL_ACT_INACT_NODE_MAP_DRR" FROMINSTANCETYPE ="Source Qualifier" TOFIELD ="NODE_ATTR_DTL_ID" TOINSTANCE ="EL_ACT_INACT_NODE_MAP_DRR" TOINSTANCETYPE ="Target Definition"/>
        <CONNECTOR FROMFIELD ="OLD_NODE_ID" FROMINSTANCE ="SQ_EL_ACT_INACT_NODE_MAP_DRR" FROMINSTANCETYPE ="Source Qualifier" TOFIELD ="OLD_NODE_ID" TOINSTANCE ="EL_ACT_INACT_NODE_MAP_DRR" TOINSTANCETYPE ="Target Definition"/>
        <CONNECTOR FROMFIELD ="REPLACED_NODE_ID" FROMINSTANCE ="SQ_EL_ACT_INACT_NODE_MAP_DRR" FROMINSTANCETYPE ="Source Qualifier" TOFIELD ="REPLACED_NODE_ID" TOINSTANCE ="EL_ACT_INACT_NODE_MAP_DRR" TOINSTANCETYPE ="Target Definition"/>
        <CONNECTOR FROMFIELD ="EFFECTIVE_DATE" FROMINSTANCE ="SQ_EL_ACT_INACT_NODE_MAP_DRR" FROMINSTANCETYPE ="Source Qualifier" TOFIELD ="EFFECTIVE_DATE" TOINSTANCE ="EL_ACT_INACT_NODE_MAP_DRR" TOINSTANCETYPE ="Target Definition"/>
        <CONNECTOR FROMFIELD ="EXPIRATION_DATE" FROMINSTANCE ="SQ_EL_ACT_INACT_NODE_MAP_DRR" FROMINSTANCETYPE ="Source Qualifier" TOFIELD ="EXPIRATION_DATE" TOINSTANCE ="EL_ACT_INACT_NODE_MAP_DRR" TOINSTANCETYPE ="Target Definition"/>
        <CONNECTOR FROMFIELD ="OLD_SALES_TERRITORY_KEY" FROMINSTANCE ="SQ_EL_ACT_INACT_NODE_MAP_DRR" FROMINSTANCETYPE ="Source Qualifier" TOFIELD ="OLD_SALES_TERRITORY_KEY" TOINSTANCE ="EL_ACT_INACT_NODE_MAP_DRR" TOINSTANCETYPE ="Target Definition"/>
        <CONNECTOR FROMFIELD ="REPLACED_SALES_TERRITORY_KEY" FROMINSTANCE ="SQ_EL_ACT_INACT_NODE_MAP_DRR" FROMINSTANCETYPE ="Source Qualifier" TOFIELD ="REPLACED_SALES_TERRITORY_KEY" TOINSTANCE ="EL_ACT_INACT_NODE_MAP_DRR" TOINSTANCETYPE ="Target Definition"/>
        <CONNECTOR FROMFIELD ="OLD_SALES_TERRITORY_LEVEL" FROMINSTANCE ="SQ_EL_ACT_INACT_NODE_MAP_DRR" FROMINSTANCETYPE ="Source Qualifier" TOFIELD ="OLD_SALES_TERRITORY_LEVEL" TOINSTANCE ="EL_ACT_INACT_NODE_MAP_DRR" TOINSTANCETYPE ="Target Definition"/>
        <CONNECTOR FROMFIELD ="REPLACED_SALES_TERRITORY_LEVEL" FROMINSTANCE ="SQ_EL_ACT_INACT_NODE_MAP_DRR" FROMINSTANCETYPE ="Source Qualifier" TOFIELD ="REPLACED_SALES_TERRITORY_LEVEL" TOINSTANCE ="EL_ACT_INACT_NODE_MAP_DRR" TOINSTANCETYPE ="Target Definition"/>
        <CONNECTOR FROMFIELD ="OLD_SL1_NAME_CODE" FROMINSTANCE ="SQ_EL_ACT_INACT_NODE_MAP_DRR" FROMINSTANCETYPE ="Source Qualifier" TOFIELD ="OLD_SL1_NAME_CODE" TOINSTANCE ="EL_ACT_INACT_NODE_MAP_DRR" TOINSTANCETYPE ="Target Definition"/>
        <CONNECTOR FROMFIELD ="OLD_ISO_COUNTRY_CODE" FROMINSTANCE ="SQ_EL_ACT_INACT_NODE_MAP_DRR" FROMINSTANCETYPE ="Source Qualifier" TOFIELD ="OLD_ISO_COUNTRY_CODE" TOINSTANCE ="EL_ACT_INACT_NODE_MAP_DRR" TOINSTANCETYPE ="Target Definition"/>
        <CONNECTOR FROMFIELD ="REPLACED_ISO_COUNTRY_CODE" FROMINSTANCE ="SQ_EL_ACT_INACT_NODE_MAP_DRR" FROMINSTANCETYPE ="Source Qualifier" TOFIELD ="REPLACED_ISO_COUNTRY_CODE" TOINSTANCE ="EL_ACT_INACT_NODE_MAP_DRR" TOINSTANCETYPE ="Target Definition"/>
        <CONNECTOR FROMFIELD ="NODE_ATTR_DTL_ID" FROMINSTANCE ="EL_ACT_INACT_NODE_MAP_DRR1" FROMINSTANCETYPE ="Source Definition" TOFIELD ="NODE_ATTR_DTL_ID" TOINSTANCE ="SQ_EL_ACT_INACT_NODE_MAP_DRR" TOINSTANCETYPE ="Source Qualifier"/>
        <CONNECTOR FROMFIELD ="OLD_NODE_ID" FROMINSTANCE ="EL_ACT_INACT_NODE_MAP_DRR1" FROMINSTANCETYPE ="Source Definition" TOFIELD ="OLD_NODE_ID" TOINSTANCE ="SQ_EL_ACT_INACT_NODE_MAP_DRR" TOINSTANCETYPE ="Source Qualifier"/>
        <CONNECTOR FROMFIELD ="REPLACED_NODE_ID" FROMINSTANCE ="EL_ACT_INACT_NODE_MAP_DRR1" FROMINSTANCETYPE ="Source Definition" TOFIELD ="REPLACED_NODE_ID" TOINSTANCE ="SQ_EL_ACT_INACT_NODE_MAP_DRR" TOINSTANCETYPE ="Source Qualifier"/>
        <CONNECTOR FROMFIELD ="EFFECTIVE_DATE" FROMINSTANCE ="EL_ACT_INACT_NODE_MAP_DRR1" FROMINSTANCETYPE ="Source Definition" TOFIELD ="EFFECTIVE_DATE" TOINSTANCE ="SQ_EL_ACT_INACT_NODE_MAP_DRR" TOINSTANCETYPE ="Source Qualifier"/>
        <CONNECTOR FROMFIELD ="EXPIRATION_DATE" FROMINSTANCE ="EL_ACT_INACT_NODE_MAP_DRR1" FROMINSTANCETYPE ="Source Definition" TOFIELD ="EXPIRATION_DATE" TOINSTANCE ="SQ_EL_ACT_INACT_NODE_MAP_DRR" TOINSTANCETYPE ="Source Qualifier"/>
        <CONNECTOR FROMFIELD ="OLD_SALES_TERRITORY_KEY" FROMINSTANCE ="EL_ACT_INACT_NODE_MAP_DRR1" FROMINSTANCETYPE ="Source Definition" TOFIELD ="OLD_SALES_TERRITORY_KEY" TOINSTANCE ="SQ_EL_ACT_INACT_NODE_MAP_DRR" TOINSTANCETYPE ="Source Qualifier"/>
        <CONNECTOR FROMFIELD ="REPLACED_SALES_TERRITORY_KEY" FROMINSTANCE ="EL_ACT_INACT_NODE_MAP_DRR1" FROMINSTANCETYPE ="Source Definition" TOFIELD ="REPLACED_SALES_TERRITORY_KEY" TOINSTANCE ="SQ_EL_ACT_INACT_NODE_MAP_DRR" TOINSTANCETYPE ="Source Qualifier"/>
        <CONNECTOR FROMFIELD ="OLD_SALES_TERRITORY_LEVEL" FROMINSTANCE ="EL_ACT_INACT_NODE_MAP_DRR1" FROMINSTANCETYPE ="Source Definition" TOFIELD ="OLD_SALES_TERRITORY_LEVEL" TOINSTANCE ="SQ_EL_ACT_INACT_NODE_MAP_DRR" TOINSTANCETYPE ="Source Qualifier"/>
        <CONNECTOR FROMFIELD ="REPLACED_SALES_TERRITORY_LEVEL" FROMINSTANCE ="EL_ACT_INACT_NODE_MAP_DRR1" FROMINSTANCETYPE ="Source Definition" TOFIELD ="REPLACED_SALES_TERRITORY_LEVEL" TOINSTANCE ="SQ_EL_ACT_INACT_NODE_MAP_DRR" TOINSTANCETYPE ="Source Qualifier"/>
        <CONNECTOR FROMFIELD ="OLD_SL1_NAME_CODE" FROMINSTANCE ="EL_ACT_INACT_NODE_MAP_DRR1" FROMINSTANCETYPE ="Source Definition" TOFIELD ="OLD_SL1_NAME_CODE" TOINSTANCE ="SQ_EL_ACT_INACT_NODE_MAP_DRR" TOINSTANCETYPE ="Source Qualifier"/>
        <CONNECTOR FROMFIELD ="REPLACED_SL1_NAME_CODE" FROMINSTANCE ="EL_ACT_INACT_NODE_MAP_DRR1" FROMINSTANCETYPE ="Source Definition" TOFIELD ="REPLACED_SL1_NAME_CODE" TOINSTANCE ="SQ_EL_ACT_INACT_NODE_MAP_DRR" TOINSTANCETYPE ="Source Qualifier"/>
        <CONNECTOR FROMFIELD ="VALID_FLAG" FROMINSTANCE ="EL_ACT_INACT_NODE_MAP_DRR1" FROMINSTANCETYPE ="Source Definition" TOFIELD ="VALID_FLAG" TOINSTANCE ="SQ_EL_ACT_INACT_NODE_MAP_DRR" TOINSTANCETYPE ="Source Qualifier"/>
        <CONNECTOR FROMFIELD ="DATE_CREATED" FROMINSTANCE ="EL_ACT_INACT_NODE_MAP_DRR1" FROMINSTANCETYPE ="Source Definition" TOFIELD ="DATE_CREATED" TOINSTANCE ="SQ_EL_ACT_INACT_NODE_MAP_DRR" TOINSTANCETYPE ="Source Qualifier"/>
        <CONNECTOR FROMFIELD ="DATE_MODIFIED" FROMINSTANCE ="EL_ACT_INACT_NODE_MAP_DRR1" FROMINSTANCETYPE ="Source Definition" TOFIELD ="DATE_MODIFIED" TOINSTANCE ="SQ_EL_ACT_INACT_NODE_MAP_DRR" TOINSTANCETYPE ="Source Qualifier"/>
        <CONNECTOR FROMFIELD ="EDW_CREATE_DTM" FROMINSTANCE ="EL_ACT_INACT_NODE_MAP_DRR1" FROMINSTANCETYPE ="Source Definition" TOFIELD ="EDW_CREATE_DTM" TOINSTANCE ="SQ_EL_ACT_INACT_NODE_MAP_DRR" TOINSTANCETYPE ="Source Qualifier"/>
        <CONNECTOR FROMFIELD ="EDW_UPDATE_DTM" FROMINSTANCE ="EL_ACT_INACT_NODE_MAP_DRR1" FROMINSTANCETYPE ="Source Definition" TOFIELD ="EDW_UPDATE_DTM" TOINSTANCE ="SQ_EL_ACT_INACT_NODE_MAP_DRR" TOINSTANCETYPE ="Source Qualifier"/>
        <CONNECTOR FROMFIELD ="OLD_ISO_COUNTRY_CODE" FROMINSTANCE ="EL_ACT_INACT_NODE_MAP_DRR1" FROMINSTANCETYPE ="Source Definition" TOFIELD ="OLD_ISO_COUNTRY_CODE" TOINSTANCE ="SQ_EL_ACT_INACT_NODE_MAP_DRR" TOINSTANCETYPE ="Source Qualifier"/>
        <CONNECTOR FROMFIELD ="REPLACED_ISO_COUNTRY_CODE" FROMINSTANCE ="EL_ACT_INACT_NODE_MAP_DRR1" FROMINSTANCETYPE ="Source Definition" TOFIELD ="REPLACED_ISO_COUNTRY_CODE" TOINSTANCE ="SQ_EL_ACT_INACT_NODE_MAP_DRR" TOINSTANCETYPE ="Source Qualifier"/>
        <TARGETLOADORDER ORDER ="1" TARGETINSTANCE ="EL_ACT_INACT_NODE_MAP_DRR"/>
        <MAPPINGVARIABLE AGGFUNCTION ="MAX" DATATYPE ="string" DEFAULTVALUE ="" DESCRIPTION ="" ISEXPRESSIONVARIABLE ="NO" ISPARAM ="NO" NAME ="$$STGDB" PRECISION ="30" SCALE ="0" USERDEFINED ="YES"/>
        <MAPPINGVARIABLE AGGFUNCTION ="MAX" DATATYPE ="string" DEFAULTVALUE ="" DESCRIPTION ="" ISEXPRESSIONVARIABLE ="NO" ISPARAM ="NO" NAME ="$$COMREFVWDB" PRECISION ="30" SCALE ="0" USERDEFINED ="YES"/>
        <MAPPINGVARIABLE AGGFUNCTION ="MAX" DATATYPE ="string" DEFAULTVALUE ="" DESCRIPTION ="" ISEXPRESSIONVARIABLE ="NO" ISPARAM ="NO" NAME ="$$ETLVWDB" PRECISION ="30" SCALE ="0" USERDEFINED ="YES"/>
        <MAPPINGVARIABLE AGGFUNCTION ="MAX" DATATYPE ="string" DEFAULTVALUE ="" DESCRIPTION ="" ISEXPRESSIONVARIABLE ="NO" ISPARAM ="NO" NAME ="$$ETLONLYDB" PRECISION ="30" SCALE ="0" USERDEFINED ="YES"/>
        <ERPINFO/>
    </MAPPING>
    <CONFIG DESCRIPTION ="Default session configuration object" ISDEFAULT ="YES" NAME ="default_session_config" VERSIONNUMBER ="27">
        <ATTRIBUTE NAME ="Advanced" VALUE =""/>
        <ATTRIBUTE NAME ="Constraint based load ordering" VALUE ="NO"/>
        <ATTRIBUTE NAME ="Cache LOOKUP() function" VALUE ="YES"/>
        <ATTRIBUTE NAME ="Default buffer block size" VALUE ="Auto"/>
        <ATTRIBUTE NAME ="Line Sequential buffer length" VALUE ="1024"/>
        <ATTRIBUTE NAME ="Maximum Memory Allowed For Auto Memory Attributes" VALUE ="512MB"/>
        <ATTRIBUTE NAME ="Maximum Percentage of Total Memory Allowed For Auto Memory Attributes" VALUE ="5"/>
        <ATTRIBUTE NAME ="Additional Concurrent Pipelines for Lookup Cache Creation" VALUE ="Auto"/>
        <ATTRIBUTE NAME ="Custom Properties" VALUE =""/>
        <ATTRIBUTE NAME ="Pre-build lookup cache" VALUE ="Auto"/>
        <ATTRIBUTE NAME ="Optimization Level" VALUE ="Medium"/>
        <ATTRIBUTE NAME ="DateTime Format String" VALUE ="MM/DD/YYYY HH24:MI:SS"/>
        <ATTRIBUTE NAME ="Pre 85 Timestamp Compatibility" VALUE ="YES"/>
        <ATTRIBUTE NAME ="Log Options" VALUE ="0"/>
        <ATTRIBUTE NAME ="Save session log by" VALUE ="Session runs"/>
        <ATTRIBUTE NAME ="Save session log for these runs" VALUE ="5"/>
        <ATTRIBUTE NAME ="Session Log File Max Size" VALUE ="0"/>
        <ATTRIBUTE NAME ="Session Log File Max Time Period" VALUE ="0"/>
        <ATTRIBUTE NAME ="Maximum Partial Session Log Files" VALUE ="1"/>
        <ATTRIBUTE NAME ="Writer Commit Statistics Log Frequency" VALUE ="1"/>
        <ATTRIBUTE NAME ="Writer Commit Statistics Log Interval" VALUE ="0"/>
        <ATTRIBUTE NAME ="Error handling" VALUE =""/>
        <ATTRIBUTE NAME ="Stop on errors" VALUE ="0"/>
        <ATTRIBUTE NAME ="Override tracing" VALUE ="None"/>
        <ATTRIBUTE NAME ="On Stored Procedure error" VALUE ="Stop"/>
        <ATTRIBUTE NAME ="On Pre-session command task error" VALUE ="Stop"/>
        <ATTRIBUTE NAME ="On Pre-Post SQL error" VALUE ="Stop"/>
        <ATTRIBUTE NAME ="Enable Recovery" VALUE ="NO"/>
        <ATTRIBUTE NAME ="Error Log Type" VALUE ="None"/>
        <ATTRIBUTE NAME ="Error Log Table Name Prefix" VALUE =""/>
        <ATTRIBUTE NAME ="Error Log File Name" VALUE ="PMError.log"/>
        <ATTRIBUTE NAME ="Log Source Row Data" VALUE ="NO"/>
        <ATTRIBUTE NAME ="Data Column Delimiter" VALUE ="|"/>
        <ATTRIBUTE NAME ="Partitioning Options" VALUE =""/>
        <ATTRIBUTE NAME ="Dynamic Partitioning" VALUE ="Disabled"/>
        <ATTRIBUTE NAME ="Number of Partitions" VALUE ="1"/>
        <ATTRIBUTE NAME ="Multiplication Factor" VALUE ="Auto"/>
        <ATTRIBUTE NAME ="Session on Grid" VALUE =""/>
        <ATTRIBUTE NAME ="Is Enabled" VALUE ="NO"/>
    </CONFIG>
    <WORKFLOW DESCRIPTION ="" ISENABLED ="YES" ISRUNNABLESERVICE ="NO" ISSERVICE ="NO" ISVALID ="YES" NAME ="wf_EL_ACT_INACT_NODE_MAP_DRR" REUSABLE_SCHEDULER ="NO" SCHEDULERNAME ="Scheduler" SUSPEND_ON_ERROR ="NO" TASKS_MUST_RUN_ON_SERVER ="NO" VERSIONNUMBER ="2">
        <SCHEDULER DESCRIPTION ="" NAME ="Scheduler" REUSABLE ="NO" VERSIONNUMBER ="2">
            <SCHEDULEINFO SCHEDULETYPE ="ONDEMAND"/>
        </SCHEDULER>
        <TASK DESCRIPTION ="" NAME ="Start" REUSABLE ="NO" TYPE ="Start" VERSIONNUMBER ="2"/>
        <SESSION DESCRIPTION ="" ISVALID ="YES" MAPPINGNAME ="m_EL_ACTIVE_INACT_NODE_MAP_DRR" NAME ="s_m_EL_ACT_INACT_NODE_MAP_DRR" REUSABLE ="NO" SORTORDER ="Binary" VERSIONNUMBER ="2">
            <SESSTRANSFORMATIONINST ISREPARTITIONPOINT ="YES" PARTITIONTYPE ="PASS THROUGH" PIPELINE ="1" SINSTANCENAME ="EL_ACT_INACT_NODE_MAP_DRR" STAGE ="1" TRANSFORMATIONNAME ="EL_ACT_INACT_NODE_MAP_DRR" TRANSFORMATIONTYPE ="Target Definition">
                <ATTRIBUTE NAME ="Table Name Prefix" VALUE ="$$ETLVWDB"/>
                <ATTRIBUTE NAME ="Pre SQL" VALUE ="DELETE FROM $$ETLVWDB.EL_ACT_INACT_NODE_MAP_DRR ALL;&#xD;&#xA;&#xD;&#xA;CALL COLLECT_STATS_WRAP(&apos;$$STGDB&apos;,&apos;ST_ACT_INACT_NODE_MAP_DRR&apos;,&apos;D&apos;);"/>
                <ATTRIBUTE NAME ="Post SQL" VALUE ="CALL COLLECT_STATS_WRAP(&apos;$$ETLONLYDB&apos;,&apos;EL_ACT_INACT_NODE_MAP_DRR&apos;,&apos;D&apos;);"/>
            </SESSTRANSFORMATIONINST>
            <SESSTRANSFORMATIONINST ISREPARTITIONPOINT ="NO" PIPELINE ="0" SINSTANCENAME ="EL_ACT_INACT_NODE_MAP_DRR1" STAGE ="0" TRANSFORMATIONNAME ="EL_ACT_INACT_NODE_MAP_DRR1" TRANSFORMATIONTYPE ="Source Definition"/>
            <SESSTRANSFORMATIONINST ISREPARTITIONPOINT ="YES" PARTITIONTYPE ="PASS THROUGH" PIPELINE ="1" SINSTANCENAME ="SQ_EL_ACT_INACT_NODE_MAP_DRR" STAGE ="2" TRANSFORMATIONNAME ="SQ_EL_ACT_INACT_NODE_MAP_DRR" TRANSFORMATIONTYPE ="Source Qualifier"/>
            <CONFIGREFERENCE REFOBJECTNAME ="default_session_config" TYPE ="Session config">
                <ATTRIBUTE NAME ="Pre 85 Timestamp Compatibility" VALUE ="YES"/>
                <ATTRIBUTE NAME ="Save session log for these runs" VALUE ="5"/>
                <ATTRIBUTE NAME ="Stop on errors" VALUE ="1"/>
                <ATTRIBUTE NAME ="Override tracing" VALUE ="Normal"/>
            </CONFIGREFERENCE>
            <SESSIONEXTENSION NAME ="Relational Writer" SINSTANCENAME ="EL_ACT_INACT_NODE_MAP_DRR" SUBTYPE ="Relational Writer" TRANSFORMATIONTYPE ="Target Definition" TYPE ="WRITER">
                <CONNECTIONREFERENCE CNXREFNAME ="DB Connection" CONNECTIONNAME ="" CONNECTIONNUMBER ="1" CONNECTIONSUBTYPE ="" CONNECTIONTYPE ="Relational" VARIABLE ="$DBConnection_Target"/>
                <ATTRIBUTE NAME ="Target load type" VALUE ="Normal"/>
                <ATTRIBUTE NAME ="Insert" VALUE ="YES"/>
                <ATTRIBUTE NAME ="Update as Update" VALUE ="NO"/>
                <ATTRIBUTE NAME ="Update as Insert" VALUE ="NO"/>
                <ATTRIBUTE NAME ="Update else Insert" VALUE ="NO"/>
                <ATTRIBUTE NAME ="Delete" VALUE ="NO"/>
                <ATTRIBUTE NAME ="Truncate target table option" VALUE ="NO"/>
                <ATTRIBUTE NAME ="Reject file directory" VALUE ="$PMRootDir&#x5c;DATA&#x5c;EDWTD_SALES_ORDERS&#x5c;reject"/>
                <ATTRIBUTE NAME ="Reject filename" VALUE ="el_act_inact_node_map_drr1.bad"/>
            </SESSIONEXTENSION>
            <SESSIONEXTENSION DSQINSTNAME ="SQ_EL_ACT_INACT_NODE_MAP_DRR" DSQINSTTYPE ="Source Qualifier" NAME ="Relational Reader" SINSTANCENAME ="EL_ACT_INACT_NODE_MAP_DRR1" SUBTYPE ="Relational Reader" TRANSFORMATIONTYPE ="Source Definition" TYPE ="READER"/>
            <SESSIONEXTENSION NAME ="Relational Reader" SINSTANCENAME ="SQ_EL_ACT_INACT_NODE_MAP_DRR" SUBTYPE ="Relational Reader" TRANSFORMATIONTYPE ="Source Qualifier" TYPE ="READER">
                <CONNECTIONREFERENCE CNXREFNAME ="DB Connection" CONNECTIONNAME ="" CONNECTIONNUMBER ="1" CONNECTIONSUBTYPE ="" CONNECTIONTYPE ="Relational" VARIABLE ="$DBConnection_Source"/>
            </SESSIONEXTENSION>
            <ATTRIBUTE NAME ="General Options" VALUE =""/>
            <ATTRIBUTE NAME ="Write Backward Compatible Session Log File" VALUE ="NO"/>
            <ATTRIBUTE NAME ="Session Log File Name" VALUE ="s_m_EL_ACT_INACT_NODE_MAP_DRR.log"/>
            <ATTRIBUTE NAME ="Session Log File directory" VALUE ="$PMSessionLogDir&#x5c;"/>
            <ATTRIBUTE NAME ="Parameter Filename" VALUE ="$PMRootDir/ctrl/db.parm"/>
            <ATTRIBUTE NAME ="Enable Test Load" VALUE ="NO"/>
            <ATTRIBUTE NAME ="$Source connection value" VALUE =""/>
            <ATTRIBUTE NAME ="$Target connection value" VALUE =""/>
            <ATTRIBUTE NAME ="Treat source rows as" VALUE ="Insert"/>
            <ATTRIBUTE NAME ="Commit Type" VALUE ="Target"/>
            <ATTRIBUTE NAME ="Commit Interval" VALUE ="10000"/>
            <ATTRIBUTE NAME ="Commit On End Of File" VALUE ="YES"/>
            <ATTRIBUTE NAME ="Rollback Transactions on Errors" VALUE ="NO"/>
            <ATTRIBUTE NAME ="Recovery Strategy" VALUE ="Fail task and continue workflow"/>
            <ATTRIBUTE NAME ="Java Classpath" VALUE =""/>
            <ATTRIBUTE NAME ="Performance" VALUE =""/>
            <ATTRIBUTE NAME ="DTM buffer size" VALUE ="Auto"/>
            <ATTRIBUTE NAME ="Collect performance data" VALUE ="NO"/>
            <ATTRIBUTE NAME ="Write performance data to repository" VALUE ="NO"/>
            <ATTRIBUTE NAME ="Incremental Aggregation" VALUE ="NO"/>
            <ATTRIBUTE NAME ="Enable high precision" VALUE ="NO"/>
            <ATTRIBUTE NAME ="Session retry on deadlock" VALUE ="NO"/>
            <ATTRIBUTE NAME ="Pushdown Optimization" VALUE ="Full"/>
            <ATTRIBUTE NAME ="Allow Temporary View for Pushdown" VALUE ="NO"/>
            <ATTRIBUTE NAME ="Allow Temporary Sequence for Pushdown" VALUE ="NO"/>
            <ATTRIBUTE NAME ="Allow Pushdown for User Incompatible Connections" VALUE ="NO"/>
        </SESSION>
        <TASKINSTANCE DESCRIPTION ="" ISENABLED ="YES" NAME ="Start" REUSABLE ="NO" TASKNAME ="Start" TASKTYPE ="Start"/>
        <TASKINSTANCE DESCRIPTION ="" FAIL_PARENT_IF_INSTANCE_DID_NOT_RUN ="YES" FAIL_PARENT_IF_INSTANCE_FAILS ="YES" ISENABLED ="YES" NAME ="s_m_EL_ACT_INACT_NODE_MAP_DRR" REUSABLE ="NO" TASKNAME ="s_m_EL_ACT_INACT_NODE_MAP_DRR" TASKTYPE ="Session" TREAT_INPUTLINK_AS_AND ="YES"/>
        <WORKFLOWLINK CONDITION ="" FROMTASK ="Start" TOTASK ="s_m_EL_ACT_INACT_NODE_MAP_DRR"/>
        <WORKFLOWVARIABLE DATATYPE ="date/time" DEFAULTVALUE ="" DESCRIPTION ="The time this task started" ISNULL ="NO" ISPERSISTENT ="NO" NAME ="$Start.StartTime" USERDEFINED ="NO"/>
        <WORKFLOWVARIABLE DATATYPE ="date/time" DEFAULTVALUE ="" DESCRIPTION ="The time this task completed" ISNULL ="NO" ISPERSISTENT ="NO" NAME ="$Start.EndTime" USERDEFINED ="NO"/>
        <WORKFLOWVARIABLE DATATYPE ="integer" DEFAULTVALUE ="" DESCRIPTION ="Status of this task&apos;s execution" ISNULL ="NO" ISPERSISTENT ="NO" NAME ="$Start.Status" USERDEFINED ="NO"/>
        <WORKFLOWVARIABLE DATATYPE ="integer" DEFAULTVALUE ="" DESCRIPTION ="Status of the previous task that is not disabled" ISNULL ="NO" ISPERSISTENT ="NO" NAME ="$Start.PrevTaskStatus" USERDEFINED ="NO"/>
        <WORKFLOWVARIABLE DATATYPE ="integer" DEFAULTVALUE ="" DESCRIPTION ="Error code for this task&apos;s execution" ISNULL ="NO" ISPERSISTENT ="NO" NAME ="$Start.ErrorCode" USERDEFINED ="NO"/>
        <WORKFLOWVARIABLE DATATYPE ="string" DEFAULTVALUE ="" DESCRIPTION ="Error message for this task&apos;s execution" ISNULL ="NO" ISPERSISTENT ="NO" NAME ="$Start.ErrorMsg" USERDEFINED ="NO"/>
        <WORKFLOWVARIABLE DATATYPE ="date/time" DEFAULTVALUE ="" DESCRIPTION ="The time this task started" ISNULL ="NO" ISPERSISTENT ="NO" NAME ="$s_m_EL_ACT_INACT_NODE_MAP_DRR.StartTime" USERDEFINED ="NO"/>
        <WORKFLOWVARIABLE DATATYPE ="date/time" DEFAULTVALUE ="" DESCRIPTION ="The time this task completed" ISNULL ="NO" ISPERSISTENT ="NO" NAME ="$s_m_EL_ACT_INACT_NODE_MAP_DRR.EndTime" USERDEFINED ="NO"/>
        <WORKFLOWVARIABLE DATATYPE ="integer" DEFAULTVALUE ="" DESCRIPTION ="Status of this task&apos;s execution" ISNULL ="NO" ISPERSISTENT ="NO" NAME ="$s_m_EL_ACT_INACT_NODE_MAP_DRR.Status" USERDEFINED ="NO"/>
        <WORKFLOWVARIABLE DATATYPE ="integer" DEFAULTVALUE ="" DESCRIPTION ="Status of the previous task that is not disabled" ISNULL ="NO" ISPERSISTENT ="NO" NAME ="$s_m_EL_ACT_INACT_NODE_MAP_DRR.PrevTaskStatus" USERDEFINED ="NO"/>
        <WORKFLOWVARIABLE DATATYPE ="integer" DEFAULTVALUE ="" DESCRIPTION ="Error code for this task&apos;s execution" ISNULL ="NO" ISPERSISTENT ="NO" NAME ="$s_m_EL_ACT_INACT_NODE_MAP_DRR.ErrorCode" USERDEFINED ="NO"/>
        <WORKFLOWVARIABLE DATATYPE ="string" DEFAULTVALUE ="" DESCRIPTION ="Error message for this task&apos;s execution" ISNULL ="NO" ISPERSISTENT ="NO" NAME ="$s_m_EL_ACT_INACT_NODE_MAP_DRR.ErrorMsg" USERDEFINED ="NO"/>
        <WORKFLOWVARIABLE DATATYPE ="integer" DEFAULTVALUE ="" DESCRIPTION ="Rows successfully read" ISNULL ="NO" ISPERSISTENT ="NO" NAME ="$s_m_EL_ACT_INACT_NODE_MAP_DRR.SrcSuccessRows" USERDEFINED ="NO"/>
        <WORKFLOWVARIABLE DATATYPE ="integer" DEFAULTVALUE ="" DESCRIPTION ="Rows failed to read" ISNULL ="NO" ISPERSISTENT ="NO" NAME ="$s_m_EL_ACT_INACT_NODE_MAP_DRR.SrcFailedRows" USERDEFINED ="NO"/>
        <WORKFLOWVARIABLE DATATYPE ="integer" DEFAULTVALUE ="" DESCRIPTION ="Rows successfully loaded" ISNULL ="NO" ISPERSISTENT ="NO" NAME ="$s_m_EL_ACT_INACT_NODE_MAP_DRR.TgtSuccessRows" USERDEFINED ="NO"/>
        <WORKFLOWVARIABLE DATATYPE ="integer" DEFAULTVALUE ="" DESCRIPTION ="Rows failed to load" ISNULL ="NO" ISPERSISTENT ="NO" NAME ="$s_m_EL_ACT_INACT_NODE_MAP_DRR.TgtFailedRows" USERDEFINED ="NO"/>
        <WORKFLOWVARIABLE DATATYPE ="integer" DEFAULTVALUE ="" DESCRIPTION ="Total number of transformation errors" ISNULL ="NO" ISPERSISTENT ="NO" NAME ="$s_m_EL_ACT_INACT_NODE_MAP_DRR.TotalTransErrors" USERDEFINED ="NO"/>
        <WORKFLOWVARIABLE DATATYPE ="integer" DEFAULTVALUE ="" DESCRIPTION ="First error code" ISNULL ="NO" ISPERSISTENT ="NO" NAME ="$s_m_EL_ACT_INACT_NODE_MAP_DRR.FirstErrorCode" USERDEFINED ="NO"/>
        <WORKFLOWVARIABLE DATATYPE ="string" DEFAULTVALUE ="" DESCRIPTION ="First error message" ISNULL ="NO" ISPERSISTENT ="NO" NAME ="$s_m_EL_ACT_INACT_NODE_MAP_DRR.FirstErrorMsg" USERDEFINED ="NO"/>
        <ATTRIBUTE NAME ="Parameter Filename" VALUE =""/>
        <ATTRIBUTE NAME ="Write Backward Compatible Workflow Log File" VALUE ="NO"/>
        <ATTRIBUTE NAME ="Workflow Log File Name" VALUE ="wf_EL_ACT_INACT_NODE_MAP_DRR.log"/>
        <ATTRIBUTE NAME ="Workflow Log File Directory" VALUE ="$PMWorkflowLogDir&#x5c;"/>
        <ATTRIBUTE NAME ="Save Workflow log by" VALUE ="By runs"/>
        <ATTRIBUTE NAME ="Save workflow log for these runs" VALUE ="0"/>
        <ATTRIBUTE NAME ="Service Name" VALUE =""/>
        <ATTRIBUTE NAME ="Service Timeout" VALUE ="0"/>
        <ATTRIBUTE NAME ="Is Service Visible" VALUE ="NO"/>
        <ATTRIBUTE NAME ="Is Service Protected" VALUE ="NO"/>
        <ATTRIBUTE NAME ="Fail task after wait time" VALUE ="0"/>
        <ATTRIBUTE NAME ="Enable HA recovery" VALUE ="NO"/>
        <ATTRIBUTE NAME ="Automatically recover terminated tasks" VALUE ="NO"/>
        <ATTRIBUTE NAME ="Service Level Name" VALUE ="Default"/>
        <ATTRIBUTE NAME ="Allow concurrent run with unique run instance name" VALUE ="NO"/>
        <ATTRIBUTE NAME ="Allow concurrent run with same run instance name" VALUE ="NO"/>
        <ATTRIBUTE NAME ="Maximum number of concurrent runs" VALUE ="0"/>
        <ATTRIBUTE NAME ="Assigned Web Services Hubs" VALUE =""/>
        <ATTRIBUTE NAME ="Maximum number of concurrent runs per Hub" VALUE ="1000"/>
        <ATTRIBUTE NAME ="Expected Service Time" VALUE ="1"/>
    </WORKFLOW>
</FOLDER>
</REPOSITORY>
</POWERMART>