<?xml version="1.0" encoding="UTF-8"?>
<!DOCTYPE POWERMART SYSTEM "powrmart.dtd">
<POWERMART CREATION_DATE="06/09/2018 07:32:03" REPOSITORY_VERSION="186.95">
<REPOSITORY NAME="EDW_Prod_101" VERSION="186" CODEPAGE="UTF-8" DATABASETYPE="Oracle">
<FOLDER NAME="EDWTD_SALES_ORDERS" GROUP="" OWNER="infoadm" SHARED="NOTSHARED" DESCRIPTION="This is for EDW TeraData Sales Orders and POS Track
PM:Vinit verma" PERMISSIONS="rwx---r--" UUID="fa0507c5-29f3-4af8-bd2d-bb2872a3a591">
    <SOURCE BUSINESSNAME ="" DATABASETYPE ="Teradata" DBDNAME ="TDDEV" DESCRIPTION ="" NAME ="MT_SLS_ACNT_RSTD_MSR_DRR_NG" OBJECTVERSION ="1" OWNERNAME ="SLSORDVWDB_DV4" VERSIONNUMBER ="10">
        <SOURCEFIELD BUSINESSNAME ="" DATATYPE ="integer" DESCRIPTION ="" FIELDNUMBER ="1" FIELDPROPERTY ="0" FIELDTYPE ="ELEMITEM" HIDDEN ="NO" KEYTYPE ="NOT A KEY" LENGTH ="11" LEVEL ="0" NAME ="BOOKINGS_MEASURE_KEY" NULLABLE ="NOTNULL" OCCURS ="0" OFFSET ="0" PHYSICALLENGTH ="10" PHYSICALOFFSET ="0" PICTURETEXT ="" PRECISION ="10" SCALE ="0" USAGE_FLAGS =""/>
        <SOURCEFIELD BUSINESSNAME ="" DATATYPE ="date" DESCRIPTION ="" FIELDNUMBER ="2" FIELDPROPERTY ="0" FIELDTYPE ="ELEMITEM" HIDDEN ="NO" KEYTYPE ="NOT A KEY" LENGTH ="19" LEVEL ="0" NAME ="BOOKINGS_PROCESS_DT" NULLABLE ="NOTNULL" OCCURS ="0" OFFSET ="11" PHYSICALLENGTH ="10" PHYSICALOFFSET ="10" PICTURETEXT ="" PRECISION ="10" SCALE ="0" USAGE_FLAGS =""/>
        <SOURCEFIELD BUSINESSNAME ="" DATATYPE ="char" DESCRIPTION ="" FIELDNUMBER ="3" FIELDPROPERTY ="0" FIELDTYPE ="ELEMITEM" HIDDEN ="NO" KEYTYPE ="NOT A KEY" LENGTH ="0" LEVEL ="0" NAME ="BKGS_MEASURE_TRANS_TYPE_CD" NULLABLE ="NOTNULL" OCCURS ="0" OFFSET ="30" PHYSICALLENGTH ="7" PHYSICALOFFSET ="20" PICTURETEXT ="" PRECISION ="7" SCALE ="0" USAGE_FLAGS =""/>
        <SOURCEFIELD BUSINESSNAME ="" DATATYPE ="integer" DESCRIPTION ="" FIELDNUMBER ="4" FIELDPROPERTY ="0" FIELDTYPE ="ELEMITEM" HIDDEN ="NO" KEYTYPE ="NOT A KEY" LENGTH ="11" LEVEL ="0" NAME ="DV_END_CUST_PARTY_KEY" NULLABLE ="NOTNULL" OCCURS ="0" OFFSET ="30" PHYSICALLENGTH ="10" PHYSICALOFFSET ="27" PICTURETEXT ="" PRECISION ="10" SCALE ="0" USAGE_FLAGS =""/>
        <SOURCEFIELD BUSINESSNAME ="" DATATYPE ="integer" DESCRIPTION ="" FIELDNUMBER ="5" FIELDPROPERTY ="0" FIELDTYPE ="ELEMITEM" HIDDEN ="NO" KEYTYPE ="NOT A KEY" LENGTH ="11" LEVEL ="0" NAME ="BK_SA_MEMBER_ID_INT" NULLABLE ="NOTNULL" OCCURS ="0" OFFSET ="41" PHYSICALLENGTH ="10" PHYSICALOFFSET ="37" PICTURETEXT ="" PRECISION ="10" SCALE ="0" USAGE_FLAGS =""/>
        <SOURCEFIELD BUSINESSNAME ="" DATATYPE ="integer" DESCRIPTION ="" FIELDNUMBER ="6" FIELDPROPERTY ="0" FIELDTYPE ="ELEMITEM" HIDDEN ="NO" KEYTYPE ="NOT A KEY" LENGTH ="11" LEVEL ="0" NAME ="LINK_CUSTOMER_PARTY_KEY" NULLABLE ="NULL" OCCURS ="0" OFFSET ="52" PHYSICALLENGTH ="10" PHYSICALOFFSET ="47" PICTURETEXT ="" PRECISION ="10" SCALE ="0" USAGE_FLAGS =""/>
        <SOURCEFIELD BUSINESSNAME ="" DATATYPE ="integer" DESCRIPTION ="" FIELDNUMBER ="7" FIELDPROPERTY ="0" FIELDTYPE ="ELEMITEM" HIDDEN ="NO" KEYTYPE ="NOT A KEY" LENGTH ="11" LEVEL ="0" NAME ="SALES_ACCOUNT_GROUP_PARTY_KEY" NULLABLE ="NOTNULL" OCCURS ="0" OFFSET ="63" PHYSICALLENGTH ="10" PHYSICALOFFSET ="57" PICTURETEXT ="" PRECISION ="10" SCALE ="0" USAGE_FLAGS =""/>
        <SOURCEFIELD BUSINESSNAME ="" DATATYPE ="varchar" DESCRIPTION ="" FIELDNUMBER ="8" FIELDPROPERTY ="0" FIELDTYPE ="ELEMITEM" HIDDEN ="NO" KEYTYPE ="NOT A KEY" LENGTH ="0" LEVEL ="0" NAME ="DV_END_CUST_REASON_DESCR" NULLABLE ="NULL" OCCURS ="0" OFFSET ="74" PHYSICALLENGTH ="100" PHYSICALOFFSET ="67" PICTURETEXT ="" PRECISION ="100" SCALE ="0" USAGE_FLAGS =""/>
        <SOURCEFIELD BUSINESSNAME ="" DATATYPE ="decimal" DESCRIPTION ="" FIELDNUMBER ="9" FIELDPROPERTY ="0" FIELDTYPE ="ELEMITEM" HIDDEN ="NO" KEYTYPE ="NOT A KEY" LENGTH ="20" LEVEL ="0" NAME ="DV_END_CUST_OWNERSHIP_SPLT_PCT" NULLABLE ="NULL" OCCURS ="0" OFFSET ="74" PHYSICALLENGTH ="18" PHYSICALOFFSET ="167" PICTURETEXT ="" PRECISION ="18" SCALE ="6" USAGE_FLAGS =""/>
        <SOURCEFIELD BUSINESSNAME ="" DATATYPE ="timestamp" DESCRIPTION ="" FIELDNUMBER ="10" FIELDPROPERTY ="0" FIELDTYPE ="ELEMITEM" HIDDEN ="NO" KEYTYPE ="NOT A KEY" LENGTH ="19" LEVEL ="0" NAME ="LAST_UPDATED_DTM" NULLABLE ="NOTNULL" OCCURS ="0" OFFSET ="94" PHYSICALLENGTH ="19" PHYSICALOFFSET ="185" PICTURETEXT ="" PRECISION ="19" SCALE ="0" USAGE_FLAGS =""/>
        <SOURCEFIELD BUSINESSNAME ="" DATATYPE ="timestamp" DESCRIPTION ="" FIELDNUMBER ="11" FIELDPROPERTY ="0" FIELDTYPE ="ELEMITEM" HIDDEN ="NO" KEYTYPE ="NOT A KEY" LENGTH ="19" LEVEL ="0" NAME ="EDW_CREATE_DTM" NULLABLE ="NOTNULL" OCCURS ="0" OFFSET ="113" PHYSICALLENGTH ="19" PHYSICALOFFSET ="204" PICTURETEXT ="" PRECISION ="19" SCALE ="0" USAGE_FLAGS =""/>
        <SOURCEFIELD BUSINESSNAME ="" DATATYPE ="char" DESCRIPTION ="" FIELDNUMBER ="12" FIELDPROPERTY ="0" FIELDTYPE ="ELEMITEM" HIDDEN ="NO" KEYTYPE ="NOT A KEY" LENGTH ="0" LEVEL ="0" NAME ="EDW_CREATE_USER" NULLABLE ="NOTNULL" OCCURS ="0" OFFSET ="132" PHYSICALLENGTH ="30" PHYSICALOFFSET ="223" PICTURETEXT ="" PRECISION ="30" SCALE ="0" USAGE_FLAGS =""/>
        <SOURCEFIELD BUSINESSNAME ="" DATATYPE ="timestamp" DESCRIPTION ="" FIELDNUMBER ="13" FIELDPROPERTY ="0" FIELDTYPE ="ELEMITEM" HIDDEN ="NO" KEYTYPE ="NOT A KEY" LENGTH ="19" LEVEL ="0" NAME ="EDW_UPDATE_DTM" NULLABLE ="NOTNULL" OCCURS ="0" OFFSET ="132" PHYSICALLENGTH ="19" PHYSICALOFFSET ="253" PICTURETEXT ="" PRECISION ="19" SCALE ="0" USAGE_FLAGS =""/>
        <SOURCEFIELD BUSINESSNAME ="" DATATYPE ="char" DESCRIPTION ="" FIELDNUMBER ="14" FIELDPROPERTY ="0" FIELDTYPE ="ELEMITEM" HIDDEN ="NO" KEYTYPE ="NOT A KEY" LENGTH ="0" LEVEL ="0" NAME ="EDW_UPDATE_USER" NULLABLE ="NOTNULL" OCCURS ="0" OFFSET ="151" PHYSICALLENGTH ="30" PHYSICALOFFSET ="272" PICTURETEXT ="" PRECISION ="30" SCALE ="0" USAGE_FLAGS =""/>
        <SOURCEFIELD BUSINESSNAME ="" DATATYPE ="varchar" DESCRIPTION ="" FIELDNUMBER ="15" FIELDPROPERTY ="0" FIELDTYPE ="ELEMITEM" HIDDEN ="NO" KEYTYPE ="NOT A KEY" LENGTH ="0" LEVEL ="0" NAME ="SALES_REP_NUM" NULLABLE ="NOTNULL" OCCURS ="0" OFFSET ="151" PHYSICALLENGTH ="30" PHYSICALOFFSET ="302" PICTURETEXT ="" PRECISION ="30" SCALE ="0" USAGE_FLAGS =""/>
        <SOURCEFIELD BUSINESSNAME ="" DATATYPE ="integer" DESCRIPTION ="" FIELDNUMBER ="16" FIELDPROPERTY ="0" FIELDTYPE ="ELEMITEM" HIDDEN ="NO" KEYTYPE ="NOT A KEY" LENGTH ="11" LEVEL ="0" NAME ="SALES_TERRITORY_KEY" NULLABLE ="NOTNULL" OCCURS ="0" OFFSET ="151" PHYSICALLENGTH ="10" PHYSICALOFFSET ="332" PICTURETEXT ="" PRECISION ="10" SCALE ="0" USAGE_FLAGS =""/>
        <SOURCEFIELD BUSINESSNAME ="" DATATYPE ="integer" DESCRIPTION ="" FIELDNUMBER ="17" FIELDPROPERTY ="0" FIELDTYPE ="ELEMITEM" HIDDEN ="NO" KEYTYPE ="NOT A KEY" LENGTH ="11" LEVEL ="0" NAME ="EP_OTM_TERRITORY_ID_INT" NULLABLE ="NULL" OCCURS ="0" OFFSET ="162" PHYSICALLENGTH ="10" PHYSICALOFFSET ="342" PICTURETEXT ="" PRECISION ="10" SCALE ="0" USAGE_FLAGS =""/>
        <SOURCEFIELD BUSINESSNAME ="" DATATYPE ="varchar" DESCRIPTION ="" FIELDNUMBER ="18" FIELDPROPERTY ="0" FIELDTYPE ="ELEMITEM" HIDDEN ="NO" KEYTYPE ="NOT A KEY" LENGTH ="0" LEVEL ="0" NAME ="PROCESS_TYPE" NULLABLE ="NOTNULL" OCCURS ="0" OFFSET ="173" PHYSICALLENGTH ="10" PHYSICALOFFSET ="352" PICTURETEXT ="" PRECISION ="10" SCALE ="0" USAGE_FLAGS =""/>
        <SOURCEFIELD BUSINESSNAME ="" DATATYPE ="integer" DESCRIPTION ="" FIELDNUMBER ="19" FIELDPROPERTY ="0" FIELDTYPE ="ELEMITEM" HIDDEN ="NO" KEYTYPE ="NOT A KEY" LENGTH ="11" LEVEL ="0" NAME ="DV_FIN_ADJ_KEY" NULLABLE ="NOTNULL" OCCURS ="0" OFFSET ="173" PHYSICALLENGTH ="10" PHYSICALOFFSET ="362" PICTURETEXT ="" PRECISION ="10" SCALE ="0" USAGE_FLAGS =""/>
        <SOURCEFIELD BUSINESSNAME ="" DATATYPE ="varchar" DESCRIPTION ="" FIELDNUMBER ="20" FIELDPROPERTY ="0" FIELDTYPE ="ELEMITEM" HIDDEN ="NO" KEYTYPE ="NOT A KEY" LENGTH ="0" LEVEL ="0" NAME ="DV_RSTMT_REASON_CD" NULLABLE ="NOTNULL" OCCURS ="0" OFFSET ="184" PHYSICALLENGTH ="20" PHYSICALOFFSET ="372" PICTURETEXT ="" PRECISION ="20" SCALE ="0" USAGE_FLAGS =""/>
    </SOURCE>
    <SOURCE BUSINESSNAME ="" DATABASETYPE ="Teradata" DBDNAME ="TDDEV" DESCRIPTION ="" NAME ="WI_DRR_SALES_ACNT_MEASURE_FNL" OBJECTVERSION ="1" OWNERNAME ="STGDB_DV4" VERSIONNUMBER ="6">
        <SOURCEFIELD BUSINESSNAME ="" DATATYPE ="integer" DESCRIPTION ="" FIELDNUMBER ="1" FIELDPROPERTY ="0" FIELDTYPE ="ELEMITEM" HIDDEN ="NO" KEYTYPE ="NOT A KEY" LENGTH ="11" LEVEL ="0" NAME ="BOOKINGS_MEASURE_KEY" NULLABLE ="NOTNULL" OCCURS ="0" OFFSET ="0" PHYSICALLENGTH ="10" PHYSICALOFFSET ="0" PICTURETEXT ="" PRECISION ="10" SCALE ="0" USAGE_FLAGS =""/>
        <SOURCEFIELD BUSINESSNAME ="" DATATYPE ="date" DESCRIPTION ="" FIELDNUMBER ="2" FIELDPROPERTY ="0" FIELDTYPE ="ELEMITEM" HIDDEN ="NO" KEYTYPE ="NOT A KEY" LENGTH ="19" LEVEL ="0" NAME ="BOOKINGS_PROCESS_DATE" NULLABLE ="NOTNULL" OCCURS ="0" OFFSET ="11" PHYSICALLENGTH ="10" PHYSICALOFFSET ="10" PICTURETEXT ="" PRECISION ="10" SCALE ="0" USAGE_FLAGS =""/>
        <SOURCEFIELD BUSINESSNAME ="" DATATYPE ="char" DESCRIPTION ="" FIELDNUMBER ="3" FIELDPROPERTY ="0" FIELDTYPE ="ELEMITEM" HIDDEN ="NO" KEYTYPE ="NOT A KEY" LENGTH ="0" LEVEL ="0" NAME ="BKGS_MEASURE_TRANS_TYPE_CODE" NULLABLE ="NOTNULL" OCCURS ="0" OFFSET ="30" PHYSICALLENGTH ="7" PHYSICALOFFSET ="20" PICTURETEXT ="" PRECISION ="7" SCALE ="0" USAGE_FLAGS =""/>
        <SOURCEFIELD BUSINESSNAME ="" DATATYPE ="integer" DESCRIPTION ="" FIELDNUMBER ="4" FIELDPROPERTY ="0" FIELDTYPE ="ELEMITEM" HIDDEN ="NO" KEYTYPE ="NOT A KEY" LENGTH ="11" LEVEL ="0" NAME ="DV_END_CUST_PARTY_KEY" NULLABLE ="NOTNULL" OCCURS ="0" OFFSET ="30" PHYSICALLENGTH ="10" PHYSICALOFFSET ="27" PICTURETEXT ="" PRECISION ="10" SCALE ="0" USAGE_FLAGS =""/>
        <SOURCEFIELD BUSINESSNAME ="" DATATYPE ="integer" DESCRIPTION ="" FIELDNUMBER ="5" FIELDPROPERTY ="0" FIELDTYPE ="ELEMITEM" HIDDEN ="NO" KEYTYPE ="NOT A KEY" LENGTH ="11" LEVEL ="0" NAME ="NEW_SA_MEMBER_ID_INT" NULLABLE ="NOTNULL" OCCURS ="0" OFFSET ="41" PHYSICALLENGTH ="10" PHYSICALOFFSET ="37" PICTURETEXT ="" PRECISION ="10" SCALE ="0" USAGE_FLAGS =""/>
        <SOURCEFIELD BUSINESSNAME ="" DATATYPE ="integer" DESCRIPTION ="" FIELDNUMBER ="6" FIELDPROPERTY ="0" FIELDTYPE ="ELEMITEM" HIDDEN ="NO" KEYTYPE ="NOT A KEY" LENGTH ="11" LEVEL ="0" NAME ="LINK_CUSTOMER_PARTY_KEY" NULLABLE ="NULL" OCCURS ="0" OFFSET ="52" PHYSICALLENGTH ="10" PHYSICALOFFSET ="47" PICTURETEXT ="" PRECISION ="10" SCALE ="0" USAGE_FLAGS =""/>
        <SOURCEFIELD BUSINESSNAME ="" DATATYPE ="integer" DESCRIPTION ="" FIELDNUMBER ="7" FIELDPROPERTY ="0" FIELDTYPE ="ELEMITEM" HIDDEN ="NO" KEYTYPE ="NOT A KEY" LENGTH ="11" LEVEL ="0" NAME ="SALES_ACCOUNT_GROUP_PARTY_KEY" NULLABLE ="NOTNULL" OCCURS ="0" OFFSET ="63" PHYSICALLENGTH ="10" PHYSICALOFFSET ="57" PICTURETEXT ="" PRECISION ="10" SCALE ="0" USAGE_FLAGS =""/>
        <SOURCEFIELD BUSINESSNAME ="" DATATYPE ="varchar" DESCRIPTION ="" FIELDNUMBER ="8" FIELDPROPERTY ="0" FIELDTYPE ="ELEMITEM" HIDDEN ="NO" KEYTYPE ="NOT A KEY" LENGTH ="0" LEVEL ="0" NAME ="REASON_DESC_END_CUST" NULLABLE ="NULL" OCCURS ="0" OFFSET ="74" PHYSICALLENGTH ="50" PHYSICALOFFSET ="67" PICTURETEXT ="" PRECISION ="50" SCALE ="0" USAGE_FLAGS =""/>
        <SOURCEFIELD BUSINESSNAME ="" DATATYPE ="varchar" DESCRIPTION ="" FIELDNUMBER ="9" FIELDPROPERTY ="0" FIELDTYPE ="ELEMITEM" HIDDEN ="NO" KEYTYPE ="NOT A KEY" LENGTH ="0" LEVEL ="0" NAME ="REASON_DESCR" NULLABLE ="NULL" OCCURS ="0" OFFSET ="74" PHYSICALLENGTH ="100" PHYSICALOFFSET ="117" PICTURETEXT ="" PRECISION ="100" SCALE ="0" USAGE_FLAGS =""/>
        <SOURCEFIELD BUSINESSNAME ="" DATATYPE ="decimal" DESCRIPTION ="" FIELDNUMBER ="10" FIELDPROPERTY ="0" FIELDTYPE ="ELEMITEM" HIDDEN ="NO" KEYTYPE ="NOT A KEY" LENGTH ="10" LEVEL ="0" NAME ="SALES_CREDIT_SPLIT_PCT" NULLABLE ="NULL" OCCURS ="0" OFFSET ="74" PHYSICALLENGTH ="8" PHYSICALOFFSET ="217" PICTURETEXT ="" PRECISION ="8" SCALE ="6" USAGE_FLAGS =""/>
        <SOURCEFIELD BUSINESSNAME ="" DATATYPE ="integer" DESCRIPTION ="" FIELDNUMBER ="11" FIELDPROPERTY ="0" FIELDTYPE ="ELEMITEM" HIDDEN ="NO" KEYTYPE ="NOT A KEY" LENGTH ="11" LEVEL ="0" NAME ="SLS_ACCT_GROUP_SALES_TERR_KEY" NULLABLE ="NOTNULL" OCCURS ="0" OFFSET ="84" PHYSICALLENGTH ="10" PHYSICALOFFSET ="225" PICTURETEXT ="" PRECISION ="10" SCALE ="0" USAGE_FLAGS =""/>
        <SOURCEFIELD BUSINESSNAME ="" DATATYPE ="varchar" DESCRIPTION ="" FIELDNUMBER ="12" FIELDPROPERTY ="0" FIELDTYPE ="ELEMITEM" HIDDEN ="NO" KEYTYPE ="NOT A KEY" LENGTH ="0" LEVEL ="0" NAME ="SALES_REP_NUM" NULLABLE ="NOTNULL" OCCURS ="0" OFFSET ="95" PHYSICALLENGTH ="100" PHYSICALOFFSET ="235" PICTURETEXT ="" PRECISION ="100" SCALE ="0" USAGE_FLAGS =""/>
        <SOURCEFIELD BUSINESSNAME ="" DATATYPE ="integer" DESCRIPTION ="" FIELDNUMBER ="13" FIELDPROPERTY ="0" FIELDTYPE ="ELEMITEM" HIDDEN ="NO" KEYTYPE ="NOT A KEY" LENGTH ="11" LEVEL ="0" NAME ="EP_OTM_TERRITORY_ID_INT" NULLABLE ="NULL" OCCURS ="0" OFFSET ="95" PHYSICALLENGTH ="10" PHYSICALOFFSET ="335" PICTURETEXT ="" PRECISION ="10" SCALE ="0" USAGE_FLAGS =""/>
        <SOURCEFIELD BUSINESSNAME ="" DATATYPE ="integer" DESCRIPTION ="" FIELDNUMBER ="14" FIELDPROPERTY ="0" FIELDTYPE ="ELEMITEM" HIDDEN ="NO" KEYTYPE ="NOT A KEY" LENGTH ="11" LEVEL ="0" NAME ="FIN_ADJ_KEY" NULLABLE ="NOTNULL" OCCURS ="0" OFFSET ="106" PHYSICALLENGTH ="10" PHYSICALOFFSET ="345" PICTURETEXT ="" PRECISION ="10" SCALE ="0" USAGE_FLAGS =""/>
        <SOURCEFIELD BUSINESSNAME ="" DATATYPE ="varchar" DESCRIPTION ="" FIELDNUMBER ="15" FIELDPROPERTY ="0" FIELDTYPE ="ELEMITEM" HIDDEN ="NO" KEYTYPE ="NOT A KEY" LENGTH ="0" LEVEL ="0" NAME ="PROCESS_TYPE" NULLABLE ="NULL" OCCURS ="0" OFFSET ="117" PHYSICALLENGTH ="50" PHYSICALOFFSET ="355" PICTURETEXT ="" PRECISION ="50" SCALE ="0" USAGE_FLAGS =""/>
    </SOURCE>
    <TARGET BUSINESSNAME ="" CONSTRAINT ="" DATABASETYPE ="Teradata" DESCRIPTION ="" NAME ="WI_DRR_SALES_ACNT_MSRE_FNL_DEL" OBJECTVERSION ="1" TABLEOPTIONS ="" VERSIONNUMBER ="3">
        <TARGETFIELD BUSINESSNAME ="" DATATYPE ="integer" DESCRIPTION ="" FIELDNUMBER ="1" KEYTYPE ="NOT A KEY" NAME ="BOOKINGS_MEASURE_KEY" NULLABLE ="NOTNULL" PICTURETEXT ="" PRECISION ="10" SCALE ="0"/>
        <TARGETFIELD BUSINESSNAME ="" DATATYPE ="date" DESCRIPTION ="" FIELDNUMBER ="2" KEYTYPE ="NOT A KEY" NAME ="BOOKINGS_PROCESS_DATE" NULLABLE ="NOTNULL" PICTURETEXT ="" PRECISION ="10" SCALE ="0"/>
        <TARGETFIELD BUSINESSNAME ="" DATATYPE ="char" DESCRIPTION ="" FIELDNUMBER ="3" KEYTYPE ="NOT A KEY" NAME ="BKGS_MEASURE_TRANS_TYPE_CODE" NULLABLE ="NOTNULL" PICTURETEXT ="" PRECISION ="7" SCALE ="0"/>
        <TARGETFIELD BUSINESSNAME ="" DATATYPE ="integer" DESCRIPTION ="" FIELDNUMBER ="4" KEYTYPE ="NOT A KEY" NAME ="DV_END_CUST_PARTY_KEY" NULLABLE ="NOTNULL" PICTURETEXT ="" PRECISION ="10" SCALE ="0"/>
        <TARGETFIELD BUSINESSNAME ="" DATATYPE ="integer" DESCRIPTION ="" FIELDNUMBER ="5" KEYTYPE ="NOT A KEY" NAME ="NEW_SA_MEMBER_ID_INT" NULLABLE ="NOTNULL" PICTURETEXT ="" PRECISION ="10" SCALE ="0"/>
        <TARGETFIELD BUSINESSNAME ="" DATATYPE ="integer" DESCRIPTION ="" FIELDNUMBER ="6" KEYTYPE ="NOT A KEY" NAME ="LINK_CUSTOMER_PARTY_KEY" NULLABLE ="NULL" PICTURETEXT ="" PRECISION ="10" SCALE ="0"/>
        <TARGETFIELD BUSINESSNAME ="" DATATYPE ="integer" DESCRIPTION ="" FIELDNUMBER ="7" KEYTYPE ="NOT A KEY" NAME ="SALES_ACCOUNT_GROUP_PARTY_KEY" NULLABLE ="NOTNULL" PICTURETEXT ="" PRECISION ="10" SCALE ="0"/>
        <TARGETFIELD BUSINESSNAME ="" DATATYPE ="varchar" DESCRIPTION ="" FIELDNUMBER ="8" KEYTYPE ="NOT A KEY" NAME ="REASON_DESC_END_CUST" NULLABLE ="NULL" PICTURETEXT ="" PRECISION ="50" SCALE ="0"/>
        <TARGETFIELD BUSINESSNAME ="" DATATYPE ="varchar" DESCRIPTION ="" FIELDNUMBER ="9" KEYTYPE ="NOT A KEY" NAME ="REASON_DESCR" NULLABLE ="NULL" PICTURETEXT ="" PRECISION ="100" SCALE ="0"/>
        <TARGETFIELD BUSINESSNAME ="" DATATYPE ="decimal" DESCRIPTION ="" FIELDNUMBER ="10" KEYTYPE ="NOT A KEY" NAME ="SALES_CREDIT_SPLIT_PCT" NULLABLE ="NULL" PICTURETEXT ="" PRECISION ="18" SCALE ="6"/>
        <TARGETFIELD BUSINESSNAME ="" DATATYPE ="integer" DESCRIPTION ="" FIELDNUMBER ="11" KEYTYPE ="NOT A KEY" NAME ="SLS_ACCT_GROUP_SALES_TERR_KEY" NULLABLE ="NOTNULL" PICTURETEXT ="" PRECISION ="10" SCALE ="0"/>
        <TARGETFIELD BUSINESSNAME ="" DATATYPE ="varchar" DESCRIPTION ="" FIELDNUMBER ="12" KEYTYPE ="NOT A KEY" NAME ="SALES_REP_NUM" NULLABLE ="NOTNULL" PICTURETEXT ="" PRECISION ="100" SCALE ="0"/>
        <TARGETFIELD BUSINESSNAME ="" DATATYPE ="integer" DESCRIPTION ="" FIELDNUMBER ="13" KEYTYPE ="NOT A KEY" NAME ="EP_OTM_TERRITORY_ID_INT" NULLABLE ="NULL" PICTURETEXT ="" PRECISION ="10" SCALE ="0"/>
    </TARGET>
    <TARGET BUSINESSNAME ="" CONSTRAINT ="" DATABASETYPE ="Teradata" DESCRIPTION ="" NAME ="MT_SLS_ACNT_RSTD_MSR_DRR_NG" OBJECTVERSION ="1" TABLEOPTIONS ="" VERSIONNUMBER ="11">
        <TARGETFIELD BUSINESSNAME ="" DATATYPE ="integer" DESCRIPTION ="" FIELDNUMBER ="1" KEYTYPE ="NOT A KEY" NAME ="BOOKINGS_MEASURE_KEY" NULLABLE ="NOTNULL" PICTURETEXT ="" PRECISION ="10" SCALE ="0"/>
        <TARGETFIELD BUSINESSNAME ="" DATATYPE ="date" DESCRIPTION ="" FIELDNUMBER ="2" KEYTYPE ="NOT A KEY" NAME ="BOOKINGS_PROCESS_DT" NULLABLE ="NOTNULL" PICTURETEXT ="" PRECISION ="10" SCALE ="0"/>
        <TARGETFIELD BUSINESSNAME ="" DATATYPE ="char" DESCRIPTION ="" FIELDNUMBER ="3" KEYTYPE ="NOT A KEY" NAME ="BKGS_MEASURE_TRANS_TYPE_CD" NULLABLE ="NOTNULL" PICTURETEXT ="" PRECISION ="7" SCALE ="0"/>
        <TARGETFIELD BUSINESSNAME ="" DATATYPE ="integer" DESCRIPTION ="" FIELDNUMBER ="4" KEYTYPE ="NOT A KEY" NAME ="DV_END_CUST_PARTY_KEY" NULLABLE ="NOTNULL" PICTURETEXT ="" PRECISION ="10" SCALE ="0"/>
        <TARGETFIELD BUSINESSNAME ="" DATATYPE ="integer" DESCRIPTION ="" FIELDNUMBER ="5" KEYTYPE ="NOT A KEY" NAME ="BK_SA_MEMBER_ID_INT" NULLABLE ="NOTNULL" PICTURETEXT ="" PRECISION ="10" SCALE ="0"/>
        <TARGETFIELD BUSINESSNAME ="" DATATYPE ="integer" DESCRIPTION ="" FIELDNUMBER ="6" KEYTYPE ="NOT A KEY" NAME ="LINK_CUSTOMER_PARTY_KEY" NULLABLE ="NULL" PICTURETEXT ="" PRECISION ="10" SCALE ="0"/>
        <TARGETFIELD BUSINESSNAME ="" DATATYPE ="integer" DESCRIPTION ="" FIELDNUMBER ="7" KEYTYPE ="NOT A KEY" NAME ="SALES_ACCOUNT_GROUP_PARTY_KEY" NULLABLE ="NOTNULL" PICTURETEXT ="" PRECISION ="10" SCALE ="0"/>
        <TARGETFIELD BUSINESSNAME ="" DATATYPE ="varchar" DESCRIPTION ="" FIELDNUMBER ="8" KEYTYPE ="NOT A KEY" NAME ="DV_END_CUST_REASON_DESCR" NULLABLE ="NULL" PICTURETEXT ="" PRECISION ="100" SCALE ="0"/>
        <TARGETFIELD BUSINESSNAME ="" DATATYPE ="decimal" DESCRIPTION ="" FIELDNUMBER ="9" KEYTYPE ="NOT A KEY" NAME ="DV_END_CUST_OWNERSHIP_SPLT_PCT" NULLABLE ="NULL" PICTURETEXT ="" PRECISION ="18" SCALE ="6"/>
        <TARGETFIELD BUSINESSNAME ="" DATATYPE ="timestamp" DESCRIPTION ="" FIELDNUMBER ="10" KEYTYPE ="NOT A KEY" NAME ="LAST_UPDATED_DTM" NULLABLE ="NOTNULL" PICTURETEXT ="" PRECISION ="19" SCALE ="0"/>
        <TARGETFIELD BUSINESSNAME ="" DATATYPE ="timestamp" DESCRIPTION ="" FIELDNUMBER ="11" KEYTYPE ="NOT A KEY" NAME ="EDW_CREATE_DTM" NULLABLE ="NOTNULL" PICTURETEXT ="" PRECISION ="19" SCALE ="0"/>
        <TARGETFIELD BUSINESSNAME ="" DATATYPE ="char" DESCRIPTION ="" FIELDNUMBER ="12" KEYTYPE ="NOT A KEY" NAME ="EDW_CREATE_USER" NULLABLE ="NOTNULL" PICTURETEXT ="" PRECISION ="30" SCALE ="0"/>
        <TARGETFIELD BUSINESSNAME ="" DATATYPE ="timestamp" DESCRIPTION ="" FIELDNUMBER ="13" KEYTYPE ="NOT A KEY" NAME ="EDW_UPDATE_DTM" NULLABLE ="NOTNULL" PICTURETEXT ="" PRECISION ="19" SCALE ="0"/>
        <TARGETFIELD BUSINESSNAME ="" DATATYPE ="char" DESCRIPTION ="" FIELDNUMBER ="14" KEYTYPE ="NOT A KEY" NAME ="EDW_UPDATE_USER" NULLABLE ="NOTNULL" PICTURETEXT ="" PRECISION ="30" SCALE ="0"/>
        <TARGETFIELD BUSINESSNAME ="" DATATYPE ="varchar" DESCRIPTION ="" FIELDNUMBER ="15" KEYTYPE ="NOT A KEY" NAME ="SALES_REP_NUM" NULLABLE ="NOTNULL" PICTURETEXT ="" PRECISION ="30" SCALE ="0"/>
        <TARGETFIELD BUSINESSNAME ="" DATATYPE ="integer" DESCRIPTION ="" FIELDNUMBER ="16" KEYTYPE ="NOT A KEY" NAME ="SALES_TERRITORY_KEY" NULLABLE ="NOTNULL" PICTURETEXT ="" PRECISION ="10" SCALE ="0"/>
        <TARGETFIELD BUSINESSNAME ="" DATATYPE ="integer" DESCRIPTION ="" FIELDNUMBER ="17" KEYTYPE ="NOT A KEY" NAME ="EP_OTM_TERRITORY_ID_INT" NULLABLE ="NULL" PICTURETEXT ="" PRECISION ="10" SCALE ="0"/>
        <TARGETFIELD BUSINESSNAME ="" DATATYPE ="varchar" DESCRIPTION ="" FIELDNUMBER ="18" KEYTYPE ="NOT A KEY" NAME ="PROCESS_TYPE" NULLABLE ="NOTNULL" PICTURETEXT ="" PRECISION ="10" SCALE ="0"/>
        <TARGETFIELD BUSINESSNAME ="" DATATYPE ="integer" DESCRIPTION ="" FIELDNUMBER ="19" KEYTYPE ="NOT A KEY" NAME ="DV_FIN_ADJ_KEY" NULLABLE ="NOTNULL" PICTURETEXT ="" PRECISION ="10" SCALE ="0"/>
        <TARGETFIELD BUSINESSNAME ="" DATATYPE ="varchar" DESCRIPTION ="" FIELDNUMBER ="20" KEYTYPE ="NOT A KEY" NAME ="DV_RSTMT_REASON_CD" NULLABLE ="NOTNULL" PICTURETEXT ="" PRECISION ="20" SCALE ="0"/>
        <TARGETFIELD BUSINESSNAME ="" DATATYPE ="bigint" DESCRIPTION ="" FIELDNUMBER ="21" KEYTYPE ="NOT A KEY" NAME ="SK_SEQUENCE_ID" NULLABLE ="NULL" PICTURETEXT ="" PRECISION ="19" SCALE ="0"/>
    </TARGET>
    <MAPPING DESCRIPTION ="" ISVALID ="YES" NAME ="m_MT_SLS_ACNT_RSTD_MSR_DRR_NG" OBJECTVERSION ="1" VERSIONNUMBER ="3">
        <TRANSFORMATION DESCRIPTION ="" NAME ="SQ_WI_DRR_SALES_ACNT_MEASURE_FNL" OBJECTVERSION ="1" REUSABLE ="NO" TYPE ="Source Qualifier" VERSIONNUMBER ="3">
            <TRANSFORMFIELD DATATYPE ="integer" DEFAULTVALUE ="" DESCRIPTION ="" NAME ="BOOKINGS_MEASURE_KEY" PICTURETEXT ="" PORTTYPE ="INPUT/OUTPUT" PRECISION ="10" SCALE ="0"/>
            <TRANSFORMFIELD DATATYPE ="date/time" DEFAULTVALUE ="" DESCRIPTION ="" NAME ="BOOKINGS_PROCESS_DATE" PICTURETEXT ="" PORTTYPE ="INPUT/OUTPUT" PRECISION ="29" SCALE ="9"/>
            <TRANSFORMFIELD DATATYPE ="string" DEFAULTVALUE ="" DESCRIPTION ="" NAME ="BKGS_MEASURE_TRANS_TYPE_CODE" PICTURETEXT ="" PORTTYPE ="INPUT/OUTPUT" PRECISION ="7" SCALE ="0"/>
            <TRANSFORMFIELD DATATYPE ="integer" DEFAULTVALUE ="" DESCRIPTION ="" NAME ="DV_END_CUST_PARTY_KEY" PICTURETEXT ="" PORTTYPE ="INPUT/OUTPUT" PRECISION ="10" SCALE ="0"/>
            <TRANSFORMFIELD DATATYPE ="integer" DEFAULTVALUE ="" DESCRIPTION ="" NAME ="NEW_SA_MEMBER_ID_INT" PICTURETEXT ="" PORTTYPE ="INPUT/OUTPUT" PRECISION ="10" SCALE ="0"/>
            <TRANSFORMFIELD DATATYPE ="integer" DEFAULTVALUE ="" DESCRIPTION ="" NAME ="LINK_CUSTOMER_PARTY_KEY" PICTURETEXT ="" PORTTYPE ="INPUT/OUTPUT" PRECISION ="10" SCALE ="0"/>
            <TRANSFORMFIELD DATATYPE ="integer" DEFAULTVALUE ="" DESCRIPTION ="" NAME ="SALES_ACCOUNT_GROUP_PARTY_KEY" PICTURETEXT ="" PORTTYPE ="INPUT/OUTPUT" PRECISION ="10" SCALE ="0"/>
            <TRANSFORMFIELD DATATYPE ="string" DEFAULTVALUE ="" DESCRIPTION ="" NAME ="REASON_DESC_END_CUST" PICTURETEXT ="" PORTTYPE ="INPUT/OUTPUT" PRECISION ="50" SCALE ="0"/>
            <TRANSFORMFIELD DATATYPE ="string" DEFAULTVALUE ="" DESCRIPTION ="" NAME ="REASON_DESCR" PICTURETEXT ="" PORTTYPE ="INPUT/OUTPUT" PRECISION ="100" SCALE ="0"/>
            <TRANSFORMFIELD DATATYPE ="decimal" DEFAULTVALUE ="" DESCRIPTION ="" NAME ="SALES_CREDIT_SPLIT_PCT" PICTURETEXT ="" PORTTYPE ="INPUT/OUTPUT" PRECISION ="18" SCALE ="6"/>
            <TRANSFORMFIELD DATATYPE ="integer" DEFAULTVALUE ="" DESCRIPTION ="" NAME ="SLS_ACCT_GROUP_SALES_TERR_KEY" PICTURETEXT ="" PORTTYPE ="INPUT/OUTPUT" PRECISION ="10" SCALE ="0"/>
            <TRANSFORMFIELD DATATYPE ="string" DEFAULTVALUE ="" DESCRIPTION ="" NAME ="SALES_REP_NUM" PICTURETEXT ="" PORTTYPE ="INPUT/OUTPUT" PRECISION ="100" SCALE ="0"/>
            <TRANSFORMFIELD DATATYPE ="integer" DEFAULTVALUE ="" DESCRIPTION ="" NAME ="EP_OTM_TERRITORY_ID_INT" PICTURETEXT ="" PORTTYPE ="INPUT/OUTPUT" PRECISION ="10" SCALE ="0"/>
            <TABLEATTRIBUTE NAME ="Sql Query" VALUE ="SELECT * FROM &#xD;&#xA; ( SELECT &#xD;&#xA;   WI_FNL.BOOKINGS_MEASURE_KEY ,           &#xD;&#xA;   WI_FNL.BOOKINGS_PROCESS_DATE ,        &#xD;&#xA;   WI_FNL.BKGS_MEASURE_TRANS_TYPE_CODE , &#xD;&#xA;   DV_END_CUST_PARTY_KEY ,&#xD;&#xA;   NEW_SA_MEMBER_ID_INT  ,        &#xD;&#xA;   LINK_CUSTOMER_PARTY_KEY ,       &#xD;&#xA;   SALES_ACCOUNT_GROUP_PARTY_KEY ,&#xD;&#xA;   REASON_DESC_END_CUST ,         &#xD;&#xA;   CASE WHEN WI_FNL.REASON_DESCR IN ( &apos;15 - WW DIST_RETAINED BKGS TERRITORY&apos; ) &#xD;&#xA;&#x9;&#x9;&#x9;THEN WI_FNL.REASON_DESCR&#xD;&#xA;        WHEN  ( NBM_RSH.L1_SALES_TERRITORY_NAME_CODE &lt;&gt; &apos;GLOBAL SERVICE PROVIDER&apos; AND WI_RSH.L1_SALES_TERRITORY_NAME_CODE = &apos;GLOBAL SERVICE PROVIDER&apos; ) &#xD;&#xA;&#x9;&#x9;&#x9;&#x9;AND FDY.FISCAL_YEAR_NUMBER_INT IN ( 2016, 2017 ) AND EL1.REPLACED_SALES_TERRITORY_KEY IS NOT NULL&#xD;&#xA;&#x9;&#x9;&#x9;THEN &apos;24 - RST NODE GSP DNR_REPLACED WITH ACTIVE NODE&apos;&#x9;&#x9;&#x9;&#x9;&#xD;&#xA;&#x9;&#x9;WHEN  ( NBM_RSH.L1_SALES_TERRITORY_NAME_CODE &lt;&gt; &apos;GLOBAL SERVICE PROVIDER&apos; AND WI_RSH.L1_SALES_TERRITORY_NAME_CODE = &apos;GLOBAL SERVICE PROVIDER&apos; ) &#xD;&#xA;&#x9;&#x9;&#x9;&#x9;AND FDY.FISCAL_YEAR_NUMBER_INT IN ( 2016, 2017 ) AND EL1.REPLACED_SALES_TERRITORY_KEY IS NULL&#xD;&#xA;&#x9;&#x9;     THEN &apos;24 - RST NODE GSP DNR&apos;&#xD;&#xA;&#x9;&#x9;WHEN EL.REPLACED_SALES_TERRITORY_KEY IS NOT NULL THEN OREPLACE(WI_FNL.REASON_DESCR,&apos;_RETAINED BKGS TERRITORY&apos;)||&apos;_REPLACED WITH ACTIVE NODE&apos;&#xD;&#xA;     ELSE WI_FNL.REASON_DESCR     &#xD;&#xA;   END AS REASON_DESCR ,&#xD;&#xA;   WI_FNL.SALES_CREDIT_SPLIT_PCT,  &#xD;&#xA;   &#xD;&#xA;CASE WHEN WI_FNL.REASON_DESCR IN ( &apos;15 - WW DIST_RETAINED BKGS TERRITORY&apos;) &#xD;&#xA;&#x9;&#x9;&#x9;THEN WI_FNL.SLS_ACCT_GROUP_SALES_TERR_KEY&#xD;&#xA;        WHEN ( NBM_RSH.L1_SALES_TERRITORY_NAME_CODE &lt;&gt; &apos;GLOBAL SERVICE PROVIDER&apos; AND WI_RSH.L1_SALES_TERRITORY_NAME_CODE = &apos;GLOBAL SERVICE PROVIDER&apos; ) &#xD;&#xA;&#x9;&#x9;&#x9;&#x9;AND FDY.FISCAL_YEAR_NUMBER_INT IN ( 2016, 2017 ) AND EL1.REPLACED_SALES_TERRITORY_KEY IS NOT NULL&#xD;&#xA;&#x9;&#x9;   THEN EL1.REPLACED_SALES_TERRITORY_KEY&#xD;&#xA;&#x9;&#x9;WHEN  ( NBM_RSH.L1_SALES_TERRITORY_NAME_CODE &lt;&gt; &apos;GLOBAL SERVICE PROVIDER&apos; AND WI_RSH.L1_SALES_TERRITORY_NAME_CODE = &apos;GLOBAL SERVICE PROVIDER&apos; ) &#xD;&#xA;&#x9;&#x9;&#x9;&#x9;AND FDY.FISCAL_YEAR_NUMBER_INT IN ( 2016, 2017 ) AND EL1.REPLACED_SALES_TERRITORY_KEY IS NULL&#xD;&#xA;&#x9;&#x9;   THEN NBM.SALES_TERRITORY_KEY&#xD;&#xA;&#x9;&#x9;WHEN EL.REPLACED_SALES_TERRITORY_KEY IS NOT NULL THEN EL.REPLACED_SALES_TERRITORY_KEY&#xD;&#xA;     ELSE WI_FNL.SLS_ACCT_GROUP_SALES_TERR_KEY &#xD;&#xA;   END AS SLS_ACCT_GROUP_SALES_TERR_KEY, &#xD;&#xA;   CASE WHEN WI_FNL.REASON_DESCR IN ( &apos;15 - WW DIST_RETAINED BKGS TERRITORY&apos;) &#xD;&#xA;&#x9;&#x9;&#x9;THEN WI_FNL.SALES_REP_NUM&#xD;&#xA;        WHEN  ( NBM_RSH.L1_SALES_TERRITORY_NAME_CODE &lt;&gt; &apos;GLOBAL SERVICE PROVIDER&apos; AND WI_RSH.L1_SALES_TERRITORY_NAME_CODE = &apos;GLOBAL SERVICE PROVIDER&apos; ) &#xD;&#xA;&#x9;&#x9;&#x9;&#x9;AND FDY.FISCAL_YEAR_NUMBER_INT IN ( 2016, 2017 ) AND EL1.REPLACED_SALES_TERRITORY_KEY IS NOT NULL&#xD;&#xA;&#x9;&#x9;   THEN -999&#xD;&#xA;&#x9;&#x9;WHEN ( NBM_RSH.L1_SALES_TERRITORY_NAME_CODE &lt;&gt; &apos;GLOBAL SERVICE PROVIDER&apos; AND WI_RSH.L1_SALES_TERRITORY_NAME_CODE = &apos;GLOBAL SERVICE PROVIDER&apos; ) &#xD;&#xA;&#x9;&#x9;&#x9;&#x9;AND FDY.FISCAL_YEAR_NUMBER_INT IN ( 2016, 2017 ) AND EL1.REPLACED_SALES_TERRITORY_KEY IS NULL&#xD;&#xA;&#x9;&#x9;   THEN NBM.SALES_REP_NUMBER&#xD;&#xA;&#x9;&#x9;WHEN EL.REPLACED_SALES_TERRITORY_KEY IS NOT NULL THEN -999 &#xD;&#xA;    ELSE WI_FNL.SALES_REP_NUM&#xD;&#xA;   END AS SALES_REP_NUM ,&#xD;&#xA;   EP_OTM_TERRITORY_ID_INT       &#xD;&#xA;    FROM $$STGDB.WI_DRR_SALES_ACNT_MEASURE_FNL WI_FNL&#xD;&#xA;    LEFT JOIN ( SELECT * FROM $$ETLVWDB.EL_ACT_INACT_NODE_MAP_DRR WHERE VALID_FLAG = &apos;Y&apos; ) EL&#xD;&#xA;      ON EL.OLD_SALES_TERRITORY_KEY = WI_FNL.SLS_ACCT_GROUP_SALES_TERR_KEY&#xD;&#xA;&#x9;INNER JOIN $$SLSORDVWDB.N_BOOKINGS_MEASURE NBM&#xD;&#xA;&#x9;&#x9;ON WI_FNL.BOOKINGS_MEASURE_KEY = NBM.BOOKINGS_MEASURE_KEY&#xD;&#xA;&#x9;   AND WI_FNL.BOOKINGS_PROCESS_DATE = NBM.BOOKINGS_PROCESS_DATE&#xD;&#xA;&#x9;   AND WI_FNL.BKGS_MEASURE_TRANS_TYPE_CODE = NBM.BKGS_MEASURE_TRANS_TYPE_CODE&#xD;&#xA;&#x9;LEFT JOIN ( SELECT * FROM $$ETLVWDB.EL_ACT_INACT_NODE_MAP_DRR WHERE VALID_FLAG = &apos;Y&apos; ) EL1&#xD;&#xA;      ON EL1.OLD_SALES_TERRITORY_KEY = NBM.SALES_TERRITORY_KEY&#xD;&#xA;&#x9;INNER JOIN $$COMREFVWDB.R_SALES_HIERARCHY WI_RSH&#xD;&#xA;&#x9;&#x9;ON WI_FNL.SLS_ACCT_GROUP_SALES_TERR_KEY = WI_RSH.SALES_TERRITORY_KEY&#xD;&#xA;    INNER JOIN $$COMREFVWDB.R_SALES_HIERARCHY NBM_RSH&#xD;&#xA;&#x9;&#x9;ON NBM.SALES_TERRITORY_KEY = NBM_RSH.SALES_TERRITORY_KEY&#xD;&#xA;&#x9;INNER JOIN $$COMREFVWDB.R_FISCAL_DAY_TO_YEAR FDY&#xD;&#xA;&#x9;&#x9;ON WI_FNL.BOOKINGS_PROCESS_DATE = FDY.CALENDAR_DATE&#xD;&#xA; ) WI_FNL      &#xD;&#xA; WHERE EXISTS ( SELECT 1&#xD;&#xA;                  FROM $$SLSORDVWDB.MT_SLS_ACNT_RSTD_MSR_DRR_NG  MT&#xD;&#xA;                 WHERE WI_FNL.BOOKINGS_MEASURE_KEY = MT.BOOKINGS_MEASURE_KEY&#xD;&#xA;       AND WI_FNL.BKGS_MEASURE_TRANS_TYPE_CODE = MT.BKGS_MEASURE_TRANS_TYPE_CD&#xD;&#xA;       AND WI_FNL.BOOKINGS_PROCESS_DATE = MT.BOOKINGS_PROCESS_DT&#xD;&#xA;       AND WI_FNL.DV_END_CUST_PARTY_KEY = MT.DV_END_CUST_PARTY_KEY&#xD;&#xA;       AND WI_FNL.NEW_SA_MEMBER_ID_INT = MT.BK_SA_MEMBER_ID_INT&#xD;&#xA;       AND WI_FNL.SALES_ACCOUNT_GROUP_PARTY_KEY = MT.SALES_ACCOUNT_GROUP_PARTY_KEY&#xD;&#xA;       AND WI_FNL.SALES_CREDIT_SPLIT_PCT = MT.DV_END_CUST_OWNERSHIP_SPLT_PCT&#xD;&#xA;       AND WI_FNL.SLS_ACCT_GROUP_SALES_TERR_KEY = MT.SALES_TERRITORY_KEY&#xD;&#xA;       AND WI_FNL.SALES_REP_NUM = MT.SALES_REP_NUM&#xD;&#xA;       AND WI_FNL.REASON_DESCR = MT.DV_RSTMT_REASON_CD&#xD;&#xA;              )"/>
            <TABLEATTRIBUTE NAME ="User Defined Join" VALUE =""/>
            <TABLEATTRIBUTE NAME ="Source Filter" VALUE =""/>
            <TABLEATTRIBUTE NAME ="Number Of Sorted Ports" VALUE ="0"/>
            <TABLEATTRIBUTE NAME ="Tracing Level" VALUE ="Normal"/>
            <TABLEATTRIBUTE NAME ="Select Distinct" VALUE ="NO"/>
            <TABLEATTRIBUTE NAME ="Is Partitionable" VALUE ="NO"/>
            <TABLEATTRIBUTE NAME ="Pre SQL" VALUE =""/>
            <TABLEATTRIBUTE NAME ="Post SQL" VALUE =""/>
            <TABLEATTRIBUTE NAME ="Output is deterministic" VALUE ="NO"/>
            <TABLEATTRIBUTE NAME ="Output is repeatable" VALUE ="Never"/>
        </TRANSFORMATION>
        <TRANSFORMATION DESCRIPTION ="" NAME ="SQ_WI_DRR_SALES_ACNT_MEASURE_FNL1" OBJECTVERSION ="1" REUSABLE ="NO" TYPE ="Source Qualifier" VERSIONNUMBER ="3">
            <TRANSFORMFIELD DATATYPE ="integer" DEFAULTVALUE ="" DESCRIPTION ="" NAME ="BOOKINGS_MEASURE_KEY" PICTURETEXT ="" PORTTYPE ="INPUT/OUTPUT" PRECISION ="10" SCALE ="0"/>
            <TRANSFORMFIELD DATATYPE ="date/time" DEFAULTVALUE ="" DESCRIPTION ="" NAME ="BOOKINGS_PROCESS_DT" PICTURETEXT ="" PORTTYPE ="INPUT/OUTPUT" PRECISION ="29" SCALE ="9"/>
            <TRANSFORMFIELD DATATYPE ="string" DEFAULTVALUE ="" DESCRIPTION ="" NAME ="BKGS_MEASURE_TRANS_TYPE_CD" PICTURETEXT ="" PORTTYPE ="INPUT/OUTPUT" PRECISION ="7" SCALE ="0"/>
            <TRANSFORMFIELD DATATYPE ="integer" DEFAULTVALUE ="" DESCRIPTION ="" NAME ="DV_END_CUST_PARTY_KEY" PICTURETEXT ="" PORTTYPE ="INPUT/OUTPUT" PRECISION ="10" SCALE ="0"/>
            <TRANSFORMFIELD DATATYPE ="integer" DEFAULTVALUE ="" DESCRIPTION ="" NAME ="BK_SA_MEMBER_ID_INT" PICTURETEXT ="" PORTTYPE ="INPUT/OUTPUT" PRECISION ="10" SCALE ="0"/>
            <TRANSFORMFIELD DATATYPE ="integer" DEFAULTVALUE ="" DESCRIPTION ="" NAME ="LINK_CUSTOMER_PARTY_KEY" PICTURETEXT ="" PORTTYPE ="INPUT/OUTPUT" PRECISION ="10" SCALE ="0"/>
            <TRANSFORMFIELD DATATYPE ="integer" DEFAULTVALUE ="" DESCRIPTION ="" NAME ="SALES_ACCOUNT_GROUP_PARTY_KEY" PICTURETEXT ="" PORTTYPE ="INPUT/OUTPUT" PRECISION ="10" SCALE ="0"/>
            <TRANSFORMFIELD DATATYPE ="string" DEFAULTVALUE ="" DESCRIPTION ="" NAME ="DV_END_CUST_REASON_DESCR" PICTURETEXT ="" PORTTYPE ="INPUT/OUTPUT" PRECISION ="100" SCALE ="0"/>
            <TRANSFORMFIELD DATATYPE ="decimal" DEFAULTVALUE ="" DESCRIPTION ="" NAME ="DV_END_CUST_OWNERSHIP_SPLT_PCT" PICTURETEXT ="" PORTTYPE ="INPUT/OUTPUT" PRECISION ="18" SCALE ="6"/>
            <TRANSFORMFIELD DATATYPE ="date/time" DEFAULTVALUE ="" DESCRIPTION ="" NAME ="LAST_UPDATED_DTM" PICTURETEXT ="" PORTTYPE ="INPUT/OUTPUT" PRECISION ="29" SCALE ="9"/>
            <TRANSFORMFIELD DATATYPE ="date/time" DEFAULTVALUE ="" DESCRIPTION ="" NAME ="EDW_CREATE_DTM" PICTURETEXT ="" PORTTYPE ="INPUT/OUTPUT" PRECISION ="29" SCALE ="9"/>
            <TRANSFORMFIELD DATATYPE ="string" DEFAULTVALUE ="" DESCRIPTION ="" NAME ="EDW_CREATE_USER" PICTURETEXT ="" PORTTYPE ="INPUT/OUTPUT" PRECISION ="30" SCALE ="0"/>
            <TRANSFORMFIELD DATATYPE ="date/time" DEFAULTVALUE ="" DESCRIPTION ="" NAME ="EDW_UPDATE_DTM" PICTURETEXT ="" PORTTYPE ="INPUT/OUTPUT" PRECISION ="29" SCALE ="9"/>
            <TRANSFORMFIELD DATATYPE ="string" DEFAULTVALUE ="" DESCRIPTION ="" NAME ="EDW_UPDATE_USER" PICTURETEXT ="" PORTTYPE ="INPUT/OUTPUT" PRECISION ="30" SCALE ="0"/>
            <TRANSFORMFIELD DATATYPE ="string" DEFAULTVALUE ="" DESCRIPTION ="" NAME ="SALES_REP_NUM" PICTURETEXT ="" PORTTYPE ="INPUT/OUTPUT" PRECISION ="30" SCALE ="0"/>
            <TRANSFORMFIELD DATATYPE ="integer" DEFAULTVALUE ="" DESCRIPTION ="" NAME ="SALES_TERRITORY_KEY" PICTURETEXT ="" PORTTYPE ="INPUT/OUTPUT" PRECISION ="10" SCALE ="0"/>
            <TRANSFORMFIELD DATATYPE ="integer" DEFAULTVALUE ="" DESCRIPTION ="" NAME ="EP_OTM_TERRITORY_ID_INT" PICTURETEXT ="" PORTTYPE ="INPUT/OUTPUT" PRECISION ="10" SCALE ="0"/>
            <TRANSFORMFIELD DATATYPE ="string" DEFAULTVALUE ="" DESCRIPTION ="" NAME ="PROCESS_TYPE" PICTURETEXT ="" PORTTYPE ="INPUT/OUTPUT" PRECISION ="10" SCALE ="0"/>
            <TRANSFORMFIELD DATATYPE ="integer" DEFAULTVALUE ="" DESCRIPTION ="" NAME ="DV_FIN_ADJ_KEY" PICTURETEXT ="" PORTTYPE ="INPUT/OUTPUT" PRECISION ="10" SCALE ="0"/>
            <TRANSFORMFIELD DATATYPE ="string" DEFAULTVALUE ="" DESCRIPTION ="" NAME ="DV_RSTMT_REASON_CD" PICTURETEXT ="" PORTTYPE ="INPUT/OUTPUT" PRECISION ="20" SCALE ="0"/>
            <TRANSFORMFIELD DATATYPE ="bigint" DEFAULTVALUE ="" DESCRIPTION ="" NAME ="SK_SEQUENCE_ID" PICTURETEXT ="" PORTTYPE ="INPUT/OUTPUT" PRECISION ="19" SCALE ="0"/>
            <TABLEATTRIBUTE NAME ="Sql Query" VALUE ="SELECT&#xD;&#xA;FNL.BOOKINGS_MEASURE_KEY,&#xD;&#xA;FNL.BOOKINGS_PROCESS_DT,&#xD;&#xA;FNL.BKGS_MEASURE_TRANS_TYPE_CD,&#xD;&#xA;FNL.DV_END_CUST_PARTY_KEY,&#xD;&#xA;FNL.BK_SA_MEMBER_ID_INT,&#xD;&#xA;FNL.LINK_CUSTOMER_PARTY_KEY,&#xD;&#xA;FNL.SALES_ACCOUNT_GROUP_PARTY_KEY,&#xD;&#xA;FNL.DV_END_CUST_REASON_DESCR,&#xD;&#xA;FNL.DV_END_CUST_OWNERSHIP_SPLT_PCT,&#xD;&#xA;FNL.LAST_UPDATED_DTM,&#xD;&#xA;FNL.EDW_CREATE_DTM,&#xD;&#xA;FNL.EDW_CREATE_USER,&#xD;&#xA;FNL.EDW_UPDATE_DTM,&#xD;&#xA;FNL.EDW_UPDATE_USER,&#xD;&#xA;FNL.SALES_REP_NUM,&#xD;&#xA;FNL.SALES_TERRITORY_KEY,&#xD;&#xA;FNL.EP_OTM_TERRITORY_ID_INT,&#xD;&#xA;FNL.PROCESS_TYPE,&#xD;&#xA;FNL.FIN_ADJ_KEY,&#xD;&#xA;REASON.BK_REASON_CD AS DV_RSTMT_REASON_CD,&#xD;&#xA;MAX_MT.SK_SEQUENCE_ID + ROW_NUMBER()OVER(order by BOOKINGS_MEASURE_KEY) as SK_SEQUENCE_ID&#xD;&#xA;FROM&#xD;&#xA;(&#xD;&#xA;&#x9;SELECT &#xD;&#xA;&#x9;WSARMF.BOOKINGS_MEASURE_KEY AS BOOKINGS_MEASURE_KEY, &#xD;&#xA;&#x9;WSARMF.BOOKINGS_PROCESS_DATE AS BOOKINGS_PROCESS_DT, &#xD;&#xA;&#x9;WSARMF.BKGS_MEASURE_TRANS_TYPE_CODE AS BKGS_MEASURE_TRANS_TYPE_CD,&#xD;&#xA;&#x9;WSARMF.DV_END_CUST_PARTY_KEY AS DV_END_CUST_PARTY_KEY, &#xD;&#xA;&#x9;WSARMF.NEW_SA_MEMBER_ID_INT AS BK_SA_MEMBER_ID_INT,&#xD;&#xA;&#x9;WSARMF.LINK_CUSTOMER_PARTY_KEY AS LINK_CUSTOMER_PARTY_KEY,&#xD;&#xA;&#x9;WSARMF.SALES_ACCOUNT_GROUP_PARTY_KEY AS SALES_ACCOUNT_GROUP_PARTY_KEY,&#xD;&#xA;&#x9;WSARMF.REASON_DESC_END_CUST AS DV_END_CUST_REASON_DESCR,   &#xD;&#xA;&#x9;WSARMF.SALES_CREDIT_SPLIT_PCT AS DV_END_CUST_OWNERSHIP_SPLT_PCT,  &#xD;&#xA;&#x9;CURRENT_TIMESTAMP(0) LAST_UPDATED_DTM ,&#xD;&#xA;&#x9;CURRENT_TIMESTAMP(0) EDW_CREATE_DTM , &#xD;&#xA;&#x9;USER EDW_CREATE_USER ,&#xD;&#xA;&#x9;CURRENT_TIMESTAMP(0) EDW_UPDATE_DTM, &#xD;&#xA;&#x9;USER EDW_UPDATE_USER ,/* added in DEC 11 - FY17 release */ &#xD;&#xA;&#x9;CASE WHEN WSARMF.REASON_DESCR IN ( &apos;15 - WW DIST_RETAINED BKGS TERRITORY&apos;) &#xD;&#xA;&#x9;&#x9;&#x9;THEN WSARMF.SALES_REP_NUM&#xD;&#xA;        WHEN ( NBM_RSH.L1_SALES_TERRITORY_NAME_CODE &lt;&gt; &apos;GLOBAL SERVICE PROVIDER&apos; AND WI_RSH.L1_SALES_TERRITORY_NAME_CODE = &apos;GLOBAL SERVICE PROVIDER&apos; ) &#xD;&#xA;&#x9;&#x9;&#x9;&#x9;AND FDY.FISCAL_YEAR_NUMBER_INT IN ( 2016, 2017 ) AND EL1.REPLACED_SALES_TERRITORY_KEY IS NOT NULL&#xD;&#xA;&#x9;&#x9;   THEN -999&#xD;&#xA;&#x9;&#x9;WHEN ( NBM_RSH.L1_SALES_TERRITORY_NAME_CODE &lt;&gt; &apos;GLOBAL SERVICE PROVIDER&apos; AND WI_RSH.L1_SALES_TERRITORY_NAME_CODE = &apos;GLOBAL SERVICE PROVIDER&apos; )&#xD;&#xA;&#x9;&#x9;&#x9;&#x9;AND FDY.FISCAL_YEAR_NUMBER_INT IN ( 2016, 2017 ) AND EL1.REPLACED_SALES_TERRITORY_KEY IS NULL&#xD;&#xA;&#x9;&#x9;   THEN NBM.SALES_REP_NUMBER&#xD;&#xA;&#x9;&#x9;WHEN EL.REPLACED_SALES_TERRITORY_KEY IS NOT NULL THEN -999 &#xD;&#xA;    ELSE WSARMF.SALES_REP_NUM&#xD;&#xA;   END AS SALES_REP_NUM ,&#x9;&#xD;&#xA;   CASE WHEN WSARMF.REASON_DESCR IN ( &apos;15 - WW DIST_RETAINED BKGS TERRITORY&apos;) &#xD;&#xA;&#x9;&#x9;&#x9;THEN WSARMF.SLS_ACCT_GROUP_SALES_TERR_KEY&#xD;&#xA;        WHEN ( NBM_RSH.L1_SALES_TERRITORY_NAME_CODE &lt;&gt; &apos;GLOBAL SERVICE PROVIDER&apos; AND WI_RSH.L1_SALES_TERRITORY_NAME_CODE = &apos;GLOBAL SERVICE PROVIDER&apos; ) &#xD;&#xA;&#x9;&#x9;&#x9;&#x9;AND FDY.FISCAL_YEAR_NUMBER_INT IN ( 2016, 2017 ) AND EL1.REPLACED_SALES_TERRITORY_KEY IS NOT NULL&#xD;&#xA;&#x9;&#x9;   THEN EL1.REPLACED_SALES_TERRITORY_KEY&#xD;&#xA;&#x9;&#x9;WHEN ( NBM_RSH.L1_SALES_TERRITORY_NAME_CODE &lt;&gt; &apos;GLOBAL SERVICE PROVIDER&apos; AND WI_RSH.L1_SALES_TERRITORY_NAME_CODE = &apos;GLOBAL SERVICE PROVIDER&apos; )&#xD;&#xA;&#x9;&#x9;&#x9;&#x9;AND FDY.FISCAL_YEAR_NUMBER_INT IN ( 2016, 2017 ) AND EL1.REPLACED_SALES_TERRITORY_KEY IS NULL&#xD;&#xA;&#x9;&#x9;   THEN NBM.SALES_TERRITORY_KEY&#xD;&#xA;&#x9;&#x9;WHEN EL.REPLACED_SALES_TERRITORY_KEY IS NOT NULL THEN EL.REPLACED_SALES_TERRITORY_KEY&#xD;&#xA;     ELSE WSARMF.SLS_ACCT_GROUP_SALES_TERR_KEY &#xD;&#xA;   END AS SALES_TERRITORY_KEY,&#xD;&#xA;&#x9;WSARMF.EP_OTM_TERRITORY_ID_INT AS EP_OTM_TERRITORY_ID_INT,&#xD;&#xA;&#x9;WSARMF.PROCESS_TYPE,&#xD;&#xA;&#x9;WSARMF.FIN_ADJ_KEY,&#xD;&#xA;&#x9;CASE WHEN WSARMF.REASON_DESCR IN ( &apos;15 - WW DIST_RETAINED BKGS TERRITORY&apos; ) &#xD;&#xA;&#x9;&#x9;&#x9;THEN WSARMF.REASON_DESCR&#xD;&#xA;        WHEN  ( NBM_RSH.L1_SALES_TERRITORY_NAME_CODE &lt;&gt; &apos;GLOBAL SERVICE PROVIDER&apos; AND WI_RSH.L1_SALES_TERRITORY_NAME_CODE = &apos;GLOBAL SERVICE PROVIDER&apos; ) &#xD;&#xA;&#x9;&#x9;&#x9;&#x9;AND FDY.FISCAL_YEAR_NUMBER_INT IN ( 2016, 2017 ) AND EL1.REPLACED_SALES_TERRITORY_KEY IS NOT NULL&#xD;&#xA;&#x9;&#x9;&#x9;THEN &apos;24 - RST NODE GSP DNR_REPLACED WITH ACTIVE NODE&apos;&#x9;&#x9;&#x9;&#x9;&#xD;&#xA;&#x9;&#x9;WHEN ( NBM_RSH.L1_SALES_TERRITORY_NAME_CODE &lt;&gt; &apos;GLOBAL SERVICE PROVIDER&apos; AND WI_RSH.L1_SALES_TERRITORY_NAME_CODE = &apos;GLOBAL SERVICE PROVIDER&apos; )&#xD;&#xA;&#x9;&#x9;&#x9;&#x9;AND FDY.FISCAL_YEAR_NUMBER_INT IN ( 2016, 2017 ) AND EL1.REPLACED_SALES_TERRITORY_KEY IS NULL&#xD;&#xA;&#x9;&#x9;     THEN &apos;24 - RST NODE GSP DNR&apos;&#xD;&#xA;&#x9;&#x9;WHEN EL.REPLACED_SALES_TERRITORY_KEY IS NOT NULL THEN OREPLACE(WSARMF.REASON_DESCR,&apos;_RETAINED BKGS TERRITORY&apos;)||&apos;_REPLACED WITH ACTIVE NODE&apos;&#xD;&#xA;     ELSE WSARMF.REASON_DESCR     &#xD;&#xA;   END AS REASON_DESCR &#xD;&#xA;&#x9;FROM $$STGDB.WI_DRR_SALES_ACNT_MEASURE_FNL WSARMF&#xD;&#xA;&#x9;LEFT JOIN ( SELECT * FROM $$ETLVWDB.EL_ACT_INACT_NODE_MAP_DRR WHERE VALID_FLAG = &apos;Y&apos; ) EL&#xD;&#xA;&#x9;&#x9;ON EL.OLD_SALES_TERRITORY_KEY = WSARMF.SLS_ACCT_GROUP_SALES_TERR_KEY&#xD;&#xA;&#x9;INNER JOIN $$SLSORDVWDB.N_BOOKINGS_MEASURE NBM&#xD;&#xA;&#x9;&#x9;ON WSARMF.BOOKINGS_MEASURE_KEY = NBM.BOOKINGS_MEASURE_KEY&#xD;&#xA;&#x9;   AND WSARMF.BOOKINGS_PROCESS_DATE = NBM.BOOKINGS_PROCESS_DATE&#xD;&#xA;&#x9;   AND WSARMF.BKGS_MEASURE_TRANS_TYPE_CODE = NBM.BKGS_MEASURE_TRANS_TYPE_CODE&#xD;&#xA;&#x9;LEFT JOIN ( SELECT * FROM $$ETLVWDB.EL_ACT_INACT_NODE_MAP_DRR WHERE VALID_FLAG = &apos;Y&apos; ) EL1&#xD;&#xA;      ON EL1.OLD_SALES_TERRITORY_KEY = NBM.SALES_TERRITORY_KEY&#xD;&#xA;&#x9;INNER JOIN $$COMREFVWDB.R_SALES_HIERARCHY WI_RSH&#xD;&#xA;&#x9;&#x9;ON WSARMF.SLS_ACCT_GROUP_SALES_TERR_KEY = WI_RSH.SALES_TERRITORY_KEY&#xD;&#xA;    INNER JOIN $$COMREFVWDB.R_SALES_HIERARCHY NBM_RSH&#xD;&#xA;&#x9;&#x9;ON NBM.SALES_TERRITORY_KEY = NBM_RSH.SALES_TERRITORY_KEY&#xD;&#xA;&#x9;INNER JOIN $$COMREFVWDB.R_FISCAL_DAY_TO_YEAR FDY&#xD;&#xA;&#x9;&#x9;ON WSARMF.BOOKINGS_PROCESS_DATE = FDY.CALENDAR_DATE&#xD;&#xA;) FNL&#x9;&#xD;&#xA;INNER JOIN&#xD;&#xA;( SELECT * FROM $$SLSORDVWDB.N_DYN_RESTMT_ENRICH_REASON ) REASON&#xD;&#xA;ON FNL.REASON_DESCR = REASON.REASON_DESCR,&#xD;&#xA;(SELECT MAX(SK_SEQUENCE_ID) AS SK_SEQUENCE_ID FROM&#xD;&#xA;(&#xD;&#xA;SELECT COALESCE(MAX(SK_SEQUENCE_ID), 0) AS SK_SEQUENCE_ID FROM $$SLSORDVWDB.MT_SLS_ACNT_RSTD_MSR_DRR_NG&#xD;&#xA;UNION ALL &#xD;&#xA;SELECT COALESCE(MAX(SK_SEQUENCE_ID), 0) AS SK_SEQUENCE_ID FROM $$SLSORDVWDB.MT_SLS_ACNT_RSTD_MSR_DRRNG_DEL&#xD;&#xA;) SEQUENCE &#xD;&#xA;) MAX_MT"/>
            <TABLEATTRIBUTE NAME ="User Defined Join" VALUE =""/>
            <TABLEATTRIBUTE NAME ="Source Filter" VALUE =""/>
            <TABLEATTRIBUTE NAME ="Number Of Sorted Ports" VALUE ="0"/>
            <TABLEATTRIBUTE NAME ="Tracing Level" VALUE ="Normal"/>
            <TABLEATTRIBUTE NAME ="Select Distinct" VALUE ="NO"/>
            <TABLEATTRIBUTE NAME ="Is Partitionable" VALUE ="NO"/>
            <TABLEATTRIBUTE NAME ="Pre SQL" VALUE =""/>
            <TABLEATTRIBUTE NAME ="Post SQL" VALUE =""/>
            <TABLEATTRIBUTE NAME ="Output is deterministic" VALUE ="NO"/>
            <TABLEATTRIBUTE NAME ="Output is repeatable" VALUE ="Never"/>
        </TRANSFORMATION>
        <INSTANCE DESCRIPTION ="" NAME ="WI_DRR_SALES_ACNT_MSRE_FNL_DEL" TRANSFORMATION_NAME ="WI_DRR_SALES_ACNT_MSRE_FNL_DEL" TRANSFORMATION_TYPE ="Target Definition" TYPE ="TARGET"/>
        <INSTANCE DESCRIPTION ="" NAME ="MT_SLS_ACNT_RSTD_MSR_DRR_NG" TRANSFORMATION_NAME ="MT_SLS_ACNT_RSTD_MSR_DRR_NG" TRANSFORMATION_TYPE ="Target Definition" TYPE ="TARGET"/>
        <INSTANCE DBDNAME ="TDDEV" DESCRIPTION ="" NAME ="WI_DRR_SALES_ACNT_MEASURE_FNL" TRANSFORMATION_NAME ="WI_DRR_SALES_ACNT_MEASURE_FNL" TRANSFORMATION_TYPE ="Source Definition" TYPE ="SOURCE"/>
        <INSTANCE DESCRIPTION ="" NAME ="SQ_WI_DRR_SALES_ACNT_MEASURE_FNL" REUSABLE ="NO" TRANSFORMATION_NAME ="SQ_WI_DRR_SALES_ACNT_MEASURE_FNL" TRANSFORMATION_TYPE ="Source Qualifier" TYPE ="TRANSFORMATION">
            <ASSOCIATED_SOURCE_INSTANCE NAME ="WI_DRR_SALES_ACNT_MEASURE_FNL"/>
            <ASSOCIATED_SOURCE_INSTANCE NAME ="MT_SLS_ACNT_RSTD_MSR_DRR_NG1"/>
        </INSTANCE>
        <INSTANCE DESCRIPTION ="" NAME ="SQ_WI_DRR_SALES_ACNT_MEASURE_FNL1" REUSABLE ="NO" TRANSFORMATION_NAME ="SQ_WI_DRR_SALES_ACNT_MEASURE_FNL1" TRANSFORMATION_TYPE ="Source Qualifier" TYPE ="TRANSFORMATION">
            <ASSOCIATED_SOURCE_INSTANCE NAME ="MT_SLS_ACNT_RSTD_MSR_DRR_NG1"/>
        </INSTANCE>
        <INSTANCE DBDNAME ="TDDEV" DESCRIPTION ="" NAME ="MT_SLS_ACNT_RSTD_MSR_DRR_NG1" TRANSFORMATION_NAME ="MT_SLS_ACNT_RSTD_MSR_DRR_NG" TRANSFORMATION_TYPE ="Source Definition" TYPE ="SOURCE"/>
        <CONNECTOR FROMFIELD ="BOOKINGS_MEASURE_KEY" FROMINSTANCE ="SQ_WI_DRR_SALES_ACNT_MEASURE_FNL" FROMINSTANCETYPE ="Source Qualifier" TOFIELD ="BOOKINGS_MEASURE_KEY" TOINSTANCE ="WI_DRR_SALES_ACNT_MSRE_FNL_DEL" TOINSTANCETYPE ="Target Definition"/>
        <CONNECTOR FROMFIELD ="BOOKINGS_PROCESS_DATE" FROMINSTANCE ="SQ_WI_DRR_SALES_ACNT_MEASURE_FNL" FROMINSTANCETYPE ="Source Qualifier" TOFIELD ="BOOKINGS_PROCESS_DATE" TOINSTANCE ="WI_DRR_SALES_ACNT_MSRE_FNL_DEL" TOINSTANCETYPE ="Target Definition"/>
        <CONNECTOR FROMFIELD ="BKGS_MEASURE_TRANS_TYPE_CODE" FROMINSTANCE ="SQ_WI_DRR_SALES_ACNT_MEASURE_FNL" FROMINSTANCETYPE ="Source Qualifier" TOFIELD ="BKGS_MEASURE_TRANS_TYPE_CODE" TOINSTANCE ="WI_DRR_SALES_ACNT_MSRE_FNL_DEL" TOINSTANCETYPE ="Target Definition"/>
        <CONNECTOR FROMFIELD ="DV_END_CUST_PARTY_KEY" FROMINSTANCE ="SQ_WI_DRR_SALES_ACNT_MEASURE_FNL" FROMINSTANCETYPE ="Source Qualifier" TOFIELD ="DV_END_CUST_PARTY_KEY" TOINSTANCE ="WI_DRR_SALES_ACNT_MSRE_FNL_DEL" TOINSTANCETYPE ="Target Definition"/>
        <CONNECTOR FROMFIELD ="NEW_SA_MEMBER_ID_INT" FROMINSTANCE ="SQ_WI_DRR_SALES_ACNT_MEASURE_FNL" FROMINSTANCETYPE ="Source Qualifier" TOFIELD ="NEW_SA_MEMBER_ID_INT" TOINSTANCE ="WI_DRR_SALES_ACNT_MSRE_FNL_DEL" TOINSTANCETYPE ="Target Definition"/>
        <CONNECTOR FROMFIELD ="LINK_CUSTOMER_PARTY_KEY" FROMINSTANCE ="SQ_WI_DRR_SALES_ACNT_MEASURE_FNL" FROMINSTANCETYPE ="Source Qualifier" TOFIELD ="LINK_CUSTOMER_PARTY_KEY" TOINSTANCE ="WI_DRR_SALES_ACNT_MSRE_FNL_DEL" TOINSTANCETYPE ="Target Definition"/>
        <CONNECTOR FROMFIELD ="SALES_ACCOUNT_GROUP_PARTY_KEY" FROMINSTANCE ="SQ_WI_DRR_SALES_ACNT_MEASURE_FNL" FROMINSTANCETYPE ="Source Qualifier" TOFIELD ="SALES_ACCOUNT_GROUP_PARTY_KEY" TOINSTANCE ="WI_DRR_SALES_ACNT_MSRE_FNL_DEL" TOINSTANCETYPE ="Target Definition"/>
        <CONNECTOR FROMFIELD ="REASON_DESC_END_CUST" FROMINSTANCE ="SQ_WI_DRR_SALES_ACNT_MEASURE_FNL" FROMINSTANCETYPE ="Source Qualifier" TOFIELD ="REASON_DESC_END_CUST" TOINSTANCE ="WI_DRR_SALES_ACNT_MSRE_FNL_DEL" TOINSTANCETYPE ="Target Definition"/>
        <CONNECTOR FROMFIELD ="REASON_DESCR" FROMINSTANCE ="SQ_WI_DRR_SALES_ACNT_MEASURE_FNL" FROMINSTANCETYPE ="Source Qualifier" TOFIELD ="REASON_DESCR" TOINSTANCE ="WI_DRR_SALES_ACNT_MSRE_FNL_DEL" TOINSTANCETYPE ="Target Definition"/>
        <CONNECTOR FROMFIELD ="SALES_CREDIT_SPLIT_PCT" FROMINSTANCE ="SQ_WI_DRR_SALES_ACNT_MEASURE_FNL" FROMINSTANCETYPE ="Source Qualifier" TOFIELD ="SALES_CREDIT_SPLIT_PCT" TOINSTANCE ="WI_DRR_SALES_ACNT_MSRE_FNL_DEL" TOINSTANCETYPE ="Target Definition"/>
        <CONNECTOR FROMFIELD ="SLS_ACCT_GROUP_SALES_TERR_KEY" FROMINSTANCE ="SQ_WI_DRR_SALES_ACNT_MEASURE_FNL" FROMINSTANCETYPE ="Source Qualifier" TOFIELD ="SLS_ACCT_GROUP_SALES_TERR_KEY" TOINSTANCE ="WI_DRR_SALES_ACNT_MSRE_FNL_DEL" TOINSTANCETYPE ="Target Definition"/>
        <CONNECTOR FROMFIELD ="SALES_REP_NUM" FROMINSTANCE ="SQ_WI_DRR_SALES_ACNT_MEASURE_FNL" FROMINSTANCETYPE ="Source Qualifier" TOFIELD ="SALES_REP_NUM" TOINSTANCE ="WI_DRR_SALES_ACNT_MSRE_FNL_DEL" TOINSTANCETYPE ="Target Definition"/>
        <CONNECTOR FROMFIELD ="EP_OTM_TERRITORY_ID_INT" FROMINSTANCE ="SQ_WI_DRR_SALES_ACNT_MEASURE_FNL" FROMINSTANCETYPE ="Source Qualifier" TOFIELD ="EP_OTM_TERRITORY_ID_INT" TOINSTANCE ="WI_DRR_SALES_ACNT_MSRE_FNL_DEL" TOINSTANCETYPE ="Target Definition"/>
        <CONNECTOR FROMFIELD ="BKGS_MEASURE_TRANS_TYPE_CD" FROMINSTANCE ="SQ_WI_DRR_SALES_ACNT_MEASURE_FNL1" FROMINSTANCETYPE ="Source Qualifier" TOFIELD ="BKGS_MEASURE_TRANS_TYPE_CD" TOINSTANCE ="MT_SLS_ACNT_RSTD_MSR_DRR_NG" TOINSTANCETYPE ="Target Definition"/>
        <CONNECTOR FROMFIELD ="DV_END_CUST_PARTY_KEY" FROMINSTANCE ="SQ_WI_DRR_SALES_ACNT_MEASURE_FNL1" FROMINSTANCETYPE ="Source Qualifier" TOFIELD ="DV_END_CUST_PARTY_KEY" TOINSTANCE ="MT_SLS_ACNT_RSTD_MSR_DRR_NG" TOINSTANCETYPE ="Target Definition"/>
        <CONNECTOR FROMFIELD ="BK_SA_MEMBER_ID_INT" FROMINSTANCE ="SQ_WI_DRR_SALES_ACNT_MEASURE_FNL1" FROMINSTANCETYPE ="Source Qualifier" TOFIELD ="BK_SA_MEMBER_ID_INT" TOINSTANCE ="MT_SLS_ACNT_RSTD_MSR_DRR_NG" TOINSTANCETYPE ="Target Definition"/>
        <CONNECTOR FROMFIELD ="LINK_CUSTOMER_PARTY_KEY" FROMINSTANCE ="SQ_WI_DRR_SALES_ACNT_MEASURE_FNL1" FROMINSTANCETYPE ="Source Qualifier" TOFIELD ="LINK_CUSTOMER_PARTY_KEY" TOINSTANCE ="MT_SLS_ACNT_RSTD_MSR_DRR_NG" TOINSTANCETYPE ="Target Definition"/>
        <CONNECTOR FROMFIELD ="SALES_ACCOUNT_GROUP_PARTY_KEY" FROMINSTANCE ="SQ_WI_DRR_SALES_ACNT_MEASURE_FNL1" FROMINSTANCETYPE ="Source Qualifier" TOFIELD ="SALES_ACCOUNT_GROUP_PARTY_KEY" TOINSTANCE ="MT_SLS_ACNT_RSTD_MSR_DRR_NG" TOINSTANCETYPE ="Target Definition"/>
        <CONNECTOR FROMFIELD ="DV_END_CUST_REASON_DESCR" FROMINSTANCE ="SQ_WI_DRR_SALES_ACNT_MEASURE_FNL1" FROMINSTANCETYPE ="Source Qualifier" TOFIELD ="DV_END_CUST_REASON_DESCR" TOINSTANCE ="MT_SLS_ACNT_RSTD_MSR_DRR_NG" TOINSTANCETYPE ="Target Definition"/>
        <CONNECTOR FROMFIELD ="BOOKINGS_PROCESS_DT" FROMINSTANCE ="SQ_WI_DRR_SALES_ACNT_MEASURE_FNL1" FROMINSTANCETYPE ="Source Qualifier" TOFIELD ="BOOKINGS_PROCESS_DT" TOINSTANCE ="MT_SLS_ACNT_RSTD_MSR_DRR_NG" TOINSTANCETYPE ="Target Definition"/>
        <CONNECTOR FROMFIELD ="DV_END_CUST_OWNERSHIP_SPLT_PCT" FROMINSTANCE ="SQ_WI_DRR_SALES_ACNT_MEASURE_FNL1" FROMINSTANCETYPE ="Source Qualifier" TOFIELD ="DV_END_CUST_OWNERSHIP_SPLT_PCT" TOINSTANCE ="MT_SLS_ACNT_RSTD_MSR_DRR_NG" TOINSTANCETYPE ="Target Definition"/>
        <CONNECTOR FROMFIELD ="DV_RSTMT_REASON_CD" FROMINSTANCE ="SQ_WI_DRR_SALES_ACNT_MEASURE_FNL1" FROMINSTANCETYPE ="Source Qualifier" TOFIELD ="DV_RSTMT_REASON_CD" TOINSTANCE ="MT_SLS_ACNT_RSTD_MSR_DRR_NG" TOINSTANCETYPE ="Target Definition"/>
        <CONNECTOR FROMFIELD ="BOOKINGS_MEASURE_KEY" FROMINSTANCE ="SQ_WI_DRR_SALES_ACNT_MEASURE_FNL1" FROMINSTANCETYPE ="Source Qualifier" TOFIELD ="BOOKINGS_MEASURE_KEY" TOINSTANCE ="MT_SLS_ACNT_RSTD_MSR_DRR_NG" TOINSTANCETYPE ="Target Definition"/>
        <CONNECTOR FROMFIELD ="LAST_UPDATED_DTM" FROMINSTANCE ="SQ_WI_DRR_SALES_ACNT_MEASURE_FNL1" FROMINSTANCETYPE ="Source Qualifier" TOFIELD ="LAST_UPDATED_DTM" TOINSTANCE ="MT_SLS_ACNT_RSTD_MSR_DRR_NG" TOINSTANCETYPE ="Target Definition"/>
        <CONNECTOR FROMFIELD ="EDW_CREATE_DTM" FROMINSTANCE ="SQ_WI_DRR_SALES_ACNT_MEASURE_FNL1" FROMINSTANCETYPE ="Source Qualifier" TOFIELD ="EDW_CREATE_DTM" TOINSTANCE ="MT_SLS_ACNT_RSTD_MSR_DRR_NG" TOINSTANCETYPE ="Target Definition"/>
        <CONNECTOR FROMFIELD ="EDW_CREATE_USER" FROMINSTANCE ="SQ_WI_DRR_SALES_ACNT_MEASURE_FNL1" FROMINSTANCETYPE ="Source Qualifier" TOFIELD ="EDW_CREATE_USER" TOINSTANCE ="MT_SLS_ACNT_RSTD_MSR_DRR_NG" TOINSTANCETYPE ="Target Definition"/>
        <CONNECTOR FROMFIELD ="EDW_UPDATE_DTM" FROMINSTANCE ="SQ_WI_DRR_SALES_ACNT_MEASURE_FNL1" FROMINSTANCETYPE ="Source Qualifier" TOFIELD ="EDW_UPDATE_DTM" TOINSTANCE ="MT_SLS_ACNT_RSTD_MSR_DRR_NG" TOINSTANCETYPE ="Target Definition"/>
        <CONNECTOR FROMFIELD ="EDW_UPDATE_USER" FROMINSTANCE ="SQ_WI_DRR_SALES_ACNT_MEASURE_FNL1" FROMINSTANCETYPE ="Source Qualifier" TOFIELD ="EDW_UPDATE_USER" TOINSTANCE ="MT_SLS_ACNT_RSTD_MSR_DRR_NG" TOINSTANCETYPE ="Target Definition"/>
        <CONNECTOR FROMFIELD ="SALES_REP_NUM" FROMINSTANCE ="SQ_WI_DRR_SALES_ACNT_MEASURE_FNL1" FROMINSTANCETYPE ="Source Qualifier" TOFIELD ="SALES_REP_NUM" TOINSTANCE ="MT_SLS_ACNT_RSTD_MSR_DRR_NG" TOINSTANCETYPE ="Target Definition"/>
        <CONNECTOR FROMFIELD ="SALES_TERRITORY_KEY" FROMINSTANCE ="SQ_WI_DRR_SALES_ACNT_MEASURE_FNL1" FROMINSTANCETYPE ="Source Qualifier" TOFIELD ="SALES_TERRITORY_KEY" TOINSTANCE ="MT_SLS_ACNT_RSTD_MSR_DRR_NG" TOINSTANCETYPE ="Target Definition"/>
        <CONNECTOR FROMFIELD ="EP_OTM_TERRITORY_ID_INT" FROMINSTANCE ="SQ_WI_DRR_SALES_ACNT_MEASURE_FNL1" FROMINSTANCETYPE ="Source Qualifier" TOFIELD ="EP_OTM_TERRITORY_ID_INT" TOINSTANCE ="MT_SLS_ACNT_RSTD_MSR_DRR_NG" TOINSTANCETYPE ="Target Definition"/>
        <CONNECTOR FROMFIELD ="PROCESS_TYPE" FROMINSTANCE ="SQ_WI_DRR_SALES_ACNT_MEASURE_FNL1" FROMINSTANCETYPE ="Source Qualifier" TOFIELD ="PROCESS_TYPE" TOINSTANCE ="MT_SLS_ACNT_RSTD_MSR_DRR_NG" TOINSTANCETYPE ="Target Definition"/>
        <CONNECTOR FROMFIELD ="DV_FIN_ADJ_KEY" FROMINSTANCE ="SQ_WI_DRR_SALES_ACNT_MEASURE_FNL1" FROMINSTANCETYPE ="Source Qualifier" TOFIELD ="DV_FIN_ADJ_KEY" TOINSTANCE ="MT_SLS_ACNT_RSTD_MSR_DRR_NG" TOINSTANCETYPE ="Target Definition"/>
        <CONNECTOR FROMFIELD ="SK_SEQUENCE_ID" FROMINSTANCE ="SQ_WI_DRR_SALES_ACNT_MEASURE_FNL1" FROMINSTANCETYPE ="Source Qualifier" TOFIELD ="SK_SEQUENCE_ID" TOINSTANCE ="MT_SLS_ACNT_RSTD_MSR_DRR_NG" TOINSTANCETYPE ="Target Definition"/>
        <CONNECTOR FROMFIELD ="BOOKINGS_MEASURE_KEY" FROMINSTANCE ="WI_DRR_SALES_ACNT_MEASURE_FNL" FROMINSTANCETYPE ="Source Definition" TOFIELD ="BOOKINGS_MEASURE_KEY" TOINSTANCE ="SQ_WI_DRR_SALES_ACNT_MEASURE_FNL" TOINSTANCETYPE ="Source Qualifier"/>
        <CONNECTOR FROMFIELD ="BOOKINGS_PROCESS_DATE" FROMINSTANCE ="WI_DRR_SALES_ACNT_MEASURE_FNL" FROMINSTANCETYPE ="Source Definition" TOFIELD ="BOOKINGS_PROCESS_DATE" TOINSTANCE ="SQ_WI_DRR_SALES_ACNT_MEASURE_FNL" TOINSTANCETYPE ="Source Qualifier"/>
        <CONNECTOR FROMFIELD ="BKGS_MEASURE_TRANS_TYPE_CODE" FROMINSTANCE ="WI_DRR_SALES_ACNT_MEASURE_FNL" FROMINSTANCETYPE ="Source Definition" TOFIELD ="BKGS_MEASURE_TRANS_TYPE_CODE" TOINSTANCE ="SQ_WI_DRR_SALES_ACNT_MEASURE_FNL" TOINSTANCETYPE ="Source Qualifier"/>
        <CONNECTOR FROMFIELD ="DV_END_CUST_PARTY_KEY" FROMINSTANCE ="WI_DRR_SALES_ACNT_MEASURE_FNL" FROMINSTANCETYPE ="Source Definition" TOFIELD ="DV_END_CUST_PARTY_KEY" TOINSTANCE ="SQ_WI_DRR_SALES_ACNT_MEASURE_FNL" TOINSTANCETYPE ="Source Qualifier"/>
        <CONNECTOR FROMFIELD ="NEW_SA_MEMBER_ID_INT" FROMINSTANCE ="WI_DRR_SALES_ACNT_MEASURE_FNL" FROMINSTANCETYPE ="Source Definition" TOFIELD ="NEW_SA_MEMBER_ID_INT" TOINSTANCE ="SQ_WI_DRR_SALES_ACNT_MEASURE_FNL" TOINSTANCETYPE ="Source Qualifier"/>
        <CONNECTOR FROMFIELD ="LINK_CUSTOMER_PARTY_KEY" FROMINSTANCE ="WI_DRR_SALES_ACNT_MEASURE_FNL" FROMINSTANCETYPE ="Source Definition" TOFIELD ="LINK_CUSTOMER_PARTY_KEY" TOINSTANCE ="SQ_WI_DRR_SALES_ACNT_MEASURE_FNL" TOINSTANCETYPE ="Source Qualifier"/>
        <CONNECTOR FROMFIELD ="SALES_ACCOUNT_GROUP_PARTY_KEY" FROMINSTANCE ="WI_DRR_SALES_ACNT_MEASURE_FNL" FROMINSTANCETYPE ="Source Definition" TOFIELD ="SALES_ACCOUNT_GROUP_PARTY_KEY" TOINSTANCE ="SQ_WI_DRR_SALES_ACNT_MEASURE_FNL" TOINSTANCETYPE ="Source Qualifier"/>
        <CONNECTOR FROMFIELD ="REASON_DESC_END_CUST" FROMINSTANCE ="WI_DRR_SALES_ACNT_MEASURE_FNL" FROMINSTANCETYPE ="Source Definition" TOFIELD ="REASON_DESC_END_CUST" TOINSTANCE ="SQ_WI_DRR_SALES_ACNT_MEASURE_FNL" TOINSTANCETYPE ="Source Qualifier"/>
        <CONNECTOR FROMFIELD ="REASON_DESCR" FROMINSTANCE ="WI_DRR_SALES_ACNT_MEASURE_FNL" FROMINSTANCETYPE ="Source Definition" TOFIELD ="REASON_DESCR" TOINSTANCE ="SQ_WI_DRR_SALES_ACNT_MEASURE_FNL" TOINSTANCETYPE ="Source Qualifier"/>
        <CONNECTOR FROMFIELD ="SLS_ACCT_GROUP_SALES_TERR_KEY" FROMINSTANCE ="WI_DRR_SALES_ACNT_MEASURE_FNL" FROMINSTANCETYPE ="Source Definition" TOFIELD ="SLS_ACCT_GROUP_SALES_TERR_KEY" TOINSTANCE ="SQ_WI_DRR_SALES_ACNT_MEASURE_FNL" TOINSTANCETYPE ="Source Qualifier"/>
        <CONNECTOR FROMFIELD ="SALES_REP_NUM" FROMINSTANCE ="WI_DRR_SALES_ACNT_MEASURE_FNL" FROMINSTANCETYPE ="Source Definition" TOFIELD ="SALES_REP_NUM" TOINSTANCE ="SQ_WI_DRR_SALES_ACNT_MEASURE_FNL" TOINSTANCETYPE ="Source Qualifier"/>
        <CONNECTOR FROMFIELD ="EP_OTM_TERRITORY_ID_INT" FROMINSTANCE ="WI_DRR_SALES_ACNT_MEASURE_FNL" FROMINSTANCETYPE ="Source Definition" TOFIELD ="EP_OTM_TERRITORY_ID_INT" TOINSTANCE ="SQ_WI_DRR_SALES_ACNT_MEASURE_FNL" TOINSTANCETYPE ="Source Qualifier"/>
        <CONNECTOR FROMFIELD ="DV_END_CUST_OWNERSHIP_SPLT_PCT" FROMINSTANCE ="MT_SLS_ACNT_RSTD_MSR_DRR_NG1" FROMINSTANCETYPE ="Source Definition" TOFIELD ="SALES_CREDIT_SPLIT_PCT" TOINSTANCE ="SQ_WI_DRR_SALES_ACNT_MEASURE_FNL" TOINSTANCETYPE ="Source Qualifier"/>
        <CONNECTOR FROMFIELD ="BKGS_MEASURE_TRANS_TYPE_CD" FROMINSTANCE ="MT_SLS_ACNT_RSTD_MSR_DRR_NG1" FROMINSTANCETYPE ="Source Definition" TOFIELD ="BKGS_MEASURE_TRANS_TYPE_CD" TOINSTANCE ="SQ_WI_DRR_SALES_ACNT_MEASURE_FNL1" TOINSTANCETYPE ="Source Qualifier"/>
        <CONNECTOR FROMFIELD ="DV_END_CUST_PARTY_KEY" FROMINSTANCE ="MT_SLS_ACNT_RSTD_MSR_DRR_NG1" FROMINSTANCETYPE ="Source Definition" TOFIELD ="DV_END_CUST_PARTY_KEY" TOINSTANCE ="SQ_WI_DRR_SALES_ACNT_MEASURE_FNL1" TOINSTANCETYPE ="Source Qualifier"/>
        <CONNECTOR FROMFIELD ="BK_SA_MEMBER_ID_INT" FROMINSTANCE ="MT_SLS_ACNT_RSTD_MSR_DRR_NG1" FROMINSTANCETYPE ="Source Definition" TOFIELD ="BK_SA_MEMBER_ID_INT" TOINSTANCE ="SQ_WI_DRR_SALES_ACNT_MEASURE_FNL1" TOINSTANCETYPE ="Source Qualifier"/>
        <CONNECTOR FROMFIELD ="DV_END_CUST_OWNERSHIP_SPLT_PCT" FROMINSTANCE ="MT_SLS_ACNT_RSTD_MSR_DRR_NG1" FROMINSTANCETYPE ="Source Definition" TOFIELD ="DV_END_CUST_OWNERSHIP_SPLT_PCT" TOINSTANCE ="SQ_WI_DRR_SALES_ACNT_MEASURE_FNL1" TOINSTANCETYPE ="Source Qualifier"/>
        <CONNECTOR FROMFIELD ="LAST_UPDATED_DTM" FROMINSTANCE ="MT_SLS_ACNT_RSTD_MSR_DRR_NG1" FROMINSTANCETYPE ="Source Definition" TOFIELD ="LAST_UPDATED_DTM" TOINSTANCE ="SQ_WI_DRR_SALES_ACNT_MEASURE_FNL1" TOINSTANCETYPE ="Source Qualifier"/>
        <CONNECTOR FROMFIELD ="EDW_CREATE_DTM" FROMINSTANCE ="MT_SLS_ACNT_RSTD_MSR_DRR_NG1" FROMINSTANCETYPE ="Source Definition" TOFIELD ="EDW_CREATE_DTM" TOINSTANCE ="SQ_WI_DRR_SALES_ACNT_MEASURE_FNL1" TOINSTANCETYPE ="Source Qualifier"/>
        <CONNECTOR FROMFIELD ="EDW_CREATE_USER" FROMINSTANCE ="MT_SLS_ACNT_RSTD_MSR_DRR_NG1" FROMINSTANCETYPE ="Source Definition" TOFIELD ="EDW_CREATE_USER" TOINSTANCE ="SQ_WI_DRR_SALES_ACNT_MEASURE_FNL1" TOINSTANCETYPE ="Source Qualifier"/>
        <CONNECTOR FROMFIELD ="EDW_UPDATE_DTM" FROMINSTANCE ="MT_SLS_ACNT_RSTD_MSR_DRR_NG1" FROMINSTANCETYPE ="Source Definition" TOFIELD ="EDW_UPDATE_DTM" TOINSTANCE ="SQ_WI_DRR_SALES_ACNT_MEASURE_FNL1" TOINSTANCETYPE ="Source Qualifier"/>
        <CONNECTOR FROMFIELD ="EDW_UPDATE_USER" FROMINSTANCE ="MT_SLS_ACNT_RSTD_MSR_DRR_NG1" FROMINSTANCETYPE ="Source Definition" TOFIELD ="EDW_UPDATE_USER" TOINSTANCE ="SQ_WI_DRR_SALES_ACNT_MEASURE_FNL1" TOINSTANCETYPE ="Source Qualifier"/>
        <CONNECTOR FROMFIELD ="SALES_REP_NUM" FROMINSTANCE ="MT_SLS_ACNT_RSTD_MSR_DRR_NG1" FROMINSTANCETYPE ="Source Definition" TOFIELD ="SALES_REP_NUM" TOINSTANCE ="SQ_WI_DRR_SALES_ACNT_MEASURE_FNL1" TOINSTANCETYPE ="Source Qualifier"/>
        <CONNECTOR FROMFIELD ="SALES_TERRITORY_KEY" FROMINSTANCE ="MT_SLS_ACNT_RSTD_MSR_DRR_NG1" FROMINSTANCETYPE ="Source Definition" TOFIELD ="SALES_TERRITORY_KEY" TOINSTANCE ="SQ_WI_DRR_SALES_ACNT_MEASURE_FNL1" TOINSTANCETYPE ="Source Qualifier"/>
        <CONNECTOR FROMFIELD ="EP_OTM_TERRITORY_ID_INT" FROMINSTANCE ="MT_SLS_ACNT_RSTD_MSR_DRR_NG1" FROMINSTANCETYPE ="Source Definition" TOFIELD ="EP_OTM_TERRITORY_ID_INT" TOINSTANCE ="SQ_WI_DRR_SALES_ACNT_MEASURE_FNL1" TOINSTANCETYPE ="Source Qualifier"/>
        <CONNECTOR FROMFIELD ="PROCESS_TYPE" FROMINSTANCE ="MT_SLS_ACNT_RSTD_MSR_DRR_NG1" FROMINSTANCETYPE ="Source Definition" TOFIELD ="PROCESS_TYPE" TOINSTANCE ="SQ_WI_DRR_SALES_ACNT_MEASURE_FNL1" TOINSTANCETYPE ="Source Qualifier"/>
        <CONNECTOR FROMFIELD ="DV_FIN_ADJ_KEY" FROMINSTANCE ="MT_SLS_ACNT_RSTD_MSR_DRR_NG1" FROMINSTANCETYPE ="Source Definition" TOFIELD ="DV_FIN_ADJ_KEY" TOINSTANCE ="SQ_WI_DRR_SALES_ACNT_MEASURE_FNL1" TOINSTANCETYPE ="Source Qualifier"/>
        <CONNECTOR FROMFIELD ="DV_RSTMT_REASON_CD" FROMINSTANCE ="MT_SLS_ACNT_RSTD_MSR_DRR_NG1" FROMINSTANCETYPE ="Source Definition" TOFIELD ="DV_RSTMT_REASON_CD" TOINSTANCE ="SQ_WI_DRR_SALES_ACNT_MEASURE_FNL1" TOINSTANCETYPE ="Source Qualifier"/>
        <CONNECTOR FROMFIELD ="LINK_CUSTOMER_PARTY_KEY" FROMINSTANCE ="MT_SLS_ACNT_RSTD_MSR_DRR_NG1" FROMINSTANCETYPE ="Source Definition" TOFIELD ="LINK_CUSTOMER_PARTY_KEY" TOINSTANCE ="SQ_WI_DRR_SALES_ACNT_MEASURE_FNL1" TOINSTANCETYPE ="Source Qualifier"/>
        <CONNECTOR FROMFIELD ="SALES_ACCOUNT_GROUP_PARTY_KEY" FROMINSTANCE ="MT_SLS_ACNT_RSTD_MSR_DRR_NG1" FROMINSTANCETYPE ="Source Definition" TOFIELD ="SALES_ACCOUNT_GROUP_PARTY_KEY" TOINSTANCE ="SQ_WI_DRR_SALES_ACNT_MEASURE_FNL1" TOINSTANCETYPE ="Source Qualifier"/>
        <CONNECTOR FROMFIELD ="DV_END_CUST_REASON_DESCR" FROMINSTANCE ="MT_SLS_ACNT_RSTD_MSR_DRR_NG1" FROMINSTANCETYPE ="Source Definition" TOFIELD ="DV_END_CUST_REASON_DESCR" TOINSTANCE ="SQ_WI_DRR_SALES_ACNT_MEASURE_FNL1" TOINSTANCETYPE ="Source Qualifier"/>
        <CONNECTOR FROMFIELD ="BOOKINGS_MEASURE_KEY" FROMINSTANCE ="MT_SLS_ACNT_RSTD_MSR_DRR_NG1" FROMINSTANCETYPE ="Source Definition" TOFIELD ="BOOKINGS_MEASURE_KEY" TOINSTANCE ="SQ_WI_DRR_SALES_ACNT_MEASURE_FNL1" TOINSTANCETYPE ="Source Qualifier"/>
        <CONNECTOR FROMFIELD ="BOOKINGS_PROCESS_DT" FROMINSTANCE ="MT_SLS_ACNT_RSTD_MSR_DRR_NG1" FROMINSTANCETYPE ="Source Definition" TOFIELD ="BOOKINGS_PROCESS_DT" TOINSTANCE ="SQ_WI_DRR_SALES_ACNT_MEASURE_FNL1" TOINSTANCETYPE ="Source Qualifier"/>
        <TARGETLOADORDER ORDER ="1" TARGETINSTANCE ="WI_DRR_SALES_ACNT_MSRE_FNL_DEL"/>
        <TARGETLOADORDER ORDER ="2" TARGETINSTANCE ="MT_SLS_ACNT_RSTD_MSR_DRR_NG"/>
        <MAPPINGVARIABLE DATATYPE ="string" DEFAULTVALUE ="" DESCRIPTION ="" ISEXPRESSIONVARIABLE ="NO" ISPARAM ="YES" NAME ="$$STGDB" PRECISION ="30" SCALE ="0" USERDEFINED ="YES"/>
        <MAPPINGVARIABLE DATATYPE ="string" DEFAULTVALUE ="" DESCRIPTION ="" ISEXPRESSIONVARIABLE ="NO" ISPARAM ="YES" NAME ="$$SLSORDVWDB" PRECISION ="30" SCALE ="0" USERDEFINED ="YES"/>
        <MAPPINGVARIABLE DATATYPE ="string" DEFAULTVALUE ="" DESCRIPTION ="" ISEXPRESSIONVARIABLE ="NO" ISPARAM ="YES" NAME ="$$ETLVWDB" PRECISION ="30" SCALE ="0" USERDEFINED ="YES"/>
        <MAPPINGVARIABLE DATATYPE ="string" DEFAULTVALUE ="" DESCRIPTION ="" ISEXPRESSIONVARIABLE ="NO" ISPARAM ="YES" NAME ="$$COMREFVWDB" PRECISION ="30" SCALE ="0" USERDEFINED ="YES"/>
        <ERPINFO/>
    </MAPPING>
    <CONFIG DESCRIPTION ="Default session configuration object" ISDEFAULT ="YES" NAME ="default_session_config" VERSIONNUMBER ="27">
        <ATTRIBUTE NAME ="Advanced" VALUE =""/>
        <ATTRIBUTE NAME ="Constraint based load ordering" VALUE ="NO"/>
        <ATTRIBUTE NAME ="Cache LOOKUP() function" VALUE ="YES"/>
        <ATTRIBUTE NAME ="Default buffer block size" VALUE ="Auto"/>
        <ATTRIBUTE NAME ="Line Sequential buffer length" VALUE ="1024"/>
        <ATTRIBUTE NAME ="Maximum Memory Allowed For Auto Memory Attributes" VALUE ="512MB"/>
        <ATTRIBUTE NAME ="Maximum Percentage of Total Memory Allowed For Auto Memory Attributes" VALUE ="5"/>
        <ATTRIBUTE NAME ="Additional Concurrent Pipelines for Lookup Cache Creation" VALUE ="Auto"/>
        <ATTRIBUTE NAME ="Custom Properties" VALUE =""/>
        <ATTRIBUTE NAME ="Pre-build lookup cache" VALUE ="Auto"/>
        <ATTRIBUTE NAME ="Optimization Level" VALUE ="Medium"/>
        <ATTRIBUTE NAME ="DateTime Format String" VALUE ="MM/DD/YYYY HH24:MI:SS"/>
        <ATTRIBUTE NAME ="Pre 85 Timestamp Compatibility" VALUE ="YES"/>
        <ATTRIBUTE NAME ="Log Options" VALUE ="0"/>
        <ATTRIBUTE NAME ="Save session log by" VALUE ="Session runs"/>
        <ATTRIBUTE NAME ="Save session log for these runs" VALUE ="5"/>
        <ATTRIBUTE NAME ="Session Log File Max Size" VALUE ="0"/>
        <ATTRIBUTE NAME ="Session Log File Max Time Period" VALUE ="0"/>
        <ATTRIBUTE NAME ="Maximum Partial Session Log Files" VALUE ="1"/>
        <ATTRIBUTE NAME ="Writer Commit Statistics Log Frequency" VALUE ="1"/>
        <ATTRIBUTE NAME ="Writer Commit Statistics Log Interval" VALUE ="0"/>
        <ATTRIBUTE NAME ="Error handling" VALUE =""/>
        <ATTRIBUTE NAME ="Stop on errors" VALUE ="0"/>
        <ATTRIBUTE NAME ="Override tracing" VALUE ="None"/>
        <ATTRIBUTE NAME ="On Stored Procedure error" VALUE ="Stop"/>
        <ATTRIBUTE NAME ="On Pre-session command task error" VALUE ="Stop"/>
        <ATTRIBUTE NAME ="On Pre-Post SQL error" VALUE ="Stop"/>
        <ATTRIBUTE NAME ="Enable Recovery" VALUE ="NO"/>
        <ATTRIBUTE NAME ="Error Log Type" VALUE ="None"/>
        <ATTRIBUTE NAME ="Error Log Table Name Prefix" VALUE =""/>
        <ATTRIBUTE NAME ="Error Log File Name" VALUE ="PMError.log"/>
        <ATTRIBUTE NAME ="Log Source Row Data" VALUE ="NO"/>
        <ATTRIBUTE NAME ="Data Column Delimiter" VALUE ="|"/>
        <ATTRIBUTE NAME ="Partitioning Options" VALUE =""/>
        <ATTRIBUTE NAME ="Dynamic Partitioning" VALUE ="Disabled"/>
        <ATTRIBUTE NAME ="Number of Partitions" VALUE ="1"/>
        <ATTRIBUTE NAME ="Multiplication Factor" VALUE ="Auto"/>
        <ATTRIBUTE NAME ="Session on Grid" VALUE =""/>
        <ATTRIBUTE NAME ="Is Enabled" VALUE ="NO"/>
    </CONFIG>
    <WORKFLOW DESCRIPTION ="" ISENABLED ="YES" ISRUNNABLESERVICE ="NO" ISSERVICE ="NO" ISVALID ="YES" NAME ="wf_MT_SLS_ACNT_RSTD_MSR_DRR_NG" REUSABLE_SCHEDULER ="NO" SCHEDULERNAME ="Scheduler" SUSPEND_ON_ERROR ="NO" TASKS_MUST_RUN_ON_SERVER ="NO" VERSIONNUMBER ="3">
        <SCHEDULER DESCRIPTION ="" NAME ="Scheduler" REUSABLE ="NO" VERSIONNUMBER ="3">
            <SCHEDULEINFO SCHEDULETYPE ="ONDEMAND"/>
        </SCHEDULER>
        <TASK DESCRIPTION ="" NAME ="Start" REUSABLE ="NO" TYPE ="Start" VERSIONNUMBER ="3"/>
        <SESSION DESCRIPTION ="" ISVALID ="YES" MAPPINGNAME ="m_MT_SLS_ACNT_RSTD_MSR_DRR_NG" NAME ="s_m_MT_SALES_ACNT_RSTD_MSR_DRR_NG" REUSABLE ="NO" SORTORDER ="Binary" VERSIONNUMBER ="3">
            <SESSTRANSFORMATIONINST ISREPARTITIONPOINT ="YES" PARTITIONTYPE ="PASS THROUGH" PIPELINE ="1" SINSTANCENAME ="WI_DRR_SALES_ACNT_MSRE_FNL_DEL" STAGE ="1" TRANSFORMATIONNAME ="WI_DRR_SALES_ACNT_MSRE_FNL_DEL" TRANSFORMATIONTYPE ="Target Definition">
                <ATTRIBUTE NAME ="Table Name Prefix" VALUE ="$$STGDB"/>
                <ATTRIBUTE NAME ="Pre SQL" VALUE ="DELETE FROM $$STGDB.WI_DRR_SALES_ACNT_MSRE_FNL_DEL ALL ;"/>
                <ATTRIBUTE NAME ="Post SQL" VALUE ="CALL COLLECT_STATS_WRAP (&apos;$$STGDB&apos;,&apos;WI_DRR_SALES_ACNT_MEASURE_FNL&apos;,&apos;D&apos;);&#xD;&#xA;&#xD;&#xA;CALL COLLECT_STATS_WRAP (&apos;$$STGDB&apos;,&apos;WI_DRR_SALES_ACNT_MSRE_FNL_DEL&apos;,&apos;D&apos;);&#xD;&#xA;              &#xD;&#xA;DELETE FROM $$STGDB.WI_DRR_SALES_ACNT_MSRE_FNL_DEL&#xD;&#xA; WHERE (BOOKINGS_MEASURE_KEY,BOOKINGS_PROCESS_DATE,BKGS_MEASURE_TRANS_TYPE_CODE) IN &#xD;&#xA;     ( SELECT BOOKINGS_MEASURE_KEY,BOOKINGS_PROCESS_DATE,BKGS_MEASURE_TRANS_TYPE_CODE&#xD;&#xA;         FROM $$STGDB.WI_DRR_SALES_ACNT_MSRE_FNL_DEL&#xD;&#xA;  GROUP BY 1,2,3&#xD;&#xA;        HAVING SUM(SALES_CREDIT_SPLIT_PCT) &lt;&gt; 100&#xD;&#xA;      );    &#xD;&#xA;&#xD;&#xA;DELETE FROM $$STGDB.WI_DRR_SALES_ACNT_MEASURE_FNL WI_FNL&#xD;&#xA;WHERE EXISTS&#xD;&#xA;(&#xD;&#xA; SELECT 1&#xD;&#xA;   FROM $$STGDB.WI_DRR_SALES_ACNT_MSRE_FNL_DEL F_DEL&#xD;&#xA;  WHERE F_DEL.BOOKINGS_MEASURE_KEY=WI_FNL.BOOKINGS_MEASURE_KEY&#xD;&#xA;    AND F_DEL.BOOKINGS_PROCESS_DATE=WI_FNL.BOOKINGS_PROCESS_DATE&#xD;&#xA;    AND F_DEL.BKGS_MEASURE_TRANS_TYPE_CODE=WI_FNL.BKGS_MEASURE_TRANS_TYPE_CODE&#xD;&#xA;);&#xD;&#xA;&#xD;&#xA;CALL COLLECT_STATS_WRAP (&apos;$$STGDB&apos;,&apos;WI_DRR_SALES_ACNT_MEASURE_FNL&apos;,&apos;D&apos;);"/>
                <ATTRIBUTE NAME ="Target Table Name" VALUE ="WI_DRR_SALES_ACNT_MSRE_FNL_DEL"/>
            </SESSTRANSFORMATIONINST>
            <SESSTRANSFORMATIONINST ISREPARTITIONPOINT ="YES" PARTITIONTYPE ="PASS THROUGH" PIPELINE ="2" SINSTANCENAME ="MT_SLS_ACNT_RSTD_MSR_DRR_NG" STAGE ="2" TRANSFORMATIONNAME ="MT_SLS_ACNT_RSTD_MSR_DRR_NG" TRANSFORMATIONTYPE ="Target Definition">
                <ATTRIBUTE NAME ="Table Name Prefix" VALUE ="$$SLSORDVWDB"/>
                <ATTRIBUTE NAME ="Pre SQL" VALUE ="INSERT INTO $$SLSORDVWDB.MT_SLS_ACNT_RSTD_MSR_DRRNG_DEL&#xD;&#xA;SELECT &#xD;&#xA;BOOKINGS_MEASURE_KEY,&#xD;&#xA;BOOKINGS_PROCESS_DT,&#xD;&#xA;BKGS_MEASURE_TRANS_TYPE_CD,&#xD;&#xA;DV_END_CUST_PARTY_KEY,&#xD;&#xA;BK_SA_MEMBER_ID_INT,&#xD;&#xA;LINK_CUSTOMER_PARTY_KEY,&#xD;&#xA;SALES_ACCOUNT_GROUP_PARTY_KEY,&#xD;&#xA;DV_END_CUST_REASON_DESCR,&#xD;&#xA;DV_END_CUST_OWNERSHIP_SPLT_PCT,&#xD;&#xA;LAST_UPDATED_DTM,&#xD;&#xA;CURRENT_TIMESTAMP(0) AS EDW_CREATE_DTM,&#xD;&#xA;USER AS  EDW_CREATE_USER,&#xD;&#xA;CURRENT_TIMESTAMP(0) AS EDW_UPDATE_DTM,&#xD;&#xA;USER AS EDW_UPDATE_USER,&#xD;&#xA;SALES_REP_NUM,&#xD;&#xA;SALES_TERRITORY_KEY,&#xD;&#xA;EP_OTM_TERRITORY_ID_INT,&#xD;&#xA;PROCESS_TYPE,&#xD;&#xA;DV_FIN_ADJ_KEY,&#xD;&#xA;DV_RSTMT_REASON_CD,&#xD;&#xA;SK_SEQUENCE_ID&#xD;&#xA;FROM $$SLSORDVWDB.MT_SLS_ACNT_RSTD_MSR_DRR_NG MSARM&#xD;&#xA;WHERE EXISTS&#xD;&#xA;(SELECT 1  &#xD;&#xA;   FROM $$STGDB.WI_DRR_SALES_ACNT_MEASURE_FNL WSARMF&#xD;&#xA;  WHERE WSARMF.BOOKINGS_MEASURE_KEY = MSARM.BOOKINGS_MEASURE_KEY&#xD;&#xA;    AND WSARMF.BOOKINGS_PROCESS_DATE = MSARM.BOOKINGS_PROCESS_DT&#xD;&#xA;    AND WSARMF.BKGS_MEASURE_TRANS_TYPE_CODE = MSARM.BKGS_MEASURE_TRANS_TYPE_CD&#xD;&#xA;);&#xD;&#xA;&#xD;&#xA;&#xD;&#xA;DELETE FROM $$SLSORDVWDB.MT_SLS_ACNT_RSTD_MSR_DRR_NG MSARM&#xD;&#xA;WHERE EXISTS&#xD;&#xA;(   SELECT 1  &#xD;&#xA;   FROM $$STGDB.WI_DRR_SALES_ACNT_MEASURE_FNL WSARMF&#xD;&#xA;  WHERE WSARMF.BOOKINGS_MEASURE_KEY = MSARM.BOOKINGS_MEASURE_KEY&#xD;&#xA;    AND WSARMF.BOOKINGS_PROCESS_DATE = MSARM.BOOKINGS_PROCESS_DT&#xD;&#xA;    AND WSARMF.BKGS_MEASURE_TRANS_TYPE_CODE = MSARM.BKGS_MEASURE_TRANS_TYPE_CD&#xD;&#xA;);"/>
                <ATTRIBUTE NAME ="Post SQL" VALUE ="CALL COLLECT_STATS_WRAP(&apos;$$SLSORDDB&apos;,&apos;MT_SLS_ACNT_RSTD_MSR_DRR_NG&apos;,&apos;W&apos;);&#xD;&#xA;&#xD;&#xA;UPDATE $$ETLVWDB.DW_JOB_STREAMS SET LAST_EXTRACT_DATE=(SEL MAX(EDW_UPDATE_DTM) FROM $$SLSORDVWDB.MT_SLS_ACNT_RSTD_MSR_DRR_NG)&#xD;&#xA;WHERE  JOB_STREAM_ID=&apos;wf_MT_SLS_ACNT_RSTD_MSR_DRR_NG&apos;;&#xD;&#xA;&#xD;&#xA;UPDATE $$ETLVWDB.WI_DRR_PROCESS_CONTROL&#xD;&#xA;SET BKG_EXTRACT_DATE=(SEL COALESCE(MAX(EDW_UPDATE_DTM),CAST(&apos;1900-01-01 00:00:00&apos; AS TIMESTAMP(0))) FROM $$SLSORDVWDB.MT_SLS_ACNT_RSTD_MSR_DRR_NG)&#xD;&#xA;WHERE ACTIVE_FLAG=&apos;Y&apos;;&#xD;&#xA;&#xD;&#xA;UPDATE $$ETLVWDB.WI_DRR_PROCESS_CONTROL&#xD;&#xA;SET NAMD_ACNT_EXTRACT_DATE=(SEL COALESCE(MAX(EDW_UPDATE_DTM),CAST(&apos;1900-01-01 00:00:00&apos; AS TIMESTAMP(0))) FROM $$SLSORDVWDB.MT_SLS_ACNT_RSTD_MSR_DRR_NG)&#xD;&#xA;WHERE ACTIVE_FLAG=&apos;Y&apos;;&#xD;&#xA;&#xD;&#xA;DELETE FROM $$STGDB.WI_PARTNER_CHANGE ALL;&#xD;&#xA;INSERT INTO $$STGDB.WI_PARTNER_CHANGE &#xD;&#xA;SELECT &#xD;&#xA;MT.BOOKINGS_MEASURE_KEY,&#xD;&#xA;MT.BOOKINGS_PROCESS_DT,&#xD;&#xA;MT.BKGS_MEASURE_TRANS_TYPE_CD,&#xD;&#xA;MT.DV_END_CUST_PARTY_KEY,&#xD;&#xA;MT.SALES_ACCOUNT_GROUP_PARTY_KEY,&#xD;&#xA;COALESCE(MPH.PARTNER_SITE_PARTY_KEY , -999)   AS PARTNER_SITE_PARTY_KEY ,&#xD;&#xA;COALESCE(BK_PGTMV_PARTNER_ID_INT, -999 ) AS BK_PGTMV_PARTNER_ID_INT , &#xD;&#xA;COALESCE(DD_PGTMV_BE_GEO_ID_INT ,-999) AS DD_PGTMV_BE_GEO_ID_INT &#xD;&#xA;FROM $$SLSORDVWDB.MT_SLS_ACNT_RSTD_MSR_DRR_NG MT &#xD;&#xA;INNER JOIN $$SLSORDVWDB.N_BOOKINGS_MEASURE NBM &#xD;&#xA;ON MT.BOOKINGS_MEASURE_KEY = NBM.BOOKINGS_MEASURE_KEY&#xD;&#xA;AND MT.BKGS_MEASURE_TRANS_TYPE_CD = NBM.BKGS_MEASURE_TRANS_TYPE_CODE&#xD;&#xA;AND MT.BOOKINGS_PROCESS_DT = NBM.BOOKINGS_PROCESS_DATE&#xD;&#xA;INNER JOIN $$SLSORDVWDB.N_BOOKINGS_CHANNEL_MEASURE NBCM&#xD;&#xA;ON NBCM.BOOKINGS_MEASURE_KEY = NBM.BOOKINGS_MEASURE_KEY&#xD;&#xA;AND NBCM.BKGS_MEASURE_TRANS_TYPE_CODE = NBM.BKGS_MEASURE_TRANS_TYPE_CODE&#xD;&#xA;AND NBCM.BOOKINGS_PROCESS_DATE = NBM.BOOKINGS_PROCESS_DATE&#xD;&#xA;LEFT JOIN $$COMREFVWDB.MT_PARTNER_HIERARCHY MPH&#xD;&#xA;ON MPH.PARTNER_SITE_PARTY_KEY &gt; 0&#xD;&#xA;AND MPH.PARTNER_SITE_PARTY_KEY = NBCM.PARTNER_SITE_PARTY_KEY&#xD;&#xA;WHERE DV_RSTMT_REASON_CD IN (&apos;PL_SINGLE&apos;,&apos;PL_MTPL_BKGS_TERR&apos;,&apos;PL_NA&apos;,&apos;PL_NA_RPLCD_NODE&apos;) &#xD;&#xA;GROUP BY 1,2,3,4,5,6,7,8 ;"/>
                <ATTRIBUTE NAME ="Target Table Name" VALUE ="MT_SLS_ACNT_RSTD_MSR_DRR_NG"/>
            </SESSTRANSFORMATIONINST>
            <SESSTRANSFORMATIONINST ISREPARTITIONPOINT ="NO" PIPELINE ="0" SINSTANCENAME ="WI_DRR_SALES_ACNT_MEASURE_FNL" STAGE ="0" TRANSFORMATIONNAME ="WI_DRR_SALES_ACNT_MEASURE_FNL" TRANSFORMATIONTYPE ="Source Definition"/>
            <SESSTRANSFORMATIONINST ISREPARTITIONPOINT ="NO" PIPELINE ="0" SINSTANCENAME ="MT_SLS_ACNT_RSTD_MSR_DRR_NG1" STAGE ="0" TRANSFORMATIONNAME ="MT_SLS_ACNT_RSTD_MSR_DRR_NG1" TRANSFORMATIONTYPE ="Source Definition"/>
            <SESSTRANSFORMATIONINST ISREPARTITIONPOINT ="YES" PARTITIONTYPE ="PASS THROUGH" PIPELINE ="1" SINSTANCENAME ="SQ_WI_DRR_SALES_ACNT_MEASURE_FNL" STAGE ="3" TRANSFORMATIONNAME ="SQ_WI_DRR_SALES_ACNT_MEASURE_FNL" TRANSFORMATIONTYPE ="Source Qualifier"/>
            <SESSTRANSFORMATIONINST ISREPARTITIONPOINT ="YES" PARTITIONTYPE ="PASS THROUGH" PIPELINE ="2" SINSTANCENAME ="SQ_WI_DRR_SALES_ACNT_MEASURE_FNL1" STAGE ="4" TRANSFORMATIONNAME ="SQ_WI_DRR_SALES_ACNT_MEASURE_FNL1" TRANSFORMATIONTYPE ="Source Qualifier"/>
            <CONFIGREFERENCE REFOBJECTNAME ="default_session_config" TYPE ="Session config">
                <ATTRIBUTE NAME ="Pre 85 Timestamp Compatibility" VALUE ="YES"/>
                <ATTRIBUTE NAME ="Save session log for these runs" VALUE ="5"/>
                <ATTRIBUTE NAME ="Stop on errors" VALUE ="1"/>
                <ATTRIBUTE NAME ="Override tracing" VALUE ="Normal"/>
            </CONFIGREFERENCE>
            <SESSIONEXTENSION NAME ="Relational Writer" SINSTANCENAME ="WI_DRR_SALES_ACNT_MSRE_FNL_DEL" SUBTYPE ="Relational Writer" TRANSFORMATIONTYPE ="Target Definition" TYPE ="WRITER">
                <CONNECTIONREFERENCE CNXREFNAME ="DB Connection" CONNECTIONNAME ="" CONNECTIONNUMBER ="1" CONNECTIONSUBTYPE ="" CONNECTIONTYPE ="Relational" VARIABLE ="$DBConnection_Target"/>
                <ATTRIBUTE NAME ="Target load type" VALUE ="Normal"/>
                <ATTRIBUTE NAME ="Insert" VALUE ="YES"/>
                <ATTRIBUTE NAME ="Update as Update" VALUE ="NO"/>
                <ATTRIBUTE NAME ="Update as Insert" VALUE ="NO"/>
                <ATTRIBUTE NAME ="Update else Insert" VALUE ="NO"/>
                <ATTRIBUTE NAME ="Delete" VALUE ="NO"/>
                <ATTRIBUTE NAME ="Truncate target table option" VALUE ="NO"/>
                <ATTRIBUTE NAME ="Reject file directory" VALUE ="$PMRootDir&#x5c;DATA&#x5c;EDWTD_SALES_ORDERS&#x5c;reject"/>
                <ATTRIBUTE NAME ="Reject filename" VALUE ="wi_drr_sales_acnt_msre_fnl_del1.bad"/>
            </SESSIONEXTENSION>
            <SESSIONEXTENSION NAME ="Relational Writer" SINSTANCENAME ="MT_SLS_ACNT_RSTD_MSR_DRR_NG" SUBTYPE ="Relational Writer" TRANSFORMATIONTYPE ="Target Definition" TYPE ="WRITER">
                <CONNECTIONREFERENCE CNXREFNAME ="DB Connection" CONNECTIONNAME ="" CONNECTIONNUMBER ="1" CONNECTIONSUBTYPE ="" CONNECTIONTYPE ="Relational" VARIABLE ="$DBConnection_Target"/>
                <ATTRIBUTE NAME ="Target load type" VALUE ="Normal"/>
                <ATTRIBUTE NAME ="Insert" VALUE ="YES"/>
                <ATTRIBUTE NAME ="Update as Update" VALUE ="NO"/>
                <ATTRIBUTE NAME ="Update as Insert" VALUE ="NO"/>
                <ATTRIBUTE NAME ="Update else Insert" VALUE ="NO"/>
                <ATTRIBUTE NAME ="Delete" VALUE ="NO"/>
                <ATTRIBUTE NAME ="Truncate target table option" VALUE ="NO"/>
                <ATTRIBUTE NAME ="Reject file directory" VALUE ="$PMRootDir&#x5c;DATA&#x5c;EDWTD_SALES_ORDERS&#x5c;reject"/>
                <ATTRIBUTE NAME ="Reject filename" VALUE ="mt_sls_acnt_rstd_msr_drr_ng1.bad"/>
            </SESSIONEXTENSION>
            <SESSIONEXTENSION DSQINSTNAME ="SQ_WI_DRR_SALES_ACNT_MEASURE_FNL" DSQINSTTYPE ="Source Qualifier" NAME ="Relational Reader" SINSTANCENAME ="WI_DRR_SALES_ACNT_MEASURE_FNL" SUBTYPE ="Relational Reader" TRANSFORMATIONTYPE ="Source Definition" TYPE ="READER"/>
            <SESSIONEXTENSION DSQINSTNAME ="SQ_WI_DRR_SALES_ACNT_MEASURE_FNL" DSQINSTTYPE ="Source Qualifier" NAME ="Relational Reader" SINSTANCENAME ="MT_SLS_ACNT_RSTD_MSR_DRR_NG1" SUBTYPE ="Relational Reader" TRANSFORMATIONTYPE ="Source Definition" TYPE ="READER"/>
            <SESSIONEXTENSION DSQINSTNAME ="SQ_WI_DRR_SALES_ACNT_MEASURE_FNL1" DSQINSTTYPE ="Source Qualifier" NAME ="Relational Reader" SINSTANCENAME ="MT_SLS_ACNT_RSTD_MSR_DRR_NG1" SUBTYPE ="Relational Reader" TRANSFORMATIONTYPE ="Source Definition" TYPE ="READER"/>
            <SESSIONEXTENSION NAME ="Relational Reader" SINSTANCENAME ="SQ_WI_DRR_SALES_ACNT_MEASURE_FNL" SUBTYPE ="Relational Reader" TRANSFORMATIONTYPE ="Source Qualifier" TYPE ="READER">
                <CONNECTIONREFERENCE CNXREFNAME ="DB Connection" CONNECTIONNAME ="" CONNECTIONNUMBER ="1" CONNECTIONSUBTYPE ="" CONNECTIONTYPE ="Relational" VARIABLE ="$DBConnection_source"/>
            </SESSIONEXTENSION>
            <SESSIONEXTENSION NAME ="Relational Reader" SINSTANCENAME ="SQ_WI_DRR_SALES_ACNT_MEASURE_FNL1" SUBTYPE ="Relational Reader" TRANSFORMATIONTYPE ="Source Qualifier" TYPE ="READER">
                <CONNECTIONREFERENCE CNXREFNAME ="DB Connection" CONNECTIONNAME ="" CONNECTIONNUMBER ="1" CONNECTIONSUBTYPE ="" CONNECTIONTYPE ="Relational" VARIABLE ="$DBConnection_source"/>
            </SESSIONEXTENSION>
            <ATTRIBUTE NAME ="General Options" VALUE =""/>
            <ATTRIBUTE NAME ="Write Backward Compatible Session Log File" VALUE ="NO"/>
            <ATTRIBUTE NAME ="Session Log File Name" VALUE ="s_m_MT_SALES_ACNT_RSTD_MSR_DRR_NG.log"/>
            <ATTRIBUTE NAME ="Session Log File directory" VALUE ="$PMSessionLogDir&#x5c;"/>
            <ATTRIBUTE NAME ="Parameter Filename" VALUE ="$PMRootDir/ctrl/db.parm"/>
            <ATTRIBUTE NAME ="Enable Test Load" VALUE ="NO"/>
            <ATTRIBUTE NAME ="$Source connection value" VALUE =""/>
            <ATTRIBUTE NAME ="$Target connection value" VALUE =""/>
            <ATTRIBUTE NAME ="Treat source rows as" VALUE ="Insert"/>
            <ATTRIBUTE NAME ="Commit Type" VALUE ="Target"/>
            <ATTRIBUTE NAME ="Commit Interval" VALUE ="10000"/>
            <ATTRIBUTE NAME ="Commit On End Of File" VALUE ="YES"/>
            <ATTRIBUTE NAME ="Rollback Transactions on Errors" VALUE ="NO"/>
            <ATTRIBUTE NAME ="Recovery Strategy" VALUE ="Fail task and continue workflow"/>
            <ATTRIBUTE NAME ="Java Classpath" VALUE =""/>
            <ATTRIBUTE NAME ="Performance" VALUE =""/>
            <ATTRIBUTE NAME ="DTM buffer size" VALUE ="Auto"/>
            <ATTRIBUTE NAME ="Collect performance data" VALUE ="NO"/>
            <ATTRIBUTE NAME ="Write performance data to repository" VALUE ="NO"/>
            <ATTRIBUTE NAME ="Incremental Aggregation" VALUE ="NO"/>
            <ATTRIBUTE NAME ="Enable high precision" VALUE ="NO"/>
            <ATTRIBUTE NAME ="Session retry on deadlock" VALUE ="NO"/>
            <ATTRIBUTE NAME ="Pushdown Optimization" VALUE ="Full"/>
            <ATTRIBUTE NAME ="Allow Temporary View for Pushdown" VALUE ="NO"/>
            <ATTRIBUTE NAME ="Allow Temporary Sequence for Pushdown" VALUE ="NO"/>
            <ATTRIBUTE NAME ="Allow Pushdown for User Incompatible Connections" VALUE ="NO"/>
        </SESSION>
        <TASKINSTANCE DESCRIPTION ="" ISENABLED ="YES" NAME ="Start" REUSABLE ="NO" TASKNAME ="Start" TASKTYPE ="Start"/>
        <TASKINSTANCE DESCRIPTION ="" FAIL_PARENT_IF_INSTANCE_DID_NOT_RUN ="YES" FAIL_PARENT_IF_INSTANCE_FAILS ="YES" ISENABLED ="YES" NAME ="s_m_MT_SALES_ACNT_RSTD_MSR_DRR_NG" REUSABLE ="NO" TASKNAME ="s_m_MT_SALES_ACNT_RSTD_MSR_DRR_NG" TASKTYPE ="Session" TREAT_INPUTLINK_AS_AND ="YES"/>
        <WORKFLOWLINK CONDITION ="" FROMTASK ="Start" TOTASK ="s_m_MT_SALES_ACNT_RSTD_MSR_DRR_NG"/>
        <WORKFLOWVARIABLE DATATYPE ="date/time" DEFAULTVALUE ="" DESCRIPTION ="The time this task started" ISNULL ="NO" ISPERSISTENT ="NO" NAME ="$Start.StartTime" USERDEFINED ="NO"/>
        <WORKFLOWVARIABLE DATATYPE ="date/time" DEFAULTVALUE ="" DESCRIPTION ="The time this task completed" ISNULL ="NO" ISPERSISTENT ="NO" NAME ="$Start.EndTime" USERDEFINED ="NO"/>
        <WORKFLOWVARIABLE DATATYPE ="integer" DEFAULTVALUE ="" DESCRIPTION ="Status of this task&apos;s execution" ISNULL ="NO" ISPERSISTENT ="NO" NAME ="$Start.Status" USERDEFINED ="NO"/>
        <WORKFLOWVARIABLE DATATYPE ="integer" DEFAULTVALUE ="" DESCRIPTION ="Status of the previous task that is not disabled" ISNULL ="NO" ISPERSISTENT ="NO" NAME ="$Start.PrevTaskStatus" USERDEFINED ="NO"/>
        <WORKFLOWVARIABLE DATATYPE ="integer" DEFAULTVALUE ="" DESCRIPTION ="Error code for this task&apos;s execution" ISNULL ="NO" ISPERSISTENT ="NO" NAME ="$Start.ErrorCode" USERDEFINED ="NO"/>
        <WORKFLOWVARIABLE DATATYPE ="string" DEFAULTVALUE ="" DESCRIPTION ="Error message for this task&apos;s execution" ISNULL ="NO" ISPERSISTENT ="NO" NAME ="$Start.ErrorMsg" USERDEFINED ="NO"/>
        <WORKFLOWVARIABLE DATATYPE ="date/time" DEFAULTVALUE ="" DESCRIPTION ="The time this task started" ISNULL ="NO" ISPERSISTENT ="NO" NAME ="$s_m_MT_SALES_ACNT_RSTD_MSR_DRR_NG.StartTime" USERDEFINED ="NO"/>
        <WORKFLOWVARIABLE DATATYPE ="date/time" DEFAULTVALUE ="" DESCRIPTION ="The time this task completed" ISNULL ="NO" ISPERSISTENT ="NO" NAME ="$s_m_MT_SALES_ACNT_RSTD_MSR_DRR_NG.EndTime" USERDEFINED ="NO"/>
        <WORKFLOWVARIABLE DATATYPE ="integer" DEFAULTVALUE ="" DESCRIPTION ="Status of this task&apos;s execution" ISNULL ="NO" ISPERSISTENT ="NO" NAME ="$s_m_MT_SALES_ACNT_RSTD_MSR_DRR_NG.Status" USERDEFINED ="NO"/>
        <WORKFLOWVARIABLE DATATYPE ="integer" DEFAULTVALUE ="" DESCRIPTION ="Status of the previous task that is not disabled" ISNULL ="NO" ISPERSISTENT ="NO" NAME ="$s_m_MT_SALES_ACNT_RSTD_MSR_DRR_NG.PrevTaskStatus" USERDEFINED ="NO"/>
        <WORKFLOWVARIABLE DATATYPE ="integer" DEFAULTVALUE ="" DESCRIPTION ="Error code for this task&apos;s execution" ISNULL ="NO" ISPERSISTENT ="NO" NAME ="$s_m_MT_SALES_ACNT_RSTD_MSR_DRR_NG.ErrorCode" USERDEFINED ="NO"/>
        <WORKFLOWVARIABLE DATATYPE ="string" DEFAULTVALUE ="" DESCRIPTION ="Error message for this task&apos;s execution" ISNULL ="NO" ISPERSISTENT ="NO" NAME ="$s_m_MT_SALES_ACNT_RSTD_MSR_DRR_NG.ErrorMsg" USERDEFINED ="NO"/>
        <WORKFLOWVARIABLE DATATYPE ="integer" DEFAULTVALUE ="" DESCRIPTION ="Rows successfully read" ISNULL ="NO" ISPERSISTENT ="NO" NAME ="$s_m_MT_SALES_ACNT_RSTD_MSR_DRR_NG.SrcSuccessRows" USERDEFINED ="NO"/>
        <WORKFLOWVARIABLE DATATYPE ="integer" DEFAULTVALUE ="" DESCRIPTION ="Rows failed to read" ISNULL ="NO" ISPERSISTENT ="NO" NAME ="$s_m_MT_SALES_ACNT_RSTD_MSR_DRR_NG.SrcFailedRows" USERDEFINED ="NO"/>
        <WORKFLOWVARIABLE DATATYPE ="integer" DEFAULTVALUE ="" DESCRIPTION ="Rows successfully loaded" ISNULL ="NO" ISPERSISTENT ="NO" NAME ="$s_m_MT_SALES_ACNT_RSTD_MSR_DRR_NG.TgtSuccessRows" USERDEFINED ="NO"/>
        <WORKFLOWVARIABLE DATATYPE ="integer" DEFAULTVALUE ="" DESCRIPTION ="Rows failed to load" ISNULL ="NO" ISPERSISTENT ="NO" NAME ="$s_m_MT_SALES_ACNT_RSTD_MSR_DRR_NG.TgtFailedRows" USERDEFINED ="NO"/>
        <WORKFLOWVARIABLE DATATYPE ="integer" DEFAULTVALUE ="" DESCRIPTION ="Total number of transformation errors" ISNULL ="NO" ISPERSISTENT ="NO" NAME ="$s_m_MT_SALES_ACNT_RSTD_MSR_DRR_NG.TotalTransErrors" USERDEFINED ="NO"/>
        <WORKFLOWVARIABLE DATATYPE ="integer" DEFAULTVALUE ="" DESCRIPTION ="First error code" ISNULL ="NO" ISPERSISTENT ="NO" NAME ="$s_m_MT_SALES_ACNT_RSTD_MSR_DRR_NG.FirstErrorCode" USERDEFINED ="NO"/>
        <WORKFLOWVARIABLE DATATYPE ="string" DEFAULTVALUE ="" DESCRIPTION ="First error message" ISNULL ="NO" ISPERSISTENT ="NO" NAME ="$s_m_MT_SALES_ACNT_RSTD_MSR_DRR_NG.FirstErrorMsg" USERDEFINED ="NO"/>
        <ATTRIBUTE NAME ="Parameter Filename" VALUE =""/>
        <ATTRIBUTE NAME ="Write Backward Compatible Workflow Log File" VALUE ="NO"/>
        <ATTRIBUTE NAME ="Workflow Log File Name" VALUE ="wf_MT_SLS_ACNT_RSTD_MSR_DRR_NG.log"/>
        <ATTRIBUTE NAME ="Workflow Log File Directory" VALUE ="$PMWorkflowLogDir&#x5c;"/>
        <ATTRIBUTE NAME ="Save Workflow log by" VALUE ="By runs"/>
        <ATTRIBUTE NAME ="Save workflow log for these runs" VALUE ="0"/>
        <ATTRIBUTE NAME ="Service Name" VALUE =""/>
        <ATTRIBUTE NAME ="Service Timeout" VALUE ="0"/>
        <ATTRIBUTE NAME ="Is Service Visible" VALUE ="NO"/>
        <ATTRIBUTE NAME ="Is Service Protected" VALUE ="NO"/>
        <ATTRIBUTE NAME ="Fail task after wait time" VALUE ="0"/>
        <ATTRIBUTE NAME ="Enable HA recovery" VALUE ="NO"/>
        <ATTRIBUTE NAME ="Automatically recover terminated tasks" VALUE ="NO"/>
        <ATTRIBUTE NAME ="Service Level Name" VALUE ="Default"/>
        <ATTRIBUTE NAME ="Allow concurrent run with unique run instance name" VALUE ="NO"/>
        <ATTRIBUTE NAME ="Allow concurrent run with same run instance name" VALUE ="NO"/>
        <ATTRIBUTE NAME ="Maximum number of concurrent runs" VALUE ="0"/>
        <ATTRIBUTE NAME ="Assigned Web Services Hubs" VALUE =""/>
        <ATTRIBUTE NAME ="Maximum number of concurrent runs per Hub" VALUE ="1000"/>
        <ATTRIBUTE NAME ="Expected Service Time" VALUE ="1"/>
    </WORKFLOW>
</FOLDER>
</REPOSITORY>
</POWERMART>