<?xml version="1.0" encoding="UTF-8"?>
<!DOCTYPE POWERMART SYSTEM "powrmart.dtd">
<POWERMART CREATION_DATE="06/09/2018 07:32:14" REPOSITORY_VERSION="186.95">
<REPOSITORY NAME="EDW_Prod_101" VERSION="186" CODEPAGE="UTF-8" DATABASETYPE="Oracle">
<FOLDER NAME="EDWTD_SALES_ORDERS" GROUP="" OWNER="infoadm" SHARED="NOTSHARED" DESCRIPTION="This is for EDW TeraData Sales Orders and POS Track
PM:Vinit verma" PERMISSIONS="rwx---r--" UUID="fa0507c5-29f3-4af8-bd2d-bb2872a3a591">
    <SOURCE BUSINESSNAME ="" DATABASETYPE ="Teradata" DBDNAME ="TDDEV" DESCRIPTION ="" NAME ="WI_SLS_ACNT_RSTD_MSR_DRRNG_D1" OBJECTVERSION ="1" OWNERNAME ="STGDB_DV4" VERSIONNUMBER ="5">
        <SOURCEFIELD BUSINESSNAME ="" DATATYPE ="integer" DESCRIPTION ="" FIELDNUMBER ="1" FIELDPROPERTY ="0" FIELDTYPE ="ELEMITEM" HIDDEN ="NO" KEYTYPE ="NOT A KEY" LENGTH ="11" LEVEL ="0" NAME ="BOOKINGS_MEASURE_KEY" NULLABLE ="NOTNULL" OCCURS ="0" OFFSET ="0" PHYSICALLENGTH ="10" PHYSICALOFFSET ="0" PICTURETEXT ="" PRECISION ="10" SCALE ="0" USAGE_FLAGS =""/>
        <SOURCEFIELD BUSINESSNAME ="" DATATYPE ="date" DESCRIPTION ="" FIELDNUMBER ="2" FIELDPROPERTY ="0" FIELDTYPE ="ELEMITEM" HIDDEN ="NO" KEYTYPE ="NOT A KEY" LENGTH ="19" LEVEL ="0" NAME ="BOOKINGS_PROCESS_DT" NULLABLE ="NOTNULL" OCCURS ="0" OFFSET ="11" PHYSICALLENGTH ="10" PHYSICALOFFSET ="10" PICTURETEXT ="" PRECISION ="10" SCALE ="0" USAGE_FLAGS =""/>
        <SOURCEFIELD BUSINESSNAME ="" DATATYPE ="char" DESCRIPTION ="" FIELDNUMBER ="3" FIELDPROPERTY ="0" FIELDTYPE ="ELEMITEM" HIDDEN ="NO" KEYTYPE ="NOT A KEY" LENGTH ="0" LEVEL ="0" NAME ="BKGS_MEASURE_TRANS_TYPE_CD" NULLABLE ="NOTNULL" OCCURS ="0" OFFSET ="30" PHYSICALLENGTH ="7" PHYSICALOFFSET ="20" PICTURETEXT ="" PRECISION ="7" SCALE ="0" USAGE_FLAGS =""/>
        <SOURCEFIELD BUSINESSNAME ="" DATATYPE ="integer" DESCRIPTION ="" FIELDNUMBER ="4" FIELDPROPERTY ="0" FIELDTYPE ="ELEMITEM" HIDDEN ="NO" KEYTYPE ="NOT A KEY" LENGTH ="11" LEVEL ="0" NAME ="DV_END_CUST_PARTY_KEY" NULLABLE ="NOTNULL" OCCURS ="0" OFFSET ="30" PHYSICALLENGTH ="10" PHYSICALOFFSET ="27" PICTURETEXT ="" PRECISION ="10" SCALE ="0" USAGE_FLAGS =""/>
        <SOURCEFIELD BUSINESSNAME ="" DATATYPE ="integer" DESCRIPTION ="" FIELDNUMBER ="5" FIELDPROPERTY ="0" FIELDTYPE ="ELEMITEM" HIDDEN ="NO" KEYTYPE ="NOT A KEY" LENGTH ="11" LEVEL ="0" NAME ="BK_SA_MEMBER_ID_INT" NULLABLE ="NOTNULL" OCCURS ="0" OFFSET ="41" PHYSICALLENGTH ="10" PHYSICALOFFSET ="37" PICTURETEXT ="" PRECISION ="10" SCALE ="0" USAGE_FLAGS =""/>
        <SOURCEFIELD BUSINESSNAME ="" DATATYPE ="integer" DESCRIPTION ="" FIELDNUMBER ="6" FIELDPROPERTY ="0" FIELDTYPE ="ELEMITEM" HIDDEN ="NO" KEYTYPE ="NOT A KEY" LENGTH ="11" LEVEL ="0" NAME ="LINK_CUSTOMER_PARTY_KEY" NULLABLE ="NULL" OCCURS ="0" OFFSET ="52" PHYSICALLENGTH ="10" PHYSICALOFFSET ="47" PICTURETEXT ="" PRECISION ="10" SCALE ="0" USAGE_FLAGS =""/>
        <SOURCEFIELD BUSINESSNAME ="" DATATYPE ="integer" DESCRIPTION ="" FIELDNUMBER ="7" FIELDPROPERTY ="0" FIELDTYPE ="ELEMITEM" HIDDEN ="NO" KEYTYPE ="NOT A KEY" LENGTH ="11" LEVEL ="0" NAME ="SALES_ACCOUNT_GROUP_PARTY_KEY" NULLABLE ="NOTNULL" OCCURS ="0" OFFSET ="63" PHYSICALLENGTH ="10" PHYSICALOFFSET ="57" PICTURETEXT ="" PRECISION ="10" SCALE ="0" USAGE_FLAGS =""/>
        <SOURCEFIELD BUSINESSNAME ="" DATATYPE ="varchar" DESCRIPTION ="" FIELDNUMBER ="8" FIELDPROPERTY ="0" FIELDTYPE ="ELEMITEM" HIDDEN ="NO" KEYTYPE ="NOT A KEY" LENGTH ="0" LEVEL ="0" NAME ="DV_SAV_REASON_DESCR" NULLABLE ="NULL" OCCURS ="0" OFFSET ="74" PHYSICALLENGTH ="100" PHYSICALOFFSET ="67" PICTURETEXT ="" PRECISION ="100" SCALE ="0" USAGE_FLAGS =""/>
        <SOURCEFIELD BUSINESSNAME ="" DATATYPE ="varchar" DESCRIPTION ="" FIELDNUMBER ="9" FIELDPROPERTY ="0" FIELDTYPE ="ELEMITEM" HIDDEN ="NO" KEYTYPE ="NOT A KEY" LENGTH ="0" LEVEL ="0" NAME ="DV_END_CUST_REASON_DESCR" NULLABLE ="NULL" OCCURS ="0" OFFSET ="74" PHYSICALLENGTH ="100" PHYSICALOFFSET ="167" PICTURETEXT ="" PRECISION ="100" SCALE ="0" USAGE_FLAGS =""/>
        <SOURCEFIELD BUSINESSNAME ="" DATATYPE ="decimal" DESCRIPTION ="" FIELDNUMBER ="10" FIELDPROPERTY ="0" FIELDTYPE ="ELEMITEM" HIDDEN ="NO" KEYTYPE ="NOT A KEY" LENGTH ="20" LEVEL ="0" NAME ="DV_END_CUST_OWNERSHIP_SPLT_PCT" NULLABLE ="NULL" OCCURS ="0" OFFSET ="74" PHYSICALLENGTH ="18" PHYSICALOFFSET ="267" PICTURETEXT ="" PRECISION ="18" SCALE ="6" USAGE_FLAGS =""/>
        <SOURCEFIELD BUSINESSNAME ="" DATATYPE ="timestamp" DESCRIPTION ="" FIELDNUMBER ="11" FIELDPROPERTY ="0" FIELDTYPE ="ELEMITEM" HIDDEN ="NO" KEYTYPE ="NOT A KEY" LENGTH ="19" LEVEL ="0" NAME ="LAST_UPDATED_DTM" NULLABLE ="NOTNULL" OCCURS ="0" OFFSET ="94" PHYSICALLENGTH ="19" PHYSICALOFFSET ="285" PICTURETEXT ="" PRECISION ="19" SCALE ="0" USAGE_FLAGS =""/>
        <SOURCEFIELD BUSINESSNAME ="" DATATYPE ="timestamp" DESCRIPTION ="" FIELDNUMBER ="12" FIELDPROPERTY ="0" FIELDTYPE ="ELEMITEM" HIDDEN ="NO" KEYTYPE ="NOT A KEY" LENGTH ="19" LEVEL ="0" NAME ="EDW_CREATE_DTM" NULLABLE ="NOTNULL" OCCURS ="0" OFFSET ="113" PHYSICALLENGTH ="19" PHYSICALOFFSET ="304" PICTURETEXT ="" PRECISION ="19" SCALE ="0" USAGE_FLAGS =""/>
        <SOURCEFIELD BUSINESSNAME ="" DATATYPE ="char" DESCRIPTION ="" FIELDNUMBER ="13" FIELDPROPERTY ="0" FIELDTYPE ="ELEMITEM" HIDDEN ="NO" KEYTYPE ="NOT A KEY" LENGTH ="0" LEVEL ="0" NAME ="EDW_CREATE_USER" NULLABLE ="NOTNULL" OCCURS ="0" OFFSET ="132" PHYSICALLENGTH ="30" PHYSICALOFFSET ="323" PICTURETEXT ="" PRECISION ="30" SCALE ="0" USAGE_FLAGS =""/>
        <SOURCEFIELD BUSINESSNAME ="" DATATYPE ="timestamp" DESCRIPTION ="" FIELDNUMBER ="14" FIELDPROPERTY ="0" FIELDTYPE ="ELEMITEM" HIDDEN ="NO" KEYTYPE ="NOT A KEY" LENGTH ="19" LEVEL ="0" NAME ="EDW_UPDATE_DTM" NULLABLE ="NOTNULL" OCCURS ="0" OFFSET ="132" PHYSICALLENGTH ="19" PHYSICALOFFSET ="353" PICTURETEXT ="" PRECISION ="19" SCALE ="0" USAGE_FLAGS =""/>
        <SOURCEFIELD BUSINESSNAME ="" DATATYPE ="char" DESCRIPTION ="" FIELDNUMBER ="15" FIELDPROPERTY ="0" FIELDTYPE ="ELEMITEM" HIDDEN ="NO" KEYTYPE ="NOT A KEY" LENGTH ="0" LEVEL ="0" NAME ="EDW_UPDATE_USER" NULLABLE ="NOTNULL" OCCURS ="0" OFFSET ="151" PHYSICALLENGTH ="30" PHYSICALOFFSET ="372" PICTURETEXT ="" PRECISION ="30" SCALE ="0" USAGE_FLAGS =""/>
        <SOURCEFIELD BUSINESSNAME ="" DATATYPE ="varchar" DESCRIPTION ="" FIELDNUMBER ="16" FIELDPROPERTY ="0" FIELDTYPE ="ELEMITEM" HIDDEN ="NO" KEYTYPE ="NOT A KEY" LENGTH ="0" LEVEL ="0" NAME ="SALES_REP_NUM" NULLABLE ="NOTNULL" OCCURS ="0" OFFSET ="151" PHYSICALLENGTH ="30" PHYSICALOFFSET ="402" PICTURETEXT ="" PRECISION ="30" SCALE ="0" USAGE_FLAGS =""/>
        <SOURCEFIELD BUSINESSNAME ="" DATATYPE ="integer" DESCRIPTION ="" FIELDNUMBER ="17" FIELDPROPERTY ="0" FIELDTYPE ="ELEMITEM" HIDDEN ="NO" KEYTYPE ="NOT A KEY" LENGTH ="11" LEVEL ="0" NAME ="SALES_TERRITORY_KEY" NULLABLE ="NOTNULL" OCCURS ="0" OFFSET ="151" PHYSICALLENGTH ="10" PHYSICALOFFSET ="432" PICTURETEXT ="" PRECISION ="10" SCALE ="0" USAGE_FLAGS =""/>
        <SOURCEFIELD BUSINESSNAME ="" DATATYPE ="integer" DESCRIPTION ="" FIELDNUMBER ="18" FIELDPROPERTY ="0" FIELDTYPE ="ELEMITEM" HIDDEN ="NO" KEYTYPE ="NOT A KEY" LENGTH ="11" LEVEL ="0" NAME ="EP_OTM_TERRITORY_ID_INT" NULLABLE ="NULL" OCCURS ="0" OFFSET ="162" PHYSICALLENGTH ="10" PHYSICALOFFSET ="442" PICTURETEXT ="" PRECISION ="10" SCALE ="0" USAGE_FLAGS =""/>
    </SOURCE>
    <SOURCE BUSINESSNAME ="" DATABASETYPE ="Teradata" DBDNAME ="TDDEV" DESCRIPTION ="" NAME ="WI_SLS_ACNT_RSTD_MSR_DRRNG_D" OBJECTVERSION ="1" OWNERNAME ="STGDB_DV4" VERSIONNUMBER ="5">
        <SOURCEFIELD BUSINESSNAME ="" DATATYPE ="integer" DESCRIPTION ="" FIELDNUMBER ="1" FIELDPROPERTY ="0" FIELDTYPE ="ELEMITEM" HIDDEN ="NO" KEYTYPE ="NOT A KEY" LENGTH ="11" LEVEL ="0" NAME ="BOOKINGS_MEASURE_KEY" NULLABLE ="NOTNULL" OCCURS ="0" OFFSET ="0" PHYSICALLENGTH ="10" PHYSICALOFFSET ="0" PICTURETEXT ="" PRECISION ="10" SCALE ="0" USAGE_FLAGS =""/>
        <SOURCEFIELD BUSINESSNAME ="" DATATYPE ="date" DESCRIPTION ="" FIELDNUMBER ="2" FIELDPROPERTY ="0" FIELDTYPE ="ELEMITEM" HIDDEN ="NO" KEYTYPE ="NOT A KEY" LENGTH ="19" LEVEL ="0" NAME ="BOOKINGS_PROCESS_DT" NULLABLE ="NOTNULL" OCCURS ="0" OFFSET ="11" PHYSICALLENGTH ="10" PHYSICALOFFSET ="10" PICTURETEXT ="" PRECISION ="10" SCALE ="0" USAGE_FLAGS =""/>
        <SOURCEFIELD BUSINESSNAME ="" DATATYPE ="char" DESCRIPTION ="" FIELDNUMBER ="3" FIELDPROPERTY ="0" FIELDTYPE ="ELEMITEM" HIDDEN ="NO" KEYTYPE ="NOT A KEY" LENGTH ="0" LEVEL ="0" NAME ="BKGS_MEASURE_TRANS_TYPE_CD" NULLABLE ="NOTNULL" OCCURS ="0" OFFSET ="30" PHYSICALLENGTH ="7" PHYSICALOFFSET ="20" PICTURETEXT ="" PRECISION ="7" SCALE ="0" USAGE_FLAGS =""/>
        <SOURCEFIELD BUSINESSNAME ="" DATATYPE ="integer" DESCRIPTION ="" FIELDNUMBER ="4" FIELDPROPERTY ="0" FIELDTYPE ="ELEMITEM" HIDDEN ="NO" KEYTYPE ="NOT A KEY" LENGTH ="11" LEVEL ="0" NAME ="DV_END_CUST_PARTY_KEY" NULLABLE ="NOTNULL" OCCURS ="0" OFFSET ="30" PHYSICALLENGTH ="10" PHYSICALOFFSET ="27" PICTURETEXT ="" PRECISION ="10" SCALE ="0" USAGE_FLAGS =""/>
        <SOURCEFIELD BUSINESSNAME ="" DATATYPE ="integer" DESCRIPTION ="" FIELDNUMBER ="5" FIELDPROPERTY ="0" FIELDTYPE ="ELEMITEM" HIDDEN ="NO" KEYTYPE ="NOT A KEY" LENGTH ="11" LEVEL ="0" NAME ="BK_SA_MEMBER_ID_INT" NULLABLE ="NOTNULL" OCCURS ="0" OFFSET ="41" PHYSICALLENGTH ="10" PHYSICALOFFSET ="37" PICTURETEXT ="" PRECISION ="10" SCALE ="0" USAGE_FLAGS =""/>
        <SOURCEFIELD BUSINESSNAME ="" DATATYPE ="integer" DESCRIPTION ="" FIELDNUMBER ="6" FIELDPROPERTY ="0" FIELDTYPE ="ELEMITEM" HIDDEN ="NO" KEYTYPE ="NOT A KEY" LENGTH ="11" LEVEL ="0" NAME ="LINK_CUSTOMER_PARTY_KEY" NULLABLE ="NULL" OCCURS ="0" OFFSET ="52" PHYSICALLENGTH ="10" PHYSICALOFFSET ="47" PICTURETEXT ="" PRECISION ="10" SCALE ="0" USAGE_FLAGS =""/>
        <SOURCEFIELD BUSINESSNAME ="" DATATYPE ="integer" DESCRIPTION ="" FIELDNUMBER ="7" FIELDPROPERTY ="0" FIELDTYPE ="ELEMITEM" HIDDEN ="NO" KEYTYPE ="NOT A KEY" LENGTH ="11" LEVEL ="0" NAME ="SALES_ACCOUNT_GROUP_PARTY_KEY" NULLABLE ="NOTNULL" OCCURS ="0" OFFSET ="63" PHYSICALLENGTH ="10" PHYSICALOFFSET ="57" PICTURETEXT ="" PRECISION ="10" SCALE ="0" USAGE_FLAGS =""/>
        <SOURCEFIELD BUSINESSNAME ="" DATATYPE ="decimal" DESCRIPTION ="" FIELDNUMBER ="8" FIELDPROPERTY ="0" FIELDTYPE ="ELEMITEM" HIDDEN ="NO" KEYTYPE ="NOT A KEY" LENGTH ="20" LEVEL ="0" NAME ="DV_END_CUST_OWNERSHIP_SPLT_PCT" NULLABLE ="NULL" OCCURS ="0" OFFSET ="74" PHYSICALLENGTH ="18" PHYSICALOFFSET ="67" PICTURETEXT ="" PRECISION ="18" SCALE ="6" USAGE_FLAGS =""/>
        <SOURCEFIELD BUSINESSNAME ="" DATATYPE ="timestamp" DESCRIPTION ="" FIELDNUMBER ="9" FIELDPROPERTY ="0" FIELDTYPE ="ELEMITEM" HIDDEN ="NO" KEYTYPE ="NOT A KEY" LENGTH ="19" LEVEL ="0" NAME ="EDW_CREATE_DTM" NULLABLE ="NOTNULL" OCCURS ="0" OFFSET ="94" PHYSICALLENGTH ="19" PHYSICALOFFSET ="85" PICTURETEXT ="" PRECISION ="19" SCALE ="0" USAGE_FLAGS =""/>
        <SOURCEFIELD BUSINESSNAME ="" DATATYPE ="timestamp" DESCRIPTION ="" FIELDNUMBER ="10" FIELDPROPERTY ="0" FIELDTYPE ="ELEMITEM" HIDDEN ="NO" KEYTYPE ="NOT A KEY" LENGTH ="19" LEVEL ="0" NAME ="EDW_UPDATE_DTM" NULLABLE ="NOTNULL" OCCURS ="0" OFFSET ="113" PHYSICALLENGTH ="19" PHYSICALOFFSET ="104" PICTURETEXT ="" PRECISION ="19" SCALE ="0" USAGE_FLAGS =""/>
        <SOURCEFIELD BUSINESSNAME ="" DATATYPE ="integer" DESCRIPTION ="" FIELDNUMBER ="11" FIELDPROPERTY ="0" FIELDTYPE ="ELEMITEM" HIDDEN ="NO" KEYTYPE ="NOT A KEY" LENGTH ="11" LEVEL ="0" NAME ="SLS_ACCT_GROUP_SALES_TERR_KEY" NULLABLE ="NOTNULL" OCCURS ="0" OFFSET ="132" PHYSICALLENGTH ="10" PHYSICALOFFSET ="123" PICTURETEXT ="" PRECISION ="10" SCALE ="0" USAGE_FLAGS =""/>
        <SOURCEFIELD BUSINESSNAME ="" DATATYPE ="varchar" DESCRIPTION ="" FIELDNUMBER ="12" FIELDPROPERTY ="0" FIELDTYPE ="ELEMITEM" HIDDEN ="NO" KEYTYPE ="NOT A KEY" LENGTH ="0" LEVEL ="0" NAME ="SALES_REP_NUM" NULLABLE ="NOTNULL" OCCURS ="0" OFFSET ="143" PHYSICALLENGTH ="100" PHYSICALOFFSET ="133" PICTURETEXT ="" PRECISION ="100" SCALE ="0" USAGE_FLAGS =""/>
        <SOURCEFIELD BUSINESSNAME ="" DATATYPE ="integer" DESCRIPTION ="" FIELDNUMBER ="13" FIELDPROPERTY ="0" FIELDTYPE ="ELEMITEM" HIDDEN ="NO" KEYTYPE ="NOT A KEY" LENGTH ="11" LEVEL ="0" NAME ="EP_OTM_TERRITORY_ID_INT" NULLABLE ="NULL" OCCURS ="0" OFFSET ="143" PHYSICALLENGTH ="10" PHYSICALOFFSET ="233" PICTURETEXT ="" PRECISION ="10" SCALE ="0" USAGE_FLAGS =""/>
    </SOURCE>
    <SOURCE BUSINESSNAME ="" DATABASETYPE ="Teradata" DBDNAME ="TDDEV" DESCRIPTION ="" NAME ="MT_SLS_ACNT_RSTD_MSR_DRR_NG" OBJECTVERSION ="1" OWNERNAME ="SLSORDVWDB_DV4" VERSIONNUMBER ="10">
        <SOURCEFIELD BUSINESSNAME ="" DATATYPE ="integer" DESCRIPTION ="" FIELDNUMBER ="1" FIELDPROPERTY ="0" FIELDTYPE ="ELEMITEM" HIDDEN ="NO" KEYTYPE ="NOT A KEY" LENGTH ="11" LEVEL ="0" NAME ="BOOKINGS_MEASURE_KEY" NULLABLE ="NOTNULL" OCCURS ="0" OFFSET ="0" PHYSICALLENGTH ="10" PHYSICALOFFSET ="0" PICTURETEXT ="" PRECISION ="10" SCALE ="0" USAGE_FLAGS =""/>
        <SOURCEFIELD BUSINESSNAME ="" DATATYPE ="date" DESCRIPTION ="" FIELDNUMBER ="2" FIELDPROPERTY ="0" FIELDTYPE ="ELEMITEM" HIDDEN ="NO" KEYTYPE ="NOT A KEY" LENGTH ="19" LEVEL ="0" NAME ="BOOKINGS_PROCESS_DT" NULLABLE ="NOTNULL" OCCURS ="0" OFFSET ="11" PHYSICALLENGTH ="10" PHYSICALOFFSET ="10" PICTURETEXT ="" PRECISION ="10" SCALE ="0" USAGE_FLAGS =""/>
        <SOURCEFIELD BUSINESSNAME ="" DATATYPE ="char" DESCRIPTION ="" FIELDNUMBER ="3" FIELDPROPERTY ="0" FIELDTYPE ="ELEMITEM" HIDDEN ="NO" KEYTYPE ="NOT A KEY" LENGTH ="0" LEVEL ="0" NAME ="BKGS_MEASURE_TRANS_TYPE_CD" NULLABLE ="NOTNULL" OCCURS ="0" OFFSET ="30" PHYSICALLENGTH ="7" PHYSICALOFFSET ="20" PICTURETEXT ="" PRECISION ="7" SCALE ="0" USAGE_FLAGS =""/>
        <SOURCEFIELD BUSINESSNAME ="" DATATYPE ="integer" DESCRIPTION ="" FIELDNUMBER ="4" FIELDPROPERTY ="0" FIELDTYPE ="ELEMITEM" HIDDEN ="NO" KEYTYPE ="NOT A KEY" LENGTH ="11" LEVEL ="0" NAME ="DV_END_CUST_PARTY_KEY" NULLABLE ="NOTNULL" OCCURS ="0" OFFSET ="30" PHYSICALLENGTH ="10" PHYSICALOFFSET ="27" PICTURETEXT ="" PRECISION ="10" SCALE ="0" USAGE_FLAGS =""/>
        <SOURCEFIELD BUSINESSNAME ="" DATATYPE ="integer" DESCRIPTION ="" FIELDNUMBER ="5" FIELDPROPERTY ="0" FIELDTYPE ="ELEMITEM" HIDDEN ="NO" KEYTYPE ="NOT A KEY" LENGTH ="11" LEVEL ="0" NAME ="BK_SA_MEMBER_ID_INT" NULLABLE ="NOTNULL" OCCURS ="0" OFFSET ="41" PHYSICALLENGTH ="10" PHYSICALOFFSET ="37" PICTURETEXT ="" PRECISION ="10" SCALE ="0" USAGE_FLAGS =""/>
        <SOURCEFIELD BUSINESSNAME ="" DATATYPE ="integer" DESCRIPTION ="" FIELDNUMBER ="6" FIELDPROPERTY ="0" FIELDTYPE ="ELEMITEM" HIDDEN ="NO" KEYTYPE ="NOT A KEY" LENGTH ="11" LEVEL ="0" NAME ="LINK_CUSTOMER_PARTY_KEY" NULLABLE ="NULL" OCCURS ="0" OFFSET ="52" PHYSICALLENGTH ="10" PHYSICALOFFSET ="47" PICTURETEXT ="" PRECISION ="10" SCALE ="0" USAGE_FLAGS =""/>
        <SOURCEFIELD BUSINESSNAME ="" DATATYPE ="integer" DESCRIPTION ="" FIELDNUMBER ="7" FIELDPROPERTY ="0" FIELDTYPE ="ELEMITEM" HIDDEN ="NO" KEYTYPE ="NOT A KEY" LENGTH ="11" LEVEL ="0" NAME ="SALES_ACCOUNT_GROUP_PARTY_KEY" NULLABLE ="NOTNULL" OCCURS ="0" OFFSET ="63" PHYSICALLENGTH ="10" PHYSICALOFFSET ="57" PICTURETEXT ="" PRECISION ="10" SCALE ="0" USAGE_FLAGS =""/>
        <SOURCEFIELD BUSINESSNAME ="" DATATYPE ="varchar" DESCRIPTION ="" FIELDNUMBER ="8" FIELDPROPERTY ="0" FIELDTYPE ="ELEMITEM" HIDDEN ="NO" KEYTYPE ="NOT A KEY" LENGTH ="0" LEVEL ="0" NAME ="DV_END_CUST_REASON_DESCR" NULLABLE ="NULL" OCCURS ="0" OFFSET ="74" PHYSICALLENGTH ="100" PHYSICALOFFSET ="67" PICTURETEXT ="" PRECISION ="100" SCALE ="0" USAGE_FLAGS =""/>
        <SOURCEFIELD BUSINESSNAME ="" DATATYPE ="decimal" DESCRIPTION ="" FIELDNUMBER ="9" FIELDPROPERTY ="0" FIELDTYPE ="ELEMITEM" HIDDEN ="NO" KEYTYPE ="NOT A KEY" LENGTH ="20" LEVEL ="0" NAME ="DV_END_CUST_OWNERSHIP_SPLT_PCT" NULLABLE ="NULL" OCCURS ="0" OFFSET ="74" PHYSICALLENGTH ="18" PHYSICALOFFSET ="167" PICTURETEXT ="" PRECISION ="18" SCALE ="6" USAGE_FLAGS =""/>
        <SOURCEFIELD BUSINESSNAME ="" DATATYPE ="timestamp" DESCRIPTION ="" FIELDNUMBER ="10" FIELDPROPERTY ="0" FIELDTYPE ="ELEMITEM" HIDDEN ="NO" KEYTYPE ="NOT A KEY" LENGTH ="19" LEVEL ="0" NAME ="LAST_UPDATED_DTM" NULLABLE ="NOTNULL" OCCURS ="0" OFFSET ="94" PHYSICALLENGTH ="19" PHYSICALOFFSET ="185" PICTURETEXT ="" PRECISION ="19" SCALE ="0" USAGE_FLAGS =""/>
        <SOURCEFIELD BUSINESSNAME ="" DATATYPE ="timestamp" DESCRIPTION ="" FIELDNUMBER ="11" FIELDPROPERTY ="0" FIELDTYPE ="ELEMITEM" HIDDEN ="NO" KEYTYPE ="NOT A KEY" LENGTH ="19" LEVEL ="0" NAME ="EDW_CREATE_DTM" NULLABLE ="NOTNULL" OCCURS ="0" OFFSET ="113" PHYSICALLENGTH ="19" PHYSICALOFFSET ="204" PICTURETEXT ="" PRECISION ="19" SCALE ="0" USAGE_FLAGS =""/>
        <SOURCEFIELD BUSINESSNAME ="" DATATYPE ="char" DESCRIPTION ="" FIELDNUMBER ="12" FIELDPROPERTY ="0" FIELDTYPE ="ELEMITEM" HIDDEN ="NO" KEYTYPE ="NOT A KEY" LENGTH ="0" LEVEL ="0" NAME ="EDW_CREATE_USER" NULLABLE ="NOTNULL" OCCURS ="0" OFFSET ="132" PHYSICALLENGTH ="30" PHYSICALOFFSET ="223" PICTURETEXT ="" PRECISION ="30" SCALE ="0" USAGE_FLAGS =""/>
        <SOURCEFIELD BUSINESSNAME ="" DATATYPE ="timestamp" DESCRIPTION ="" FIELDNUMBER ="13" FIELDPROPERTY ="0" FIELDTYPE ="ELEMITEM" HIDDEN ="NO" KEYTYPE ="NOT A KEY" LENGTH ="19" LEVEL ="0" NAME ="EDW_UPDATE_DTM" NULLABLE ="NOTNULL" OCCURS ="0" OFFSET ="132" PHYSICALLENGTH ="19" PHYSICALOFFSET ="253" PICTURETEXT ="" PRECISION ="19" SCALE ="0" USAGE_FLAGS =""/>
        <SOURCEFIELD BUSINESSNAME ="" DATATYPE ="char" DESCRIPTION ="" FIELDNUMBER ="14" FIELDPROPERTY ="0" FIELDTYPE ="ELEMITEM" HIDDEN ="NO" KEYTYPE ="NOT A KEY" LENGTH ="0" LEVEL ="0" NAME ="EDW_UPDATE_USER" NULLABLE ="NOTNULL" OCCURS ="0" OFFSET ="151" PHYSICALLENGTH ="30" PHYSICALOFFSET ="272" PICTURETEXT ="" PRECISION ="30" SCALE ="0" USAGE_FLAGS =""/>
        <SOURCEFIELD BUSINESSNAME ="" DATATYPE ="varchar" DESCRIPTION ="" FIELDNUMBER ="15" FIELDPROPERTY ="0" FIELDTYPE ="ELEMITEM" HIDDEN ="NO" KEYTYPE ="NOT A KEY" LENGTH ="0" LEVEL ="0" NAME ="SALES_REP_NUM" NULLABLE ="NOTNULL" OCCURS ="0" OFFSET ="151" PHYSICALLENGTH ="30" PHYSICALOFFSET ="302" PICTURETEXT ="" PRECISION ="30" SCALE ="0" USAGE_FLAGS =""/>
        <SOURCEFIELD BUSINESSNAME ="" DATATYPE ="integer" DESCRIPTION ="" FIELDNUMBER ="16" FIELDPROPERTY ="0" FIELDTYPE ="ELEMITEM" HIDDEN ="NO" KEYTYPE ="NOT A KEY" LENGTH ="11" LEVEL ="0" NAME ="SALES_TERRITORY_KEY" NULLABLE ="NOTNULL" OCCURS ="0" OFFSET ="151" PHYSICALLENGTH ="10" PHYSICALOFFSET ="332" PICTURETEXT ="" PRECISION ="10" SCALE ="0" USAGE_FLAGS =""/>
        <SOURCEFIELD BUSINESSNAME ="" DATATYPE ="integer" DESCRIPTION ="" FIELDNUMBER ="17" FIELDPROPERTY ="0" FIELDTYPE ="ELEMITEM" HIDDEN ="NO" KEYTYPE ="NOT A KEY" LENGTH ="11" LEVEL ="0" NAME ="EP_OTM_TERRITORY_ID_INT" NULLABLE ="NULL" OCCURS ="0" OFFSET ="162" PHYSICALLENGTH ="10" PHYSICALOFFSET ="342" PICTURETEXT ="" PRECISION ="10" SCALE ="0" USAGE_FLAGS =""/>
        <SOURCEFIELD BUSINESSNAME ="" DATATYPE ="varchar" DESCRIPTION ="" FIELDNUMBER ="18" FIELDPROPERTY ="0" FIELDTYPE ="ELEMITEM" HIDDEN ="NO" KEYTYPE ="NOT A KEY" LENGTH ="0" LEVEL ="0" NAME ="PROCESS_TYPE" NULLABLE ="NOTNULL" OCCURS ="0" OFFSET ="173" PHYSICALLENGTH ="10" PHYSICALOFFSET ="352" PICTURETEXT ="" PRECISION ="10" SCALE ="0" USAGE_FLAGS =""/>
        <SOURCEFIELD BUSINESSNAME ="" DATATYPE ="integer" DESCRIPTION ="" FIELDNUMBER ="19" FIELDPROPERTY ="0" FIELDTYPE ="ELEMITEM" HIDDEN ="NO" KEYTYPE ="NOT A KEY" LENGTH ="11" LEVEL ="0" NAME ="DV_FIN_ADJ_KEY" NULLABLE ="NOTNULL" OCCURS ="0" OFFSET ="173" PHYSICALLENGTH ="10" PHYSICALOFFSET ="362" PICTURETEXT ="" PRECISION ="10" SCALE ="0" USAGE_FLAGS =""/>
        <SOURCEFIELD BUSINESSNAME ="" DATATYPE ="varchar" DESCRIPTION ="" FIELDNUMBER ="20" FIELDPROPERTY ="0" FIELDTYPE ="ELEMITEM" HIDDEN ="NO" KEYTYPE ="NOT A KEY" LENGTH ="0" LEVEL ="0" NAME ="DV_RSTMT_REASON_CD" NULLABLE ="NOTNULL" OCCURS ="0" OFFSET ="184" PHYSICALLENGTH ="20" PHYSICALOFFSET ="372" PICTURETEXT ="" PRECISION ="20" SCALE ="0" USAGE_FLAGS =""/>
    </SOURCE>
    <TARGET BUSINESSNAME ="" CONSTRAINT ="" DATABASETYPE ="Teradata" DESCRIPTION ="" NAME ="WI_SLS_ACNT_RSTD_MSR_DRRNG_D1" OBJECTVERSION ="1" TABLEOPTIONS ="" VERSIONNUMBER ="5">
        <TARGETFIELD BUSINESSNAME ="" DATATYPE ="integer" DESCRIPTION ="" FIELDNUMBER ="1" KEYTYPE ="NOT A KEY" NAME ="BOOKINGS_MEASURE_KEY" NULLABLE ="NOTNULL" PICTURETEXT ="" PRECISION ="10" SCALE ="0"/>
        <TARGETFIELD BUSINESSNAME ="" DATATYPE ="date" DESCRIPTION ="" FIELDNUMBER ="2" KEYTYPE ="NOT A KEY" NAME ="BOOKINGS_PROCESS_DT" NULLABLE ="NOTNULL" PICTURETEXT ="" PRECISION ="10" SCALE ="0"/>
        <TARGETFIELD BUSINESSNAME ="" DATATYPE ="char" DESCRIPTION ="" FIELDNUMBER ="3" KEYTYPE ="NOT A KEY" NAME ="BKGS_MEASURE_TRANS_TYPE_CD" NULLABLE ="NOTNULL" PICTURETEXT ="" PRECISION ="7" SCALE ="0"/>
        <TARGETFIELD BUSINESSNAME ="" DATATYPE ="integer" DESCRIPTION ="" FIELDNUMBER ="4" KEYTYPE ="NOT A KEY" NAME ="DV_END_CUST_PARTY_KEY" NULLABLE ="NOTNULL" PICTURETEXT ="" PRECISION ="10" SCALE ="0"/>
        <TARGETFIELD BUSINESSNAME ="" DATATYPE ="integer" DESCRIPTION ="" FIELDNUMBER ="5" KEYTYPE ="NOT A KEY" NAME ="BK_SA_MEMBER_ID_INT" NULLABLE ="NOTNULL" PICTURETEXT ="" PRECISION ="10" SCALE ="0"/>
        <TARGETFIELD BUSINESSNAME ="" DATATYPE ="integer" DESCRIPTION ="" FIELDNUMBER ="6" KEYTYPE ="NOT A KEY" NAME ="LINK_CUSTOMER_PARTY_KEY" NULLABLE ="NULL" PICTURETEXT ="" PRECISION ="10" SCALE ="0"/>
        <TARGETFIELD BUSINESSNAME ="" DATATYPE ="integer" DESCRIPTION ="" FIELDNUMBER ="7" KEYTYPE ="NOT A KEY" NAME ="SALES_ACCOUNT_GROUP_PARTY_KEY" NULLABLE ="NOTNULL" PICTURETEXT ="" PRECISION ="10" SCALE ="0"/>
        <TARGETFIELD BUSINESSNAME ="" DATATYPE ="varchar" DESCRIPTION ="" FIELDNUMBER ="8" KEYTYPE ="NOT A KEY" NAME ="DV_SAV_REASON_DESCR" NULLABLE ="NULL" PICTURETEXT ="" PRECISION ="100" SCALE ="0"/>
        <TARGETFIELD BUSINESSNAME ="" DATATYPE ="varchar" DESCRIPTION ="" FIELDNUMBER ="9" KEYTYPE ="NOT A KEY" NAME ="DV_END_CUST_REASON_DESCR" NULLABLE ="NULL" PICTURETEXT ="" PRECISION ="100" SCALE ="0"/>
        <TARGETFIELD BUSINESSNAME ="" DATATYPE ="decimal" DESCRIPTION ="" FIELDNUMBER ="10" KEYTYPE ="NOT A KEY" NAME ="DV_END_CUST_OWNERSHIP_SPLT_PCT" NULLABLE ="NULL" PICTURETEXT ="" PRECISION ="18" SCALE ="6"/>
        <TARGETFIELD BUSINESSNAME ="" DATATYPE ="timestamp" DESCRIPTION ="" FIELDNUMBER ="11" KEYTYPE ="NOT A KEY" NAME ="LAST_UPDATED_DTM" NULLABLE ="NOTNULL" PICTURETEXT ="" PRECISION ="19" SCALE ="0"/>
        <TARGETFIELD BUSINESSNAME ="" DATATYPE ="timestamp" DESCRIPTION ="" FIELDNUMBER ="12" KEYTYPE ="NOT A KEY" NAME ="EDW_CREATE_DTM" NULLABLE ="NOTNULL" PICTURETEXT ="" PRECISION ="19" SCALE ="0"/>
        <TARGETFIELD BUSINESSNAME ="" DATATYPE ="char" DESCRIPTION ="" FIELDNUMBER ="13" KEYTYPE ="NOT A KEY" NAME ="EDW_CREATE_USER" NULLABLE ="NOTNULL" PICTURETEXT ="" PRECISION ="30" SCALE ="0"/>
        <TARGETFIELD BUSINESSNAME ="" DATATYPE ="timestamp" DESCRIPTION ="" FIELDNUMBER ="14" KEYTYPE ="NOT A KEY" NAME ="EDW_UPDATE_DTM" NULLABLE ="NOTNULL" PICTURETEXT ="" PRECISION ="19" SCALE ="0"/>
        <TARGETFIELD BUSINESSNAME ="" DATATYPE ="char" DESCRIPTION ="" FIELDNUMBER ="15" KEYTYPE ="NOT A KEY" NAME ="EDW_UPDATE_USER" NULLABLE ="NOTNULL" PICTURETEXT ="" PRECISION ="30" SCALE ="0"/>
        <TARGETFIELD BUSINESSNAME ="" DATATYPE ="varchar" DESCRIPTION ="" FIELDNUMBER ="16" KEYTYPE ="NOT A KEY" NAME ="SALES_REP_NUM" NULLABLE ="NOTNULL" PICTURETEXT ="" PRECISION ="30" SCALE ="0"/>
        <TARGETFIELD BUSINESSNAME ="" DATATYPE ="integer" DESCRIPTION ="" FIELDNUMBER ="17" KEYTYPE ="NOT A KEY" NAME ="SALES_TERRITORY_KEY" NULLABLE ="NOTNULL" PICTURETEXT ="" PRECISION ="10" SCALE ="0"/>
        <TARGETFIELD BUSINESSNAME ="" DATATYPE ="integer" DESCRIPTION ="" FIELDNUMBER ="18" KEYTYPE ="NOT A KEY" NAME ="EP_OTM_TERRITORY_ID_INT" NULLABLE ="NULL" PICTURETEXT ="" PRECISION ="10" SCALE ="0"/>
    </TARGET>
    <TARGET BUSINESSNAME ="" CONSTRAINT ="" DATABASETYPE ="Teradata" DESCRIPTION ="" NAME ="WI_SLS_ACNT_RSTD_MSR_DRRNG_D" OBJECTVERSION ="1" TABLEOPTIONS ="" VERSIONNUMBER ="5">
        <TARGETFIELD BUSINESSNAME ="" DATATYPE ="integer" DESCRIPTION ="" FIELDNUMBER ="1" KEYTYPE ="NOT A KEY" NAME ="BOOKINGS_MEASURE_KEY" NULLABLE ="NOTNULL" PICTURETEXT ="" PRECISION ="10" SCALE ="0"/>
        <TARGETFIELD BUSINESSNAME ="" DATATYPE ="date" DESCRIPTION ="" FIELDNUMBER ="2" KEYTYPE ="NOT A KEY" NAME ="BOOKINGS_PROCESS_DT" NULLABLE ="NOTNULL" PICTURETEXT ="" PRECISION ="10" SCALE ="0"/>
        <TARGETFIELD BUSINESSNAME ="" DATATYPE ="char" DESCRIPTION ="" FIELDNUMBER ="3" KEYTYPE ="NOT A KEY" NAME ="BKGS_MEASURE_TRANS_TYPE_CD" NULLABLE ="NOTNULL" PICTURETEXT ="" PRECISION ="7" SCALE ="0"/>
        <TARGETFIELD BUSINESSNAME ="" DATATYPE ="integer" DESCRIPTION ="" FIELDNUMBER ="4" KEYTYPE ="NOT A KEY" NAME ="DV_END_CUST_PARTY_KEY" NULLABLE ="NOTNULL" PICTURETEXT ="" PRECISION ="10" SCALE ="0"/>
        <TARGETFIELD BUSINESSNAME ="" DATATYPE ="integer" DESCRIPTION ="" FIELDNUMBER ="5" KEYTYPE ="NOT A KEY" NAME ="BK_SA_MEMBER_ID_INT" NULLABLE ="NOTNULL" PICTURETEXT ="" PRECISION ="10" SCALE ="0"/>
        <TARGETFIELD BUSINESSNAME ="" DATATYPE ="integer" DESCRIPTION ="" FIELDNUMBER ="6" KEYTYPE ="NOT A KEY" NAME ="LINK_CUSTOMER_PARTY_KEY" NULLABLE ="NULL" PICTURETEXT ="" PRECISION ="10" SCALE ="0"/>
        <TARGETFIELD BUSINESSNAME ="" DATATYPE ="integer" DESCRIPTION ="" FIELDNUMBER ="7" KEYTYPE ="NOT A KEY" NAME ="SALES_ACCOUNT_GROUP_PARTY_KEY" NULLABLE ="NOTNULL" PICTURETEXT ="" PRECISION ="10" SCALE ="0"/>
        <TARGETFIELD BUSINESSNAME ="" DATATYPE ="decimal" DESCRIPTION ="" FIELDNUMBER ="8" KEYTYPE ="NOT A KEY" NAME ="DV_END_CUST_OWNERSHIP_SPLT_PCT" NULLABLE ="NULL" PICTURETEXT ="" PRECISION ="18" SCALE ="6"/>
        <TARGETFIELD BUSINESSNAME ="" DATATYPE ="timestamp" DESCRIPTION ="" FIELDNUMBER ="9" KEYTYPE ="NOT A KEY" NAME ="EDW_CREATE_DTM" NULLABLE ="NOTNULL" PICTURETEXT ="" PRECISION ="19" SCALE ="0"/>
        <TARGETFIELD BUSINESSNAME ="" DATATYPE ="timestamp" DESCRIPTION ="" FIELDNUMBER ="10" KEYTYPE ="NOT A KEY" NAME ="EDW_UPDATE_DTM" NULLABLE ="NOTNULL" PICTURETEXT ="" PRECISION ="19" SCALE ="0"/>
        <TARGETFIELD BUSINESSNAME ="" DATATYPE ="integer" DESCRIPTION ="" FIELDNUMBER ="11" KEYTYPE ="NOT A KEY" NAME ="SLS_ACCT_GROUP_SALES_TERR_KEY" NULLABLE ="NOTNULL" PICTURETEXT ="" PRECISION ="10" SCALE ="0"/>
        <TARGETFIELD BUSINESSNAME ="" DATATYPE ="varchar" DESCRIPTION ="" FIELDNUMBER ="12" KEYTYPE ="NOT A KEY" NAME ="SALES_REP_NUM" NULLABLE ="NOTNULL" PICTURETEXT ="" PRECISION ="100" SCALE ="0"/>
        <TARGETFIELD BUSINESSNAME ="" DATATYPE ="integer" DESCRIPTION ="" FIELDNUMBER ="13" KEYTYPE ="NOT A KEY" NAME ="EP_OTM_TERRITORY_ID_INT" NULLABLE ="NULL" PICTURETEXT ="" PRECISION ="10" SCALE ="0"/>
    </TARGET>
    <TARGET BUSINESSNAME ="" CONSTRAINT ="" DATABASETYPE ="Teradata" DESCRIPTION ="" NAME ="MT_SLS_ACNT_RSTD_MSR_DRR_NG" OBJECTVERSION ="1" TABLEOPTIONS ="" VERSIONNUMBER ="11">
        <TARGETFIELD BUSINESSNAME ="" DATATYPE ="integer" DESCRIPTION ="" FIELDNUMBER ="1" KEYTYPE ="NOT A KEY" NAME ="BOOKINGS_MEASURE_KEY" NULLABLE ="NOTNULL" PICTURETEXT ="" PRECISION ="10" SCALE ="0"/>
        <TARGETFIELD BUSINESSNAME ="" DATATYPE ="date" DESCRIPTION ="" FIELDNUMBER ="2" KEYTYPE ="NOT A KEY" NAME ="BOOKINGS_PROCESS_DT" NULLABLE ="NOTNULL" PICTURETEXT ="" PRECISION ="10" SCALE ="0"/>
        <TARGETFIELD BUSINESSNAME ="" DATATYPE ="char" DESCRIPTION ="" FIELDNUMBER ="3" KEYTYPE ="NOT A KEY" NAME ="BKGS_MEASURE_TRANS_TYPE_CD" NULLABLE ="NOTNULL" PICTURETEXT ="" PRECISION ="7" SCALE ="0"/>
        <TARGETFIELD BUSINESSNAME ="" DATATYPE ="integer" DESCRIPTION ="" FIELDNUMBER ="4" KEYTYPE ="NOT A KEY" NAME ="DV_END_CUST_PARTY_KEY" NULLABLE ="NOTNULL" PICTURETEXT ="" PRECISION ="10" SCALE ="0"/>
        <TARGETFIELD BUSINESSNAME ="" DATATYPE ="integer" DESCRIPTION ="" FIELDNUMBER ="5" KEYTYPE ="NOT A KEY" NAME ="BK_SA_MEMBER_ID_INT" NULLABLE ="NOTNULL" PICTURETEXT ="" PRECISION ="10" SCALE ="0"/>
        <TARGETFIELD BUSINESSNAME ="" DATATYPE ="integer" DESCRIPTION ="" FIELDNUMBER ="6" KEYTYPE ="NOT A KEY" NAME ="LINK_CUSTOMER_PARTY_KEY" NULLABLE ="NULL" PICTURETEXT ="" PRECISION ="10" SCALE ="0"/>
        <TARGETFIELD BUSINESSNAME ="" DATATYPE ="integer" DESCRIPTION ="" FIELDNUMBER ="7" KEYTYPE ="NOT A KEY" NAME ="SALES_ACCOUNT_GROUP_PARTY_KEY" NULLABLE ="NOTNULL" PICTURETEXT ="" PRECISION ="10" SCALE ="0"/>
        <TARGETFIELD BUSINESSNAME ="" DATATYPE ="varchar" DESCRIPTION ="" FIELDNUMBER ="8" KEYTYPE ="NOT A KEY" NAME ="DV_END_CUST_REASON_DESCR" NULLABLE ="NULL" PICTURETEXT ="" PRECISION ="100" SCALE ="0"/>
        <TARGETFIELD BUSINESSNAME ="" DATATYPE ="decimal" DESCRIPTION ="" FIELDNUMBER ="9" KEYTYPE ="NOT A KEY" NAME ="DV_END_CUST_OWNERSHIP_SPLT_PCT" NULLABLE ="NULL" PICTURETEXT ="" PRECISION ="18" SCALE ="6"/>
        <TARGETFIELD BUSINESSNAME ="" DATATYPE ="timestamp" DESCRIPTION ="" FIELDNUMBER ="10" KEYTYPE ="NOT A KEY" NAME ="LAST_UPDATED_DTM" NULLABLE ="NOTNULL" PICTURETEXT ="" PRECISION ="19" SCALE ="0"/>
        <TARGETFIELD BUSINESSNAME ="" DATATYPE ="timestamp" DESCRIPTION ="" FIELDNUMBER ="11" KEYTYPE ="NOT A KEY" NAME ="EDW_CREATE_DTM" NULLABLE ="NOTNULL" PICTURETEXT ="" PRECISION ="19" SCALE ="0"/>
        <TARGETFIELD BUSINESSNAME ="" DATATYPE ="char" DESCRIPTION ="" FIELDNUMBER ="12" KEYTYPE ="NOT A KEY" NAME ="EDW_CREATE_USER" NULLABLE ="NOTNULL" PICTURETEXT ="" PRECISION ="30" SCALE ="0"/>
        <TARGETFIELD BUSINESSNAME ="" DATATYPE ="timestamp" DESCRIPTION ="" FIELDNUMBER ="13" KEYTYPE ="NOT A KEY" NAME ="EDW_UPDATE_DTM" NULLABLE ="NOTNULL" PICTURETEXT ="" PRECISION ="19" SCALE ="0"/>
        <TARGETFIELD BUSINESSNAME ="" DATATYPE ="char" DESCRIPTION ="" FIELDNUMBER ="14" KEYTYPE ="NOT A KEY" NAME ="EDW_UPDATE_USER" NULLABLE ="NOTNULL" PICTURETEXT ="" PRECISION ="30" SCALE ="0"/>
        <TARGETFIELD BUSINESSNAME ="" DATATYPE ="varchar" DESCRIPTION ="" FIELDNUMBER ="15" KEYTYPE ="NOT A KEY" NAME ="SALES_REP_NUM" NULLABLE ="NOTNULL" PICTURETEXT ="" PRECISION ="30" SCALE ="0"/>
        <TARGETFIELD BUSINESSNAME ="" DATATYPE ="integer" DESCRIPTION ="" FIELDNUMBER ="16" KEYTYPE ="NOT A KEY" NAME ="SALES_TERRITORY_KEY" NULLABLE ="NOTNULL" PICTURETEXT ="" PRECISION ="10" SCALE ="0"/>
        <TARGETFIELD BUSINESSNAME ="" DATATYPE ="integer" DESCRIPTION ="" FIELDNUMBER ="17" KEYTYPE ="NOT A KEY" NAME ="EP_OTM_TERRITORY_ID_INT" NULLABLE ="NULL" PICTURETEXT ="" PRECISION ="10" SCALE ="0"/>
        <TARGETFIELD BUSINESSNAME ="" DATATYPE ="varchar" DESCRIPTION ="" FIELDNUMBER ="18" KEYTYPE ="NOT A KEY" NAME ="PROCESS_TYPE" NULLABLE ="NOTNULL" PICTURETEXT ="" PRECISION ="10" SCALE ="0"/>
        <TARGETFIELD BUSINESSNAME ="" DATATYPE ="integer" DESCRIPTION ="" FIELDNUMBER ="19" KEYTYPE ="NOT A KEY" NAME ="DV_FIN_ADJ_KEY" NULLABLE ="NOTNULL" PICTURETEXT ="" PRECISION ="10" SCALE ="0"/>
        <TARGETFIELD BUSINESSNAME ="" DATATYPE ="varchar" DESCRIPTION ="" FIELDNUMBER ="20" KEYTYPE ="NOT A KEY" NAME ="DV_RSTMT_REASON_CD" NULLABLE ="NOTNULL" PICTURETEXT ="" PRECISION ="20" SCALE ="0"/>
        <TARGETFIELD BUSINESSNAME ="" DATATYPE ="bigint" DESCRIPTION ="" FIELDNUMBER ="21" KEYTYPE ="NOT A KEY" NAME ="SK_SEQUENCE_ID" NULLABLE ="NULL" PICTURETEXT ="" PRECISION ="19" SCALE ="0"/>
    </TARGET>
    <MAPPING DESCRIPTION ="" ISVALID ="YES" NAME ="m_MT_SLS_ACNT_RSTD_MSR_DRRNG_D" OBJECTVERSION ="1" VERSIONNUMBER ="5">
        <TRANSFORMATION DESCRIPTION ="" NAME ="SQ_MT_NAMD_ACNT_BKGS_MEASURE" OBJECTVERSION ="1" REUSABLE ="NO" TYPE ="Source Qualifier" VERSIONNUMBER ="5">
            <TRANSFORMFIELD DATATYPE ="integer" DEFAULTVALUE ="" DESCRIPTION ="" NAME ="BOOKINGS_MEASURE_KEY" PICTURETEXT ="" PORTTYPE ="INPUT/OUTPUT" PRECISION ="10" SCALE ="0"/>
            <TRANSFORMFIELD DATATYPE ="date/time" DEFAULTVALUE ="" DESCRIPTION ="" NAME ="BOOKINGS_PROCESS_DT" PICTURETEXT ="" PORTTYPE ="INPUT/OUTPUT" PRECISION ="29" SCALE ="9"/>
            <TRANSFORMFIELD DATATYPE ="string" DEFAULTVALUE ="" DESCRIPTION ="" NAME ="BKGS_MEASURE_TRANS_TYPE_CD" PICTURETEXT ="" PORTTYPE ="INPUT/OUTPUT" PRECISION ="7" SCALE ="0"/>
            <TRANSFORMFIELD DATATYPE ="integer" DEFAULTVALUE ="" DESCRIPTION ="" NAME ="DV_END_CUST_PARTY_KEY" PICTURETEXT ="" PORTTYPE ="INPUT/OUTPUT" PRECISION ="10" SCALE ="0"/>
            <TRANSFORMFIELD DATATYPE ="integer" DEFAULTVALUE ="" DESCRIPTION ="" NAME ="BK_SA_MEMBER_ID_INT" PICTURETEXT ="" PORTTYPE ="INPUT/OUTPUT" PRECISION ="10" SCALE ="0"/>
            <TRANSFORMFIELD DATATYPE ="integer" DEFAULTVALUE ="" DESCRIPTION ="" NAME ="LINK_CUSTOMER_PARTY_KEY" PICTURETEXT ="" PORTTYPE ="INPUT/OUTPUT" PRECISION ="10" SCALE ="0"/>
            <TRANSFORMFIELD DATATYPE ="integer" DEFAULTVALUE ="" DESCRIPTION ="" NAME ="SALES_ACCOUNT_GROUP_PARTY_KEY" PICTURETEXT ="" PORTTYPE ="INPUT/OUTPUT" PRECISION ="10" SCALE ="0"/>
            <TRANSFORMFIELD DATATYPE ="decimal" DEFAULTVALUE ="" DESCRIPTION ="" NAME ="DV_END_CUST_OWNERSHIP_SPLT_PCT" PICTURETEXT ="" PORTTYPE ="INPUT/OUTPUT" PRECISION ="18" SCALE ="6"/>
            <TRANSFORMFIELD DATATYPE ="date/time" DEFAULTVALUE ="" DESCRIPTION ="" NAME ="EDW_CREATE_DTM" PICTURETEXT ="" PORTTYPE ="INPUT/OUTPUT" PRECISION ="29" SCALE ="9"/>
            <TRANSFORMFIELD DATATYPE ="date/time" DEFAULTVALUE ="" DESCRIPTION ="" NAME ="EDW_UPDATE_DTM" PICTURETEXT ="" PORTTYPE ="INPUT/OUTPUT" PRECISION ="29" SCALE ="9"/>
            <TRANSFORMFIELD DATATYPE ="integer" DEFAULTVALUE ="" DESCRIPTION ="" NAME ="SLS_ACCT_GROUP_SALES_TERR_KEY" PICTURETEXT ="" PORTTYPE ="INPUT/OUTPUT" PRECISION ="10" SCALE ="0"/>
            <TRANSFORMFIELD DATATYPE ="string" DEFAULTVALUE ="" DESCRIPTION ="" NAME ="SALES_REP_NUM" PICTURETEXT ="" PORTTYPE ="INPUT/OUTPUT" PRECISION ="100" SCALE ="0"/>
            <TRANSFORMFIELD DATATYPE ="integer" DEFAULTVALUE ="" DESCRIPTION ="" NAME ="EP_OTM_TERRITORY_ID_INT" PICTURETEXT ="" PORTTYPE ="INPUT/OUTPUT" PRECISION ="10" SCALE ="0"/>
            <TABLEATTRIBUTE NAME ="Sql Query" VALUE ="SELECT &#xD;&#xA;&#x9;  NBM.BOOKINGS_MEASURE_KEY,&#xD;&#xA;&#x9;  NBM.BOOKINGS_PROCESS_DATE,&#xD;&#xA;&#x9;  NBM.BKGS_MEASURE_TRANS_TYPE_CODE,&#xD;&#xA;&#x9;  MT.FIELD_VLDTD_END_CUST_PRTY_KEY AS DV_END_CUST_PARTY_KEY,&#xD;&#xA;&#x9;  MT.BK_SA_MEMBER_ID_INT,&#xD;&#xA;&#x9;  MT.SLS_ACCT_GRP_MEMBER_PARTY_KEY AS LINK_CUSTOMER_PARTY_KEY,&#xD;&#xA;&#x9;  MT.SALES_ACCOUNT_GROUP_PARTY_KEY,&#xD;&#xA;&#x9;  COALESCE(MT.END_CUST_OWNERSHIP_SPLIT_PCT,100) AS DV_END_CUST_OWNERSHIP_SPLT_PCT,&#xD;&#xA;&#x9;  CURRENT_TIMESTAMP(0) AS EDW_CREATE_DTM,&#xD;&#xA;&#x9;  CURRENT_TIMESTAMP(0) AS EDW_UPDATE_DTM,&#xD;&#xA;&#x9;  NBM.SALES_TERRITORY_KEY,&#xD;&#xA;&#x9;  NBM.SALES_REP_NUMBER,&#xD;&#xA;&#x9;  -999 AS EP_OTM_TERRITORY_ID_INT&#xD;&#xA;  FROM ( SELECT BOOKINGS_MEASURE_KEY, &#xD;&#xA;&#x9;&#x9;&#x9;&#x9;BKGS_MEASURE_TRANS_TYPE_CODE, &#xD;&#xA;&#x9;&#x9;&#x9;&#x9;BOOKINGS_PROCESS_DATE,&#xD;&#xA;&#x9;&#x9;&#x9;&#x9;SALES_TERRITORY_KEY,&#xD;&#xA;&#x9;&#x9;&#x9;&#x9;SALES_REP_NUMBER&#xD;&#xA;          FROM $$SLSORDVWDB.N_BOOKINGS_MEASURE NBM&#xD;&#xA;&#x9;&#x9; WHERE EDW_UPDATE_DATETIME &gt; &apos;$$LastExtractDate&apos;) NBM&#xD;&#xA;  INNER JOIN $$SLSORDVWDB.MT_NAMD_ACNT_BKGS_MEASURE MT&#xD;&#xA;    ON NBM.BOOKINGS_MEASURE_KEY = MT.BOOKINGS_MEASURE_KEY&#xD;&#xA;   AND NBM.BKGS_MEASURE_TRANS_TYPE_CODE = MT.BKGS_MEASURE_TRANS_TYPE_CODE&#xD;&#xA;   AND NBM.BOOKINGS_PROCESS_DATE = MT.BOOKINGS_PROCESS_DATE"/>
            <TABLEATTRIBUTE NAME ="User Defined Join" VALUE =""/>
            <TABLEATTRIBUTE NAME ="Source Filter" VALUE =""/>
            <TABLEATTRIBUTE NAME ="Number Of Sorted Ports" VALUE ="0"/>
            <TABLEATTRIBUTE NAME ="Tracing Level" VALUE ="Normal"/>
            <TABLEATTRIBUTE NAME ="Select Distinct" VALUE ="NO"/>
            <TABLEATTRIBUTE NAME ="Is Partitionable" VALUE ="NO"/>
            <TABLEATTRIBUTE NAME ="Pre SQL" VALUE =""/>
            <TABLEATTRIBUTE NAME ="Post SQL" VALUE =""/>
            <TABLEATTRIBUTE NAME ="Output is deterministic" VALUE ="NO"/>
            <TABLEATTRIBUTE NAME ="Output is repeatable" VALUE ="Never"/>
        </TRANSFORMATION>
        <TRANSFORMATION DESCRIPTION ="" NAME ="SQ_WI_SLS_ACNT_RSTD_MSR_DRRNG_D1" OBJECTVERSION ="1" REUSABLE ="NO" TYPE ="Source Qualifier" VERSIONNUMBER ="5">
            <TRANSFORMFIELD DATATYPE ="integer" DEFAULTVALUE ="" DESCRIPTION ="" NAME ="BOOKINGS_MEASURE_KEY" PICTURETEXT ="" PORTTYPE ="INPUT/OUTPUT" PRECISION ="10" SCALE ="0"/>
            <TRANSFORMFIELD DATATYPE ="date/time" DEFAULTVALUE ="" DESCRIPTION ="" NAME ="BOOKINGS_PROCESS_DT" PICTURETEXT ="" PORTTYPE ="INPUT/OUTPUT" PRECISION ="29" SCALE ="9"/>
            <TRANSFORMFIELD DATATYPE ="string" DEFAULTVALUE ="" DESCRIPTION ="" NAME ="BKGS_MEASURE_TRANS_TYPE_CD" PICTURETEXT ="" PORTTYPE ="INPUT/OUTPUT" PRECISION ="7" SCALE ="0"/>
            <TRANSFORMFIELD DATATYPE ="integer" DEFAULTVALUE ="" DESCRIPTION ="" NAME ="DV_END_CUST_PARTY_KEY" PICTURETEXT ="" PORTTYPE ="INPUT/OUTPUT" PRECISION ="10" SCALE ="0"/>
            <TRANSFORMFIELD DATATYPE ="integer" DEFAULTVALUE ="" DESCRIPTION ="" NAME ="BK_SA_MEMBER_ID_INT" PICTURETEXT ="" PORTTYPE ="INPUT/OUTPUT" PRECISION ="10" SCALE ="0"/>
            <TRANSFORMFIELD DATATYPE ="integer" DEFAULTVALUE ="" DESCRIPTION ="" NAME ="LINK_CUSTOMER_PARTY_KEY" PICTURETEXT ="" PORTTYPE ="INPUT/OUTPUT" PRECISION ="10" SCALE ="0"/>
            <TRANSFORMFIELD DATATYPE ="integer" DEFAULTVALUE ="" DESCRIPTION ="" NAME ="SALES_ACCOUNT_GROUP_PARTY_KEY" PICTURETEXT ="" PORTTYPE ="INPUT/OUTPUT" PRECISION ="10" SCALE ="0"/>
            <TRANSFORMFIELD DATATYPE ="string" DEFAULTVALUE ="" DESCRIPTION ="" NAME ="DV_END_CUST_REASON_DESCR" PICTURETEXT ="" PORTTYPE ="INPUT/OUTPUT" PRECISION ="100" SCALE ="0"/>
            <TRANSFORMFIELD DATATYPE ="decimal" DEFAULTVALUE ="" DESCRIPTION ="" NAME ="DV_END_CUST_OWNERSHIP_SPLT_PCT" PICTURETEXT ="" PORTTYPE ="INPUT/OUTPUT" PRECISION ="18" SCALE ="6"/>
            <TRANSFORMFIELD DATATYPE ="date/time" DEFAULTVALUE ="" DESCRIPTION ="" NAME ="LAST_UPDATED_DTM" PICTURETEXT ="" PORTTYPE ="INPUT/OUTPUT" PRECISION ="29" SCALE ="9"/>
            <TRANSFORMFIELD DATATYPE ="date/time" DEFAULTVALUE ="" DESCRIPTION ="" NAME ="EDW_CREATE_DTM" PICTURETEXT ="" PORTTYPE ="INPUT/OUTPUT" PRECISION ="29" SCALE ="9"/>
            <TRANSFORMFIELD DATATYPE ="string" DEFAULTVALUE ="" DESCRIPTION ="" NAME ="EDW_CREATE_USER" PICTURETEXT ="" PORTTYPE ="INPUT/OUTPUT" PRECISION ="30" SCALE ="0"/>
            <TRANSFORMFIELD DATATYPE ="date/time" DEFAULTVALUE ="" DESCRIPTION ="" NAME ="EDW_UPDATE_DTM" PICTURETEXT ="" PORTTYPE ="INPUT/OUTPUT" PRECISION ="29" SCALE ="9"/>
            <TRANSFORMFIELD DATATYPE ="string" DEFAULTVALUE ="" DESCRIPTION ="" NAME ="EDW_UPDATE_USER" PICTURETEXT ="" PORTTYPE ="INPUT/OUTPUT" PRECISION ="30" SCALE ="0"/>
            <TRANSFORMFIELD DATATYPE ="string" DEFAULTVALUE ="" DESCRIPTION ="" NAME ="SALES_REP_NUM" PICTURETEXT ="" PORTTYPE ="INPUT/OUTPUT" PRECISION ="30" SCALE ="0"/>
            <TRANSFORMFIELD DATATYPE ="integer" DEFAULTVALUE ="" DESCRIPTION ="" NAME ="SALES_TERRITORY_KEY" PICTURETEXT ="" PORTTYPE ="INPUT/OUTPUT" PRECISION ="10" SCALE ="0"/>
            <TRANSFORMFIELD DATATYPE ="integer" DEFAULTVALUE ="" DESCRIPTION ="" NAME ="EP_OTM_TERRITORY_ID_INT" PICTURETEXT ="" PORTTYPE ="INPUT/OUTPUT" PRECISION ="10" SCALE ="0"/>
            <TRANSFORMFIELD DATATYPE ="string" DEFAULTVALUE ="" DESCRIPTION ="" NAME ="PROCESS_TYPE" PICTURETEXT ="" PORTTYPE ="INPUT/OUTPUT" PRECISION ="10" SCALE ="0"/>
            <TRANSFORMFIELD DATATYPE ="integer" DEFAULTVALUE ="" DESCRIPTION ="" NAME ="DV_FIN_ADJ_KEY" PICTURETEXT ="" PORTTYPE ="INPUT/OUTPUT" PRECISION ="10" SCALE ="0"/>
            <TRANSFORMFIELD DATATYPE ="string" DEFAULTVALUE ="" DESCRIPTION ="" NAME ="DV_RSTMT_REASON_CD" PICTURETEXT ="" PORTTYPE ="INPUT/OUTPUT" PRECISION ="20" SCALE ="0"/>
            <TRANSFORMFIELD DATATYPE ="bigint" DEFAULTVALUE ="" DESCRIPTION ="" NAME ="SK_SEQUENCE_ID" PICTURETEXT ="" PORTTYPE ="INPUT/OUTPUT" PRECISION ="19" SCALE ="0"/>
            <TABLEATTRIBUTE NAME ="Sql Query" VALUE ="/*To populate SAV Reason Codes from N_DYN_RESTMT_ENRICH_REASON table*/&#xD;&#xA;SELECT  &#xD;&#xA;      WI.BOOKINGS_MEASURE_KEY,&#xD;&#xA;   WI.BOOKINGS_PROCESS_DT,&#xD;&#xA;   WI.BKGS_MEASURE_TRANS_TYPE_CD,&#xD;&#xA;   WI.DV_END_CUST_PARTY_KEY,&#xD;&#xA;   WI.BK_SA_MEMBER_ID_INT,&#xD;&#xA;   WI.LINK_CUSTOMER_PARTY_KEY,&#xD;&#xA;      WI.SALES_ACCOUNT_GROUP_PARTY_KEY,&#xD;&#xA;      WI.DV_END_CUST_REASON_DESCR,&#xD;&#xA;      WI.DV_END_CUST_OWNERSHIP_SPLT_PCT,&#xD;&#xA;      CURRENT_TIMESTAMP(0) LAST_UPDATED_DTM,&#xD;&#xA;   CURRENT_TIMESTAMP(0) AS EDW_CREATE_DTM , &#xD;&#xA;   USER AS EDW_CREATE_USER,&#xD;&#xA;   CURRENT_TIMESTAMP(0) AS EDW_UPDATE_DTM, &#xD;&#xA;   USER AS EDW_UPDATE_USER,&#xD;&#xA;   WI.SALES_REP_NUM,&#xD;&#xA;   WI.SALES_TERRITORY_KEY,&#xD;&#xA;   WI.EP_OTM_TERRITORY_ID_INT,&#xD;&#xA;   &apos;Engine&apos; AS PROCESS_TYPE,&#xD;&#xA;   -999 AS DV_FIN_ADJ_KEY,&#xD;&#xA;   DRE.BK_REASON_CD AS DV_RSTMT_REASON_CD,&#xD;&#xA;   MAX_MT.SK_SEQUENCE_ID + ROW_NUMBER()OVER(order by BOOKINGS_MEASURE_KEY) as SK_SEQUENCE_ID&#xD;&#xA;FROM &#xD;&#xA;$$STGDB.WI_SLS_ACNT_RSTD_MSR_DRRNG_D1 WI &#xD;&#xA;INNER JOIN&#xD;&#xA;$$SLSORDVWDB.N_DYN_RESTMT_ENRICH_REASON DRE&#xD;&#xA;ON WI.DV_SAV_REASON_DESCR=DRE.REASON_DESCR,&#xD;&#xA;(SELECT MAX(SK_SEQUENCE_ID) AS SK_SEQUENCE_ID FROM&#xD;&#xA;(&#xD;&#xA;SELECT COALESCE(MAX(SK_SEQUENCE_ID), 0) AS SK_SEQUENCE_ID FROM $$SLSORDVWDB.MT_SLS_ACNT_RSTD_MSR_DRR_NG&#xD;&#xA;UNION ALL &#xD;&#xA;SELECT COALESCE(MAX(SK_SEQUENCE_ID), 0) AS SK_SEQUENCE_ID FROM $$SLSORDVWDB.MT_SLS_ACNT_RSTD_MSR_DRRNG_DEL&#xD;&#xA;) SEQUENCE &#xD;&#xA;) MAX_MT"/>
            <TABLEATTRIBUTE NAME ="User Defined Join" VALUE =""/>
            <TABLEATTRIBUTE NAME ="Source Filter" VALUE =""/>
            <TABLEATTRIBUTE NAME ="Number Of Sorted Ports" VALUE ="0"/>
            <TABLEATTRIBUTE NAME ="Tracing Level" VALUE ="Normal"/>
            <TABLEATTRIBUTE NAME ="Select Distinct" VALUE ="NO"/>
            <TABLEATTRIBUTE NAME ="Is Partitionable" VALUE ="NO"/>
            <TABLEATTRIBUTE NAME ="Pre SQL" VALUE =""/>
            <TABLEATTRIBUTE NAME ="Post SQL" VALUE =""/>
            <TABLEATTRIBUTE NAME ="Output is deterministic" VALUE ="NO"/>
            <TABLEATTRIBUTE NAME ="Output is repeatable" VALUE ="Never"/>
        </TRANSFORMATION>
        <TRANSFORMATION DESCRIPTION ="" NAME ="SQ_WI_SLS_ACNT_RSTD_MSR_DRRNG_D" OBJECTVERSION ="1" REUSABLE ="NO" TYPE ="Source Qualifier" VERSIONNUMBER ="5">
            <TRANSFORMFIELD DATATYPE ="integer" DEFAULTVALUE ="" DESCRIPTION ="" NAME ="BOOKINGS_MEASURE_KEY" PICTURETEXT ="" PORTTYPE ="INPUT/OUTPUT" PRECISION ="10" SCALE ="0"/>
            <TRANSFORMFIELD DATATYPE ="date/time" DEFAULTVALUE ="" DESCRIPTION ="" NAME ="BOOKINGS_PROCESS_DT" PICTURETEXT ="" PORTTYPE ="INPUT/OUTPUT" PRECISION ="29" SCALE ="9"/>
            <TRANSFORMFIELD DATATYPE ="string" DEFAULTVALUE ="" DESCRIPTION ="" NAME ="BKGS_MEASURE_TRANS_TYPE_CD" PICTURETEXT ="" PORTTYPE ="INPUT/OUTPUT" PRECISION ="7" SCALE ="0"/>
            <TRANSFORMFIELD DATATYPE ="integer" DEFAULTVALUE ="" DESCRIPTION ="" NAME ="DV_END_CUST_PARTY_KEY" PICTURETEXT ="" PORTTYPE ="INPUT/OUTPUT" PRECISION ="10" SCALE ="0"/>
            <TRANSFORMFIELD DATATYPE ="integer" DEFAULTVALUE ="" DESCRIPTION ="" NAME ="BK_SA_MEMBER_ID_INT" PICTURETEXT ="" PORTTYPE ="INPUT/OUTPUT" PRECISION ="10" SCALE ="0"/>
            <TRANSFORMFIELD DATATYPE ="integer" DEFAULTVALUE ="" DESCRIPTION ="" NAME ="LINK_CUSTOMER_PARTY_KEY" PICTURETEXT ="" PORTTYPE ="INPUT/OUTPUT" PRECISION ="10" SCALE ="0"/>
            <TRANSFORMFIELD DATATYPE ="integer" DEFAULTVALUE ="" DESCRIPTION ="" NAME ="SALES_ACCOUNT_GROUP_PARTY_KEY" PICTURETEXT ="" PORTTYPE ="INPUT/OUTPUT" PRECISION ="10" SCALE ="0"/>
            <TRANSFORMFIELD DATATYPE ="string" DEFAULTVALUE ="" DESCRIPTION ="" NAME ="DV_SAV_REASON_DESCR" PICTURETEXT ="" PORTTYPE ="INPUT/OUTPUT" PRECISION ="100" SCALE ="0"/>
            <TRANSFORMFIELD DATATYPE ="string" DEFAULTVALUE ="" DESCRIPTION ="" NAME ="DV_END_CUST_REASON_DESCR" PICTURETEXT ="" PORTTYPE ="INPUT/OUTPUT" PRECISION ="100" SCALE ="0"/>
            <TRANSFORMFIELD DATATYPE ="decimal" DEFAULTVALUE ="" DESCRIPTION ="" NAME ="DV_END_CUST_OWNERSHIP_SPLT_PCT" PICTURETEXT ="" PORTTYPE ="INPUT/OUTPUT" PRECISION ="18" SCALE ="6"/>
            <TRANSFORMFIELD DATATYPE ="date/time" DEFAULTVALUE ="" DESCRIPTION ="" NAME ="LAST_UPDATED_DTM" PICTURETEXT ="" PORTTYPE ="INPUT/OUTPUT" PRECISION ="29" SCALE ="9"/>
            <TRANSFORMFIELD DATATYPE ="date/time" DEFAULTVALUE ="" DESCRIPTION ="" NAME ="EDW_CREATE_DTM" PICTURETEXT ="" PORTTYPE ="INPUT/OUTPUT" PRECISION ="29" SCALE ="9"/>
            <TRANSFORMFIELD DATATYPE ="string" DEFAULTVALUE ="" DESCRIPTION ="" NAME ="EDW_CREATE_USER" PICTURETEXT ="" PORTTYPE ="INPUT/OUTPUT" PRECISION ="30" SCALE ="0"/>
            <TRANSFORMFIELD DATATYPE ="date/time" DEFAULTVALUE ="" DESCRIPTION ="" NAME ="EDW_UPDATE_DTM" PICTURETEXT ="" PORTTYPE ="INPUT/OUTPUT" PRECISION ="29" SCALE ="9"/>
            <TRANSFORMFIELD DATATYPE ="string" DEFAULTVALUE ="" DESCRIPTION ="" NAME ="EDW_UPDATE_USER" PICTURETEXT ="" PORTTYPE ="INPUT/OUTPUT" PRECISION ="30" SCALE ="0"/>
            <TRANSFORMFIELD DATATYPE ="string" DEFAULTVALUE ="" DESCRIPTION ="" NAME ="SALES_REP_NUM" PICTURETEXT ="" PORTTYPE ="INPUT/OUTPUT" PRECISION ="30" SCALE ="0"/>
            <TRANSFORMFIELD DATATYPE ="integer" DEFAULTVALUE ="" DESCRIPTION ="" NAME ="SALES_TERRITORY_KEY" PICTURETEXT ="" PORTTYPE ="INPUT/OUTPUT" PRECISION ="10" SCALE ="0"/>
            <TRANSFORMFIELD DATATYPE ="integer" DEFAULTVALUE ="" DESCRIPTION ="" NAME ="EP_OTM_TERRITORY_ID_INT" PICTURETEXT ="" PORTTYPE ="INPUT/OUTPUT" PRECISION ="10" SCALE ="0"/>
            <TABLEATTRIBUTE NAME ="Sql Query" VALUE ="SELECT &#xD;&#xA;    WI.BOOKINGS_MEASURE_KEY,&#xD;&#xA;    WI.BOOKINGS_PROCESS_DT,&#xD;&#xA;    WI.BKGS_MEASURE_TRANS_TYPE_CD,&#xD;&#xA;    WI.DV_END_CUST_PARTY_KEY,&#xD;&#xA;    WI.BK_SA_MEMBER_ID_INT,&#xD;&#xA;    WI.LINK_CUSTOMER_PARTY_KEY,&#xD;&#xA;    WI.SALES_ACCOUNT_GROUP_PARTY_KEY,&#xD;&#xA;    CASE WHEN EL.REPLACED_SALES_TERRITORY_KEY IS NOT NULL THEN &apos;14 - AS WAS CV ENRICHMENT FROM INCREMENTAL LOAD_REPLACED WITH ACTIVE NODE&apos; &#xD;&#xA;&#x9;     ELSE &apos;14 - AS WAS CV ENRICHMENT FROM INCREMENTAL LOAD&apos;&#xD;&#xA;     END AS DV_SAV_REASON_DESCR,&#xD;&#xA;    &apos;AS WAS CV ENRICHMENT FROM INCREMENTAL LOAD&apos; AS DV_END_CUST_REASON_DESCR,&#xD;&#xA;    DV_END_CUST_OWNERSHIP_SPLT_PCT ,&#xD;&#xA;&#x9;CURRENT_TIMESTAMP(0) LAST_UPDATED_DTM,&#xD;&#xA;    CURRENT_TIMESTAMP(0) AS EDW_CREATE_DTM , &#xD;&#xA;    USER AS EDW_CREATE_USER,&#xD;&#xA;    CURRENT_TIMESTAMP(0) AS EDW_UPDATE_DTM, &#xD;&#xA;    USER AS EDW_UPDATE_USER,&#xD;&#xA;    CASE WHEN EL.REPLACED_SALES_TERRITORY_KEY IS NOT NULL THEN -999 &#xD;&#xA;&#x9;     ELSE WI.SALES_REP_NUM&#xD;&#xA;     END AS SALES_REP_NUM,&#xD;&#xA;    CASE WHEN EL.REPLACED_SALES_TERRITORY_KEY IS NOT NULL THEN EL.REPLACED_SALES_TERRITORY_KEY&#xD;&#xA;&#x9;     ELSE WI.SLS_ACCT_GROUP_SALES_TERR_KEY&#xD;&#xA;     END AS SALES_TERRITORY_KEY,&#xD;&#xA;    WI.EP_OTM_TERRITORY_ID_INT &#xD;&#xA;FROM $$STGDB.WI_SLS_ACNT_RSTD_MSR_DRRNG_D WI  &#xD;&#xA;LEFT JOIN ( SELECT * FROM $$ETLVWDB.EL_ACT_INACT_NODE_MAP_DRR WHERE VALID_FLAG = &apos;Y&apos; ) EL&#xD;&#xA;    ON EL.OLD_SALES_TERRITORY_KEY = WI.SLS_ACCT_GROUP_SALES_TERR_KEY&#xD;&#xA;LEFT JOIN $$COMREFVWDB.R_SALES_HIERARCHY RSH_ACT&#xD;&#xA;    ON RSH_ACT.SALES_TERRITORY_KEY = EL.REPLACED_SALES_TERRITORY_KEY"/>
            <TABLEATTRIBUTE NAME ="User Defined Join" VALUE =""/>
            <TABLEATTRIBUTE NAME ="Source Filter" VALUE =""/>
            <TABLEATTRIBUTE NAME ="Number Of Sorted Ports" VALUE ="0"/>
            <TABLEATTRIBUTE NAME ="Tracing Level" VALUE ="Normal"/>
            <TABLEATTRIBUTE NAME ="Select Distinct" VALUE ="NO"/>
            <TABLEATTRIBUTE NAME ="Is Partitionable" VALUE ="NO"/>
            <TABLEATTRIBUTE NAME ="Pre SQL" VALUE =""/>
            <TABLEATTRIBUTE NAME ="Post SQL" VALUE =""/>
            <TABLEATTRIBUTE NAME ="Output is deterministic" VALUE ="NO"/>
            <TABLEATTRIBUTE NAME ="Output is repeatable" VALUE ="Never"/>
        </TRANSFORMATION>
        <INSTANCE DESCRIPTION ="" NAME ="WI_SLS_ACNT_RSTD_MSR_DRRNG_D" TRANSFORMATION_NAME ="WI_SLS_ACNT_RSTD_MSR_DRRNG_D" TRANSFORMATION_TYPE ="Target Definition" TYPE ="TARGET"/>
        <INSTANCE DESCRIPTION ="" NAME ="WI_SLS_ACNT_RSTD_MSR_DRRNG_D1" TRANSFORMATION_NAME ="WI_SLS_ACNT_RSTD_MSR_DRRNG_D1" TRANSFORMATION_TYPE ="Target Definition" TYPE ="TARGET"/>
        <INSTANCE DESCRIPTION ="" NAME ="MT_SLS_ACNT_RSTD_MSR_DRR_NG" TRANSFORMATION_NAME ="MT_SLS_ACNT_RSTD_MSR_DRR_NG" TRANSFORMATION_TYPE ="Target Definition" TYPE ="TARGET"/>
        <INSTANCE DESCRIPTION ="" NAME ="SQ_MT_NAMD_ACNT_BKGS_MEASURE" REUSABLE ="NO" TRANSFORMATION_NAME ="SQ_MT_NAMD_ACNT_BKGS_MEASURE" TRANSFORMATION_TYPE ="Source Qualifier" TYPE ="TRANSFORMATION">
            <ASSOCIATED_SOURCE_INSTANCE NAME ="WI_SLS_ACNT_RSTD_MSR_DRRNG_D"/>
        </INSTANCE>
        <INSTANCE DESCRIPTION ="" NAME ="SQ_WI_SLS_ACNT_RSTD_MSR_DRRNG_D1" REUSABLE ="NO" TRANSFORMATION_NAME ="SQ_WI_SLS_ACNT_RSTD_MSR_DRRNG_D1" TRANSFORMATION_TYPE ="Source Qualifier" TYPE ="TRANSFORMATION">
            <ASSOCIATED_SOURCE_INSTANCE NAME ="MT_SLS_ACNT_RSTD_MSR_DRR_NG"/>
        </INSTANCE>
        <INSTANCE DESCRIPTION ="" NAME ="SQ_WI_SLS_ACNT_RSTD_MSR_DRRNG_D" REUSABLE ="NO" TRANSFORMATION_NAME ="SQ_WI_SLS_ACNT_RSTD_MSR_DRRNG_D" TRANSFORMATION_TYPE ="Source Qualifier" TYPE ="TRANSFORMATION">
            <ASSOCIATED_SOURCE_INSTANCE NAME ="WI_SLS_ACNT_RSTD_MSR_DRRNG_D11"/>
        </INSTANCE>
        <INSTANCE DBDNAME ="TDDEV" DESCRIPTION ="" NAME ="MT_SLS_ACNT_RSTD_MSR_DRR_NG" TRANSFORMATION_NAME ="MT_SLS_ACNT_RSTD_MSR_DRR_NG" TRANSFORMATION_TYPE ="Source Definition" TYPE ="SOURCE"/>
        <INSTANCE DBDNAME ="TDDEV" DESCRIPTION ="" NAME ="WI_SLS_ACNT_RSTD_MSR_DRRNG_D" TRANSFORMATION_NAME ="WI_SLS_ACNT_RSTD_MSR_DRRNG_D" TRANSFORMATION_TYPE ="Source Definition" TYPE ="SOURCE"/>
        <INSTANCE DBDNAME ="TDDEV" DESCRIPTION ="" NAME ="WI_SLS_ACNT_RSTD_MSR_DRRNG_D11" TRANSFORMATION_NAME ="WI_SLS_ACNT_RSTD_MSR_DRRNG_D1" TRANSFORMATION_TYPE ="Source Definition" TYPE ="SOURCE"/>
        <CONNECTOR FROMFIELD ="SALES_REP_NUM" FROMINSTANCE ="SQ_MT_NAMD_ACNT_BKGS_MEASURE" FROMINSTANCETYPE ="Source Qualifier" TOFIELD ="SALES_REP_NUM" TOINSTANCE ="WI_SLS_ACNT_RSTD_MSR_DRRNG_D" TOINSTANCETYPE ="Target Definition"/>
        <CONNECTOR FROMFIELD ="EP_OTM_TERRITORY_ID_INT" FROMINSTANCE ="SQ_MT_NAMD_ACNT_BKGS_MEASURE" FROMINSTANCETYPE ="Source Qualifier" TOFIELD ="EP_OTM_TERRITORY_ID_INT" TOINSTANCE ="WI_SLS_ACNT_RSTD_MSR_DRRNG_D" TOINSTANCETYPE ="Target Definition"/>
        <CONNECTOR FROMFIELD ="BOOKINGS_MEASURE_KEY" FROMINSTANCE ="SQ_MT_NAMD_ACNT_BKGS_MEASURE" FROMINSTANCETYPE ="Source Qualifier" TOFIELD ="BOOKINGS_MEASURE_KEY" TOINSTANCE ="WI_SLS_ACNT_RSTD_MSR_DRRNG_D" TOINSTANCETYPE ="Target Definition"/>
        <CONNECTOR FROMFIELD ="BOOKINGS_PROCESS_DT" FROMINSTANCE ="SQ_MT_NAMD_ACNT_BKGS_MEASURE" FROMINSTANCETYPE ="Source Qualifier" TOFIELD ="BOOKINGS_PROCESS_DT" TOINSTANCE ="WI_SLS_ACNT_RSTD_MSR_DRRNG_D" TOINSTANCETYPE ="Target Definition"/>
        <CONNECTOR FROMFIELD ="BKGS_MEASURE_TRANS_TYPE_CD" FROMINSTANCE ="SQ_MT_NAMD_ACNT_BKGS_MEASURE" FROMINSTANCETYPE ="Source Qualifier" TOFIELD ="BKGS_MEASURE_TRANS_TYPE_CD" TOINSTANCE ="WI_SLS_ACNT_RSTD_MSR_DRRNG_D" TOINSTANCETYPE ="Target Definition"/>
        <CONNECTOR FROMFIELD ="DV_END_CUST_PARTY_KEY" FROMINSTANCE ="SQ_MT_NAMD_ACNT_BKGS_MEASURE" FROMINSTANCETYPE ="Source Qualifier" TOFIELD ="DV_END_CUST_PARTY_KEY" TOINSTANCE ="WI_SLS_ACNT_RSTD_MSR_DRRNG_D" TOINSTANCETYPE ="Target Definition"/>
        <CONNECTOR FROMFIELD ="BK_SA_MEMBER_ID_INT" FROMINSTANCE ="SQ_MT_NAMD_ACNT_BKGS_MEASURE" FROMINSTANCETYPE ="Source Qualifier" TOFIELD ="BK_SA_MEMBER_ID_INT" TOINSTANCE ="WI_SLS_ACNT_RSTD_MSR_DRRNG_D" TOINSTANCETYPE ="Target Definition"/>
        <CONNECTOR FROMFIELD ="LINK_CUSTOMER_PARTY_KEY" FROMINSTANCE ="SQ_MT_NAMD_ACNT_BKGS_MEASURE" FROMINSTANCETYPE ="Source Qualifier" TOFIELD ="LINK_CUSTOMER_PARTY_KEY" TOINSTANCE ="WI_SLS_ACNT_RSTD_MSR_DRRNG_D" TOINSTANCETYPE ="Target Definition"/>
        <CONNECTOR FROMFIELD ="SALES_ACCOUNT_GROUP_PARTY_KEY" FROMINSTANCE ="SQ_MT_NAMD_ACNT_BKGS_MEASURE" FROMINSTANCETYPE ="Source Qualifier" TOFIELD ="SALES_ACCOUNT_GROUP_PARTY_KEY" TOINSTANCE ="WI_SLS_ACNT_RSTD_MSR_DRRNG_D" TOINSTANCETYPE ="Target Definition"/>
        <CONNECTOR FROMFIELD ="DV_END_CUST_OWNERSHIP_SPLT_PCT" FROMINSTANCE ="SQ_MT_NAMD_ACNT_BKGS_MEASURE" FROMINSTANCETYPE ="Source Qualifier" TOFIELD ="DV_END_CUST_OWNERSHIP_SPLT_PCT" TOINSTANCE ="WI_SLS_ACNT_RSTD_MSR_DRRNG_D" TOINSTANCETYPE ="Target Definition"/>
        <CONNECTOR FROMFIELD ="EDW_CREATE_DTM" FROMINSTANCE ="SQ_MT_NAMD_ACNT_BKGS_MEASURE" FROMINSTANCETYPE ="Source Qualifier" TOFIELD ="EDW_CREATE_DTM" TOINSTANCE ="WI_SLS_ACNT_RSTD_MSR_DRRNG_D" TOINSTANCETYPE ="Target Definition"/>
        <CONNECTOR FROMFIELD ="EDW_UPDATE_DTM" FROMINSTANCE ="SQ_MT_NAMD_ACNT_BKGS_MEASURE" FROMINSTANCETYPE ="Source Qualifier" TOFIELD ="EDW_UPDATE_DTM" TOINSTANCE ="WI_SLS_ACNT_RSTD_MSR_DRRNG_D" TOINSTANCETYPE ="Target Definition"/>
        <CONNECTOR FROMFIELD ="SLS_ACCT_GROUP_SALES_TERR_KEY" FROMINSTANCE ="SQ_MT_NAMD_ACNT_BKGS_MEASURE" FROMINSTANCETYPE ="Source Qualifier" TOFIELD ="SLS_ACCT_GROUP_SALES_TERR_KEY" TOINSTANCE ="WI_SLS_ACNT_RSTD_MSR_DRRNG_D" TOINSTANCETYPE ="Target Definition"/>
        <CONNECTOR FROMFIELD ="BOOKINGS_MEASURE_KEY" FROMINSTANCE ="SQ_WI_SLS_ACNT_RSTD_MSR_DRRNG_D" FROMINSTANCETYPE ="Source Qualifier" TOFIELD ="BOOKINGS_MEASURE_KEY" TOINSTANCE ="WI_SLS_ACNT_RSTD_MSR_DRRNG_D1" TOINSTANCETYPE ="Target Definition"/>
        <CONNECTOR FROMFIELD ="BOOKINGS_PROCESS_DT" FROMINSTANCE ="SQ_WI_SLS_ACNT_RSTD_MSR_DRRNG_D" FROMINSTANCETYPE ="Source Qualifier" TOFIELD ="BOOKINGS_PROCESS_DT" TOINSTANCE ="WI_SLS_ACNT_RSTD_MSR_DRRNG_D1" TOINSTANCETYPE ="Target Definition"/>
        <CONNECTOR FROMFIELD ="BKGS_MEASURE_TRANS_TYPE_CD" FROMINSTANCE ="SQ_WI_SLS_ACNT_RSTD_MSR_DRRNG_D" FROMINSTANCETYPE ="Source Qualifier" TOFIELD ="BKGS_MEASURE_TRANS_TYPE_CD" TOINSTANCE ="WI_SLS_ACNT_RSTD_MSR_DRRNG_D1" TOINSTANCETYPE ="Target Definition"/>
        <CONNECTOR FROMFIELD ="DV_END_CUST_PARTY_KEY" FROMINSTANCE ="SQ_WI_SLS_ACNT_RSTD_MSR_DRRNG_D" FROMINSTANCETYPE ="Source Qualifier" TOFIELD ="DV_END_CUST_PARTY_KEY" TOINSTANCE ="WI_SLS_ACNT_RSTD_MSR_DRRNG_D1" TOINSTANCETYPE ="Target Definition"/>
        <CONNECTOR FROMFIELD ="BK_SA_MEMBER_ID_INT" FROMINSTANCE ="SQ_WI_SLS_ACNT_RSTD_MSR_DRRNG_D" FROMINSTANCETYPE ="Source Qualifier" TOFIELD ="BK_SA_MEMBER_ID_INT" TOINSTANCE ="WI_SLS_ACNT_RSTD_MSR_DRRNG_D1" TOINSTANCETYPE ="Target Definition"/>
        <CONNECTOR FROMFIELD ="LINK_CUSTOMER_PARTY_KEY" FROMINSTANCE ="SQ_WI_SLS_ACNT_RSTD_MSR_DRRNG_D" FROMINSTANCETYPE ="Source Qualifier" TOFIELD ="LINK_CUSTOMER_PARTY_KEY" TOINSTANCE ="WI_SLS_ACNT_RSTD_MSR_DRRNG_D1" TOINSTANCETYPE ="Target Definition"/>
        <CONNECTOR FROMFIELD ="SALES_ACCOUNT_GROUP_PARTY_KEY" FROMINSTANCE ="SQ_WI_SLS_ACNT_RSTD_MSR_DRRNG_D" FROMINSTANCETYPE ="Source Qualifier" TOFIELD ="SALES_ACCOUNT_GROUP_PARTY_KEY" TOINSTANCE ="WI_SLS_ACNT_RSTD_MSR_DRRNG_D1" TOINSTANCETYPE ="Target Definition"/>
        <CONNECTOR FROMFIELD ="DV_SAV_REASON_DESCR" FROMINSTANCE ="SQ_WI_SLS_ACNT_RSTD_MSR_DRRNG_D" FROMINSTANCETYPE ="Source Qualifier" TOFIELD ="DV_SAV_REASON_DESCR" TOINSTANCE ="WI_SLS_ACNT_RSTD_MSR_DRRNG_D1" TOINSTANCETYPE ="Target Definition"/>
        <CONNECTOR FROMFIELD ="DV_END_CUST_REASON_DESCR" FROMINSTANCE ="SQ_WI_SLS_ACNT_RSTD_MSR_DRRNG_D" FROMINSTANCETYPE ="Source Qualifier" TOFIELD ="DV_END_CUST_REASON_DESCR" TOINSTANCE ="WI_SLS_ACNT_RSTD_MSR_DRRNG_D1" TOINSTANCETYPE ="Target Definition"/>
        <CONNECTOR FROMFIELD ="DV_END_CUST_OWNERSHIP_SPLT_PCT" FROMINSTANCE ="SQ_WI_SLS_ACNT_RSTD_MSR_DRRNG_D" FROMINSTANCETYPE ="Source Qualifier" TOFIELD ="DV_END_CUST_OWNERSHIP_SPLT_PCT" TOINSTANCE ="WI_SLS_ACNT_RSTD_MSR_DRRNG_D1" TOINSTANCETYPE ="Target Definition"/>
        <CONNECTOR FROMFIELD ="LAST_UPDATED_DTM" FROMINSTANCE ="SQ_WI_SLS_ACNT_RSTD_MSR_DRRNG_D" FROMINSTANCETYPE ="Source Qualifier" TOFIELD ="LAST_UPDATED_DTM" TOINSTANCE ="WI_SLS_ACNT_RSTD_MSR_DRRNG_D1" TOINSTANCETYPE ="Target Definition"/>
        <CONNECTOR FROMFIELD ="EDW_CREATE_DTM" FROMINSTANCE ="SQ_WI_SLS_ACNT_RSTD_MSR_DRRNG_D" FROMINSTANCETYPE ="Source Qualifier" TOFIELD ="EDW_CREATE_DTM" TOINSTANCE ="WI_SLS_ACNT_RSTD_MSR_DRRNG_D1" TOINSTANCETYPE ="Target Definition"/>
        <CONNECTOR FROMFIELD ="EDW_CREATE_USER" FROMINSTANCE ="SQ_WI_SLS_ACNT_RSTD_MSR_DRRNG_D" FROMINSTANCETYPE ="Source Qualifier" TOFIELD ="EDW_CREATE_USER" TOINSTANCE ="WI_SLS_ACNT_RSTD_MSR_DRRNG_D1" TOINSTANCETYPE ="Target Definition"/>
        <CONNECTOR FROMFIELD ="EDW_UPDATE_DTM" FROMINSTANCE ="SQ_WI_SLS_ACNT_RSTD_MSR_DRRNG_D" FROMINSTANCETYPE ="Source Qualifier" TOFIELD ="EDW_UPDATE_DTM" TOINSTANCE ="WI_SLS_ACNT_RSTD_MSR_DRRNG_D1" TOINSTANCETYPE ="Target Definition"/>
        <CONNECTOR FROMFIELD ="EDW_UPDATE_USER" FROMINSTANCE ="SQ_WI_SLS_ACNT_RSTD_MSR_DRRNG_D" FROMINSTANCETYPE ="Source Qualifier" TOFIELD ="EDW_UPDATE_USER" TOINSTANCE ="WI_SLS_ACNT_RSTD_MSR_DRRNG_D1" TOINSTANCETYPE ="Target Definition"/>
        <CONNECTOR FROMFIELD ="SALES_REP_NUM" FROMINSTANCE ="SQ_WI_SLS_ACNT_RSTD_MSR_DRRNG_D" FROMINSTANCETYPE ="Source Qualifier" TOFIELD ="SALES_REP_NUM" TOINSTANCE ="WI_SLS_ACNT_RSTD_MSR_DRRNG_D1" TOINSTANCETYPE ="Target Definition"/>
        <CONNECTOR FROMFIELD ="SALES_TERRITORY_KEY" FROMINSTANCE ="SQ_WI_SLS_ACNT_RSTD_MSR_DRRNG_D" FROMINSTANCETYPE ="Source Qualifier" TOFIELD ="SALES_TERRITORY_KEY" TOINSTANCE ="WI_SLS_ACNT_RSTD_MSR_DRRNG_D1" TOINSTANCETYPE ="Target Definition"/>
        <CONNECTOR FROMFIELD ="EP_OTM_TERRITORY_ID_INT" FROMINSTANCE ="SQ_WI_SLS_ACNT_RSTD_MSR_DRRNG_D" FROMINSTANCETYPE ="Source Qualifier" TOFIELD ="EP_OTM_TERRITORY_ID_INT" TOINSTANCE ="WI_SLS_ACNT_RSTD_MSR_DRRNG_D1" TOINSTANCETYPE ="Target Definition"/>
        <CONNECTOR FROMFIELD ="DV_END_CUST_PARTY_KEY" FROMINSTANCE ="SQ_WI_SLS_ACNT_RSTD_MSR_DRRNG_D1" FROMINSTANCETYPE ="Source Qualifier" TOFIELD ="DV_END_CUST_PARTY_KEY" TOINSTANCE ="MT_SLS_ACNT_RSTD_MSR_DRR_NG" TOINSTANCETYPE ="Target Definition"/>
        <CONNECTOR FROMFIELD ="BK_SA_MEMBER_ID_INT" FROMINSTANCE ="SQ_WI_SLS_ACNT_RSTD_MSR_DRRNG_D1" FROMINSTANCETYPE ="Source Qualifier" TOFIELD ="BK_SA_MEMBER_ID_INT" TOINSTANCE ="MT_SLS_ACNT_RSTD_MSR_DRR_NG" TOINSTANCETYPE ="Target Definition"/>
        <CONNECTOR FROMFIELD ="LINK_CUSTOMER_PARTY_KEY" FROMINSTANCE ="SQ_WI_SLS_ACNT_RSTD_MSR_DRRNG_D1" FROMINSTANCETYPE ="Source Qualifier" TOFIELD ="LINK_CUSTOMER_PARTY_KEY" TOINSTANCE ="MT_SLS_ACNT_RSTD_MSR_DRR_NG" TOINSTANCETYPE ="Target Definition"/>
        <CONNECTOR FROMFIELD ="SALES_ACCOUNT_GROUP_PARTY_KEY" FROMINSTANCE ="SQ_WI_SLS_ACNT_RSTD_MSR_DRRNG_D1" FROMINSTANCETYPE ="Source Qualifier" TOFIELD ="SALES_ACCOUNT_GROUP_PARTY_KEY" TOINSTANCE ="MT_SLS_ACNT_RSTD_MSR_DRR_NG" TOINSTANCETYPE ="Target Definition"/>
        <CONNECTOR FROMFIELD ="DV_END_CUST_REASON_DESCR" FROMINSTANCE ="SQ_WI_SLS_ACNT_RSTD_MSR_DRRNG_D1" FROMINSTANCETYPE ="Source Qualifier" TOFIELD ="DV_END_CUST_REASON_DESCR" TOINSTANCE ="MT_SLS_ACNT_RSTD_MSR_DRR_NG" TOINSTANCETYPE ="Target Definition"/>
        <CONNECTOR FROMFIELD ="DV_END_CUST_OWNERSHIP_SPLT_PCT" FROMINSTANCE ="SQ_WI_SLS_ACNT_RSTD_MSR_DRRNG_D1" FROMINSTANCETYPE ="Source Qualifier" TOFIELD ="DV_END_CUST_OWNERSHIP_SPLT_PCT" TOINSTANCE ="MT_SLS_ACNT_RSTD_MSR_DRR_NG" TOINSTANCETYPE ="Target Definition"/>
        <CONNECTOR FROMFIELD ="LAST_UPDATED_DTM" FROMINSTANCE ="SQ_WI_SLS_ACNT_RSTD_MSR_DRRNG_D1" FROMINSTANCETYPE ="Source Qualifier" TOFIELD ="LAST_UPDATED_DTM" TOINSTANCE ="MT_SLS_ACNT_RSTD_MSR_DRR_NG" TOINSTANCETYPE ="Target Definition"/>
        <CONNECTOR FROMFIELD ="EDW_CREATE_DTM" FROMINSTANCE ="SQ_WI_SLS_ACNT_RSTD_MSR_DRRNG_D1" FROMINSTANCETYPE ="Source Qualifier" TOFIELD ="EDW_CREATE_DTM" TOINSTANCE ="MT_SLS_ACNT_RSTD_MSR_DRR_NG" TOINSTANCETYPE ="Target Definition"/>
        <CONNECTOR FROMFIELD ="EDW_CREATE_USER" FROMINSTANCE ="SQ_WI_SLS_ACNT_RSTD_MSR_DRRNG_D1" FROMINSTANCETYPE ="Source Qualifier" TOFIELD ="EDW_CREATE_USER" TOINSTANCE ="MT_SLS_ACNT_RSTD_MSR_DRR_NG" TOINSTANCETYPE ="Target Definition"/>
        <CONNECTOR FROMFIELD ="EDW_UPDATE_DTM" FROMINSTANCE ="SQ_WI_SLS_ACNT_RSTD_MSR_DRRNG_D1" FROMINSTANCETYPE ="Source Qualifier" TOFIELD ="EDW_UPDATE_DTM" TOINSTANCE ="MT_SLS_ACNT_RSTD_MSR_DRR_NG" TOINSTANCETYPE ="Target Definition"/>
        <CONNECTOR FROMFIELD ="EDW_UPDATE_USER" FROMINSTANCE ="SQ_WI_SLS_ACNT_RSTD_MSR_DRRNG_D1" FROMINSTANCETYPE ="Source Qualifier" TOFIELD ="EDW_UPDATE_USER" TOINSTANCE ="MT_SLS_ACNT_RSTD_MSR_DRR_NG" TOINSTANCETYPE ="Target Definition"/>
        <CONNECTOR FROMFIELD ="SALES_REP_NUM" FROMINSTANCE ="SQ_WI_SLS_ACNT_RSTD_MSR_DRRNG_D1" FROMINSTANCETYPE ="Source Qualifier" TOFIELD ="SALES_REP_NUM" TOINSTANCE ="MT_SLS_ACNT_RSTD_MSR_DRR_NG" TOINSTANCETYPE ="Target Definition"/>
        <CONNECTOR FROMFIELD ="SALES_TERRITORY_KEY" FROMINSTANCE ="SQ_WI_SLS_ACNT_RSTD_MSR_DRRNG_D1" FROMINSTANCETYPE ="Source Qualifier" TOFIELD ="SALES_TERRITORY_KEY" TOINSTANCE ="MT_SLS_ACNT_RSTD_MSR_DRR_NG" TOINSTANCETYPE ="Target Definition"/>
        <CONNECTOR FROMFIELD ="EP_OTM_TERRITORY_ID_INT" FROMINSTANCE ="SQ_WI_SLS_ACNT_RSTD_MSR_DRRNG_D1" FROMINSTANCETYPE ="Source Qualifier" TOFIELD ="EP_OTM_TERRITORY_ID_INT" TOINSTANCE ="MT_SLS_ACNT_RSTD_MSR_DRR_NG" TOINSTANCETYPE ="Target Definition"/>
        <CONNECTOR FROMFIELD ="PROCESS_TYPE" FROMINSTANCE ="SQ_WI_SLS_ACNT_RSTD_MSR_DRRNG_D1" FROMINSTANCETYPE ="Source Qualifier" TOFIELD ="PROCESS_TYPE" TOINSTANCE ="MT_SLS_ACNT_RSTD_MSR_DRR_NG" TOINSTANCETYPE ="Target Definition"/>
        <CONNECTOR FROMFIELD ="DV_FIN_ADJ_KEY" FROMINSTANCE ="SQ_WI_SLS_ACNT_RSTD_MSR_DRRNG_D1" FROMINSTANCETYPE ="Source Qualifier" TOFIELD ="DV_FIN_ADJ_KEY" TOINSTANCE ="MT_SLS_ACNT_RSTD_MSR_DRR_NG" TOINSTANCETYPE ="Target Definition"/>
        <CONNECTOR FROMFIELD ="DV_RSTMT_REASON_CD" FROMINSTANCE ="SQ_WI_SLS_ACNT_RSTD_MSR_DRRNG_D1" FROMINSTANCETYPE ="Source Qualifier" TOFIELD ="DV_RSTMT_REASON_CD" TOINSTANCE ="MT_SLS_ACNT_RSTD_MSR_DRR_NG" TOINSTANCETYPE ="Target Definition"/>
        <CONNECTOR FROMFIELD ="BOOKINGS_MEASURE_KEY" FROMINSTANCE ="SQ_WI_SLS_ACNT_RSTD_MSR_DRRNG_D1" FROMINSTANCETYPE ="Source Qualifier" TOFIELD ="BOOKINGS_MEASURE_KEY" TOINSTANCE ="MT_SLS_ACNT_RSTD_MSR_DRR_NG" TOINSTANCETYPE ="Target Definition"/>
        <CONNECTOR FROMFIELD ="BOOKINGS_PROCESS_DT" FROMINSTANCE ="SQ_WI_SLS_ACNT_RSTD_MSR_DRRNG_D1" FROMINSTANCETYPE ="Source Qualifier" TOFIELD ="BOOKINGS_PROCESS_DT" TOINSTANCE ="MT_SLS_ACNT_RSTD_MSR_DRR_NG" TOINSTANCETYPE ="Target Definition"/>
        <CONNECTOR FROMFIELD ="BKGS_MEASURE_TRANS_TYPE_CD" FROMINSTANCE ="SQ_WI_SLS_ACNT_RSTD_MSR_DRRNG_D1" FROMINSTANCETYPE ="Source Qualifier" TOFIELD ="BKGS_MEASURE_TRANS_TYPE_CD" TOINSTANCE ="MT_SLS_ACNT_RSTD_MSR_DRR_NG" TOINSTANCETYPE ="Target Definition"/>
        <CONNECTOR FROMFIELD ="SK_SEQUENCE_ID" FROMINSTANCE ="SQ_WI_SLS_ACNT_RSTD_MSR_DRRNG_D1" FROMINSTANCETYPE ="Source Qualifier" TOFIELD ="SK_SEQUENCE_ID" TOINSTANCE ="MT_SLS_ACNT_RSTD_MSR_DRR_NG" TOINSTANCETYPE ="Target Definition"/>
        <CONNECTOR FROMFIELD ="EDW_CREATE_DTM" FROMINSTANCE ="WI_SLS_ACNT_RSTD_MSR_DRRNG_D" FROMINSTANCETYPE ="Source Definition" TOFIELD ="EDW_CREATE_DTM" TOINSTANCE ="SQ_MT_NAMD_ACNT_BKGS_MEASURE" TOINSTANCETYPE ="Source Qualifier"/>
        <CONNECTOR FROMFIELD ="EDW_UPDATE_DTM" FROMINSTANCE ="WI_SLS_ACNT_RSTD_MSR_DRRNG_D" FROMINSTANCETYPE ="Source Definition" TOFIELD ="EDW_UPDATE_DTM" TOINSTANCE ="SQ_MT_NAMD_ACNT_BKGS_MEASURE" TOINSTANCETYPE ="Source Qualifier"/>
        <CONNECTOR FROMFIELD ="SLS_ACCT_GROUP_SALES_TERR_KEY" FROMINSTANCE ="WI_SLS_ACNT_RSTD_MSR_DRRNG_D" FROMINSTANCETYPE ="Source Definition" TOFIELD ="SLS_ACCT_GROUP_SALES_TERR_KEY" TOINSTANCE ="SQ_MT_NAMD_ACNT_BKGS_MEASURE" TOINSTANCETYPE ="Source Qualifier"/>
        <CONNECTOR FROMFIELD ="SALES_REP_NUM" FROMINSTANCE ="WI_SLS_ACNT_RSTD_MSR_DRRNG_D" FROMINSTANCETYPE ="Source Definition" TOFIELD ="SALES_REP_NUM" TOINSTANCE ="SQ_MT_NAMD_ACNT_BKGS_MEASURE" TOINSTANCETYPE ="Source Qualifier"/>
        <CONNECTOR FROMFIELD ="EP_OTM_TERRITORY_ID_INT" FROMINSTANCE ="WI_SLS_ACNT_RSTD_MSR_DRRNG_D" FROMINSTANCETYPE ="Source Definition" TOFIELD ="EP_OTM_TERRITORY_ID_INT" TOINSTANCE ="SQ_MT_NAMD_ACNT_BKGS_MEASURE" TOINSTANCETYPE ="Source Qualifier"/>
        <CONNECTOR FROMFIELD ="BOOKINGS_MEASURE_KEY" FROMINSTANCE ="WI_SLS_ACNT_RSTD_MSR_DRRNG_D" FROMINSTANCETYPE ="Source Definition" TOFIELD ="BOOKINGS_MEASURE_KEY" TOINSTANCE ="SQ_MT_NAMD_ACNT_BKGS_MEASURE" TOINSTANCETYPE ="Source Qualifier"/>
        <CONNECTOR FROMFIELD ="BOOKINGS_PROCESS_DT" FROMINSTANCE ="WI_SLS_ACNT_RSTD_MSR_DRRNG_D" FROMINSTANCETYPE ="Source Definition" TOFIELD ="BOOKINGS_PROCESS_DT" TOINSTANCE ="SQ_MT_NAMD_ACNT_BKGS_MEASURE" TOINSTANCETYPE ="Source Qualifier"/>
        <CONNECTOR FROMFIELD ="BKGS_MEASURE_TRANS_TYPE_CD" FROMINSTANCE ="WI_SLS_ACNT_RSTD_MSR_DRRNG_D" FROMINSTANCETYPE ="Source Definition" TOFIELD ="BKGS_MEASURE_TRANS_TYPE_CD" TOINSTANCE ="SQ_MT_NAMD_ACNT_BKGS_MEASURE" TOINSTANCETYPE ="Source Qualifier"/>
        <CONNECTOR FROMFIELD ="DV_END_CUST_PARTY_KEY" FROMINSTANCE ="WI_SLS_ACNT_RSTD_MSR_DRRNG_D" FROMINSTANCETYPE ="Source Definition" TOFIELD ="DV_END_CUST_PARTY_KEY" TOINSTANCE ="SQ_MT_NAMD_ACNT_BKGS_MEASURE" TOINSTANCETYPE ="Source Qualifier"/>
        <CONNECTOR FROMFIELD ="BK_SA_MEMBER_ID_INT" FROMINSTANCE ="WI_SLS_ACNT_RSTD_MSR_DRRNG_D" FROMINSTANCETYPE ="Source Definition" TOFIELD ="BK_SA_MEMBER_ID_INT" TOINSTANCE ="SQ_MT_NAMD_ACNT_BKGS_MEASURE" TOINSTANCETYPE ="Source Qualifier"/>
        <CONNECTOR FROMFIELD ="LINK_CUSTOMER_PARTY_KEY" FROMINSTANCE ="WI_SLS_ACNT_RSTD_MSR_DRRNG_D" FROMINSTANCETYPE ="Source Definition" TOFIELD ="LINK_CUSTOMER_PARTY_KEY" TOINSTANCE ="SQ_MT_NAMD_ACNT_BKGS_MEASURE" TOINSTANCETYPE ="Source Qualifier"/>
        <CONNECTOR FROMFIELD ="SALES_ACCOUNT_GROUP_PARTY_KEY" FROMINSTANCE ="WI_SLS_ACNT_RSTD_MSR_DRRNG_D" FROMINSTANCETYPE ="Source Definition" TOFIELD ="SALES_ACCOUNT_GROUP_PARTY_KEY" TOINSTANCE ="SQ_MT_NAMD_ACNT_BKGS_MEASURE" TOINSTANCETYPE ="Source Qualifier"/>
        <CONNECTOR FROMFIELD ="DV_END_CUST_OWNERSHIP_SPLT_PCT" FROMINSTANCE ="WI_SLS_ACNT_RSTD_MSR_DRRNG_D" FROMINSTANCETYPE ="Source Definition" TOFIELD ="DV_END_CUST_OWNERSHIP_SPLT_PCT" TOINSTANCE ="SQ_MT_NAMD_ACNT_BKGS_MEASURE" TOINSTANCETYPE ="Source Qualifier"/>
        <CONNECTOR FROMFIELD ="BOOKINGS_MEASURE_KEY" FROMINSTANCE ="MT_SLS_ACNT_RSTD_MSR_DRR_NG" FROMINSTANCETYPE ="Source Definition" TOFIELD ="BOOKINGS_MEASURE_KEY" TOINSTANCE ="SQ_WI_SLS_ACNT_RSTD_MSR_DRRNG_D1" TOINSTANCETYPE ="Source Qualifier"/>
        <CONNECTOR FROMFIELD ="BOOKINGS_PROCESS_DT" FROMINSTANCE ="MT_SLS_ACNT_RSTD_MSR_DRR_NG" FROMINSTANCETYPE ="Source Definition" TOFIELD ="BOOKINGS_PROCESS_DT" TOINSTANCE ="SQ_WI_SLS_ACNT_RSTD_MSR_DRRNG_D1" TOINSTANCETYPE ="Source Qualifier"/>
        <CONNECTOR FROMFIELD ="BKGS_MEASURE_TRANS_TYPE_CD" FROMINSTANCE ="MT_SLS_ACNT_RSTD_MSR_DRR_NG" FROMINSTANCETYPE ="Source Definition" TOFIELD ="BKGS_MEASURE_TRANS_TYPE_CD" TOINSTANCE ="SQ_WI_SLS_ACNT_RSTD_MSR_DRRNG_D1" TOINSTANCETYPE ="Source Qualifier"/>
        <CONNECTOR FROMFIELD ="DV_END_CUST_PARTY_KEY" FROMINSTANCE ="MT_SLS_ACNT_RSTD_MSR_DRR_NG" FROMINSTANCETYPE ="Source Definition" TOFIELD ="DV_END_CUST_PARTY_KEY" TOINSTANCE ="SQ_WI_SLS_ACNT_RSTD_MSR_DRRNG_D1" TOINSTANCETYPE ="Source Qualifier"/>
        <CONNECTOR FROMFIELD ="DV_RSTMT_REASON_CD" FROMINSTANCE ="MT_SLS_ACNT_RSTD_MSR_DRR_NG" FROMINSTANCETYPE ="Source Definition" TOFIELD ="DV_RSTMT_REASON_CD" TOINSTANCE ="SQ_WI_SLS_ACNT_RSTD_MSR_DRRNG_D1" TOINSTANCETYPE ="Source Qualifier"/>
        <CONNECTOR FROMFIELD ="BK_SA_MEMBER_ID_INT" FROMINSTANCE ="MT_SLS_ACNT_RSTD_MSR_DRR_NG" FROMINSTANCETYPE ="Source Definition" TOFIELD ="BK_SA_MEMBER_ID_INT" TOINSTANCE ="SQ_WI_SLS_ACNT_RSTD_MSR_DRRNG_D1" TOINSTANCETYPE ="Source Qualifier"/>
        <CONNECTOR FROMFIELD ="LINK_CUSTOMER_PARTY_KEY" FROMINSTANCE ="MT_SLS_ACNT_RSTD_MSR_DRR_NG" FROMINSTANCETYPE ="Source Definition" TOFIELD ="LINK_CUSTOMER_PARTY_KEY" TOINSTANCE ="SQ_WI_SLS_ACNT_RSTD_MSR_DRRNG_D1" TOINSTANCETYPE ="Source Qualifier"/>
        <CONNECTOR FROMFIELD ="SALES_ACCOUNT_GROUP_PARTY_KEY" FROMINSTANCE ="MT_SLS_ACNT_RSTD_MSR_DRR_NG" FROMINSTANCETYPE ="Source Definition" TOFIELD ="SALES_ACCOUNT_GROUP_PARTY_KEY" TOINSTANCE ="SQ_WI_SLS_ACNT_RSTD_MSR_DRRNG_D1" TOINSTANCETYPE ="Source Qualifier"/>
        <CONNECTOR FROMFIELD ="DV_END_CUST_REASON_DESCR" FROMINSTANCE ="MT_SLS_ACNT_RSTD_MSR_DRR_NG" FROMINSTANCETYPE ="Source Definition" TOFIELD ="DV_END_CUST_REASON_DESCR" TOINSTANCE ="SQ_WI_SLS_ACNT_RSTD_MSR_DRRNG_D1" TOINSTANCETYPE ="Source Qualifier"/>
        <CONNECTOR FROMFIELD ="DV_END_CUST_OWNERSHIP_SPLT_PCT" FROMINSTANCE ="MT_SLS_ACNT_RSTD_MSR_DRR_NG" FROMINSTANCETYPE ="Source Definition" TOFIELD ="DV_END_CUST_OWNERSHIP_SPLT_PCT" TOINSTANCE ="SQ_WI_SLS_ACNT_RSTD_MSR_DRRNG_D1" TOINSTANCETYPE ="Source Qualifier"/>
        <CONNECTOR FROMFIELD ="LAST_UPDATED_DTM" FROMINSTANCE ="MT_SLS_ACNT_RSTD_MSR_DRR_NG" FROMINSTANCETYPE ="Source Definition" TOFIELD ="LAST_UPDATED_DTM" TOINSTANCE ="SQ_WI_SLS_ACNT_RSTD_MSR_DRRNG_D1" TOINSTANCETYPE ="Source Qualifier"/>
        <CONNECTOR FROMFIELD ="EDW_CREATE_DTM" FROMINSTANCE ="MT_SLS_ACNT_RSTD_MSR_DRR_NG" FROMINSTANCETYPE ="Source Definition" TOFIELD ="EDW_CREATE_DTM" TOINSTANCE ="SQ_WI_SLS_ACNT_RSTD_MSR_DRRNG_D1" TOINSTANCETYPE ="Source Qualifier"/>
        <CONNECTOR FROMFIELD ="EDW_CREATE_USER" FROMINSTANCE ="MT_SLS_ACNT_RSTD_MSR_DRR_NG" FROMINSTANCETYPE ="Source Definition" TOFIELD ="EDW_CREATE_USER" TOINSTANCE ="SQ_WI_SLS_ACNT_RSTD_MSR_DRRNG_D1" TOINSTANCETYPE ="Source Qualifier"/>
        <CONNECTOR FROMFIELD ="EDW_UPDATE_DTM" FROMINSTANCE ="MT_SLS_ACNT_RSTD_MSR_DRR_NG" FROMINSTANCETYPE ="Source Definition" TOFIELD ="EDW_UPDATE_DTM" TOINSTANCE ="SQ_WI_SLS_ACNT_RSTD_MSR_DRRNG_D1" TOINSTANCETYPE ="Source Qualifier"/>
        <CONNECTOR FROMFIELD ="EDW_UPDATE_USER" FROMINSTANCE ="MT_SLS_ACNT_RSTD_MSR_DRR_NG" FROMINSTANCETYPE ="Source Definition" TOFIELD ="EDW_UPDATE_USER" TOINSTANCE ="SQ_WI_SLS_ACNT_RSTD_MSR_DRRNG_D1" TOINSTANCETYPE ="Source Qualifier"/>
        <CONNECTOR FROMFIELD ="SALES_REP_NUM" FROMINSTANCE ="MT_SLS_ACNT_RSTD_MSR_DRR_NG" FROMINSTANCETYPE ="Source Definition" TOFIELD ="SALES_REP_NUM" TOINSTANCE ="SQ_WI_SLS_ACNT_RSTD_MSR_DRRNG_D1" TOINSTANCETYPE ="Source Qualifier"/>
        <CONNECTOR FROMFIELD ="SALES_TERRITORY_KEY" FROMINSTANCE ="MT_SLS_ACNT_RSTD_MSR_DRR_NG" FROMINSTANCETYPE ="Source Definition" TOFIELD ="SALES_TERRITORY_KEY" TOINSTANCE ="SQ_WI_SLS_ACNT_RSTD_MSR_DRRNG_D1" TOINSTANCETYPE ="Source Qualifier"/>
        <CONNECTOR FROMFIELD ="EP_OTM_TERRITORY_ID_INT" FROMINSTANCE ="MT_SLS_ACNT_RSTD_MSR_DRR_NG" FROMINSTANCETYPE ="Source Definition" TOFIELD ="EP_OTM_TERRITORY_ID_INT" TOINSTANCE ="SQ_WI_SLS_ACNT_RSTD_MSR_DRRNG_D1" TOINSTANCETYPE ="Source Qualifier"/>
        <CONNECTOR FROMFIELD ="PROCESS_TYPE" FROMINSTANCE ="MT_SLS_ACNT_RSTD_MSR_DRR_NG" FROMINSTANCETYPE ="Source Definition" TOFIELD ="PROCESS_TYPE" TOINSTANCE ="SQ_WI_SLS_ACNT_RSTD_MSR_DRRNG_D1" TOINSTANCETYPE ="Source Qualifier"/>
        <CONNECTOR FROMFIELD ="DV_FIN_ADJ_KEY" FROMINSTANCE ="MT_SLS_ACNT_RSTD_MSR_DRR_NG" FROMINSTANCETYPE ="Source Definition" TOFIELD ="DV_FIN_ADJ_KEY" TOINSTANCE ="SQ_WI_SLS_ACNT_RSTD_MSR_DRRNG_D1" TOINSTANCETYPE ="Source Qualifier"/>
        <CONNECTOR FROMFIELD ="SALES_TERRITORY_KEY" FROMINSTANCE ="WI_SLS_ACNT_RSTD_MSR_DRRNG_D11" FROMINSTANCETYPE ="Source Definition" TOFIELD ="SALES_TERRITORY_KEY" TOINSTANCE ="SQ_WI_SLS_ACNT_RSTD_MSR_DRRNG_D" TOINSTANCETYPE ="Source Qualifier"/>
        <CONNECTOR FROMFIELD ="EP_OTM_TERRITORY_ID_INT" FROMINSTANCE ="WI_SLS_ACNT_RSTD_MSR_DRRNG_D11" FROMINSTANCETYPE ="Source Definition" TOFIELD ="EP_OTM_TERRITORY_ID_INT" TOINSTANCE ="SQ_WI_SLS_ACNT_RSTD_MSR_DRRNG_D" TOINSTANCETYPE ="Source Qualifier"/>
        <CONNECTOR FROMFIELD ="BOOKINGS_MEASURE_KEY" FROMINSTANCE ="WI_SLS_ACNT_RSTD_MSR_DRRNG_D11" FROMINSTANCETYPE ="Source Definition" TOFIELD ="BOOKINGS_MEASURE_KEY" TOINSTANCE ="SQ_WI_SLS_ACNT_RSTD_MSR_DRRNG_D" TOINSTANCETYPE ="Source Qualifier"/>
        <CONNECTOR FROMFIELD ="BOOKINGS_PROCESS_DT" FROMINSTANCE ="WI_SLS_ACNT_RSTD_MSR_DRRNG_D11" FROMINSTANCETYPE ="Source Definition" TOFIELD ="BOOKINGS_PROCESS_DT" TOINSTANCE ="SQ_WI_SLS_ACNT_RSTD_MSR_DRRNG_D" TOINSTANCETYPE ="Source Qualifier"/>
        <CONNECTOR FROMFIELD ="BKGS_MEASURE_TRANS_TYPE_CD" FROMINSTANCE ="WI_SLS_ACNT_RSTD_MSR_DRRNG_D11" FROMINSTANCETYPE ="Source Definition" TOFIELD ="BKGS_MEASURE_TRANS_TYPE_CD" TOINSTANCE ="SQ_WI_SLS_ACNT_RSTD_MSR_DRRNG_D" TOINSTANCETYPE ="Source Qualifier"/>
        <CONNECTOR FROMFIELD ="DV_END_CUST_PARTY_KEY" FROMINSTANCE ="WI_SLS_ACNT_RSTD_MSR_DRRNG_D11" FROMINSTANCETYPE ="Source Definition" TOFIELD ="DV_END_CUST_PARTY_KEY" TOINSTANCE ="SQ_WI_SLS_ACNT_RSTD_MSR_DRRNG_D" TOINSTANCETYPE ="Source Qualifier"/>
        <CONNECTOR FROMFIELD ="BK_SA_MEMBER_ID_INT" FROMINSTANCE ="WI_SLS_ACNT_RSTD_MSR_DRRNG_D11" FROMINSTANCETYPE ="Source Definition" TOFIELD ="BK_SA_MEMBER_ID_INT" TOINSTANCE ="SQ_WI_SLS_ACNT_RSTD_MSR_DRRNG_D" TOINSTANCETYPE ="Source Qualifier"/>
        <CONNECTOR FROMFIELD ="LINK_CUSTOMER_PARTY_KEY" FROMINSTANCE ="WI_SLS_ACNT_RSTD_MSR_DRRNG_D11" FROMINSTANCETYPE ="Source Definition" TOFIELD ="LINK_CUSTOMER_PARTY_KEY" TOINSTANCE ="SQ_WI_SLS_ACNT_RSTD_MSR_DRRNG_D" TOINSTANCETYPE ="Source Qualifier"/>
        <CONNECTOR FROMFIELD ="SALES_ACCOUNT_GROUP_PARTY_KEY" FROMINSTANCE ="WI_SLS_ACNT_RSTD_MSR_DRRNG_D11" FROMINSTANCETYPE ="Source Definition" TOFIELD ="SALES_ACCOUNT_GROUP_PARTY_KEY" TOINSTANCE ="SQ_WI_SLS_ACNT_RSTD_MSR_DRRNG_D" TOINSTANCETYPE ="Source Qualifier"/>
        <CONNECTOR FROMFIELD ="DV_END_CUST_REASON_DESCR" FROMINSTANCE ="WI_SLS_ACNT_RSTD_MSR_DRRNG_D11" FROMINSTANCETYPE ="Source Definition" TOFIELD ="DV_END_CUST_REASON_DESCR" TOINSTANCE ="SQ_WI_SLS_ACNT_RSTD_MSR_DRRNG_D" TOINSTANCETYPE ="Source Qualifier"/>
        <CONNECTOR FROMFIELD ="DV_END_CUST_OWNERSHIP_SPLT_PCT" FROMINSTANCE ="WI_SLS_ACNT_RSTD_MSR_DRRNG_D11" FROMINSTANCETYPE ="Source Definition" TOFIELD ="DV_END_CUST_OWNERSHIP_SPLT_PCT" TOINSTANCE ="SQ_WI_SLS_ACNT_RSTD_MSR_DRRNG_D" TOINSTANCETYPE ="Source Qualifier"/>
        <CONNECTOR FROMFIELD ="LAST_UPDATED_DTM" FROMINSTANCE ="WI_SLS_ACNT_RSTD_MSR_DRRNG_D11" FROMINSTANCETYPE ="Source Definition" TOFIELD ="LAST_UPDATED_DTM" TOINSTANCE ="SQ_WI_SLS_ACNT_RSTD_MSR_DRRNG_D" TOINSTANCETYPE ="Source Qualifier"/>
        <CONNECTOR FROMFIELD ="EDW_CREATE_DTM" FROMINSTANCE ="WI_SLS_ACNT_RSTD_MSR_DRRNG_D11" FROMINSTANCETYPE ="Source Definition" TOFIELD ="EDW_CREATE_DTM" TOINSTANCE ="SQ_WI_SLS_ACNT_RSTD_MSR_DRRNG_D" TOINSTANCETYPE ="Source Qualifier"/>
        <CONNECTOR FROMFIELD ="EDW_CREATE_USER" FROMINSTANCE ="WI_SLS_ACNT_RSTD_MSR_DRRNG_D11" FROMINSTANCETYPE ="Source Definition" TOFIELD ="EDW_CREATE_USER" TOINSTANCE ="SQ_WI_SLS_ACNT_RSTD_MSR_DRRNG_D" TOINSTANCETYPE ="Source Qualifier"/>
        <CONNECTOR FROMFIELD ="EDW_UPDATE_DTM" FROMINSTANCE ="WI_SLS_ACNT_RSTD_MSR_DRRNG_D11" FROMINSTANCETYPE ="Source Definition" TOFIELD ="EDW_UPDATE_DTM" TOINSTANCE ="SQ_WI_SLS_ACNT_RSTD_MSR_DRRNG_D" TOINSTANCETYPE ="Source Qualifier"/>
        <CONNECTOR FROMFIELD ="EDW_UPDATE_USER" FROMINSTANCE ="WI_SLS_ACNT_RSTD_MSR_DRRNG_D11" FROMINSTANCETYPE ="Source Definition" TOFIELD ="EDW_UPDATE_USER" TOINSTANCE ="SQ_WI_SLS_ACNT_RSTD_MSR_DRRNG_D" TOINSTANCETYPE ="Source Qualifier"/>
        <CONNECTOR FROMFIELD ="SALES_REP_NUM" FROMINSTANCE ="WI_SLS_ACNT_RSTD_MSR_DRRNG_D11" FROMINSTANCETYPE ="Source Definition" TOFIELD ="SALES_REP_NUM" TOINSTANCE ="SQ_WI_SLS_ACNT_RSTD_MSR_DRRNG_D" TOINSTANCETYPE ="Source Qualifier"/>
        <TARGETLOADORDER ORDER ="1" TARGETINSTANCE ="WI_SLS_ACNT_RSTD_MSR_DRRNG_D"/>
        <TARGETLOADORDER ORDER ="2" TARGETINSTANCE ="WI_SLS_ACNT_RSTD_MSR_DRRNG_D1"/>
        <TARGETLOADORDER ORDER ="3" TARGETINSTANCE ="MT_SLS_ACNT_RSTD_MSR_DRR_NG"/>
        <MAPPINGVARIABLE DATATYPE ="string" DEFAULTVALUE ="" DESCRIPTION ="" ISEXPRESSIONVARIABLE ="NO" ISPARAM ="YES" NAME ="$$STGDB" PRECISION ="30" SCALE ="0" USERDEFINED ="YES"/>
        <MAPPINGVARIABLE DATATYPE ="string" DEFAULTVALUE ="" DESCRIPTION ="" ISEXPRESSIONVARIABLE ="NO" ISPARAM ="YES" NAME ="$$COMREFVWDB" PRECISION ="30" SCALE ="0" USERDEFINED ="YES"/>
        <MAPPINGVARIABLE DATATYPE ="string" DEFAULTVALUE ="" DESCRIPTION ="" ISEXPRESSIONVARIABLE ="NO" ISPARAM ="YES" NAME ="$$ETLVWDB" PRECISION ="30" SCALE ="0" USERDEFINED ="YES"/>
        <MAPPINGVARIABLE DATATYPE ="string" DEFAULTVALUE ="" DESCRIPTION ="" ISEXPRESSIONVARIABLE ="NO" ISPARAM ="YES" NAME ="$$SLSORDVWDB" PRECISION ="30" SCALE ="0" USERDEFINED ="YES"/>
        <MAPPINGVARIABLE DATATYPE ="string" DEFAULTVALUE ="" DESCRIPTION ="" ISEXPRESSIONVARIABLE ="NO" ISPARAM ="YES" NAME ="$$LastExtractDate" PRECISION ="19" SCALE ="0" USERDEFINED ="YES"/>
        <ERPINFO/>
    </MAPPING>
    <CONFIG DESCRIPTION ="Default session configuration object" ISDEFAULT ="YES" NAME ="default_session_config" VERSIONNUMBER ="27">
        <ATTRIBUTE NAME ="Advanced" VALUE =""/>
        <ATTRIBUTE NAME ="Constraint based load ordering" VALUE ="NO"/>
        <ATTRIBUTE NAME ="Cache LOOKUP() function" VALUE ="YES"/>
        <ATTRIBUTE NAME ="Default buffer block size" VALUE ="Auto"/>
        <ATTRIBUTE NAME ="Line Sequential buffer length" VALUE ="1024"/>
        <ATTRIBUTE NAME ="Maximum Memory Allowed For Auto Memory Attributes" VALUE ="512MB"/>
        <ATTRIBUTE NAME ="Maximum Percentage of Total Memory Allowed For Auto Memory Attributes" VALUE ="5"/>
        <ATTRIBUTE NAME ="Additional Concurrent Pipelines for Lookup Cache Creation" VALUE ="Auto"/>
        <ATTRIBUTE NAME ="Custom Properties" VALUE =""/>
        <ATTRIBUTE NAME ="Pre-build lookup cache" VALUE ="Auto"/>
        <ATTRIBUTE NAME ="Optimization Level" VALUE ="Medium"/>
        <ATTRIBUTE NAME ="DateTime Format String" VALUE ="MM/DD/YYYY HH24:MI:SS"/>
        <ATTRIBUTE NAME ="Pre 85 Timestamp Compatibility" VALUE ="YES"/>
        <ATTRIBUTE NAME ="Log Options" VALUE ="0"/>
        <ATTRIBUTE NAME ="Save session log by" VALUE ="Session runs"/>
        <ATTRIBUTE NAME ="Save session log for these runs" VALUE ="5"/>
        <ATTRIBUTE NAME ="Session Log File Max Size" VALUE ="0"/>
        <ATTRIBUTE NAME ="Session Log File Max Time Period" VALUE ="0"/>
        <ATTRIBUTE NAME ="Maximum Partial Session Log Files" VALUE ="1"/>
        <ATTRIBUTE NAME ="Writer Commit Statistics Log Frequency" VALUE ="1"/>
        <ATTRIBUTE NAME ="Writer Commit Statistics Log Interval" VALUE ="0"/>
        <ATTRIBUTE NAME ="Error handling" VALUE =""/>
        <ATTRIBUTE NAME ="Stop on errors" VALUE ="0"/>
        <ATTRIBUTE NAME ="Override tracing" VALUE ="None"/>
        <ATTRIBUTE NAME ="On Stored Procedure error" VALUE ="Stop"/>
        <ATTRIBUTE NAME ="On Pre-session command task error" VALUE ="Stop"/>
        <ATTRIBUTE NAME ="On Pre-Post SQL error" VALUE ="Stop"/>
        <ATTRIBUTE NAME ="Enable Recovery" VALUE ="NO"/>
        <ATTRIBUTE NAME ="Error Log Type" VALUE ="None"/>
        <ATTRIBUTE NAME ="Error Log Table Name Prefix" VALUE =""/>
        <ATTRIBUTE NAME ="Error Log File Name" VALUE ="PMError.log"/>
        <ATTRIBUTE NAME ="Log Source Row Data" VALUE ="NO"/>
        <ATTRIBUTE NAME ="Data Column Delimiter" VALUE ="|"/>
        <ATTRIBUTE NAME ="Partitioning Options" VALUE =""/>
        <ATTRIBUTE NAME ="Dynamic Partitioning" VALUE ="Disabled"/>
        <ATTRIBUTE NAME ="Number of Partitions" VALUE ="1"/>
        <ATTRIBUTE NAME ="Multiplication Factor" VALUE ="Auto"/>
        <ATTRIBUTE NAME ="Session on Grid" VALUE =""/>
        <ATTRIBUTE NAME ="Is Enabled" VALUE ="NO"/>
    </CONFIG>
    <WORKFLOW DESCRIPTION ="These workflows are created from the Workflow Generation Wizard." ISENABLED ="YES" ISRUNNABLESERVICE ="NO" ISSERVICE ="NO" ISVALID ="YES" NAME ="wf_MT_SLS_ACNT_RSTD_MSR_DRRNG_D" REUSABLE_SCHEDULER ="NO" SCHEDULERNAME ="Scheduler" SUSPEND_ON_ERROR ="NO" TASKS_MUST_RUN_ON_SERVER ="NO" VERSIONNUMBER ="5">
        <SCHEDULER DESCRIPTION ="" NAME ="Scheduler" REUSABLE ="NO" VERSIONNUMBER ="5">
            <SCHEDULEINFO SCHEDULETYPE ="ONDEMAND"/>
        </SCHEDULER>
        <TASK DESCRIPTION ="" NAME ="Start" REUSABLE ="NO" TYPE ="Start" VERSIONNUMBER ="5"/>
        <SESSION DESCRIPTION ="" ISVALID ="YES" MAPPINGNAME ="m_MT_SLS_ACNT_RSTD_MSR_DRRNG_D" NAME ="s_m_MT_SLS_ACNT_RSTD_MSR_DRRNG_D" REUSABLE ="NO" SORTORDER ="Binary" VERSIONNUMBER ="5">
            <SESSTRANSFORMATIONINST ISREPARTITIONPOINT ="NO" PIPELINE ="0" SINSTANCENAME ="WI_SLS_ACNT_RSTD_MSR_DRRNG_D" STAGE ="0" TRANSFORMATIONNAME ="WI_SLS_ACNT_RSTD_MSR_DRRNG_D" TRANSFORMATIONTYPE ="Source Definition"/>
            <SESSTRANSFORMATIONINST ISREPARTITIONPOINT ="YES" PARTITIONTYPE ="PASS THROUGH" PIPELINE ="1" SINSTANCENAME ="SQ_MT_NAMD_ACNT_BKGS_MEASURE" STAGE ="1" TRANSFORMATIONNAME ="SQ_MT_NAMD_ACNT_BKGS_MEASURE" TRANSFORMATIONTYPE ="Source Qualifier"/>
            <SESSTRANSFORMATIONINST ISREPARTITIONPOINT ="NO" PIPELINE ="0" SINSTANCENAME ="MT_SLS_ACNT_RSTD_MSR_DRR_NG" STAGE ="0" TRANSFORMATIONNAME ="MT_SLS_ACNT_RSTD_MSR_DRR_NG" TRANSFORMATIONTYPE ="Source Definition"/>
            <SESSTRANSFORMATIONINST ISREPARTITIONPOINT ="YES" PARTITIONTYPE ="PASS THROUGH" PIPELINE ="2" SINSTANCENAME ="SQ_WI_SLS_ACNT_RSTD_MSR_DRRNG_D1" STAGE ="2" TRANSFORMATIONNAME ="SQ_WI_SLS_ACNT_RSTD_MSR_DRRNG_D1" TRANSFORMATIONTYPE ="Source Qualifier"/>
            <SESSTRANSFORMATIONINST ISREPARTITIONPOINT ="YES" PARTITIONTYPE ="PASS THROUGH" PIPELINE ="1" SINSTANCENAME ="WI_SLS_ACNT_RSTD_MSR_DRRNG_D" STAGE ="3" TRANSFORMATIONNAME ="WI_SLS_ACNT_RSTD_MSR_DRRNG_D" TRANSFORMATIONTYPE ="Target Definition">
                <ATTRIBUTE NAME ="Table Name Prefix" VALUE ="$$STGDB"/>
                <ATTRIBUTE NAME ="Pre SQL" VALUE ="DELETE FROM $$STGDB.WI_SLS_ACNT_RSTD_MSR_DRRNG_D ALL;"/>
                <ATTRIBUTE NAME ="Post SQL" VALUE ="CALL COLLECT_STATS_WRAP(&apos;$$STGDB&apos;,&apos;WI_SLS_ACNT_RSTD_MSR_DRRNG_D&apos;,&apos;D&apos;);&#xD;&#xA;&#xD;&#xA;DELETE  FROM $$SLSORDVWDB.MT_SLS_ACNT_RSTD_MSR_DRRNG_DEL&#xD;&#xA;WHERE CAST(EDW_CREATE_DTM AS DATE) &lt; CURRENT_DATE -30;&#xD;&#xA;&#xD;&#xA;INSERT INTO $$SLSORDVWDB.MT_SLS_ACNT_RSTD_MSR_DRRNG_DEL&#xD;&#xA;SELECT &#xD;&#xA;BOOKINGS_MEASURE_KEY,&#xD;&#xA;BOOKINGS_PROCESS_DT,&#xD;&#xA;BKGS_MEASURE_TRANS_TYPE_CD,&#xD;&#xA;DV_END_CUST_PARTY_KEY,&#xD;&#xA;BK_SA_MEMBER_ID_INT,&#xD;&#xA;LINK_CUSTOMER_PARTY_KEY,&#xD;&#xA;SALES_ACCOUNT_GROUP_PARTY_KEY,&#xD;&#xA;DV_END_CUST_REASON_DESCR,&#xD;&#xA;DV_END_CUST_OWNERSHIP_SPLT_PCT,&#xD;&#xA;LAST_UPDATED_DTM,&#xD;&#xA;CURRENT_TIMESTAMP(0) AS EDW_CREATE_DTM,&#xD;&#xA;USER AS  EDW_CREATE_USER,&#xD;&#xA;CURRENT_TIMESTAMP(0) AS EDW_UPDATE_DTM,&#xD;&#xA;USER AS EDW_UPDATE_USER,&#xD;&#xA;SALES_REP_NUM,&#xD;&#xA;SALES_TERRITORY_KEY,&#xD;&#xA;EP_OTM_TERRITORY_ID_INT,&#xD;&#xA;PROCESS_TYPE,&#xD;&#xA;DV_FIN_ADJ_KEY,&#xD;&#xA;DV_RSTMT_REASON_CD,&#xD;&#xA;SK_SEQUENCE_ID&#xD;&#xA;FROM $$SLSORDVWDB.MT_SLS_ACNT_RSTD_MSR_DRR_NG &#xD;&#xA; WHERE (BOOKINGS_MEASURE_KEY,BOOKINGS_PROCESS_DT,BKGS_MEASURE_TRANS_TYPE_CD) IN&#xD;&#xA; (&#xD;&#xA; SELECT BOOKINGS_MEASURE_KEY,BOOKINGS_PROCESS_DT,BKGS_MEASURE_TRANS_TYPE_CD FROM $$STGDB.WI_SLS_ACNT_RSTD_MSR_DRRNG_D);&#xD;&#xA;&#xD;&#xA; &#xD;&#xA;DELETE FROM $$SLSORDVWDB.MT_SLS_ACNT_RSTD_MSR_DRR_NG WHERE (BOOKINGS_MEASURE_KEY,BOOKINGS_PROCESS_DT,BKGS_MEASURE_TRANS_TYPE_CD) IN&#xD;&#xA; (&#xD;&#xA; SELECT BOOKINGS_MEASURE_KEY,BOOKINGS_PROCESS_DT,BKGS_MEASURE_TRANS_TYPE_CD FROM $$STGDB.WI_SLS_ACNT_RSTD_MSR_DRRNG_D);"/>
                <ATTRIBUTE NAME ="Target Table Name" VALUE ="WI_SLS_ACNT_RSTD_MSR_DRRNG_D"/>
            </SESSTRANSFORMATIONINST>
            <SESSTRANSFORMATIONINST ISREPARTITIONPOINT ="YES" PARTITIONTYPE ="PASS THROUGH" PIPELINE ="2" SINSTANCENAME ="MT_SLS_ACNT_RSTD_MSR_DRR_NG" STAGE ="4" TRANSFORMATIONNAME ="MT_SLS_ACNT_RSTD_MSR_DRR_NG" TRANSFORMATIONTYPE ="Target Definition">
                <ATTRIBUTE NAME ="Table Name Prefix" VALUE ="$$SLSORDVWDB"/>
                <ATTRIBUTE NAME ="Post SQL" VALUE ="UPDATE $$ETLVWDB.DW_JOB_STREAMS SET LAST_EXTRACT_DATE=(SELECT MAX(EDW_UPDATE_DTM) FROM $$SLSORDVWDB.MT_SLS_ACNT_RSTD_MSR_DRR_NG)&#xD;&#xA;WHERE JOB_STREAM_ID=&apos;wf_MT_SLS_ACNT_RSTD_MSR_DRRNG_D&apos;;&#xD;&#xA;&#xD;&#xA;DELETE  FROM $$SLSORDVWDB.MT_SLS_ACNT_RSTD_MSR_DRR_NG&#xD;&#xA;WHERE BOOKINGS_PROCESS_DT&lt;(&#xD;&#xA;SELECT MIN(CALENDAR_DATE) CALENDAR_DATE FROM&#xD;&#xA;$$COMREFVWDB.R_FISCAL_DAY_TO_YEAR RFD&#xD;&#xA;WHERE FISCAL_YEAR_NUMBER_INT &gt;= 2011&#xD;&#xA;);&#xD;&#xA;&#xD;&#xA;CALL COLLECT_STATS_WRAP(&apos;$$SLSORDDB&apos;,&apos;MT_SLS_ACNT_RSTD_MSR_DRR_NG&apos;,&apos;D&apos;);"/>
                <ATTRIBUTE NAME ="Target Table Name" VALUE ="MT_SLS_ACNT_RSTD_MSR_DRR_NG"/>
            </SESSTRANSFORMATIONINST>
            <SESSTRANSFORMATIONINST ISREPARTITIONPOINT ="YES" PARTITIONTYPE ="PASS THROUGH" PIPELINE ="3" SINSTANCENAME ="WI_SLS_ACNT_RSTD_MSR_DRRNG_D1" STAGE ="5" TRANSFORMATIONNAME ="WI_SLS_ACNT_RSTD_MSR_DRRNG_D1" TRANSFORMATIONTYPE ="Target Definition">
                <ATTRIBUTE NAME ="Table Name Prefix" VALUE ="$$STGDB"/>
                <ATTRIBUTE NAME ="Pre SQL" VALUE ="DELETE FROM $$STGDB.WI_SLS_ACNT_RSTD_MSR_DRRNG_D1 ALL;"/>
                <ATTRIBUTE NAME ="Post SQL" VALUE ="CALL COLLECT_STATS_WRAP(&apos;$$STGDB&apos;,&apos;WI_SLS_ACNT_RSTD_MSR_DRRNG_D1&apos;,&apos;D&apos;);"/>
                <ATTRIBUTE NAME ="Target Table Name" VALUE ="WI_SLS_ACNT_RSTD_MSR_DRRNG_D1"/>
            </SESSTRANSFORMATIONINST>
            <SESSTRANSFORMATIONINST ISREPARTITIONPOINT ="NO" PIPELINE ="0" SINSTANCENAME ="WI_SLS_ACNT_RSTD_MSR_DRRNG_D11" STAGE ="0" TRANSFORMATIONNAME ="WI_SLS_ACNT_RSTD_MSR_DRRNG_D11" TRANSFORMATIONTYPE ="Source Definition"/>
            <SESSTRANSFORMATIONINST ISREPARTITIONPOINT ="YES" PARTITIONTYPE ="PASS THROUGH" PIPELINE ="3" SINSTANCENAME ="SQ_WI_SLS_ACNT_RSTD_MSR_DRRNG_D" STAGE ="6" TRANSFORMATIONNAME ="SQ_WI_SLS_ACNT_RSTD_MSR_DRRNG_D" TRANSFORMATIONTYPE ="Source Qualifier"/>
            <CONFIGREFERENCE REFOBJECTNAME ="default_session_config" TYPE ="Session config">
                <ATTRIBUTE NAME ="Pre 85 Timestamp Compatibility" VALUE ="YES"/>
                <ATTRIBUTE NAME ="Save session log for these runs" VALUE ="5"/>
                <ATTRIBUTE NAME ="Stop on errors" VALUE ="1"/>
                <ATTRIBUTE NAME ="Override tracing" VALUE ="Normal"/>
            </CONFIGREFERENCE>
            <SESSIONEXTENSION DSQINSTNAME ="SQ_MT_NAMD_ACNT_BKGS_MEASURE" DSQINSTTYPE ="Source Qualifier" NAME ="Relational Reader" SINSTANCENAME ="WI_SLS_ACNT_RSTD_MSR_DRRNG_D" SUBTYPE ="Relational Reader" TRANSFORMATIONTYPE ="Source Definition" TYPE ="READER"/>
            <SESSIONEXTENSION NAME ="Relational Reader" SINSTANCENAME ="SQ_MT_NAMD_ACNT_BKGS_MEASURE" SUBTYPE ="Relational Reader" TRANSFORMATIONTYPE ="Source Qualifier" TYPE ="READER">
                <CONNECTIONREFERENCE CNXREFNAME ="DB Connection" CONNECTIONNAME ="" CONNECTIONNUMBER ="1" CONNECTIONSUBTYPE ="" CONNECTIONTYPE ="Relational" VARIABLE ="$DBConnection_Source"/>
            </SESSIONEXTENSION>
            <SESSIONEXTENSION DSQINSTNAME ="SQ_WI_SLS_ACNT_RSTD_MSR_DRRNG_D1" DSQINSTTYPE ="Source Qualifier" NAME ="Relational Reader" SINSTANCENAME ="MT_SLS_ACNT_RSTD_MSR_DRR_NG" SUBTYPE ="Relational Reader" TRANSFORMATIONTYPE ="Source Definition" TYPE ="READER"/>
            <SESSIONEXTENSION NAME ="Relational Reader" SINSTANCENAME ="SQ_WI_SLS_ACNT_RSTD_MSR_DRRNG_D1" SUBTYPE ="Relational Reader" TRANSFORMATIONTYPE ="Source Qualifier" TYPE ="READER">
                <CONNECTIONREFERENCE CNXREFNAME ="DB Connection" CONNECTIONNAME ="" CONNECTIONNUMBER ="1" CONNECTIONSUBTYPE ="" CONNECTIONTYPE ="Relational" VARIABLE ="$DBConnection_Source"/>
            </SESSIONEXTENSION>
            <SESSIONEXTENSION NAME ="Relational Writer" SINSTANCENAME ="WI_SLS_ACNT_RSTD_MSR_DRRNG_D" SUBTYPE ="Relational Writer" TRANSFORMATIONTYPE ="Target Definition" TYPE ="WRITER">
                <CONNECTIONREFERENCE CNXREFNAME ="DB Connection" CONNECTIONNAME ="" CONNECTIONNUMBER ="1" CONNECTIONSUBTYPE ="" CONNECTIONTYPE ="Relational" VARIABLE ="$DBConnection_Target"/>
                <ATTRIBUTE NAME ="Target load type" VALUE ="Normal"/>
                <ATTRIBUTE NAME ="Insert" VALUE ="YES"/>
                <ATTRIBUTE NAME ="Update as Update" VALUE ="NO"/>
                <ATTRIBUTE NAME ="Update as Insert" VALUE ="NO"/>
                <ATTRIBUTE NAME ="Update else Insert" VALUE ="NO"/>
                <ATTRIBUTE NAME ="Delete" VALUE ="NO"/>
                <ATTRIBUTE NAME ="Truncate target table option" VALUE ="NO"/>
                <ATTRIBUTE NAME ="Reject file directory" VALUE ="$PMRootDir/DATA/EDWTD_SALES_ORDERS/reject"/>
                <ATTRIBUTE NAME ="Reject filename" VALUE ="wi_sls_acnt_rstd_msr_drrng_d1.bad"/>
            </SESSIONEXTENSION>
            <SESSIONEXTENSION NAME ="Relational Writer" SINSTANCENAME ="MT_SLS_ACNT_RSTD_MSR_DRR_NG" SUBTYPE ="Relational Writer" TRANSFORMATIONTYPE ="Target Definition" TYPE ="WRITER">
                <CONNECTIONREFERENCE CNXREFNAME ="DB Connection" CONNECTIONNAME ="" CONNECTIONNUMBER ="1" CONNECTIONSUBTYPE ="" CONNECTIONTYPE ="Relational" VARIABLE ="$DBConnection_Target"/>
                <ATTRIBUTE NAME ="Target load type" VALUE ="Normal"/>
                <ATTRIBUTE NAME ="Insert" VALUE ="YES"/>
                <ATTRIBUTE NAME ="Update as Update" VALUE ="NO"/>
                <ATTRIBUTE NAME ="Update as Insert" VALUE ="NO"/>
                <ATTRIBUTE NAME ="Update else Insert" VALUE ="NO"/>
                <ATTRIBUTE NAME ="Delete" VALUE ="NO"/>
                <ATTRIBUTE NAME ="Truncate target table option" VALUE ="NO"/>
                <ATTRIBUTE NAME ="Reject file directory" VALUE ="$PMRootDir/DATA/EDWTD_SALES_ORDERS/reject"/>
                <ATTRIBUTE NAME ="Reject filename" VALUE ="mt_sls_acnt_rstd_msr_drr_ng1.bad"/>
            </SESSIONEXTENSION>
            <SESSIONEXTENSION NAME ="Relational Writer" SINSTANCENAME ="WI_SLS_ACNT_RSTD_MSR_DRRNG_D1" SUBTYPE ="Relational Writer" TRANSFORMATIONTYPE ="Target Definition" TYPE ="WRITER">
                <CONNECTIONREFERENCE CNXREFNAME ="DB Connection" CONNECTIONNAME ="" CONNECTIONNUMBER ="1" CONNECTIONSUBTYPE ="" CONNECTIONTYPE ="Relational" VARIABLE ="$DBConnection_Target"/>
                <ATTRIBUTE NAME ="Target load type" VALUE ="Normal"/>
                <ATTRIBUTE NAME ="Insert" VALUE ="YES"/>
                <ATTRIBUTE NAME ="Update as Update" VALUE ="NO"/>
                <ATTRIBUTE NAME ="Update as Insert" VALUE ="NO"/>
                <ATTRIBUTE NAME ="Update else Insert" VALUE ="NO"/>
                <ATTRIBUTE NAME ="Delete" VALUE ="NO"/>
                <ATTRIBUTE NAME ="Truncate target table option" VALUE ="NO"/>
                <ATTRIBUTE NAME ="Reject file directory" VALUE ="$PMRootDir/DATA/EDWTD_SALES_ORDERS/reject"/>
                <ATTRIBUTE NAME ="Reject filename" VALUE ="wi_sls_acnt_rstd_msr_drrng_d121.bad"/>
            </SESSIONEXTENSION>
            <SESSIONEXTENSION DSQINSTNAME ="SQ_WI_SLS_ACNT_RSTD_MSR_DRRNG_D" DSQINSTTYPE ="Source Qualifier" NAME ="Relational Reader" SINSTANCENAME ="WI_SLS_ACNT_RSTD_MSR_DRRNG_D11" SUBTYPE ="Relational Reader" TRANSFORMATIONTYPE ="Source Definition" TYPE ="READER"/>
            <SESSIONEXTENSION NAME ="Relational Reader" SINSTANCENAME ="SQ_WI_SLS_ACNT_RSTD_MSR_DRRNG_D" SUBTYPE ="Relational Reader" TRANSFORMATIONTYPE ="Source Qualifier" TYPE ="READER">
                <CONNECTIONREFERENCE CNXREFNAME ="DB Connection" CONNECTIONNAME ="" CONNECTIONNUMBER ="1" CONNECTIONSUBTYPE ="" CONNECTIONTYPE ="Relational" VARIABLE ="$DBConnection_Source"/>
            </SESSIONEXTENSION>
            <ATTRIBUTE NAME ="General Options" VALUE =""/>
            <ATTRIBUTE NAME ="Write Backward Compatible Session Log File" VALUE ="NO"/>
            <ATTRIBUTE NAME ="Session Log File Name" VALUE ="s_m_MT_SLS_ACNT_RSTD_MSR_DRRNG_D.log"/>
            <ATTRIBUTE NAME ="Session Log File directory" VALUE ="$PMSessionLogDir&#x5c;"/>
            <ATTRIBUTE NAME ="Parameter Filename" VALUE ="$PMRootDir/ctrl/db.parm"/>
            <ATTRIBUTE NAME ="Enable Test Load" VALUE ="NO"/>
            <ATTRIBUTE NAME ="$Source connection value" VALUE =""/>
            <ATTRIBUTE NAME ="$Target connection value" VALUE =""/>
            <ATTRIBUTE NAME ="Treat source rows as" VALUE ="Insert"/>
            <ATTRIBUTE NAME ="Commit Type" VALUE ="Target"/>
            <ATTRIBUTE NAME ="Commit Interval" VALUE ="10000"/>
            <ATTRIBUTE NAME ="Commit On End Of File" VALUE ="YES"/>
            <ATTRIBUTE NAME ="Rollback Transactions on Errors" VALUE ="NO"/>
            <ATTRIBUTE NAME ="Recovery Strategy" VALUE ="Fail task and continue workflow"/>
            <ATTRIBUTE NAME ="Java Classpath" VALUE =""/>
            <ATTRIBUTE NAME ="Performance" VALUE =""/>
            <ATTRIBUTE NAME ="DTM buffer size" VALUE ="Auto"/>
            <ATTRIBUTE NAME ="Collect performance data" VALUE ="NO"/>
            <ATTRIBUTE NAME ="Write performance data to repository" VALUE ="NO"/>
            <ATTRIBUTE NAME ="Incremental Aggregation" VALUE ="NO"/>
            <ATTRIBUTE NAME ="Enable high precision" VALUE ="NO"/>
            <ATTRIBUTE NAME ="Session retry on deadlock" VALUE ="NO"/>
            <ATTRIBUTE NAME ="Pushdown Optimization" VALUE ="Full"/>
            <ATTRIBUTE NAME ="Allow Temporary View for Pushdown" VALUE ="NO"/>
            <ATTRIBUTE NAME ="Allow Temporary Sequence for Pushdown" VALUE ="NO"/>
            <ATTRIBUTE NAME ="Allow Pushdown for User Incompatible Connections" VALUE ="NO"/>
        </SESSION>
        <TASKINSTANCE DESCRIPTION ="" ISENABLED ="YES" NAME ="Start" REUSABLE ="NO" TASKNAME ="Start" TASKTYPE ="Start"/>
        <TASKINSTANCE DESCRIPTION ="" FAIL_PARENT_IF_INSTANCE_DID_NOT_RUN ="YES" FAIL_PARENT_IF_INSTANCE_FAILS ="YES" ISENABLED ="YES" NAME ="s_m_MT_SLS_ACNT_RSTD_MSR_DRRNG_D" REUSABLE ="NO" TASKNAME ="s_m_MT_SLS_ACNT_RSTD_MSR_DRRNG_D" TASKTYPE ="Session" TREAT_INPUTLINK_AS_AND ="YES"/>
        <WORKFLOWLINK CONDITION ="" FROMTASK ="Start" TOTASK ="s_m_MT_SLS_ACNT_RSTD_MSR_DRRNG_D"/>
        <WORKFLOWVARIABLE DATATYPE ="date/time" DEFAULTVALUE ="" DESCRIPTION ="The time this task started" ISNULL ="NO" ISPERSISTENT ="NO" NAME ="$Start.StartTime" USERDEFINED ="NO"/>
        <WORKFLOWVARIABLE DATATYPE ="date/time" DEFAULTVALUE ="" DESCRIPTION ="The time this task completed" ISNULL ="NO" ISPERSISTENT ="NO" NAME ="$Start.EndTime" USERDEFINED ="NO"/>
        <WORKFLOWVARIABLE DATATYPE ="integer" DEFAULTVALUE ="" DESCRIPTION ="Status of this task&apos;s execution" ISNULL ="NO" ISPERSISTENT ="NO" NAME ="$Start.Status" USERDEFINED ="NO"/>
        <WORKFLOWVARIABLE DATATYPE ="integer" DEFAULTVALUE ="" DESCRIPTION ="Status of the previous task that is not disabled" ISNULL ="NO" ISPERSISTENT ="NO" NAME ="$Start.PrevTaskStatus" USERDEFINED ="NO"/>
        <WORKFLOWVARIABLE DATATYPE ="integer" DEFAULTVALUE ="" DESCRIPTION ="Error code for this task&apos;s execution" ISNULL ="NO" ISPERSISTENT ="NO" NAME ="$Start.ErrorCode" USERDEFINED ="NO"/>
        <WORKFLOWVARIABLE DATATYPE ="string" DEFAULTVALUE ="" DESCRIPTION ="Error message for this task&apos;s execution" ISNULL ="NO" ISPERSISTENT ="NO" NAME ="$Start.ErrorMsg" USERDEFINED ="NO"/>
        <WORKFLOWVARIABLE DATATYPE ="date/time" DEFAULTVALUE ="" DESCRIPTION ="The time this task started" ISNULL ="NO" ISPERSISTENT ="NO" NAME ="$s_m_MT_SLS_ACNT_RSTD_MSR_DRRNG_D.StartTime" USERDEFINED ="NO"/>
        <WORKFLOWVARIABLE DATATYPE ="date/time" DEFAULTVALUE ="" DESCRIPTION ="The time this task completed" ISNULL ="NO" ISPERSISTENT ="NO" NAME ="$s_m_MT_SLS_ACNT_RSTD_MSR_DRRNG_D.EndTime" USERDEFINED ="NO"/>
        <WORKFLOWVARIABLE DATATYPE ="integer" DEFAULTVALUE ="" DESCRIPTION ="Status of this task&apos;s execution" ISNULL ="NO" ISPERSISTENT ="NO" NAME ="$s_m_MT_SLS_ACNT_RSTD_MSR_DRRNG_D.Status" USERDEFINED ="NO"/>
        <WORKFLOWVARIABLE DATATYPE ="integer" DEFAULTVALUE ="" DESCRIPTION ="Status of the previous task that is not disabled" ISNULL ="NO" ISPERSISTENT ="NO" NAME ="$s_m_MT_SLS_ACNT_RSTD_MSR_DRRNG_D.PrevTaskStatus" USERDEFINED ="NO"/>
        <WORKFLOWVARIABLE DATATYPE ="integer" DEFAULTVALUE ="" DESCRIPTION ="Error code for this task&apos;s execution" ISNULL ="NO" ISPERSISTENT ="NO" NAME ="$s_m_MT_SLS_ACNT_RSTD_MSR_DRRNG_D.ErrorCode" USERDEFINED ="NO"/>
        <WORKFLOWVARIABLE DATATYPE ="string" DEFAULTVALUE ="" DESCRIPTION ="Error message for this task&apos;s execution" ISNULL ="NO" ISPERSISTENT ="NO" NAME ="$s_m_MT_SLS_ACNT_RSTD_MSR_DRRNG_D.ErrorMsg" USERDEFINED ="NO"/>
        <WORKFLOWVARIABLE DATATYPE ="integer" DEFAULTVALUE ="" DESCRIPTION ="Rows successfully read" ISNULL ="NO" ISPERSISTENT ="NO" NAME ="$s_m_MT_SLS_ACNT_RSTD_MSR_DRRNG_D.SrcSuccessRows" USERDEFINED ="NO"/>
        <WORKFLOWVARIABLE DATATYPE ="integer" DEFAULTVALUE ="" DESCRIPTION ="Rows failed to read" ISNULL ="NO" ISPERSISTENT ="NO" NAME ="$s_m_MT_SLS_ACNT_RSTD_MSR_DRRNG_D.SrcFailedRows" USERDEFINED ="NO"/>
        <WORKFLOWVARIABLE DATATYPE ="integer" DEFAULTVALUE ="" DESCRIPTION ="Rows successfully loaded" ISNULL ="NO" ISPERSISTENT ="NO" NAME ="$s_m_MT_SLS_ACNT_RSTD_MSR_DRRNG_D.TgtSuccessRows" USERDEFINED ="NO"/>
        <WORKFLOWVARIABLE DATATYPE ="integer" DEFAULTVALUE ="" DESCRIPTION ="Rows failed to load" ISNULL ="NO" ISPERSISTENT ="NO" NAME ="$s_m_MT_SLS_ACNT_RSTD_MSR_DRRNG_D.TgtFailedRows" USERDEFINED ="NO"/>
        <WORKFLOWVARIABLE DATATYPE ="integer" DEFAULTVALUE ="" DESCRIPTION ="Total number of transformation errors" ISNULL ="NO" ISPERSISTENT ="NO" NAME ="$s_m_MT_SLS_ACNT_RSTD_MSR_DRRNG_D.TotalTransErrors" USERDEFINED ="NO"/>
        <WORKFLOWVARIABLE DATATYPE ="integer" DEFAULTVALUE ="" DESCRIPTION ="First error code" ISNULL ="NO" ISPERSISTENT ="NO" NAME ="$s_m_MT_SLS_ACNT_RSTD_MSR_DRRNG_D.FirstErrorCode" USERDEFINED ="NO"/>
        <WORKFLOWVARIABLE DATATYPE ="string" DEFAULTVALUE ="" DESCRIPTION ="First error message" ISNULL ="NO" ISPERSISTENT ="NO" NAME ="$s_m_MT_SLS_ACNT_RSTD_MSR_DRRNG_D.FirstErrorMsg" USERDEFINED ="NO"/>
        <ATTRIBUTE NAME ="Parameter Filename" VALUE =""/>
        <ATTRIBUTE NAME ="Write Backward Compatible Workflow Log File" VALUE ="NO"/>
        <ATTRIBUTE NAME ="Workflow Log File Name" VALUE ="wf_MT_SLS_ACNT_RSTD_MSR_DRRNG_D.log"/>
        <ATTRIBUTE NAME ="Workflow Log File Directory" VALUE ="$PMWorkflowLogDir&#x5c;"/>
        <ATTRIBUTE NAME ="Save Workflow log by" VALUE ="By runs"/>
        <ATTRIBUTE NAME ="Save workflow log for these runs" VALUE ="0"/>
        <ATTRIBUTE NAME ="Service Name" VALUE =""/>
        <ATTRIBUTE NAME ="Service Timeout" VALUE ="0"/>
        <ATTRIBUTE NAME ="Is Service Visible" VALUE ="NO"/>
        <ATTRIBUTE NAME ="Is Service Protected" VALUE ="NO"/>
        <ATTRIBUTE NAME ="Enable HA recovery" VALUE ="NO"/>
        <ATTRIBUTE NAME ="Automatically recover terminated tasks" VALUE ="NO"/>
        <ATTRIBUTE NAME ="Service Level Name" VALUE ="Default"/>
        <ATTRIBUTE NAME ="Allow concurrent run with unique run instance name" VALUE ="NO"/>
        <ATTRIBUTE NAME ="Allow concurrent run with same run instance name" VALUE ="NO"/>
        <ATTRIBUTE NAME ="Maximum number of concurrent runs" VALUE ="0"/>
        <ATTRIBUTE NAME ="Assigned Web Services Hubs" VALUE =""/>
        <ATTRIBUTE NAME ="Maximum number of concurrent runs per Hub" VALUE ="1000"/>
        <ATTRIBUTE NAME ="Expected Service Time" VALUE ="1"/>
    </WORKFLOW>
</FOLDER>
</REPOSITORY>
</POWERMART>