<?xml version="1.0" encoding="UTF-8"?>
<!DOCTYPE POWERMART SYSTEM "powrmart.dtd">
<POWERMART CREATION_DATE="06/09/2018 07:31:24" REPOSITORY_VERSION="186.95">
<REPOSITORY NAME="EDW_Prod_101" VERSION="186" CODEPAGE="UTF-8" DATABASETYPE="Oracle">
<FOLDER NAME="EDWTD_SALES_ORDERS" GROUP="" OWNER="infoadm" SHARED="NOTSHARED" DESCRIPTION="This is for EDW TeraData Sales Orders and POS Track
PM:Vinit verma" PERMISSIONS="rwx---r--" UUID="fa0507c5-29f3-4af8-bd2d-bb2872a3a591">
    <SOURCE BUSINESSNAME ="" DATABASETYPE ="Teradata" DBDNAME ="TDDEV" DESCRIPTION ="" NAME ="W_DYN_RESTMT_SLS_ADJ_UPLD" OBJECTVERSION ="1" OWNERNAME ="WORKDB_DV4" VERSIONNUMBER ="2">
        <SOURCEFIELD BUSINESSNAME ="" DATATYPE ="varchar" DESCRIPTION ="" FIELDNUMBER ="1" FIELDPROPERTY ="0" FIELDTYPE ="ELEMITEM" HIDDEN ="NO" KEYTYPE ="PRIMARY KEY" LENGTH ="0" LEVEL ="0" NAME ="BK_SRC_RPTD_UPLD_BY_CEC_ID" NULLABLE ="NOTNULL" OCCURS ="0" OFFSET ="0" PHYSICALLENGTH ="50" PHYSICALOFFSET ="0" PICTURETEXT ="" PRECISION ="50" SCALE ="0" USAGE_FLAGS =""/>
        <SOURCEFIELD BUSINESSNAME ="" DATATYPE ="varchar" DESCRIPTION ="" FIELDNUMBER ="2" FIELDPROPERTY ="0" FIELDTYPE ="ELEMITEM" HIDDEN ="NO" KEYTYPE ="PRIMARY KEY" LENGTH ="0" LEVEL ="0" NAME ="BK_UPLOAD_FILE_NAME" NULLABLE ="NOTNULL" OCCURS ="0" OFFSET ="0" PHYSICALLENGTH ="255" PHYSICALOFFSET ="50" PICTURETEXT ="" PRECISION ="255" SCALE ="0" USAGE_FLAGS =""/>
        <SOURCEFIELD BUSINESSNAME ="" DATATYPE ="timestamp" DESCRIPTION ="" FIELDNUMBER ="3" FIELDPROPERTY ="0" FIELDTYPE ="ELEMITEM" HIDDEN ="NO" KEYTYPE ="PRIMARY KEY" LENGTH ="19" LEVEL ="0" NAME ="BK_UPLOADED_DTM" NULLABLE ="NOTNULL" OCCURS ="0" OFFSET ="0" PHYSICALLENGTH ="19" PHYSICALOFFSET ="305" PICTURETEXT ="" PRECISION ="19" SCALE ="0" USAGE_FLAGS =""/>
        <SOURCEFIELD BUSINESSNAME ="" DATATYPE ="integer" DESCRIPTION ="" FIELDNUMBER ="4" FIELDPROPERTY ="0" FIELDTYPE ="ELEMITEM" HIDDEN ="NO" KEYTYPE ="PRIMARY KEY" LENGTH ="11" LEVEL ="0" NAME ="BK_UPLOAD_FILE_LINE_NUM_INT" NULLABLE ="NOTNULL" OCCURS ="0" OFFSET ="19" PHYSICALLENGTH ="10" PHYSICALOFFSET ="324" PICTURETEXT ="" PRECISION ="10" SCALE ="0" USAGE_FLAGS =""/>
        <SOURCEFIELD BUSINESSNAME ="" DATATYPE ="date" DESCRIPTION ="" FIELDNUMBER ="5" FIELDPROPERTY ="0" FIELDTYPE ="ELEMITEM" HIDDEN ="NO" KEYTYPE ="NOT A KEY" LENGTH ="19" LEVEL ="0" NAME ="DV_UPLOADED_DT" NULLABLE ="NOTNULL" OCCURS ="0" OFFSET ="30" PHYSICALLENGTH ="10" PHYSICALOFFSET ="334" PICTURETEXT ="" PRECISION ="10" SCALE ="0" USAGE_FLAGS =""/>
        <SOURCEFIELD BUSINESSNAME ="" DATATYPE ="varchar" DESCRIPTION ="" FIELDNUMBER ="6" FIELDPROPERTY ="0" FIELDTYPE ="ELEMITEM" HIDDEN ="NO" KEYTYPE ="NOT A KEY" LENGTH ="0" LEVEL ="0" NAME ="RESTATEMENT_SUB_TYPE_CD" NULLABLE ="NOTNULL" OCCURS ="0" OFFSET ="49" PHYSICALLENGTH ="30" PHYSICALOFFSET ="344" PICTURETEXT ="" PRECISION ="30" SCALE ="0" USAGE_FLAGS =""/>
        <SOURCEFIELD BUSINESSNAME ="" DATATYPE ="varchar" DESCRIPTION ="" FIELDNUMBER ="7" FIELDPROPERTY ="0" FIELDTYPE ="ELEMITEM" HIDDEN ="NO" KEYTYPE ="NOT A KEY" LENGTH ="0" LEVEL ="0" NAME ="BOOKINGS_TRX_TYPE_CD" NULLABLE ="NOTNULL" OCCURS ="0" OFFSET ="49" PHYSICALLENGTH ="10" PHYSICALOFFSET ="374" PICTURETEXT ="" PRECISION ="10" SCALE ="0" USAGE_FLAGS =""/>
        <SOURCEFIELD BUSINESSNAME ="" DATATYPE ="bigint" DESCRIPTION ="" FIELDNUMBER ="8" FIELDPROPERTY ="0" FIELDTYPE ="ELEMITEM" HIDDEN ="NO" KEYTYPE ="NOT A KEY" LENGTH ="20" LEVEL ="0" NAME ="SALES_ORDER_LINE_ID_BIGINT" NULLABLE ="NULL" OCCURS ="0" OFFSET ="49" PHYSICALLENGTH ="19" PHYSICALOFFSET ="384" PICTURETEXT ="" PRECISION ="19" SCALE ="0" USAGE_FLAGS =""/>
        <SOURCEFIELD BUSINESSNAME ="" DATATYPE ="varchar" DESCRIPTION ="" FIELDNUMBER ="9" FIELDPROPERTY ="0" FIELDTYPE ="ELEMITEM" HIDDEN ="NO" KEYTYPE ="NOT A KEY" LENGTH ="0" LEVEL ="0" NAME ="SRC_RPTD_ORG_SLS_TERR_NAME_CD" NULLABLE ="NOTNULL" OCCURS ="0" OFFSET ="69" PHYSICALLENGTH ="50" PHYSICALOFFSET ="403" PICTURETEXT ="" PRECISION ="50" SCALE ="0" USAGE_FLAGS =""/>
        <SOURCEFIELD BUSINESSNAME ="" DATATYPE ="decimal" DESCRIPTION ="" FIELDNUMBER ="10" FIELDPROPERTY ="0" FIELDTYPE ="ELEMITEM" HIDDEN ="NO" KEYTYPE ="NOT A KEY" LENGTH ="20" LEVEL ="0" NAME ="ALLOCATION_SPLIT_PCT" NULLABLE ="NOTNULL" OCCURS ="0" OFFSET ="69" PHYSICALLENGTH ="18" PHYSICALOFFSET ="453" PICTURETEXT ="" PRECISION ="18" SCALE ="6" USAGE_FLAGS =""/>
        <SOURCEFIELD BUSINESSNAME ="" DATATYPE ="varchar" DESCRIPTION ="" FIELDNUMBER ="11" FIELDPROPERTY ="0" FIELDTYPE ="ELEMITEM" HIDDEN ="NO" KEYTYPE ="NOT A KEY" LENGTH ="0" LEVEL ="0" NAME ="SRC_RPTD_RSTD_SLS_TERR_NAME_CD" NULLABLE ="NOTNULL" OCCURS ="0" OFFSET ="89" PHYSICALLENGTH ="50" PHYSICALOFFSET ="471" PICTURETEXT ="" PRECISION ="50" SCALE ="0" USAGE_FLAGS =""/>
        <SOURCEFIELD BUSINESSNAME ="" DATATYPE ="bigint" DESCRIPTION ="" FIELDNUMBER ="12" FIELDPROPERTY ="0" FIELDTYPE ="ELEMITEM" HIDDEN ="NO" KEYTYPE ="NOT A KEY" LENGTH ="20" LEVEL ="0" NAME ="SALES_ACCT_ID_BIGINT" NULLABLE ="NULL" OCCURS ="0" OFFSET ="89" PHYSICALLENGTH ="19" PHYSICALOFFSET ="521" PICTURETEXT ="" PRECISION ="19" SCALE ="0" USAGE_FLAGS =""/>
        <SOURCEFIELD BUSINESSNAME ="" DATATYPE ="bigint" DESCRIPTION ="" FIELDNUMBER ="13" FIELDPROPERTY ="0" FIELDTYPE ="ELEMITEM" HIDDEN ="NO" KEYTYPE ="NOT A KEY" LENGTH ="20" LEVEL ="0" NAME ="SRC_RPTD_CUST_PRTY_ID_BIGINT" NULLABLE ="NULL" OCCURS ="0" OFFSET ="109" PHYSICALLENGTH ="19" PHYSICALOFFSET ="540" PICTURETEXT ="" PRECISION ="19" SCALE ="0" USAGE_FLAGS =""/>
        <SOURCEFIELD BUSINESSNAME ="" DATATYPE ="char" DESCRIPTION ="" FIELDNUMBER ="14" FIELDPROPERTY ="0" FIELDTYPE ="ELEMITEM" HIDDEN ="NO" KEYTYPE ="NOT A KEY" LENGTH ="0" LEVEL ="0" NAME ="DO_NOT_RESTATE_FLG" NULLABLE ="NOTNULL" OCCURS ="0" OFFSET ="129" PHYSICALLENGTH ="1" PHYSICALOFFSET ="559" PICTURETEXT ="" PRECISION ="1" SCALE ="0" USAGE_FLAGS =""/>
        <SOURCEFIELD BUSINESSNAME ="" DATATYPE ="date" DESCRIPTION ="" FIELDNUMBER ="15" FIELDPROPERTY ="0" FIELDTYPE ="ELEMITEM" HIDDEN ="NO" KEYTYPE ="NOT A KEY" LENGTH ="19" LEVEL ="0" NAME ="EFFECTIVE_DT" NULLABLE ="NOTNULL" OCCURS ="0" OFFSET ="129" PHYSICALLENGTH ="10" PHYSICALOFFSET ="560" PICTURETEXT ="" PRECISION ="10" SCALE ="0" USAGE_FLAGS =""/>
        <SOURCEFIELD BUSINESSNAME ="" DATATYPE ="date" DESCRIPTION ="" FIELDNUMBER ="16" FIELDPROPERTY ="0" FIELDTYPE ="ELEMITEM" HIDDEN ="NO" KEYTYPE ="NOT A KEY" LENGTH ="19" LEVEL ="0" NAME ="EXPIRATION_DT" NULLABLE ="NOTNULL" OCCURS ="0" OFFSET ="148" PHYSICALLENGTH ="10" PHYSICALOFFSET ="570" PICTURETEXT ="" PRECISION ="10" SCALE ="0" USAGE_FLAGS =""/>
        <SOURCEFIELD BUSINESSNAME ="" DATATYPE ="varchar" DESCRIPTION ="" FIELDNUMBER ="17" FIELDPROPERTY ="0" FIELDTYPE ="ELEMITEM" HIDDEN ="NO" KEYTYPE ="NOT A KEY" LENGTH ="0" LEVEL ="0" NAME ="SRC_RPTD_APPROVED_BY_CEC_ID" NULLABLE ="NULL" OCCURS ="0" OFFSET ="167" PHYSICALLENGTH ="50" PHYSICALOFFSET ="580" PICTURETEXT ="" PRECISION ="50" SCALE ="0" USAGE_FLAGS =""/>
        <SOURCEFIELD BUSINESSNAME ="" DATATYPE ="timestamp" DESCRIPTION ="" FIELDNUMBER ="18" FIELDPROPERTY ="0" FIELDTYPE ="ELEMITEM" HIDDEN ="NO" KEYTYPE ="NOT A KEY" LENGTH ="19" LEVEL ="0" NAME ="APPROVED_DTM" NULLABLE ="NOTNULL" OCCURS ="0" OFFSET ="167" PHYSICALLENGTH ="19" PHYSICALOFFSET ="630" PICTURETEXT ="" PRECISION ="19" SCALE ="0" USAGE_FLAGS =""/>
        <SOURCEFIELD BUSINESSNAME ="" DATATYPE ="date" DESCRIPTION ="" FIELDNUMBER ="19" FIELDPROPERTY ="0" FIELDTYPE ="ELEMITEM" HIDDEN ="NO" KEYTYPE ="NOT A KEY" LENGTH ="19" LEVEL ="0" NAME ="DV_APPROVED_DT" NULLABLE ="NOTNULL" OCCURS ="0" OFFSET ="186" PHYSICALLENGTH ="10" PHYSICALOFFSET ="649" PICTURETEXT ="" PRECISION ="10" SCALE ="0" USAGE_FLAGS =""/>
        <SOURCEFIELD BUSINESSNAME ="" DATATYPE ="varchar" DESCRIPTION ="" FIELDNUMBER ="20" FIELDPROPERTY ="0" FIELDTYPE ="ELEMITEM" HIDDEN ="NO" KEYTYPE ="NOT A KEY" LENGTH ="0" LEVEL ="0" NAME ="VALIDATION_STATUS_CD" NULLABLE ="NOTNULL" OCCURS ="0" OFFSET ="205" PHYSICALLENGTH ="7" PHYSICALOFFSET ="659" PICTURETEXT ="" PRECISION ="7" SCALE ="0" USAGE_FLAGS =""/>
        <SOURCEFIELD BUSINESSNAME ="" DATATYPE ="varchar" DESCRIPTION ="" FIELDNUMBER ="21" FIELDPROPERTY ="0" FIELDTYPE ="ELEMITEM" HIDDEN ="NO" KEYTYPE ="NOT A KEY" LENGTH ="0" LEVEL ="0" NAME ="VALIDATION_STATUS_REASON_DESCR" NULLABLE ="NOTNULL" OCCURS ="0" OFFSET ="205" PHYSICALLENGTH ="255" PHYSICALOFFSET ="666" PICTURETEXT ="" PRECISION ="255" SCALE ="0" USAGE_FLAGS =""/>
        <SOURCEFIELD BUSINESSNAME ="" DATATYPE ="char" DESCRIPTION ="" FIELDNUMBER ="22" FIELDPROPERTY ="0" FIELDTYPE ="ELEMITEM" HIDDEN ="NO" KEYTYPE ="NOT A KEY" LENGTH ="0" LEVEL ="0" NAME ="PROCESSED_FLG" NULLABLE ="NOTNULL" OCCURS ="0" OFFSET ="205" PHYSICALLENGTH ="1" PHYSICALOFFSET ="921" PICTURETEXT ="" PRECISION ="1" SCALE ="0" USAGE_FLAGS =""/>
        <SOURCEFIELD BUSINESSNAME ="" DATATYPE ="bigint" DESCRIPTION ="" FIELDNUMBER ="23" FIELDPROPERTY ="0" FIELDTYPE ="ELEMITEM" HIDDEN ="NO" KEYTYPE ="NOT A KEY" LENGTH ="20" LEVEL ="0" NAME ="SK_TRX_ID_BIGINT" NULLABLE ="NOTNULL" OCCURS ="0" OFFSET ="205" PHYSICALLENGTH ="19" PHYSICALOFFSET ="922" PICTURETEXT ="" PRECISION ="19" SCALE ="0" USAGE_FLAGS =""/>
        <SOURCEFIELD BUSINESSNAME ="" DATATYPE ="decimal" DESCRIPTION ="" FIELDNUMBER ="24" FIELDPROPERTY ="0" FIELDTYPE ="ELEMITEM" HIDDEN ="NO" KEYTYPE ="NOT A KEY" LENGTH ="20" LEVEL ="0" NAME ="SK_CUST_TRX_LINE_ID_INT" NULLABLE ="NULL" OCCURS ="0" OFFSET ="225" PHYSICALLENGTH ="18" PHYSICALOFFSET ="941" PICTURETEXT ="" PRECISION ="18" SCALE ="0" USAGE_FLAGS =""/>
        <SOURCEFIELD BUSINESSNAME ="" DATATYPE ="bigint" DESCRIPTION ="" FIELDNUMBER ="25" FIELDPROPERTY ="0" FIELDTYPE ="ELEMITEM" HIDDEN ="NO" KEYTYPE ="NOT A KEY" LENGTH ="20" LEVEL ="0" NAME ="POS_TRX_ID_BIGINT" NULLABLE ="NULL" OCCURS ="0" OFFSET ="245" PHYSICALLENGTH ="19" PHYSICALOFFSET ="959" PICTURETEXT ="" PRECISION ="19" SCALE ="0" USAGE_FLAGS =""/>
        <SOURCEFIELD BUSINESSNAME ="" DATATYPE ="bigint" DESCRIPTION ="" FIELDNUMBER ="26" FIELDPROPERTY ="0" FIELDTYPE ="ELEMITEM" HIDDEN ="NO" KEYTYPE ="NOT A KEY" LENGTH ="20" LEVEL ="0" NAME ="SLS_ADJSTMT_LINE_NUM" NULLABLE ="NULL" OCCURS ="0" OFFSET ="265" PHYSICALLENGTH ="19" PHYSICALOFFSET ="978" PICTURETEXT ="" PRECISION ="19" SCALE ="0" USAGE_FLAGS =""/>
        <SOURCEFIELD BUSINESSNAME ="" DATATYPE ="bigint" DESCRIPTION ="" FIELDNUMBER ="27" FIELDPROPERTY ="0" FIELDTYPE ="ELEMITEM" HIDDEN ="NO" KEYTYPE ="NOT A KEY" LENGTH ="20" LEVEL ="0" NAME ="SK_TRX_DISTRI_ID_BIGINT" NULLABLE ="NULL" OCCURS ="0" OFFSET ="285" PHYSICALLENGTH ="19" PHYSICALOFFSET ="997" PICTURETEXT ="" PRECISION ="19" SCALE ="0" USAGE_FLAGS =""/>
        <SOURCEFIELD BUSINESSNAME ="" DATATYPE ="bigint" DESCRIPTION ="" FIELDNUMBER ="28" FIELDPROPERTY ="0" FIELDTYPE ="ELEMITEM" HIDDEN ="NO" KEYTYPE ="NOT A KEY" LENGTH ="20" LEVEL ="0" NAME ="SRC_RPTD_SLS_ORDER_NUM_BIGINT" NULLABLE ="NOTNULL" OCCURS ="0" OFFSET ="305" PHYSICALLENGTH ="19" PHYSICALOFFSET ="1016" PICTURETEXT ="" PRECISION ="19" SCALE ="0" USAGE_FLAGS =""/>
        <SOURCEFIELD BUSINESSNAME ="" DATATYPE ="bigint" DESCRIPTION ="" FIELDNUMBER ="29" FIELDPROPERTY ="0" FIELDTYPE ="ELEMITEM" HIDDEN ="NO" KEYTYPE ="NOT A KEY" LENGTH ="20" LEVEL ="0" NAME ="TOP_BOOKINGS_POS_TRX_ID_BIGINT" NULLABLE ="NOTNULL" OCCURS ="0" OFFSET ="325" PHYSICALLENGTH ="19" PHYSICALOFFSET ="1035" PICTURETEXT ="" PRECISION ="19" SCALE ="0" USAGE_FLAGS =""/>
        <SOURCEFIELD BUSINESSNAME ="" DATATYPE ="varchar" DESCRIPTION ="" FIELDNUMBER ="30" FIELDPROPERTY ="0" FIELDTYPE ="ELEMITEM" HIDDEN ="NO" KEYTYPE ="NOT A KEY" LENGTH ="0" LEVEL ="0" NAME ="REASON_COMMENT_TXT" NULLABLE ="NOTNULL" OCCURS ="0" OFFSET ="345" PHYSICALLENGTH ="255" PHYSICALOFFSET ="1054" PICTURETEXT ="" PRECISION ="255" SCALE ="0" USAGE_FLAGS =""/>
        <SOURCEFIELD BUSINESSNAME ="" DATATYPE ="varchar" DESCRIPTION ="" FIELDNUMBER ="31" FIELDPROPERTY ="0" FIELDTYPE ="ELEMITEM" HIDDEN ="NO" KEYTYPE ="NOT A KEY" LENGTH ="0" LEVEL ="0" NAME ="BOOKINGS_TRX_SUB_TYPE_CD" NULLABLE ="NOTNULL" OCCURS ="0" OFFSET ="345" PHYSICALLENGTH ="10" PHYSICALOFFSET ="1309" PICTURETEXT ="" PRECISION ="10" SCALE ="0" USAGE_FLAGS =""/>
        <SOURCEFIELD BUSINESSNAME ="" DATATYPE ="timestamp" DESCRIPTION ="" FIELDNUMBER ="32" FIELDPROPERTY ="0" FIELDTYPE ="ELEMITEM" HIDDEN ="NO" KEYTYPE ="NOT A KEY" LENGTH ="19" LEVEL ="0" NAME ="EDW_CREATE_DTM" NULLABLE ="NOTNULL" OCCURS ="0" OFFSET ="345" PHYSICALLENGTH ="19" PHYSICALOFFSET ="1319" PICTURETEXT ="" PRECISION ="19" SCALE ="0" USAGE_FLAGS =""/>
        <SOURCEFIELD BUSINESSNAME ="" DATATYPE ="char" DESCRIPTION ="" FIELDNUMBER ="33" FIELDPROPERTY ="0" FIELDTYPE ="ELEMITEM" HIDDEN ="NO" KEYTYPE ="NOT A KEY" LENGTH ="0" LEVEL ="0" NAME ="EDW_CREATE_USER" NULLABLE ="NOTNULL" OCCURS ="0" OFFSET ="364" PHYSICALLENGTH ="30" PHYSICALOFFSET ="1338" PICTURETEXT ="" PRECISION ="30" SCALE ="0" USAGE_FLAGS =""/>
        <SOURCEFIELD BUSINESSNAME ="" DATATYPE ="timestamp" DESCRIPTION ="" FIELDNUMBER ="34" FIELDPROPERTY ="0" FIELDTYPE ="ELEMITEM" HIDDEN ="NO" KEYTYPE ="NOT A KEY" LENGTH ="19" LEVEL ="0" NAME ="EDW_UPDATE_DTM" NULLABLE ="NOTNULL" OCCURS ="0" OFFSET ="364" PHYSICALLENGTH ="19" PHYSICALOFFSET ="1368" PICTURETEXT ="" PRECISION ="19" SCALE ="0" USAGE_FLAGS =""/>
        <SOURCEFIELD BUSINESSNAME ="" DATATYPE ="char" DESCRIPTION ="" FIELDNUMBER ="35" FIELDPROPERTY ="0" FIELDTYPE ="ELEMITEM" HIDDEN ="NO" KEYTYPE ="NOT A KEY" LENGTH ="0" LEVEL ="0" NAME ="EDW_UPDATE_USER" NULLABLE ="NOTNULL" OCCURS ="0" OFFSET ="383" PHYSICALLENGTH ="30" PHYSICALOFFSET ="1387" PICTURETEXT ="" PRECISION ="30" SCALE ="0" USAGE_FLAGS =""/>
        <SOURCEFIELD BUSINESSNAME ="" DATATYPE ="char" DESCRIPTION ="" FIELDNUMBER ="36" FIELDPROPERTY ="0" FIELDTYPE ="ELEMITEM" HIDDEN ="NO" KEYTYPE ="NOT A KEY" LENGTH ="0" LEVEL ="0" NAME ="ACTION_CODE" NULLABLE ="NULL" OCCURS ="0" OFFSET ="383" PHYSICALLENGTH ="1" PHYSICALOFFSET ="1417" PICTURETEXT ="" PRECISION ="1" SCALE ="0" USAGE_FLAGS =""/>
        <SOURCEFIELD BUSINESSNAME ="" DATATYPE ="char" DESCRIPTION ="" FIELDNUMBER ="37" FIELDPROPERTY ="0" FIELDTYPE ="ELEMITEM" HIDDEN ="NO" KEYTYPE ="NOT A KEY" LENGTH ="0" LEVEL ="0" NAME ="DML_TYPE" NULLABLE ="NOTNULL" OCCURS ="0" OFFSET ="383" PHYSICALLENGTH ="1" PHYSICALOFFSET ="1418" PICTURETEXT ="" PRECISION ="1" SCALE ="0" USAGE_FLAGS =""/>
    </SOURCE>
    <TARGET BUSINESSNAME ="" CONSTRAINT ="" DATABASETYPE ="Teradata" DESCRIPTION ="" NAME ="N_DYN_RESTMT_SLS_ADJ_UPLD" OBJECTVERSION ="1" TABLEOPTIONS ="" VERSIONNUMBER ="2">
        <TARGETFIELD BUSINESSNAME ="" DATATYPE ="varchar" DESCRIPTION ="" FIELDNUMBER ="1" KEYTYPE ="PRIMARY KEY" NAME ="BK_SRC_RPTD_UPLD_BY_CEC_ID" NULLABLE ="NOTNULL" PICTURETEXT ="" PRECISION ="50" SCALE ="0"/>
        <TARGETFIELD BUSINESSNAME ="" DATATYPE ="varchar" DESCRIPTION ="" FIELDNUMBER ="2" KEYTYPE ="PRIMARY KEY" NAME ="BK_UPLOAD_FILE_NAME" NULLABLE ="NOTNULL" PICTURETEXT ="" PRECISION ="255" SCALE ="0"/>
        <TARGETFIELD BUSINESSNAME ="" DATATYPE ="timestamp" DESCRIPTION ="" FIELDNUMBER ="3" KEYTYPE ="PRIMARY KEY" NAME ="BK_UPLOADED_DTM" NULLABLE ="NOTNULL" PICTURETEXT ="" PRECISION ="19" SCALE ="0"/>
        <TARGETFIELD BUSINESSNAME ="" DATATYPE ="integer" DESCRIPTION ="" FIELDNUMBER ="4" KEYTYPE ="PRIMARY KEY" NAME ="BK_UPLOAD_FILE_LINE_NUM_INT" NULLABLE ="NOTNULL" PICTURETEXT ="" PRECISION ="10" SCALE ="0"/>
        <TARGETFIELD BUSINESSNAME ="" DATATYPE ="date" DESCRIPTION ="" FIELDNUMBER ="5" KEYTYPE ="NOT A KEY" NAME ="DV_UPLOADED_DT" NULLABLE ="NOTNULL" PICTURETEXT ="" PRECISION ="10" SCALE ="0"/>
        <TARGETFIELD BUSINESSNAME ="" DATATYPE ="varchar" DESCRIPTION ="" FIELDNUMBER ="6" KEYTYPE ="NOT A KEY" NAME ="RESTATEMENT_SUB_TYPE_CD" NULLABLE ="NOTNULL" PICTURETEXT ="" PRECISION ="30" SCALE ="0"/>
        <TARGETFIELD BUSINESSNAME ="" DATATYPE ="varchar" DESCRIPTION ="" FIELDNUMBER ="7" KEYTYPE ="NOT A KEY" NAME ="BOOKINGS_TRX_TYPE_CD" NULLABLE ="NOTNULL" PICTURETEXT ="" PRECISION ="10" SCALE ="0"/>
        <TARGETFIELD BUSINESSNAME ="" DATATYPE ="bigint" DESCRIPTION ="" FIELDNUMBER ="8" KEYTYPE ="NOT A KEY" NAME ="SALES_ORDER_LINE_ID_BIGINT" NULLABLE ="NULL" PICTURETEXT ="" PRECISION ="19" SCALE ="0"/>
        <TARGETFIELD BUSINESSNAME ="" DATATYPE ="varchar" DESCRIPTION ="" FIELDNUMBER ="9" KEYTYPE ="NOT A KEY" NAME ="SRC_RPTD_ORG_SLS_TERR_NAME_CD" NULLABLE ="NOTNULL" PICTURETEXT ="" PRECISION ="50" SCALE ="0"/>
        <TARGETFIELD BUSINESSNAME ="" DATATYPE ="decimal" DESCRIPTION ="" FIELDNUMBER ="10" KEYTYPE ="NOT A KEY" NAME ="ALLOCATION_SPLIT_PCT" NULLABLE ="NOTNULL" PICTURETEXT ="" PRECISION ="18" SCALE ="6"/>
        <TARGETFIELD BUSINESSNAME ="" DATATYPE ="varchar" DESCRIPTION ="" FIELDNUMBER ="11" KEYTYPE ="NOT A KEY" NAME ="SRC_RPTD_RSTD_SLS_TERR_NAME_CD" NULLABLE ="NOTNULL" PICTURETEXT ="" PRECISION ="50" SCALE ="0"/>
        <TARGETFIELD BUSINESSNAME ="" DATATYPE ="bigint" DESCRIPTION ="" FIELDNUMBER ="12" KEYTYPE ="NOT A KEY" NAME ="SALES_ACCT_ID_BIGINT" NULLABLE ="NULL" PICTURETEXT ="" PRECISION ="19" SCALE ="0"/>
        <TARGETFIELD BUSINESSNAME ="" DATATYPE ="bigint" DESCRIPTION ="" FIELDNUMBER ="13" KEYTYPE ="NOT A KEY" NAME ="SRC_RPTD_CUST_PRTY_ID_BIGINT" NULLABLE ="NULL" PICTURETEXT ="" PRECISION ="19" SCALE ="0"/>
        <TARGETFIELD BUSINESSNAME ="" DATATYPE ="char" DESCRIPTION ="" FIELDNUMBER ="14" KEYTYPE ="NOT A KEY" NAME ="DO_NOT_RESTATE_FLG" NULLABLE ="NOTNULL" PICTURETEXT ="" PRECISION ="1" SCALE ="0"/>
        <TARGETFIELD BUSINESSNAME ="" DATATYPE ="date" DESCRIPTION ="" FIELDNUMBER ="15" KEYTYPE ="NOT A KEY" NAME ="EFFECTIVE_DT" NULLABLE ="NOTNULL" PICTURETEXT ="" PRECISION ="10" SCALE ="0"/>
        <TARGETFIELD BUSINESSNAME ="" DATATYPE ="date" DESCRIPTION ="" FIELDNUMBER ="16" KEYTYPE ="NOT A KEY" NAME ="EXPIRATION_DT" NULLABLE ="NOTNULL" PICTURETEXT ="" PRECISION ="10" SCALE ="0"/>
        <TARGETFIELD BUSINESSNAME ="" DATATYPE ="varchar" DESCRIPTION ="" FIELDNUMBER ="17" KEYTYPE ="NOT A KEY" NAME ="SRC_RPTD_APPROVED_BY_CEC_ID" NULLABLE ="NULL" PICTURETEXT ="" PRECISION ="50" SCALE ="0"/>
        <TARGETFIELD BUSINESSNAME ="" DATATYPE ="timestamp" DESCRIPTION ="" FIELDNUMBER ="18" KEYTYPE ="NOT A KEY" NAME ="APPROVED_DTM" NULLABLE ="NOTNULL" PICTURETEXT ="" PRECISION ="19" SCALE ="0"/>
        <TARGETFIELD BUSINESSNAME ="" DATATYPE ="date" DESCRIPTION ="" FIELDNUMBER ="19" KEYTYPE ="NOT A KEY" NAME ="DV_APPROVED_DT" NULLABLE ="NOTNULL" PICTURETEXT ="" PRECISION ="10" SCALE ="0"/>
        <TARGETFIELD BUSINESSNAME ="" DATATYPE ="varchar" DESCRIPTION ="" FIELDNUMBER ="20" KEYTYPE ="NOT A KEY" NAME ="VALIDATION_STATUS_CD" NULLABLE ="NOTNULL" PICTURETEXT ="" PRECISION ="7" SCALE ="0"/>
        <TARGETFIELD BUSINESSNAME ="" DATATYPE ="varchar" DESCRIPTION ="" FIELDNUMBER ="21" KEYTYPE ="NOT A KEY" NAME ="VALIDATION_STATUS_REASON_DESCR" NULLABLE ="NOTNULL" PICTURETEXT ="" PRECISION ="255" SCALE ="0"/>
        <TARGETFIELD BUSINESSNAME ="" DATATYPE ="char" DESCRIPTION ="" FIELDNUMBER ="22" KEYTYPE ="NOT A KEY" NAME ="PROCESSED_FLG" NULLABLE ="NOTNULL" PICTURETEXT ="" PRECISION ="1" SCALE ="0"/>
        <TARGETFIELD BUSINESSNAME ="" DATATYPE ="bigint" DESCRIPTION ="" FIELDNUMBER ="23" KEYTYPE ="NOT A KEY" NAME ="SK_TRX_ID_BIGINT" NULLABLE ="NOTNULL" PICTURETEXT ="" PRECISION ="19" SCALE ="0"/>
        <TARGETFIELD BUSINESSNAME ="" DATATYPE ="decimal" DESCRIPTION ="" FIELDNUMBER ="24" KEYTYPE ="NOT A KEY" NAME ="SK_CUST_TRX_LINE_ID_INT" NULLABLE ="NULL" PICTURETEXT ="" PRECISION ="18" SCALE ="0"/>
        <TARGETFIELD BUSINESSNAME ="" DATATYPE ="bigint" DESCRIPTION ="" FIELDNUMBER ="25" KEYTYPE ="NOT A KEY" NAME ="POS_TRX_ID_BIGINT" NULLABLE ="NULL" PICTURETEXT ="" PRECISION ="19" SCALE ="0"/>
        <TARGETFIELD BUSINESSNAME ="" DATATYPE ="bigint" DESCRIPTION ="" FIELDNUMBER ="26" KEYTYPE ="NOT A KEY" NAME ="SLS_ADJSTMT_LINE_NUM" NULLABLE ="NULL" PICTURETEXT ="" PRECISION ="19" SCALE ="0"/>
        <TARGETFIELD BUSINESSNAME ="" DATATYPE ="bigint" DESCRIPTION ="" FIELDNUMBER ="27" KEYTYPE ="NOT A KEY" NAME ="SK_TRX_DISTRI_ID_BIGINT" NULLABLE ="NULL" PICTURETEXT ="" PRECISION ="19" SCALE ="0"/>
        <TARGETFIELD BUSINESSNAME ="" DATATYPE ="bigint" DESCRIPTION ="" FIELDNUMBER ="28" KEYTYPE ="NOT A KEY" NAME ="SRC_RPTD_SLS_ORDER_NUM_BIGINT" NULLABLE ="NOTNULL" PICTURETEXT ="" PRECISION ="19" SCALE ="0"/>
        <TARGETFIELD BUSINESSNAME ="" DATATYPE ="bigint" DESCRIPTION ="" FIELDNUMBER ="29" KEYTYPE ="NOT A KEY" NAME ="TOP_BOOKINGS_POS_TRX_ID_BIGINT" NULLABLE ="NOTNULL" PICTURETEXT ="" PRECISION ="19" SCALE ="0"/>
        <TARGETFIELD BUSINESSNAME ="" DATATYPE ="varchar" DESCRIPTION ="" FIELDNUMBER ="30" KEYTYPE ="NOT A KEY" NAME ="REASON_COMMENT_TXT" NULLABLE ="NOTNULL" PICTURETEXT ="" PRECISION ="255" SCALE ="0"/>
        <TARGETFIELD BUSINESSNAME ="" DATATYPE ="varchar" DESCRIPTION ="" FIELDNUMBER ="31" KEYTYPE ="NOT A KEY" NAME ="BOOKINGS_TRX_SUB_TYPE_CD" NULLABLE ="NOTNULL" PICTURETEXT ="" PRECISION ="10" SCALE ="0"/>
        <TARGETFIELD BUSINESSNAME ="" DATATYPE ="timestamp" DESCRIPTION ="" FIELDNUMBER ="32" KEYTYPE ="NOT A KEY" NAME ="EDW_CREATE_DTM" NULLABLE ="NOTNULL" PICTURETEXT ="" PRECISION ="19" SCALE ="0"/>
        <TARGETFIELD BUSINESSNAME ="" DATATYPE ="char" DESCRIPTION ="" FIELDNUMBER ="33" KEYTYPE ="NOT A KEY" NAME ="EDW_CREATE_USER" NULLABLE ="NOTNULL" PICTURETEXT ="" PRECISION ="30" SCALE ="0"/>
        <TARGETFIELD BUSINESSNAME ="" DATATYPE ="timestamp" DESCRIPTION ="" FIELDNUMBER ="34" KEYTYPE ="NOT A KEY" NAME ="EDW_UPDATE_DTM" NULLABLE ="NOTNULL" PICTURETEXT ="" PRECISION ="19" SCALE ="0"/>
        <TARGETFIELD BUSINESSNAME ="" DATATYPE ="char" DESCRIPTION ="" FIELDNUMBER ="35" KEYTYPE ="NOT A KEY" NAME ="EDW_UPDATE_USER" NULLABLE ="NOTNULL" PICTURETEXT ="" PRECISION ="30" SCALE ="0"/>
    </TARGET>
    <MAPPING DESCRIPTION ="" ISVALID ="YES" NAME ="m_N_DYN_RESTMT_SLS_ADJ_UPLD" OBJECTVERSION ="1" VERSIONNUMBER ="2">
        <TRANSFORMATION DESCRIPTION ="" NAME ="SQ_W_DYN_RESTMT_SLS_ADJ_UPLD" OBJECTVERSION ="1" REUSABLE ="NO" TYPE ="Source Qualifier" VERSIONNUMBER ="2">
            <TRANSFORMFIELD DATATYPE ="string" DEFAULTVALUE ="" DESCRIPTION ="" NAME ="BK_SRC_RPTD_UPLD_BY_CEC_ID" PICTURETEXT ="" PORTTYPE ="INPUT/OUTPUT" PRECISION ="50" SCALE ="0"/>
            <TRANSFORMFIELD DATATYPE ="string" DEFAULTVALUE ="" DESCRIPTION ="" NAME ="BK_UPLOAD_FILE_NAME" PICTURETEXT ="" PORTTYPE ="INPUT/OUTPUT" PRECISION ="255" SCALE ="0"/>
            <TRANSFORMFIELD DATATYPE ="date/time" DEFAULTVALUE ="" DESCRIPTION ="" NAME ="BK_UPLOADED_DTM" PICTURETEXT ="" PORTTYPE ="INPUT/OUTPUT" PRECISION ="29" SCALE ="9"/>
            <TRANSFORMFIELD DATATYPE ="integer" DEFAULTVALUE ="" DESCRIPTION ="" NAME ="BK_UPLOAD_FILE_LINE_NUM_INT" PICTURETEXT ="" PORTTYPE ="INPUT/OUTPUT" PRECISION ="10" SCALE ="0"/>
            <TRANSFORMFIELD DATATYPE ="date/time" DEFAULTVALUE ="" DESCRIPTION ="" NAME ="DV_UPLOADED_DT" PICTURETEXT ="" PORTTYPE ="INPUT/OUTPUT" PRECISION ="29" SCALE ="9"/>
            <TRANSFORMFIELD DATATYPE ="string" DEFAULTVALUE ="" DESCRIPTION ="" NAME ="RESTATEMENT_SUB_TYPE_CD" PICTURETEXT ="" PORTTYPE ="INPUT/OUTPUT" PRECISION ="30" SCALE ="0"/>
            <TRANSFORMFIELD DATATYPE ="string" DEFAULTVALUE ="" DESCRIPTION ="" NAME ="BOOKINGS_TRX_TYPE_CD" PICTURETEXT ="" PORTTYPE ="INPUT/OUTPUT" PRECISION ="10" SCALE ="0"/>
            <TRANSFORMFIELD DATATYPE ="bigint" DEFAULTVALUE ="" DESCRIPTION ="" NAME ="SALES_ORDER_LINE_ID_BIGINT" PICTURETEXT ="" PORTTYPE ="INPUT/OUTPUT" PRECISION ="19" SCALE ="0"/>
            <TRANSFORMFIELD DATATYPE ="string" DEFAULTVALUE ="" DESCRIPTION ="" NAME ="SRC_RPTD_ORG_SLS_TERR_NAME_CD" PICTURETEXT ="" PORTTYPE ="INPUT/OUTPUT" PRECISION ="50" SCALE ="0"/>
            <TRANSFORMFIELD DATATYPE ="decimal" DEFAULTVALUE ="" DESCRIPTION ="" NAME ="ALLOCATION_SPLIT_PCT" PICTURETEXT ="" PORTTYPE ="INPUT/OUTPUT" PRECISION ="18" SCALE ="6"/>
            <TRANSFORMFIELD DATATYPE ="string" DEFAULTVALUE ="" DESCRIPTION ="" NAME ="SRC_RPTD_RSTD_SLS_TERR_NAME_CD" PICTURETEXT ="" PORTTYPE ="INPUT/OUTPUT" PRECISION ="50" SCALE ="0"/>
            <TRANSFORMFIELD DATATYPE ="bigint" DEFAULTVALUE ="" DESCRIPTION ="" NAME ="SALES_ACCT_ID_BIGINT" PICTURETEXT ="" PORTTYPE ="INPUT/OUTPUT" PRECISION ="19" SCALE ="0"/>
            <TRANSFORMFIELD DATATYPE ="bigint" DEFAULTVALUE ="" DESCRIPTION ="" NAME ="SRC_RPTD_CUST_PRTY_ID_BIGINT" PICTURETEXT ="" PORTTYPE ="INPUT/OUTPUT" PRECISION ="19" SCALE ="0"/>
            <TRANSFORMFIELD DATATYPE ="string" DEFAULTVALUE ="" DESCRIPTION ="" NAME ="DO_NOT_RESTATE_FLG" PICTURETEXT ="" PORTTYPE ="INPUT/OUTPUT" PRECISION ="1" SCALE ="0"/>
            <TRANSFORMFIELD DATATYPE ="date/time" DEFAULTVALUE ="" DESCRIPTION ="" NAME ="EFFECTIVE_DT" PICTURETEXT ="" PORTTYPE ="INPUT/OUTPUT" PRECISION ="29" SCALE ="9"/>
            <TRANSFORMFIELD DATATYPE ="date/time" DEFAULTVALUE ="" DESCRIPTION ="" NAME ="EXPIRATION_DT" PICTURETEXT ="" PORTTYPE ="INPUT/OUTPUT" PRECISION ="29" SCALE ="9"/>
            <TRANSFORMFIELD DATATYPE ="string" DEFAULTVALUE ="" DESCRIPTION ="" NAME ="SRC_RPTD_APPROVED_BY_CEC_ID" PICTURETEXT ="" PORTTYPE ="INPUT/OUTPUT" PRECISION ="50" SCALE ="0"/>
            <TRANSFORMFIELD DATATYPE ="date/time" DEFAULTVALUE ="" DESCRIPTION ="" NAME ="APPROVED_DTM" PICTURETEXT ="" PORTTYPE ="INPUT/OUTPUT" PRECISION ="29" SCALE ="9"/>
            <TRANSFORMFIELD DATATYPE ="date/time" DEFAULTVALUE ="" DESCRIPTION ="" NAME ="DV_APPROVED_DT" PICTURETEXT ="" PORTTYPE ="INPUT/OUTPUT" PRECISION ="29" SCALE ="9"/>
            <TRANSFORMFIELD DATATYPE ="string" DEFAULTVALUE ="" DESCRIPTION ="" NAME ="VALIDATION_STATUS_CD" PICTURETEXT ="" PORTTYPE ="INPUT/OUTPUT" PRECISION ="7" SCALE ="0"/>
            <TRANSFORMFIELD DATATYPE ="string" DEFAULTVALUE ="" DESCRIPTION ="" NAME ="VALIDATION_STATUS_REASON_DESCR" PICTURETEXT ="" PORTTYPE ="INPUT/OUTPUT" PRECISION ="255" SCALE ="0"/>
            <TRANSFORMFIELD DATATYPE ="string" DEFAULTVALUE ="" DESCRIPTION ="" NAME ="PROCESSED_FLG" PICTURETEXT ="" PORTTYPE ="INPUT/OUTPUT" PRECISION ="1" SCALE ="0"/>
            <TRANSFORMFIELD DATATYPE ="bigint" DEFAULTVALUE ="" DESCRIPTION ="" NAME ="SK_TRX_ID_BIGINT" PICTURETEXT ="" PORTTYPE ="INPUT/OUTPUT" PRECISION ="19" SCALE ="0"/>
            <TRANSFORMFIELD DATATYPE ="decimal" DEFAULTVALUE ="" DESCRIPTION ="" NAME ="SK_CUST_TRX_LINE_ID_INT" PICTURETEXT ="" PORTTYPE ="INPUT/OUTPUT" PRECISION ="18" SCALE ="0"/>
            <TRANSFORMFIELD DATATYPE ="bigint" DEFAULTVALUE ="" DESCRIPTION ="" NAME ="POS_TRX_ID_BIGINT" PICTURETEXT ="" PORTTYPE ="INPUT/OUTPUT" PRECISION ="19" SCALE ="0"/>
            <TRANSFORMFIELD DATATYPE ="bigint" DEFAULTVALUE ="" DESCRIPTION ="" NAME ="SLS_ADJSTMT_LINE_NUM" PICTURETEXT ="" PORTTYPE ="INPUT/OUTPUT" PRECISION ="19" SCALE ="0"/>
            <TRANSFORMFIELD DATATYPE ="bigint" DEFAULTVALUE ="" DESCRIPTION ="" NAME ="SK_TRX_DISTRI_ID_BIGINT" PICTURETEXT ="" PORTTYPE ="INPUT/OUTPUT" PRECISION ="19" SCALE ="0"/>
            <TRANSFORMFIELD DATATYPE ="bigint" DEFAULTVALUE ="" DESCRIPTION ="" NAME ="SRC_RPTD_SLS_ORDER_NUM_BIGINT" PICTURETEXT ="" PORTTYPE ="INPUT/OUTPUT" PRECISION ="19" SCALE ="0"/>
            <TRANSFORMFIELD DATATYPE ="bigint" DEFAULTVALUE ="" DESCRIPTION ="" NAME ="TOP_BOOKINGS_POS_TRX_ID_BIGINT" PICTURETEXT ="" PORTTYPE ="INPUT/OUTPUT" PRECISION ="19" SCALE ="0"/>
            <TRANSFORMFIELD DATATYPE ="string" DEFAULTVALUE ="" DESCRIPTION ="" NAME ="REASON_COMMENT_TXT" PICTURETEXT ="" PORTTYPE ="INPUT/OUTPUT" PRECISION ="255" SCALE ="0"/>
            <TRANSFORMFIELD DATATYPE ="string" DEFAULTVALUE ="" DESCRIPTION ="" NAME ="BOOKINGS_TRX_SUB_TYPE_CD" PICTURETEXT ="" PORTTYPE ="INPUT/OUTPUT" PRECISION ="10" SCALE ="0"/>
            <TRANSFORMFIELD DATATYPE ="date/time" DEFAULTVALUE ="" DESCRIPTION ="" NAME ="EDW_CREATE_DTM" PICTURETEXT ="" PORTTYPE ="INPUT/OUTPUT" PRECISION ="29" SCALE ="9"/>
            <TRANSFORMFIELD DATATYPE ="string" DEFAULTVALUE ="" DESCRIPTION ="" NAME ="EDW_CREATE_USER" PICTURETEXT ="" PORTTYPE ="INPUT/OUTPUT" PRECISION ="30" SCALE ="0"/>
            <TRANSFORMFIELD DATATYPE ="date/time" DEFAULTVALUE ="" DESCRIPTION ="" NAME ="EDW_UPDATE_DTM" PICTURETEXT ="" PORTTYPE ="INPUT/OUTPUT" PRECISION ="29" SCALE ="9"/>
            <TRANSFORMFIELD DATATYPE ="string" DEFAULTVALUE ="" DESCRIPTION ="" NAME ="EDW_UPDATE_USER" PICTURETEXT ="" PORTTYPE ="INPUT/OUTPUT" PRECISION ="30" SCALE ="0"/>
            <TABLEATTRIBUTE NAME ="Sql Query" VALUE ="SELECT&#xD;&#xA;BK_SRC_RPTD_UPLD_BY_CEC_ID,&#xD;&#xA;BK_UPLOAD_FILE_NAME,&#xD;&#xA;BK_UPLOADED_DTM,&#xD;&#xA;BK_UPLOAD_FILE_LINE_NUM_INT,&#xD;&#xA;CAST(DV_UPLOADED_DT as DATE) AS DV_UPLOADED_DT,&#xD;&#xA;RESTATEMENT_SUB_TYPE_CD,&#xD;&#xA;BOOKINGS_TRX_TYPE_CD,&#xD;&#xA;SALES_ORDER_LINE_ID_BIGINT,&#xD;&#xA;SRC_RPTD_ORG_SLS_TERR_NAME_CD,&#xD;&#xA;ALLOCATION_SPLIT_PCT,&#xD;&#xA;SRC_RPTD_RSTD_SLS_TERR_NAME_CD,&#xD;&#xA;SALES_ACCT_ID_BIGINT,&#xD;&#xA;SRC_RPTD_CUST_PRTY_ID_BIGINT,&#xD;&#xA;DO_NOT_RESTATE_FLG,&#xD;&#xA;EFFECTIVE_DT,&#xD;&#xA;EXPIRATION_DT,&#xD;&#xA;SRC_RPTD_APPROVED_BY_CEC_ID,&#xD;&#xA;APPROVED_DTM,&#xD;&#xA;DV_APPROVED_DT,&#xD;&#xA;VALIDATION_STATUS_CD,&#xD;&#xA;VALIDATION_STATUS_REASON_DESCR,&#xD;&#xA;PROCESSED_FLG,&#xD;&#xA;SK_TRX_ID_BIGINT,&#xD;&#xA;SK_CUST_TRX_LINE_ID_INT,&#xD;&#xA;POS_TRX_ID_BIGINT,&#xD;&#xA;SLS_ADJSTMT_LINE_NUM,&#xD;&#xA;SK_TRX_DISTRI_ID_BIGINT,&#xD;&#xA;SRC_RPTD_SLS_ORDER_NUM_BIGINT,&#xD;&#xA;TOP_BOOKINGS_POS_TRX_ID_BIGINT,&#xD;&#xA;REASON_COMMENT_TXT,&#xD;&#xA;BOOKINGS_TRX_SUB_TYPE_CD,&#xD;&#xA;CURRENT_TIMESTAMP(0) EDW_CREATE_DTM,&#xD;&#xA;USER EDW_CREATE_USER,&#xD;&#xA;CURRENT_TIMESTAMP(0) EDW_UPDATE_DTM,&#xD;&#xA;USER EDW_UPDATE_USER&#xD;&#xA;FROM&#xD;&#xA;$$WORKDB.W_DYN_RESTMT_SLS_ADJ_UPLD W_UPLD&#xD;&#xA;WHERE NOT EXISTS ( SEL 1 FROM&#xD;&#xA;$$SLSORDVWDB.N_DYN_RESTMT_SLS_ADJ_UPLD N_UPLD&#xD;&#xA;WHERE N_UPLD.BK_SRC_RPTD_UPLD_BY_CEC_ID = W_UPLD.BK_SRC_RPTD_UPLD_BY_CEC_ID &#xD;&#xA;AND N_UPLD.BK_UPLOAD_FILE_NAME = W_UPLD.BK_UPLOAD_FILE_NAME &#xD;&#xA;AND N_UPLD.BK_UPLOADED_DTM = W_UPLD.BK_UPLOADED_DTM &#xD;&#xA;AND N_UPLD.BK_UPLOAD_FILE_LINE_NUM_INT = W_UPLD.BK_UPLOAD_FILE_LINE_NUM_INT )"/>
            <TABLEATTRIBUTE NAME ="User Defined Join" VALUE =""/>
            <TABLEATTRIBUTE NAME ="Source Filter" VALUE =""/>
            <TABLEATTRIBUTE NAME ="Number Of Sorted Ports" VALUE ="0"/>
            <TABLEATTRIBUTE NAME ="Tracing Level" VALUE ="Normal"/>
            <TABLEATTRIBUTE NAME ="Select Distinct" VALUE ="NO"/>
            <TABLEATTRIBUTE NAME ="Is Partitionable" VALUE ="NO"/>
            <TABLEATTRIBUTE NAME ="Pre SQL" VALUE =""/>
            <TABLEATTRIBUTE NAME ="Post SQL" VALUE =""/>
            <TABLEATTRIBUTE NAME ="Output is deterministic" VALUE ="NO"/>
            <TABLEATTRIBUTE NAME ="Output is repeatable" VALUE ="Never"/>
        </TRANSFORMATION>
        <INSTANCE DESCRIPTION ="" NAME ="N_DYN_RESTMT_SLS_ADJ_UPLD" TRANSFORMATION_NAME ="N_DYN_RESTMT_SLS_ADJ_UPLD" TRANSFORMATION_TYPE ="Target Definition" TYPE ="TARGET"/>
        <INSTANCE DBDNAME ="TDDEV" DESCRIPTION ="" NAME ="W_DYN_RESTMT_SLS_ADJ_UPLD" TRANSFORMATION_NAME ="W_DYN_RESTMT_SLS_ADJ_UPLD" TRANSFORMATION_TYPE ="Source Definition" TYPE ="SOURCE"/>
        <INSTANCE DESCRIPTION ="" NAME ="SQ_W_DYN_RESTMT_SLS_ADJ_UPLD" REUSABLE ="NO" TRANSFORMATION_NAME ="SQ_W_DYN_RESTMT_SLS_ADJ_UPLD" TRANSFORMATION_TYPE ="Source Qualifier" TYPE ="TRANSFORMATION">
            <ASSOCIATED_SOURCE_INSTANCE NAME ="W_DYN_RESTMT_SLS_ADJ_UPLD"/>
        </INSTANCE>
        <CONNECTOR FROMFIELD ="BK_SRC_RPTD_UPLD_BY_CEC_ID" FROMINSTANCE ="SQ_W_DYN_RESTMT_SLS_ADJ_UPLD" FROMINSTANCETYPE ="Source Qualifier" TOFIELD ="BK_SRC_RPTD_UPLD_BY_CEC_ID" TOINSTANCE ="N_DYN_RESTMT_SLS_ADJ_UPLD" TOINSTANCETYPE ="Target Definition"/>
        <CONNECTOR FROMFIELD ="BK_UPLOAD_FILE_NAME" FROMINSTANCE ="SQ_W_DYN_RESTMT_SLS_ADJ_UPLD" FROMINSTANCETYPE ="Source Qualifier" TOFIELD ="BK_UPLOAD_FILE_NAME" TOINSTANCE ="N_DYN_RESTMT_SLS_ADJ_UPLD" TOINSTANCETYPE ="Target Definition"/>
        <CONNECTOR FROMFIELD ="BK_UPLOADED_DTM" FROMINSTANCE ="SQ_W_DYN_RESTMT_SLS_ADJ_UPLD" FROMINSTANCETYPE ="Source Qualifier" TOFIELD ="BK_UPLOADED_DTM" TOINSTANCE ="N_DYN_RESTMT_SLS_ADJ_UPLD" TOINSTANCETYPE ="Target Definition"/>
        <CONNECTOR FROMFIELD ="BK_UPLOAD_FILE_LINE_NUM_INT" FROMINSTANCE ="SQ_W_DYN_RESTMT_SLS_ADJ_UPLD" FROMINSTANCETYPE ="Source Qualifier" TOFIELD ="BK_UPLOAD_FILE_LINE_NUM_INT" TOINSTANCE ="N_DYN_RESTMT_SLS_ADJ_UPLD" TOINSTANCETYPE ="Target Definition"/>
        <CONNECTOR FROMFIELD ="DV_UPLOADED_DT" FROMINSTANCE ="SQ_W_DYN_RESTMT_SLS_ADJ_UPLD" FROMINSTANCETYPE ="Source Qualifier" TOFIELD ="DV_UPLOADED_DT" TOINSTANCE ="N_DYN_RESTMT_SLS_ADJ_UPLD" TOINSTANCETYPE ="Target Definition"/>
        <CONNECTOR FROMFIELD ="RESTATEMENT_SUB_TYPE_CD" FROMINSTANCE ="SQ_W_DYN_RESTMT_SLS_ADJ_UPLD" FROMINSTANCETYPE ="Source Qualifier" TOFIELD ="RESTATEMENT_SUB_TYPE_CD" TOINSTANCE ="N_DYN_RESTMT_SLS_ADJ_UPLD" TOINSTANCETYPE ="Target Definition"/>
        <CONNECTOR FROMFIELD ="BOOKINGS_TRX_TYPE_CD" FROMINSTANCE ="SQ_W_DYN_RESTMT_SLS_ADJ_UPLD" FROMINSTANCETYPE ="Source Qualifier" TOFIELD ="BOOKINGS_TRX_TYPE_CD" TOINSTANCE ="N_DYN_RESTMT_SLS_ADJ_UPLD" TOINSTANCETYPE ="Target Definition"/>
        <CONNECTOR FROMFIELD ="SALES_ORDER_LINE_ID_BIGINT" FROMINSTANCE ="SQ_W_DYN_RESTMT_SLS_ADJ_UPLD" FROMINSTANCETYPE ="Source Qualifier" TOFIELD ="SALES_ORDER_LINE_ID_BIGINT" TOINSTANCE ="N_DYN_RESTMT_SLS_ADJ_UPLD" TOINSTANCETYPE ="Target Definition"/>
        <CONNECTOR FROMFIELD ="SRC_RPTD_ORG_SLS_TERR_NAME_CD" FROMINSTANCE ="SQ_W_DYN_RESTMT_SLS_ADJ_UPLD" FROMINSTANCETYPE ="Source Qualifier" TOFIELD ="SRC_RPTD_ORG_SLS_TERR_NAME_CD" TOINSTANCE ="N_DYN_RESTMT_SLS_ADJ_UPLD" TOINSTANCETYPE ="Target Definition"/>
        <CONNECTOR FROMFIELD ="ALLOCATION_SPLIT_PCT" FROMINSTANCE ="SQ_W_DYN_RESTMT_SLS_ADJ_UPLD" FROMINSTANCETYPE ="Source Qualifier" TOFIELD ="ALLOCATION_SPLIT_PCT" TOINSTANCE ="N_DYN_RESTMT_SLS_ADJ_UPLD" TOINSTANCETYPE ="Target Definition"/>
        <CONNECTOR FROMFIELD ="SRC_RPTD_RSTD_SLS_TERR_NAME_CD" FROMINSTANCE ="SQ_W_DYN_RESTMT_SLS_ADJ_UPLD" FROMINSTANCETYPE ="Source Qualifier" TOFIELD ="SRC_RPTD_RSTD_SLS_TERR_NAME_CD" TOINSTANCE ="N_DYN_RESTMT_SLS_ADJ_UPLD" TOINSTANCETYPE ="Target Definition"/>
        <CONNECTOR FROMFIELD ="SALES_ACCT_ID_BIGINT" FROMINSTANCE ="SQ_W_DYN_RESTMT_SLS_ADJ_UPLD" FROMINSTANCETYPE ="Source Qualifier" TOFIELD ="SALES_ACCT_ID_BIGINT" TOINSTANCE ="N_DYN_RESTMT_SLS_ADJ_UPLD" TOINSTANCETYPE ="Target Definition"/>
        <CONNECTOR FROMFIELD ="SRC_RPTD_CUST_PRTY_ID_BIGINT" FROMINSTANCE ="SQ_W_DYN_RESTMT_SLS_ADJ_UPLD" FROMINSTANCETYPE ="Source Qualifier" TOFIELD ="SRC_RPTD_CUST_PRTY_ID_BIGINT" TOINSTANCE ="N_DYN_RESTMT_SLS_ADJ_UPLD" TOINSTANCETYPE ="Target Definition"/>
        <CONNECTOR FROMFIELD ="DO_NOT_RESTATE_FLG" FROMINSTANCE ="SQ_W_DYN_RESTMT_SLS_ADJ_UPLD" FROMINSTANCETYPE ="Source Qualifier" TOFIELD ="DO_NOT_RESTATE_FLG" TOINSTANCE ="N_DYN_RESTMT_SLS_ADJ_UPLD" TOINSTANCETYPE ="Target Definition"/>
        <CONNECTOR FROMFIELD ="EFFECTIVE_DT" FROMINSTANCE ="SQ_W_DYN_RESTMT_SLS_ADJ_UPLD" FROMINSTANCETYPE ="Source Qualifier" TOFIELD ="EFFECTIVE_DT" TOINSTANCE ="N_DYN_RESTMT_SLS_ADJ_UPLD" TOINSTANCETYPE ="Target Definition"/>
        <CONNECTOR FROMFIELD ="EXPIRATION_DT" FROMINSTANCE ="SQ_W_DYN_RESTMT_SLS_ADJ_UPLD" FROMINSTANCETYPE ="Source Qualifier" TOFIELD ="EXPIRATION_DT" TOINSTANCE ="N_DYN_RESTMT_SLS_ADJ_UPLD" TOINSTANCETYPE ="Target Definition"/>
        <CONNECTOR FROMFIELD ="SRC_RPTD_APPROVED_BY_CEC_ID" FROMINSTANCE ="SQ_W_DYN_RESTMT_SLS_ADJ_UPLD" FROMINSTANCETYPE ="Source Qualifier" TOFIELD ="SRC_RPTD_APPROVED_BY_CEC_ID" TOINSTANCE ="N_DYN_RESTMT_SLS_ADJ_UPLD" TOINSTANCETYPE ="Target Definition"/>
        <CONNECTOR FROMFIELD ="APPROVED_DTM" FROMINSTANCE ="SQ_W_DYN_RESTMT_SLS_ADJ_UPLD" FROMINSTANCETYPE ="Source Qualifier" TOFIELD ="APPROVED_DTM" TOINSTANCE ="N_DYN_RESTMT_SLS_ADJ_UPLD" TOINSTANCETYPE ="Target Definition"/>
        <CONNECTOR FROMFIELD ="DV_APPROVED_DT" FROMINSTANCE ="SQ_W_DYN_RESTMT_SLS_ADJ_UPLD" FROMINSTANCETYPE ="Source Qualifier" TOFIELD ="DV_APPROVED_DT" TOINSTANCE ="N_DYN_RESTMT_SLS_ADJ_UPLD" TOINSTANCETYPE ="Target Definition"/>
        <CONNECTOR FROMFIELD ="VALIDATION_STATUS_CD" FROMINSTANCE ="SQ_W_DYN_RESTMT_SLS_ADJ_UPLD" FROMINSTANCETYPE ="Source Qualifier" TOFIELD ="VALIDATION_STATUS_CD" TOINSTANCE ="N_DYN_RESTMT_SLS_ADJ_UPLD" TOINSTANCETYPE ="Target Definition"/>
        <CONNECTOR FROMFIELD ="VALIDATION_STATUS_REASON_DESCR" FROMINSTANCE ="SQ_W_DYN_RESTMT_SLS_ADJ_UPLD" FROMINSTANCETYPE ="Source Qualifier" TOFIELD ="VALIDATION_STATUS_REASON_DESCR" TOINSTANCE ="N_DYN_RESTMT_SLS_ADJ_UPLD" TOINSTANCETYPE ="Target Definition"/>
        <CONNECTOR FROMFIELD ="PROCESSED_FLG" FROMINSTANCE ="SQ_W_DYN_RESTMT_SLS_ADJ_UPLD" FROMINSTANCETYPE ="Source Qualifier" TOFIELD ="PROCESSED_FLG" TOINSTANCE ="N_DYN_RESTMT_SLS_ADJ_UPLD" TOINSTANCETYPE ="Target Definition"/>
        <CONNECTOR FROMFIELD ="SK_TRX_ID_BIGINT" FROMINSTANCE ="SQ_W_DYN_RESTMT_SLS_ADJ_UPLD" FROMINSTANCETYPE ="Source Qualifier" TOFIELD ="SK_TRX_ID_BIGINT" TOINSTANCE ="N_DYN_RESTMT_SLS_ADJ_UPLD" TOINSTANCETYPE ="Target Definition"/>
        <CONNECTOR FROMFIELD ="SK_CUST_TRX_LINE_ID_INT" FROMINSTANCE ="SQ_W_DYN_RESTMT_SLS_ADJ_UPLD" FROMINSTANCETYPE ="Source Qualifier" TOFIELD ="SK_CUST_TRX_LINE_ID_INT" TOINSTANCE ="N_DYN_RESTMT_SLS_ADJ_UPLD" TOINSTANCETYPE ="Target Definition"/>
        <CONNECTOR FROMFIELD ="POS_TRX_ID_BIGINT" FROMINSTANCE ="SQ_W_DYN_RESTMT_SLS_ADJ_UPLD" FROMINSTANCETYPE ="Source Qualifier" TOFIELD ="POS_TRX_ID_BIGINT" TOINSTANCE ="N_DYN_RESTMT_SLS_ADJ_UPLD" TOINSTANCETYPE ="Target Definition"/>
        <CONNECTOR FROMFIELD ="SLS_ADJSTMT_LINE_NUM" FROMINSTANCE ="SQ_W_DYN_RESTMT_SLS_ADJ_UPLD" FROMINSTANCETYPE ="Source Qualifier" TOFIELD ="SLS_ADJSTMT_LINE_NUM" TOINSTANCE ="N_DYN_RESTMT_SLS_ADJ_UPLD" TOINSTANCETYPE ="Target Definition"/>
        <CONNECTOR FROMFIELD ="SK_TRX_DISTRI_ID_BIGINT" FROMINSTANCE ="SQ_W_DYN_RESTMT_SLS_ADJ_UPLD" FROMINSTANCETYPE ="Source Qualifier" TOFIELD ="SK_TRX_DISTRI_ID_BIGINT" TOINSTANCE ="N_DYN_RESTMT_SLS_ADJ_UPLD" TOINSTANCETYPE ="Target Definition"/>
        <CONNECTOR FROMFIELD ="SRC_RPTD_SLS_ORDER_NUM_BIGINT" FROMINSTANCE ="SQ_W_DYN_RESTMT_SLS_ADJ_UPLD" FROMINSTANCETYPE ="Source Qualifier" TOFIELD ="SRC_RPTD_SLS_ORDER_NUM_BIGINT" TOINSTANCE ="N_DYN_RESTMT_SLS_ADJ_UPLD" TOINSTANCETYPE ="Target Definition"/>
        <CONNECTOR FROMFIELD ="TOP_BOOKINGS_POS_TRX_ID_BIGINT" FROMINSTANCE ="SQ_W_DYN_RESTMT_SLS_ADJ_UPLD" FROMINSTANCETYPE ="Source Qualifier" TOFIELD ="TOP_BOOKINGS_POS_TRX_ID_BIGINT" TOINSTANCE ="N_DYN_RESTMT_SLS_ADJ_UPLD" TOINSTANCETYPE ="Target Definition"/>
        <CONNECTOR FROMFIELD ="REASON_COMMENT_TXT" FROMINSTANCE ="SQ_W_DYN_RESTMT_SLS_ADJ_UPLD" FROMINSTANCETYPE ="Source Qualifier" TOFIELD ="REASON_COMMENT_TXT" TOINSTANCE ="N_DYN_RESTMT_SLS_ADJ_UPLD" TOINSTANCETYPE ="Target Definition"/>
        <CONNECTOR FROMFIELD ="BOOKINGS_TRX_SUB_TYPE_CD" FROMINSTANCE ="SQ_W_DYN_RESTMT_SLS_ADJ_UPLD" FROMINSTANCETYPE ="Source Qualifier" TOFIELD ="BOOKINGS_TRX_SUB_TYPE_CD" TOINSTANCE ="N_DYN_RESTMT_SLS_ADJ_UPLD" TOINSTANCETYPE ="Target Definition"/>
        <CONNECTOR FROMFIELD ="EDW_CREATE_DTM" FROMINSTANCE ="SQ_W_DYN_RESTMT_SLS_ADJ_UPLD" FROMINSTANCETYPE ="Source Qualifier" TOFIELD ="EDW_CREATE_DTM" TOINSTANCE ="N_DYN_RESTMT_SLS_ADJ_UPLD" TOINSTANCETYPE ="Target Definition"/>
        <CONNECTOR FROMFIELD ="EDW_CREATE_USER" FROMINSTANCE ="SQ_W_DYN_RESTMT_SLS_ADJ_UPLD" FROMINSTANCETYPE ="Source Qualifier" TOFIELD ="EDW_CREATE_USER" TOINSTANCE ="N_DYN_RESTMT_SLS_ADJ_UPLD" TOINSTANCETYPE ="Target Definition"/>
        <CONNECTOR FROMFIELD ="EDW_UPDATE_DTM" FROMINSTANCE ="SQ_W_DYN_RESTMT_SLS_ADJ_UPLD" FROMINSTANCETYPE ="Source Qualifier" TOFIELD ="EDW_UPDATE_DTM" TOINSTANCE ="N_DYN_RESTMT_SLS_ADJ_UPLD" TOINSTANCETYPE ="Target Definition"/>
        <CONNECTOR FROMFIELD ="EDW_UPDATE_USER" FROMINSTANCE ="SQ_W_DYN_RESTMT_SLS_ADJ_UPLD" FROMINSTANCETYPE ="Source Qualifier" TOFIELD ="EDW_UPDATE_USER" TOINSTANCE ="N_DYN_RESTMT_SLS_ADJ_UPLD" TOINSTANCETYPE ="Target Definition"/>
        <CONNECTOR FROMFIELD ="BK_SRC_RPTD_UPLD_BY_CEC_ID" FROMINSTANCE ="W_DYN_RESTMT_SLS_ADJ_UPLD" FROMINSTANCETYPE ="Source Definition" TOFIELD ="BK_SRC_RPTD_UPLD_BY_CEC_ID" TOINSTANCE ="SQ_W_DYN_RESTMT_SLS_ADJ_UPLD" TOINSTANCETYPE ="Source Qualifier"/>
        <CONNECTOR FROMFIELD ="BK_UPLOAD_FILE_NAME" FROMINSTANCE ="W_DYN_RESTMT_SLS_ADJ_UPLD" FROMINSTANCETYPE ="Source Definition" TOFIELD ="BK_UPLOAD_FILE_NAME" TOINSTANCE ="SQ_W_DYN_RESTMT_SLS_ADJ_UPLD" TOINSTANCETYPE ="Source Qualifier"/>
        <CONNECTOR FROMFIELD ="BK_UPLOADED_DTM" FROMINSTANCE ="W_DYN_RESTMT_SLS_ADJ_UPLD" FROMINSTANCETYPE ="Source Definition" TOFIELD ="BK_UPLOADED_DTM" TOINSTANCE ="SQ_W_DYN_RESTMT_SLS_ADJ_UPLD" TOINSTANCETYPE ="Source Qualifier"/>
        <CONNECTOR FROMFIELD ="BK_UPLOAD_FILE_LINE_NUM_INT" FROMINSTANCE ="W_DYN_RESTMT_SLS_ADJ_UPLD" FROMINSTANCETYPE ="Source Definition" TOFIELD ="BK_UPLOAD_FILE_LINE_NUM_INT" TOINSTANCE ="SQ_W_DYN_RESTMT_SLS_ADJ_UPLD" TOINSTANCETYPE ="Source Qualifier"/>
        <CONNECTOR FROMFIELD ="DV_UPLOADED_DT" FROMINSTANCE ="W_DYN_RESTMT_SLS_ADJ_UPLD" FROMINSTANCETYPE ="Source Definition" TOFIELD ="DV_UPLOADED_DT" TOINSTANCE ="SQ_W_DYN_RESTMT_SLS_ADJ_UPLD" TOINSTANCETYPE ="Source Qualifier"/>
        <CONNECTOR FROMFIELD ="RESTATEMENT_SUB_TYPE_CD" FROMINSTANCE ="W_DYN_RESTMT_SLS_ADJ_UPLD" FROMINSTANCETYPE ="Source Definition" TOFIELD ="RESTATEMENT_SUB_TYPE_CD" TOINSTANCE ="SQ_W_DYN_RESTMT_SLS_ADJ_UPLD" TOINSTANCETYPE ="Source Qualifier"/>
        <CONNECTOR FROMFIELD ="BOOKINGS_TRX_TYPE_CD" FROMINSTANCE ="W_DYN_RESTMT_SLS_ADJ_UPLD" FROMINSTANCETYPE ="Source Definition" TOFIELD ="BOOKINGS_TRX_TYPE_CD" TOINSTANCE ="SQ_W_DYN_RESTMT_SLS_ADJ_UPLD" TOINSTANCETYPE ="Source Qualifier"/>
        <CONNECTOR FROMFIELD ="SALES_ORDER_LINE_ID_BIGINT" FROMINSTANCE ="W_DYN_RESTMT_SLS_ADJ_UPLD" FROMINSTANCETYPE ="Source Definition" TOFIELD ="SALES_ORDER_LINE_ID_BIGINT" TOINSTANCE ="SQ_W_DYN_RESTMT_SLS_ADJ_UPLD" TOINSTANCETYPE ="Source Qualifier"/>
        <CONNECTOR FROMFIELD ="SRC_RPTD_ORG_SLS_TERR_NAME_CD" FROMINSTANCE ="W_DYN_RESTMT_SLS_ADJ_UPLD" FROMINSTANCETYPE ="Source Definition" TOFIELD ="SRC_RPTD_ORG_SLS_TERR_NAME_CD" TOINSTANCE ="SQ_W_DYN_RESTMT_SLS_ADJ_UPLD" TOINSTANCETYPE ="Source Qualifier"/>
        <CONNECTOR FROMFIELD ="ALLOCATION_SPLIT_PCT" FROMINSTANCE ="W_DYN_RESTMT_SLS_ADJ_UPLD" FROMINSTANCETYPE ="Source Definition" TOFIELD ="ALLOCATION_SPLIT_PCT" TOINSTANCE ="SQ_W_DYN_RESTMT_SLS_ADJ_UPLD" TOINSTANCETYPE ="Source Qualifier"/>
        <CONNECTOR FROMFIELD ="SRC_RPTD_RSTD_SLS_TERR_NAME_CD" FROMINSTANCE ="W_DYN_RESTMT_SLS_ADJ_UPLD" FROMINSTANCETYPE ="Source Definition" TOFIELD ="SRC_RPTD_RSTD_SLS_TERR_NAME_CD" TOINSTANCE ="SQ_W_DYN_RESTMT_SLS_ADJ_UPLD" TOINSTANCETYPE ="Source Qualifier"/>
        <CONNECTOR FROMFIELD ="SALES_ACCT_ID_BIGINT" FROMINSTANCE ="W_DYN_RESTMT_SLS_ADJ_UPLD" FROMINSTANCETYPE ="Source Definition" TOFIELD ="SALES_ACCT_ID_BIGINT" TOINSTANCE ="SQ_W_DYN_RESTMT_SLS_ADJ_UPLD" TOINSTANCETYPE ="Source Qualifier"/>
        <CONNECTOR FROMFIELD ="SRC_RPTD_CUST_PRTY_ID_BIGINT" FROMINSTANCE ="W_DYN_RESTMT_SLS_ADJ_UPLD" FROMINSTANCETYPE ="Source Definition" TOFIELD ="SRC_RPTD_CUST_PRTY_ID_BIGINT" TOINSTANCE ="SQ_W_DYN_RESTMT_SLS_ADJ_UPLD" TOINSTANCETYPE ="Source Qualifier"/>
        <CONNECTOR FROMFIELD ="DO_NOT_RESTATE_FLG" FROMINSTANCE ="W_DYN_RESTMT_SLS_ADJ_UPLD" FROMINSTANCETYPE ="Source Definition" TOFIELD ="DO_NOT_RESTATE_FLG" TOINSTANCE ="SQ_W_DYN_RESTMT_SLS_ADJ_UPLD" TOINSTANCETYPE ="Source Qualifier"/>
        <CONNECTOR FROMFIELD ="EFFECTIVE_DT" FROMINSTANCE ="W_DYN_RESTMT_SLS_ADJ_UPLD" FROMINSTANCETYPE ="Source Definition" TOFIELD ="EFFECTIVE_DT" TOINSTANCE ="SQ_W_DYN_RESTMT_SLS_ADJ_UPLD" TOINSTANCETYPE ="Source Qualifier"/>
        <CONNECTOR FROMFIELD ="EXPIRATION_DT" FROMINSTANCE ="W_DYN_RESTMT_SLS_ADJ_UPLD" FROMINSTANCETYPE ="Source Definition" TOFIELD ="EXPIRATION_DT" TOINSTANCE ="SQ_W_DYN_RESTMT_SLS_ADJ_UPLD" TOINSTANCETYPE ="Source Qualifier"/>
        <CONNECTOR FROMFIELD ="SRC_RPTD_APPROVED_BY_CEC_ID" FROMINSTANCE ="W_DYN_RESTMT_SLS_ADJ_UPLD" FROMINSTANCETYPE ="Source Definition" TOFIELD ="SRC_RPTD_APPROVED_BY_CEC_ID" TOINSTANCE ="SQ_W_DYN_RESTMT_SLS_ADJ_UPLD" TOINSTANCETYPE ="Source Qualifier"/>
        <CONNECTOR FROMFIELD ="APPROVED_DTM" FROMINSTANCE ="W_DYN_RESTMT_SLS_ADJ_UPLD" FROMINSTANCETYPE ="Source Definition" TOFIELD ="APPROVED_DTM" TOINSTANCE ="SQ_W_DYN_RESTMT_SLS_ADJ_UPLD" TOINSTANCETYPE ="Source Qualifier"/>
        <CONNECTOR FROMFIELD ="DV_APPROVED_DT" FROMINSTANCE ="W_DYN_RESTMT_SLS_ADJ_UPLD" FROMINSTANCETYPE ="Source Definition" TOFIELD ="DV_APPROVED_DT" TOINSTANCE ="SQ_W_DYN_RESTMT_SLS_ADJ_UPLD" TOINSTANCETYPE ="Source Qualifier"/>
        <CONNECTOR FROMFIELD ="VALIDATION_STATUS_CD" FROMINSTANCE ="W_DYN_RESTMT_SLS_ADJ_UPLD" FROMINSTANCETYPE ="Source Definition" TOFIELD ="VALIDATION_STATUS_CD" TOINSTANCE ="SQ_W_DYN_RESTMT_SLS_ADJ_UPLD" TOINSTANCETYPE ="Source Qualifier"/>
        <CONNECTOR FROMFIELD ="VALIDATION_STATUS_REASON_DESCR" FROMINSTANCE ="W_DYN_RESTMT_SLS_ADJ_UPLD" FROMINSTANCETYPE ="Source Definition" TOFIELD ="VALIDATION_STATUS_REASON_DESCR" TOINSTANCE ="SQ_W_DYN_RESTMT_SLS_ADJ_UPLD" TOINSTANCETYPE ="Source Qualifier"/>
        <CONNECTOR FROMFIELD ="PROCESSED_FLG" FROMINSTANCE ="W_DYN_RESTMT_SLS_ADJ_UPLD" FROMINSTANCETYPE ="Source Definition" TOFIELD ="PROCESSED_FLG" TOINSTANCE ="SQ_W_DYN_RESTMT_SLS_ADJ_UPLD" TOINSTANCETYPE ="Source Qualifier"/>
        <CONNECTOR FROMFIELD ="SK_TRX_ID_BIGINT" FROMINSTANCE ="W_DYN_RESTMT_SLS_ADJ_UPLD" FROMINSTANCETYPE ="Source Definition" TOFIELD ="SK_TRX_ID_BIGINT" TOINSTANCE ="SQ_W_DYN_RESTMT_SLS_ADJ_UPLD" TOINSTANCETYPE ="Source Qualifier"/>
        <CONNECTOR FROMFIELD ="SK_CUST_TRX_LINE_ID_INT" FROMINSTANCE ="W_DYN_RESTMT_SLS_ADJ_UPLD" FROMINSTANCETYPE ="Source Definition" TOFIELD ="SK_CUST_TRX_LINE_ID_INT" TOINSTANCE ="SQ_W_DYN_RESTMT_SLS_ADJ_UPLD" TOINSTANCETYPE ="Source Qualifier"/>
        <CONNECTOR FROMFIELD ="POS_TRX_ID_BIGINT" FROMINSTANCE ="W_DYN_RESTMT_SLS_ADJ_UPLD" FROMINSTANCETYPE ="Source Definition" TOFIELD ="POS_TRX_ID_BIGINT" TOINSTANCE ="SQ_W_DYN_RESTMT_SLS_ADJ_UPLD" TOINSTANCETYPE ="Source Qualifier"/>
        <CONNECTOR FROMFIELD ="SLS_ADJSTMT_LINE_NUM" FROMINSTANCE ="W_DYN_RESTMT_SLS_ADJ_UPLD" FROMINSTANCETYPE ="Source Definition" TOFIELD ="SLS_ADJSTMT_LINE_NUM" TOINSTANCE ="SQ_W_DYN_RESTMT_SLS_ADJ_UPLD" TOINSTANCETYPE ="Source Qualifier"/>
        <CONNECTOR FROMFIELD ="SK_TRX_DISTRI_ID_BIGINT" FROMINSTANCE ="W_DYN_RESTMT_SLS_ADJ_UPLD" FROMINSTANCETYPE ="Source Definition" TOFIELD ="SK_TRX_DISTRI_ID_BIGINT" TOINSTANCE ="SQ_W_DYN_RESTMT_SLS_ADJ_UPLD" TOINSTANCETYPE ="Source Qualifier"/>
        <CONNECTOR FROMFIELD ="SRC_RPTD_SLS_ORDER_NUM_BIGINT" FROMINSTANCE ="W_DYN_RESTMT_SLS_ADJ_UPLD" FROMINSTANCETYPE ="Source Definition" TOFIELD ="SRC_RPTD_SLS_ORDER_NUM_BIGINT" TOINSTANCE ="SQ_W_DYN_RESTMT_SLS_ADJ_UPLD" TOINSTANCETYPE ="Source Qualifier"/>
        <CONNECTOR FROMFIELD ="TOP_BOOKINGS_POS_TRX_ID_BIGINT" FROMINSTANCE ="W_DYN_RESTMT_SLS_ADJ_UPLD" FROMINSTANCETYPE ="Source Definition" TOFIELD ="TOP_BOOKINGS_POS_TRX_ID_BIGINT" TOINSTANCE ="SQ_W_DYN_RESTMT_SLS_ADJ_UPLD" TOINSTANCETYPE ="Source Qualifier"/>
        <CONNECTOR FROMFIELD ="REASON_COMMENT_TXT" FROMINSTANCE ="W_DYN_RESTMT_SLS_ADJ_UPLD" FROMINSTANCETYPE ="Source Definition" TOFIELD ="REASON_COMMENT_TXT" TOINSTANCE ="SQ_W_DYN_RESTMT_SLS_ADJ_UPLD" TOINSTANCETYPE ="Source Qualifier"/>
        <CONNECTOR FROMFIELD ="BOOKINGS_TRX_SUB_TYPE_CD" FROMINSTANCE ="W_DYN_RESTMT_SLS_ADJ_UPLD" FROMINSTANCETYPE ="Source Definition" TOFIELD ="BOOKINGS_TRX_SUB_TYPE_CD" TOINSTANCE ="SQ_W_DYN_RESTMT_SLS_ADJ_UPLD" TOINSTANCETYPE ="Source Qualifier"/>
        <CONNECTOR FROMFIELD ="EDW_CREATE_DTM" FROMINSTANCE ="W_DYN_RESTMT_SLS_ADJ_UPLD" FROMINSTANCETYPE ="Source Definition" TOFIELD ="EDW_CREATE_DTM" TOINSTANCE ="SQ_W_DYN_RESTMT_SLS_ADJ_UPLD" TOINSTANCETYPE ="Source Qualifier"/>
        <CONNECTOR FROMFIELD ="EDW_CREATE_USER" FROMINSTANCE ="W_DYN_RESTMT_SLS_ADJ_UPLD" FROMINSTANCETYPE ="Source Definition" TOFIELD ="EDW_CREATE_USER" TOINSTANCE ="SQ_W_DYN_RESTMT_SLS_ADJ_UPLD" TOINSTANCETYPE ="Source Qualifier"/>
        <CONNECTOR FROMFIELD ="EDW_UPDATE_DTM" FROMINSTANCE ="W_DYN_RESTMT_SLS_ADJ_UPLD" FROMINSTANCETYPE ="Source Definition" TOFIELD ="EDW_UPDATE_DTM" TOINSTANCE ="SQ_W_DYN_RESTMT_SLS_ADJ_UPLD" TOINSTANCETYPE ="Source Qualifier"/>
        <CONNECTOR FROMFIELD ="EDW_UPDATE_USER" FROMINSTANCE ="W_DYN_RESTMT_SLS_ADJ_UPLD" FROMINSTANCETYPE ="Source Definition" TOFIELD ="EDW_UPDATE_USER" TOINSTANCE ="SQ_W_DYN_RESTMT_SLS_ADJ_UPLD" TOINSTANCETYPE ="Source Qualifier"/>
        <TARGETLOADORDER ORDER ="1" TARGETINSTANCE ="N_DYN_RESTMT_SLS_ADJ_UPLD"/>
        <MAPPINGVARIABLE DATATYPE ="string" DEFAULTVALUE ="" DESCRIPTION ="" ISEXPRESSIONVARIABLE ="NO" ISPARAM ="YES" NAME ="$$WORKDB" PRECISION ="30" SCALE ="0" USERDEFINED ="YES"/>
        <MAPPINGVARIABLE DATATYPE ="string" DEFAULTVALUE ="" DESCRIPTION ="" ISEXPRESSIONVARIABLE ="NO" ISPARAM ="YES" NAME ="$$SLSORDVWDB" PRECISION ="30" SCALE ="0" USERDEFINED ="YES"/>
        <MAPPINGVARIABLE DATATYPE ="string" DEFAULTVALUE ="" DESCRIPTION ="" ISEXPRESSIONVARIABLE ="NO" ISPARAM ="YES" NAME ="$$STGDB" PRECISION ="30" SCALE ="0" USERDEFINED ="YES"/>
        <ERPINFO/>
    </MAPPING>
    <CONFIG DESCRIPTION ="Default session configuration object" ISDEFAULT ="YES" NAME ="default_session_config" VERSIONNUMBER ="27">
        <ATTRIBUTE NAME ="Advanced" VALUE =""/>
        <ATTRIBUTE NAME ="Constraint based load ordering" VALUE ="NO"/>
        <ATTRIBUTE NAME ="Cache LOOKUP() function" VALUE ="YES"/>
        <ATTRIBUTE NAME ="Default buffer block size" VALUE ="Auto"/>
        <ATTRIBUTE NAME ="Line Sequential buffer length" VALUE ="1024"/>
        <ATTRIBUTE NAME ="Maximum Memory Allowed For Auto Memory Attributes" VALUE ="512MB"/>
        <ATTRIBUTE NAME ="Maximum Percentage of Total Memory Allowed For Auto Memory Attributes" VALUE ="5"/>
        <ATTRIBUTE NAME ="Additional Concurrent Pipelines for Lookup Cache Creation" VALUE ="Auto"/>
        <ATTRIBUTE NAME ="Custom Properties" VALUE =""/>
        <ATTRIBUTE NAME ="Pre-build lookup cache" VALUE ="Auto"/>
        <ATTRIBUTE NAME ="Optimization Level" VALUE ="Medium"/>
        <ATTRIBUTE NAME ="DateTime Format String" VALUE ="MM/DD/YYYY HH24:MI:SS"/>
        <ATTRIBUTE NAME ="Pre 85 Timestamp Compatibility" VALUE ="YES"/>
        <ATTRIBUTE NAME ="Log Options" VALUE ="0"/>
        <ATTRIBUTE NAME ="Save session log by" VALUE ="Session runs"/>
        <ATTRIBUTE NAME ="Save session log for these runs" VALUE ="5"/>
        <ATTRIBUTE NAME ="Session Log File Max Size" VALUE ="0"/>
        <ATTRIBUTE NAME ="Session Log File Max Time Period" VALUE ="0"/>
        <ATTRIBUTE NAME ="Maximum Partial Session Log Files" VALUE ="1"/>
        <ATTRIBUTE NAME ="Writer Commit Statistics Log Frequency" VALUE ="1"/>
        <ATTRIBUTE NAME ="Writer Commit Statistics Log Interval" VALUE ="0"/>
        <ATTRIBUTE NAME ="Error handling" VALUE =""/>
        <ATTRIBUTE NAME ="Stop on errors" VALUE ="0"/>
        <ATTRIBUTE NAME ="Override tracing" VALUE ="None"/>
        <ATTRIBUTE NAME ="On Stored Procedure error" VALUE ="Stop"/>
        <ATTRIBUTE NAME ="On Pre-session command task error" VALUE ="Stop"/>
        <ATTRIBUTE NAME ="On Pre-Post SQL error" VALUE ="Stop"/>
        <ATTRIBUTE NAME ="Enable Recovery" VALUE ="NO"/>
        <ATTRIBUTE NAME ="Error Log Type" VALUE ="None"/>
        <ATTRIBUTE NAME ="Error Log Table Name Prefix" VALUE =""/>
        <ATTRIBUTE NAME ="Error Log File Name" VALUE ="PMError.log"/>
        <ATTRIBUTE NAME ="Log Source Row Data" VALUE ="NO"/>
        <ATTRIBUTE NAME ="Data Column Delimiter" VALUE ="|"/>
        <ATTRIBUTE NAME ="Partitioning Options" VALUE =""/>
        <ATTRIBUTE NAME ="Dynamic Partitioning" VALUE ="Disabled"/>
        <ATTRIBUTE NAME ="Number of Partitions" VALUE ="1"/>
        <ATTRIBUTE NAME ="Multiplication Factor" VALUE ="Auto"/>
        <ATTRIBUTE NAME ="Session on Grid" VALUE =""/>
        <ATTRIBUTE NAME ="Is Enabled" VALUE ="NO"/>
    </CONFIG>
    <WORKFLOW DESCRIPTION ="" ISENABLED ="YES" ISRUNNABLESERVICE ="NO" ISSERVICE ="NO" ISVALID ="YES" NAME ="wf_N_DYN_RESTMT_SLS_ADJ_UPLD" REUSABLE_SCHEDULER ="NO" SCHEDULERNAME ="Scheduler" SUSPEND_ON_ERROR ="NO" TASKS_MUST_RUN_ON_SERVER ="NO" VERSIONNUMBER ="2">
        <SCHEDULER DESCRIPTION ="" NAME ="Scheduler" REUSABLE ="NO" VERSIONNUMBER ="2">
            <SCHEDULEINFO SCHEDULETYPE ="ONDEMAND"/>
        </SCHEDULER>
        <TASK DESCRIPTION ="" NAME ="Start" REUSABLE ="NO" TYPE ="Start" VERSIONNUMBER ="2"/>
        <SESSION DESCRIPTION ="" ISVALID ="YES" MAPPINGNAME ="m_N_DYN_RESTMT_SLS_ADJ_UPLD" NAME ="s_m_N_DYN_RESTMT_SLS_ADJ_UPLD" REUSABLE ="NO" SORTORDER ="Binary" VERSIONNUMBER ="2">
            <SESSTRANSFORMATIONINST ISREPARTITIONPOINT ="YES" PARTITIONTYPE ="PASS THROUGH" PIPELINE ="1" SINSTANCENAME ="N_DYN_RESTMT_SLS_ADJ_UPLD" STAGE ="1" TRANSFORMATIONNAME ="N_DYN_RESTMT_SLS_ADJ_UPLD" TRANSFORMATIONTYPE ="Target Definition">
                <ATTRIBUTE NAME ="Table Name Prefix" VALUE ="$$SLSORDVWDB"/>
                <ATTRIBUTE NAME ="Post SQL" VALUE ="UPDATE ST &#xD;&#xA;FROM $$STGDB.ST_FIN_ADJ_UPLOAD_AUD ST, &#xD;&#xA;     ( SELECT MIN(BATCH_ID) BATCH_ID FROM $$STGDB.ST_FIN_ADJ_UPLOAD_AUD WHERE PROCESS_FLAG = &apos;N&apos; ) WI &#xD;&#xA;SET PROCESS_FLAG = &apos;Y&apos; &#xD;&#xA;WHERE ST.BATCH_ID = WI.BATCH_ID ;&#xD;&#xA;&#xD;&#xA;CALL COLLECT_STATS_WRAP(&apos;$$SLSORDVWDB&apos;,&apos;N_DYN_RESTMT_SLS_ADJ_UPLD&apos;,&apos;D&apos;);"/>
            </SESSTRANSFORMATIONINST>
            <SESSTRANSFORMATIONINST ISREPARTITIONPOINT ="NO" PIPELINE ="0" SINSTANCENAME ="W_DYN_RESTMT_SLS_ADJ_UPLD" STAGE ="0" TRANSFORMATIONNAME ="W_DYN_RESTMT_SLS_ADJ_UPLD" TRANSFORMATIONTYPE ="Source Definition"/>
            <SESSTRANSFORMATIONINST ISREPARTITIONPOINT ="YES" PARTITIONTYPE ="PASS THROUGH" PIPELINE ="1" SINSTANCENAME ="SQ_W_DYN_RESTMT_SLS_ADJ_UPLD" STAGE ="2" TRANSFORMATIONNAME ="SQ_W_DYN_RESTMT_SLS_ADJ_UPLD" TRANSFORMATIONTYPE ="Source Qualifier"/>
            <CONFIGREFERENCE REFOBJECTNAME ="default_session_config" TYPE ="Session config">
                <ATTRIBUTE NAME ="Pre 85 Timestamp Compatibility" VALUE ="YES"/>
                <ATTRIBUTE NAME ="Save session log for these runs" VALUE ="5"/>
                <ATTRIBUTE NAME ="Stop on errors" VALUE ="1"/>
                <ATTRIBUTE NAME ="Override tracing" VALUE ="Normal"/>
            </CONFIGREFERENCE>
            <SESSIONCOMPONENT REFOBJECTNAME ="post_session_success_command" REUSABLE ="NO" TYPE ="Post-session success command">
                <TASK DESCRIPTION ="" NAME ="post_session_success_command" REUSABLE ="NO" TYPE ="Command" VERSIONNUMBER ="2">
                    <ATTRIBUTE NAME ="Fail task if any command fails" VALUE ="NO"/>
                    <ATTRIBUTE NAME ="Recovery Strategy" VALUE ="Fail task and continue workflow"/>
                    <VALUEPAIR EXECORDER ="1" NAME ="Command1" REVERSEASSIGNMENT ="NO" VALUE ="sh $PMRootDir/DATA/EDWTD_SALES_ORDERS/inbox/dw_sales_di_ng_drr_fin_adj_status_mail.ksh $PMWorkflowName"/>
                </TASK>
            </SESSIONCOMPONENT>
            <SESSIONCOMPONENT REFOBJECTNAME ="presession_variable_assignment" REUSABLE ="NO" TYPE ="Pre-session variable assignment">
                <TASK DESCRIPTION ="" NAME ="presession_variable_assignment" REUSABLE ="NO" TYPE ="Command" VERSIONNUMBER ="2">
                    <ATTRIBUTE NAME ="Fail task if any command fails" VALUE ="NO"/>
                    <ATTRIBUTE NAME ="Recovery Strategy" VALUE ="Fail task and continue workflow"/>
                </TASK>
            </SESSIONCOMPONENT>
            <SESSIONCOMPONENT REFOBJECTNAME ="postsession_success_variable_assignment" REUSABLE ="NO" TYPE ="Post-session success variable assignment">
                <TASK DESCRIPTION ="" NAME ="postsession_success_variable_assignment" REUSABLE ="NO" TYPE ="Command" VERSIONNUMBER ="2">
                    <ATTRIBUTE NAME ="Fail task if any command fails" VALUE ="NO"/>
                    <ATTRIBUTE NAME ="Recovery Strategy" VALUE ="Fail task and continue workflow"/>
                </TASK>
            </SESSIONCOMPONENT>
            <SESSIONCOMPONENT REFOBJECTNAME ="postsession_failure_variable_assignment" REUSABLE ="NO" TYPE ="Post-session failure variable assignment">
                <TASK DESCRIPTION ="" NAME ="postsession_failure_variable_assignment" REUSABLE ="NO" TYPE ="Command" VERSIONNUMBER ="2">
                    <ATTRIBUTE NAME ="Fail task if any command fails" VALUE ="NO"/>
                    <ATTRIBUTE NAME ="Recovery Strategy" VALUE ="Fail task and continue workflow"/>
                </TASK>
            </SESSIONCOMPONENT>
            <SESSIONEXTENSION NAME ="Relational Writer" SINSTANCENAME ="N_DYN_RESTMT_SLS_ADJ_UPLD" SUBTYPE ="Relational Writer" TRANSFORMATIONTYPE ="Target Definition" TYPE ="WRITER">
                <CONNECTIONREFERENCE CNXREFNAME ="DB Connection" CONNECTIONNAME ="" CONNECTIONNUMBER ="1" CONNECTIONSUBTYPE ="" CONNECTIONTYPE ="Relational" VARIABLE ="$DBConnection_Target"/>
                <ATTRIBUTE NAME ="Target load type" VALUE ="Normal"/>
                <ATTRIBUTE NAME ="Insert" VALUE ="YES"/>
                <ATTRIBUTE NAME ="Update as Update" VALUE ="NO"/>
                <ATTRIBUTE NAME ="Update as Insert" VALUE ="NO"/>
                <ATTRIBUTE NAME ="Update else Insert" VALUE ="NO"/>
                <ATTRIBUTE NAME ="Delete" VALUE ="NO"/>
                <ATTRIBUTE NAME ="Truncate target table option" VALUE ="NO"/>
                <ATTRIBUTE NAME ="Reject file directory" VALUE ="$PMRootDir&#x5c;DATA&#x5c;EDWTD_SALES_ORDERS&#x5c;reject"/>
                <ATTRIBUTE NAME ="Reject filename" VALUE ="n_dyn_restmt_sls_adj_upld1.bad"/>
            </SESSIONEXTENSION>
            <SESSIONEXTENSION DSQINSTNAME ="SQ_W_DYN_RESTMT_SLS_ADJ_UPLD" DSQINSTTYPE ="Source Qualifier" NAME ="Relational Reader" SINSTANCENAME ="W_DYN_RESTMT_SLS_ADJ_UPLD" SUBTYPE ="Relational Reader" TRANSFORMATIONTYPE ="Source Definition" TYPE ="READER"/>
            <SESSIONEXTENSION NAME ="Relational Reader" SINSTANCENAME ="SQ_W_DYN_RESTMT_SLS_ADJ_UPLD" SUBTYPE ="Relational Reader" TRANSFORMATIONTYPE ="Source Qualifier" TYPE ="READER">
                <CONNECTIONREFERENCE CNXREFNAME ="DB Connection" CONNECTIONNAME ="" CONNECTIONNUMBER ="1" CONNECTIONSUBTYPE ="" CONNECTIONTYPE ="Relational" VARIABLE ="$DBConnection_source"/>
            </SESSIONEXTENSION>
            <ATTRIBUTE NAME ="General Options" VALUE =""/>
            <ATTRIBUTE NAME ="Write Backward Compatible Session Log File" VALUE ="NO"/>
            <ATTRIBUTE NAME ="Session Log File Name" VALUE ="s_m_N_DYN_RESTMT_SLS_ADJ_UPLD.log"/>
            <ATTRIBUTE NAME ="Session Log File directory" VALUE ="$PMSessionLogDir&#x5c;"/>
            <ATTRIBUTE NAME ="Parameter Filename" VALUE ="$PMRootDir/ctrl/db.parm"/>
            <ATTRIBUTE NAME ="Enable Test Load" VALUE ="NO"/>
            <ATTRIBUTE NAME ="$Source connection value" VALUE =""/>
            <ATTRIBUTE NAME ="$Target connection value" VALUE =""/>
            <ATTRIBUTE NAME ="Treat source rows as" VALUE ="Insert"/>
            <ATTRIBUTE NAME ="Commit Type" VALUE ="Target"/>
            <ATTRIBUTE NAME ="Commit Interval" VALUE ="10000"/>
            <ATTRIBUTE NAME ="Commit On End Of File" VALUE ="YES"/>
            <ATTRIBUTE NAME ="Rollback Transactions on Errors" VALUE ="NO"/>
            <ATTRIBUTE NAME ="Recovery Strategy" VALUE ="Fail task and continue workflow"/>
            <ATTRIBUTE NAME ="Java Classpath" VALUE =""/>
            <ATTRIBUTE NAME ="Performance" VALUE =""/>
            <ATTRIBUTE NAME ="DTM buffer size" VALUE ="Auto"/>
            <ATTRIBUTE NAME ="Collect performance data" VALUE ="NO"/>
            <ATTRIBUTE NAME ="Write performance data to repository" VALUE ="NO"/>
            <ATTRIBUTE NAME ="Incremental Aggregation" VALUE ="NO"/>
            <ATTRIBUTE NAME ="Enable high precision" VALUE ="NO"/>
            <ATTRIBUTE NAME ="Session retry on deadlock" VALUE ="NO"/>
            <ATTRIBUTE NAME ="Pushdown Optimization" VALUE ="Full"/>
            <ATTRIBUTE NAME ="Allow Temporary View for Pushdown" VALUE ="NO"/>
            <ATTRIBUTE NAME ="Allow Temporary Sequence for Pushdown" VALUE ="NO"/>
            <ATTRIBUTE NAME ="Allow Pushdown for User Incompatible Connections" VALUE ="NO"/>
        </SESSION>
        <TASKINSTANCE DESCRIPTION ="" ISENABLED ="YES" NAME ="Start" REUSABLE ="NO" TASKNAME ="Start" TASKTYPE ="Start"/>
        <TASKINSTANCE DESCRIPTION ="" FAIL_PARENT_IF_INSTANCE_DID_NOT_RUN ="YES" FAIL_PARENT_IF_INSTANCE_FAILS ="YES" ISENABLED ="YES" NAME ="s_m_N_DYN_RESTMT_SLS_ADJ_UPLD" REUSABLE ="NO" TASKNAME ="s_m_N_DYN_RESTMT_SLS_ADJ_UPLD" TASKTYPE ="Session" TREAT_INPUTLINK_AS_AND ="YES"/>
        <WORKFLOWLINK CONDITION ="" FROMTASK ="Start" TOTASK ="s_m_N_DYN_RESTMT_SLS_ADJ_UPLD"/>
        <WORKFLOWVARIABLE DATATYPE ="date/time" DEFAULTVALUE ="" DESCRIPTION ="The time this task started" ISNULL ="NO" ISPERSISTENT ="NO" NAME ="$Start.StartTime" USERDEFINED ="NO"/>
        <WORKFLOWVARIABLE DATATYPE ="date/time" DEFAULTVALUE ="" DESCRIPTION ="The time this task completed" ISNULL ="NO" ISPERSISTENT ="NO" NAME ="$Start.EndTime" USERDEFINED ="NO"/>
        <WORKFLOWVARIABLE DATATYPE ="integer" DEFAULTVALUE ="" DESCRIPTION ="Status of this task&apos;s execution" ISNULL ="NO" ISPERSISTENT ="NO" NAME ="$Start.Status" USERDEFINED ="NO"/>
        <WORKFLOWVARIABLE DATATYPE ="integer" DEFAULTVALUE ="" DESCRIPTION ="Status of the previous task that is not disabled" ISNULL ="NO" ISPERSISTENT ="NO" NAME ="$Start.PrevTaskStatus" USERDEFINED ="NO"/>
        <WORKFLOWVARIABLE DATATYPE ="integer" DEFAULTVALUE ="" DESCRIPTION ="Error code for this task&apos;s execution" ISNULL ="NO" ISPERSISTENT ="NO" NAME ="$Start.ErrorCode" USERDEFINED ="NO"/>
        <WORKFLOWVARIABLE DATATYPE ="string" DEFAULTVALUE ="" DESCRIPTION ="Error message for this task&apos;s execution" ISNULL ="NO" ISPERSISTENT ="NO" NAME ="$Start.ErrorMsg" USERDEFINED ="NO"/>
        <WORKFLOWVARIABLE DATATYPE ="date/time" DEFAULTVALUE ="" DESCRIPTION ="The time this task started" ISNULL ="NO" ISPERSISTENT ="NO" NAME ="$s_m_N_DYN_RESTMT_SLS_ADJ_UPLD.StartTime" USERDEFINED ="NO"/>
        <WORKFLOWVARIABLE DATATYPE ="date/time" DEFAULTVALUE ="" DESCRIPTION ="The time this task completed" ISNULL ="NO" ISPERSISTENT ="NO" NAME ="$s_m_N_DYN_RESTMT_SLS_ADJ_UPLD.EndTime" USERDEFINED ="NO"/>
        <WORKFLOWVARIABLE DATATYPE ="integer" DEFAULTVALUE ="" DESCRIPTION ="Status of this task&apos;s execution" ISNULL ="NO" ISPERSISTENT ="NO" NAME ="$s_m_N_DYN_RESTMT_SLS_ADJ_UPLD.Status" USERDEFINED ="NO"/>
        <WORKFLOWVARIABLE DATATYPE ="integer" DEFAULTVALUE ="" DESCRIPTION ="Status of the previous task that is not disabled" ISNULL ="NO" ISPERSISTENT ="NO" NAME ="$s_m_N_DYN_RESTMT_SLS_ADJ_UPLD.PrevTaskStatus" USERDEFINED ="NO"/>
        <WORKFLOWVARIABLE DATATYPE ="integer" DEFAULTVALUE ="" DESCRIPTION ="Error code for this task&apos;s execution" ISNULL ="NO" ISPERSISTENT ="NO" NAME ="$s_m_N_DYN_RESTMT_SLS_ADJ_UPLD.ErrorCode" USERDEFINED ="NO"/>
        <WORKFLOWVARIABLE DATATYPE ="string" DEFAULTVALUE ="" DESCRIPTION ="Error message for this task&apos;s execution" ISNULL ="NO" ISPERSISTENT ="NO" NAME ="$s_m_N_DYN_RESTMT_SLS_ADJ_UPLD.ErrorMsg" USERDEFINED ="NO"/>
        <WORKFLOWVARIABLE DATATYPE ="integer" DEFAULTVALUE ="" DESCRIPTION ="Rows successfully read" ISNULL ="NO" ISPERSISTENT ="NO" NAME ="$s_m_N_DYN_RESTMT_SLS_ADJ_UPLD.SrcSuccessRows" USERDEFINED ="NO"/>
        <WORKFLOWVARIABLE DATATYPE ="integer" DEFAULTVALUE ="" DESCRIPTION ="Rows failed to read" ISNULL ="NO" ISPERSISTENT ="NO" NAME ="$s_m_N_DYN_RESTMT_SLS_ADJ_UPLD.SrcFailedRows" USERDEFINED ="NO"/>
        <WORKFLOWVARIABLE DATATYPE ="integer" DEFAULTVALUE ="" DESCRIPTION ="Rows successfully loaded" ISNULL ="NO" ISPERSISTENT ="NO" NAME ="$s_m_N_DYN_RESTMT_SLS_ADJ_UPLD.TgtSuccessRows" USERDEFINED ="NO"/>
        <WORKFLOWVARIABLE DATATYPE ="integer" DEFAULTVALUE ="" DESCRIPTION ="Rows failed to load" ISNULL ="NO" ISPERSISTENT ="NO" NAME ="$s_m_N_DYN_RESTMT_SLS_ADJ_UPLD.TgtFailedRows" USERDEFINED ="NO"/>
        <WORKFLOWVARIABLE DATATYPE ="integer" DEFAULTVALUE ="" DESCRIPTION ="Total number of transformation errors" ISNULL ="NO" ISPERSISTENT ="NO" NAME ="$s_m_N_DYN_RESTMT_SLS_ADJ_UPLD.TotalTransErrors" USERDEFINED ="NO"/>
        <WORKFLOWVARIABLE DATATYPE ="integer" DEFAULTVALUE ="" DESCRIPTION ="First error code" ISNULL ="NO" ISPERSISTENT ="NO" NAME ="$s_m_N_DYN_RESTMT_SLS_ADJ_UPLD.FirstErrorCode" USERDEFINED ="NO"/>
        <WORKFLOWVARIABLE DATATYPE ="string" DEFAULTVALUE ="" DESCRIPTION ="First error message" ISNULL ="NO" ISPERSISTENT ="NO" NAME ="$s_m_N_DYN_RESTMT_SLS_ADJ_UPLD.FirstErrorMsg" USERDEFINED ="NO"/>
        <ATTRIBUTE NAME ="Parameter Filename" VALUE =""/>
        <ATTRIBUTE NAME ="Write Backward Compatible Workflow Log File" VALUE ="NO"/>
        <ATTRIBUTE NAME ="Workflow Log File Name" VALUE ="wf_N_DYN_RESTMT_SLS_ADJ_UPLD.log"/>
        <ATTRIBUTE NAME ="Workflow Log File Directory" VALUE ="$PMWorkflowLogDir&#x5c;"/>
        <ATTRIBUTE NAME ="Save Workflow log by" VALUE ="By runs"/>
        <ATTRIBUTE NAME ="Save workflow log for these runs" VALUE ="0"/>
        <ATTRIBUTE NAME ="Service Name" VALUE =""/>
        <ATTRIBUTE NAME ="Service Timeout" VALUE ="0"/>
        <ATTRIBUTE NAME ="Is Service Visible" VALUE ="NO"/>
        <ATTRIBUTE NAME ="Is Service Protected" VALUE ="NO"/>
        <ATTRIBUTE NAME ="Fail task after wait time" VALUE ="0"/>
        <ATTRIBUTE NAME ="Enable HA recovery" VALUE ="NO"/>
        <ATTRIBUTE NAME ="Automatically recover terminated tasks" VALUE ="NO"/>
        <ATTRIBUTE NAME ="Service Level Name" VALUE ="Default"/>
        <ATTRIBUTE NAME ="Allow concurrent run with unique run instance name" VALUE ="NO"/>
        <ATTRIBUTE NAME ="Allow concurrent run with same run instance name" VALUE ="NO"/>
        <ATTRIBUTE NAME ="Maximum number of concurrent runs" VALUE ="0"/>
        <ATTRIBUTE NAME ="Assigned Web Services Hubs" VALUE =""/>
        <ATTRIBUTE NAME ="Maximum number of concurrent runs per Hub" VALUE ="1000"/>
        <ATTRIBUTE NAME ="Expected Service Time" VALUE ="1"/>
    </WORKFLOW>
</FOLDER>
</REPOSITORY>
</POWERMART>