<?xml version="1.0" encoding="UTF-8"?>
<!DOCTYPE POWERMART SYSTEM "powrmart.dtd">
<POWERMART CREATION_DATE="06/09/2018 07:30:29" REPOSITORY_VERSION="186.95">
<REPOSITORY NAME="EDW_Prod_101" VERSION="186" CODEPAGE="UTF-8" DATABASETYPE="Oracle">
<FOLDER NAME="EDWTD_SALES_ORDERS" GROUP="" OWNER="infoadm" SHARED="NOTSHARED" DESCRIPTION="This is for EDW TeraData Sales Orders and POS Track
PM:Vinit verma" PERMISSIONS="rwx---r--" UUID="fa0507c5-29f3-4af8-bd2d-bb2872a3a591">
    <SOURCE BUSINESSNAME ="" DATABASETYPE ="Teradata" DBDNAME ="TDDEV" DESCRIPTION ="" NAME ="W_DYN_RESTMT_SLS_ADJSTMT" OBJECTVERSION ="1" OWNERNAME ="WORKDB_DV4" VERSIONNUMBER ="4">
        <SOURCEFIELD BUSINESSNAME ="" DATATYPE ="integer" DESCRIPTION ="" FIELDNUMBER ="1" FIELDPROPERTY ="0" FIELDTYPE ="ELEMITEM" HIDDEN ="NO" KEYTYPE ="PRIMARY KEY" LENGTH ="11" LEVEL ="0" NAME ="DYN_RESTMT_SLS_ADJSTMT_KEY" NULLABLE ="NOTNULL" OCCURS ="0" OFFSET ="0" PHYSICALLENGTH ="10" PHYSICALOFFSET ="0" PICTURETEXT ="" PRECISION ="10" SCALE ="0" USAGE_FLAGS =""/>
        <SOURCEFIELD BUSINESSNAME ="" DATATYPE ="bigint" DESCRIPTION ="" FIELDNUMBER ="2" FIELDPROPERTY ="0" FIELDTYPE ="ELEMITEM" HIDDEN ="NO" KEYTYPE ="NOT A KEY" LENGTH ="20" LEVEL ="0" NAME ="ORIGINAL_SALES_TERR_KEY" NULLABLE ="NULL" OCCURS ="0" OFFSET ="11" PHYSICALLENGTH ="19" PHYSICALOFFSET ="10" PICTURETEXT ="" PRECISION ="19" SCALE ="0" USAGE_FLAGS =""/>
        <SOURCEFIELD BUSINESSNAME ="" DATATYPE ="bigint" DESCRIPTION ="" FIELDNUMBER ="3" FIELDPROPERTY ="0" FIELDTYPE ="ELEMITEM" HIDDEN ="NO" KEYTYPE ="NOT A KEY" LENGTH ="20" LEVEL ="0" NAME ="RESTATED_SALES_TERR_KEY" NULLABLE ="NOTNULL" OCCURS ="0" OFFSET ="31" PHYSICALLENGTH ="19" PHYSICALOFFSET ="29" PICTURETEXT ="" PRECISION ="19" SCALE ="0" USAGE_FLAGS =""/>
        <SOURCEFIELD BUSINESSNAME ="" DATATYPE ="bigint" DESCRIPTION ="" FIELDNUMBER ="4" FIELDPROPERTY ="0" FIELDTYPE ="ELEMITEM" HIDDEN ="NO" KEYTYPE ="NOT A KEY" LENGTH ="20" LEVEL ="0" NAME ="SALES_ORDER_LINE_KEY" NULLABLE ="NULL" OCCURS ="0" OFFSET ="51" PHYSICALLENGTH ="19" PHYSICALOFFSET ="48" PICTURETEXT ="" PRECISION ="19" SCALE ="0" USAGE_FLAGS =""/>
        <SOURCEFIELD BUSINESSNAME ="" DATATYPE ="varchar" DESCRIPTION ="" FIELDNUMBER ="5" FIELDPROPERTY ="0" FIELDTYPE ="ELEMITEM" HIDDEN ="NO" KEYTYPE ="NOT A KEY" LENGTH ="0" LEVEL ="0" NAME ="BK_BOOKINGS_TRX_TYPE_CD" NULLABLE ="NOTNULL" OCCURS ="0" OFFSET ="71" PHYSICALLENGTH ="10" PHYSICALOFFSET ="67" PICTURETEXT ="" PRECISION ="10" SCALE ="0" USAGE_FLAGS =""/>
        <SOURCEFIELD BUSINESSNAME ="" DATATYPE ="decimal" DESCRIPTION ="" FIELDNUMBER ="6" FIELDPROPERTY ="0" FIELDTYPE ="ELEMITEM" HIDDEN ="NO" KEYTYPE ="NOT A KEY" LENGTH ="20" LEVEL ="0" NAME ="BK_ALLOCATION_SPLIT_PCT" NULLABLE ="NOTNULL" OCCURS ="0" OFFSET ="71" PHYSICALLENGTH ="18" PHYSICALOFFSET ="77" PICTURETEXT ="" PRECISION ="18" SCALE ="6" USAGE_FLAGS =""/>
        <SOURCEFIELD BUSINESSNAME ="" DATATYPE ="date" DESCRIPTION ="" FIELDNUMBER ="7" FIELDPROPERTY ="0" FIELDTYPE ="ELEMITEM" HIDDEN ="NO" KEYTYPE ="NOT A KEY" LENGTH ="19" LEVEL ="0" NAME ="BK_EFFECTIVE_DT" NULLABLE ="NOTNULL" OCCURS ="0" OFFSET ="91" PHYSICALLENGTH ="10" PHYSICALOFFSET ="95" PICTURETEXT ="" PRECISION ="10" SCALE ="0" USAGE_FLAGS =""/>
        <SOURCEFIELD BUSINESSNAME ="" DATATYPE ="bigint" DESCRIPTION ="" FIELDNUMBER ="8" FIELDPROPERTY ="0" FIELDTYPE ="ELEMITEM" HIDDEN ="NO" KEYTYPE ="NOT A KEY" LENGTH ="20" LEVEL ="0" NAME ="SK_TRX_ID_BIGINT" NULLABLE ="NOTNULL" OCCURS ="0" OFFSET ="110" PHYSICALLENGTH ="19" PHYSICALOFFSET ="105" PICTURETEXT ="" PRECISION ="19" SCALE ="0" USAGE_FLAGS =""/>
        <SOURCEFIELD BUSINESSNAME ="" DATATYPE ="varchar" DESCRIPTION ="" FIELDNUMBER ="9" FIELDPROPERTY ="0" FIELDTYPE ="ELEMITEM" HIDDEN ="NO" KEYTYPE ="NOT A KEY" LENGTH ="0" LEVEL ="0" NAME ="RESTATEMENT_SUB_TYPE_CD" NULLABLE ="NOTNULL" OCCURS ="0" OFFSET ="130" PHYSICALLENGTH ="30" PHYSICALOFFSET ="124" PICTURETEXT ="" PRECISION ="30" SCALE ="0" USAGE_FLAGS =""/>
        <SOURCEFIELD BUSINESSNAME ="" DATATYPE ="bigint" DESCRIPTION ="" FIELDNUMBER ="10" FIELDPROPERTY ="0" FIELDTYPE ="ELEMITEM" HIDDEN ="NO" KEYTYPE ="NOT A KEY" LENGTH ="20" LEVEL ="0" NAME ="CUST_PRTY_KEY" NULLABLE ="NOTNULL" OCCURS ="0" OFFSET ="130" PHYSICALLENGTH ="19" PHYSICALOFFSET ="154" PICTURETEXT ="" PRECISION ="19" SCALE ="0" USAGE_FLAGS =""/>
        <SOURCEFIELD BUSINESSNAME ="" DATATYPE ="char" DESCRIPTION ="" FIELDNUMBER ="11" FIELDPROPERTY ="0" FIELDTYPE ="ELEMITEM" HIDDEN ="NO" KEYTYPE ="NOT A KEY" LENGTH ="0" LEVEL ="0" NAME ="DO_NOT_RESTATE_FLG" NULLABLE ="NOTNULL" OCCURS ="0" OFFSET ="150" PHYSICALLENGTH ="1" PHYSICALOFFSET ="173" PICTURETEXT ="" PRECISION ="1" SCALE ="0" USAGE_FLAGS =""/>
        <SOURCEFIELD BUSINESSNAME ="" DATATYPE ="date" DESCRIPTION ="" FIELDNUMBER ="12" FIELDPROPERTY ="0" FIELDTYPE ="ELEMITEM" HIDDEN ="NO" KEYTYPE ="NOT A KEY" LENGTH ="19" LEVEL ="0" NAME ="EXPIRATION_DT" NULLABLE ="NOTNULL" OCCURS ="0" OFFSET ="150" PHYSICALLENGTH ="10" PHYSICALOFFSET ="174" PICTURETEXT ="" PRECISION ="10" SCALE ="0" USAGE_FLAGS =""/>
        <SOURCEFIELD BUSINESSNAME ="" DATATYPE ="bigint" DESCRIPTION ="" FIELDNUMBER ="13" FIELDPROPERTY ="0" FIELDTYPE ="ELEMITEM" HIDDEN ="NO" KEYTYPE ="NOT A KEY" LENGTH ="20" LEVEL ="0" NAME ="APPRVD_BY_CSCO_WRKR_PRTY_KEY" NULLABLE ="NOTNULL" OCCURS ="0" OFFSET ="169" PHYSICALLENGTH ="19" PHYSICALOFFSET ="184" PICTURETEXT ="" PRECISION ="19" SCALE ="0" USAGE_FLAGS =""/>
        <SOURCEFIELD BUSINESSNAME ="" DATATYPE ="bigint" DESCRIPTION ="" FIELDNUMBER ="14" FIELDPROPERTY ="0" FIELDTYPE ="ELEMITEM" HIDDEN ="NO" KEYTYPE ="NOT A KEY" LENGTH ="20" LEVEL ="0" NAME ="UPLOADED_BY_CSCO_WRKR_PRTY_KEY" NULLABLE ="NOTNULL" OCCURS ="0" OFFSET ="189" PHYSICALLENGTH ="19" PHYSICALOFFSET ="203" PICTURETEXT ="" PRECISION ="19" SCALE ="0" USAGE_FLAGS =""/>
        <SOURCEFIELD BUSINESSNAME ="" DATATYPE ="timestamp" DESCRIPTION ="" FIELDNUMBER ="15" FIELDPROPERTY ="0" FIELDTYPE ="ELEMITEM" HIDDEN ="NO" KEYTYPE ="NOT A KEY" LENGTH ="19" LEVEL ="0" NAME ="APPROVED_DTM" NULLABLE ="NOTNULL" OCCURS ="0" OFFSET ="209" PHYSICALLENGTH ="19" PHYSICALOFFSET ="222" PICTURETEXT ="" PRECISION ="19" SCALE ="0" USAGE_FLAGS =""/>
        <SOURCEFIELD BUSINESSNAME ="" DATATYPE ="date" DESCRIPTION ="" FIELDNUMBER ="16" FIELDPROPERTY ="0" FIELDTYPE ="ELEMITEM" HIDDEN ="NO" KEYTYPE ="NOT A KEY" LENGTH ="19" LEVEL ="0" NAME ="DV_APPROVED_DT" NULLABLE ="NOTNULL" OCCURS ="0" OFFSET ="228" PHYSICALLENGTH ="10" PHYSICALOFFSET ="241" PICTURETEXT ="" PRECISION ="10" SCALE ="0" USAGE_FLAGS =""/>
        <SOURCEFIELD BUSINESSNAME ="" DATATYPE ="timestamp" DESCRIPTION ="" FIELDNUMBER ="17" FIELDPROPERTY ="0" FIELDTYPE ="ELEMITEM" HIDDEN ="NO" KEYTYPE ="NOT A KEY" LENGTH ="19" LEVEL ="0" NAME ="UPLOADED_DTM" NULLABLE ="NOTNULL" OCCURS ="0" OFFSET ="247" PHYSICALLENGTH ="19" PHYSICALOFFSET ="251" PICTURETEXT ="" PRECISION ="19" SCALE ="0" USAGE_FLAGS =""/>
        <SOURCEFIELD BUSINESSNAME ="" DATATYPE ="date" DESCRIPTION ="" FIELDNUMBER ="18" FIELDPROPERTY ="0" FIELDTYPE ="ELEMITEM" HIDDEN ="NO" KEYTYPE ="NOT A KEY" LENGTH ="19" LEVEL ="0" NAME ="DV_UPLOADED_DT" NULLABLE ="NOTNULL" OCCURS ="0" OFFSET ="266" PHYSICALLENGTH ="10" PHYSICALOFFSET ="270" PICTURETEXT ="" PRECISION ="10" SCALE ="0" USAGE_FLAGS =""/>
        <SOURCEFIELD BUSINESSNAME ="" DATATYPE ="varchar" DESCRIPTION ="" FIELDNUMBER ="19" FIELDPROPERTY ="0" FIELDTYPE ="ELEMITEM" HIDDEN ="NO" KEYTYPE ="NOT A KEY" LENGTH ="0" LEVEL ="0" NAME ="VALIDATION_STATUS_CD" NULLABLE ="NOTNULL" OCCURS ="0" OFFSET ="285" PHYSICALLENGTH ="7" PHYSICALOFFSET ="280" PICTURETEXT ="" PRECISION ="7" SCALE ="0" USAGE_FLAGS =""/>
        <SOURCEFIELD BUSINESSNAME ="" DATATYPE ="varchar" DESCRIPTION ="" FIELDNUMBER ="20" FIELDPROPERTY ="0" FIELDTYPE ="ELEMITEM" HIDDEN ="NO" KEYTYPE ="NOT A KEY" LENGTH ="0" LEVEL ="0" NAME ="VALIDATION_STATUS_REASON_DESCR" NULLABLE ="NOTNULL" OCCURS ="0" OFFSET ="285" PHYSICALLENGTH ="255" PHYSICALOFFSET ="287" PICTURETEXT ="" PRECISION ="255" SCALE ="0" USAGE_FLAGS =""/>
        <SOURCEFIELD BUSINESSNAME ="" DATATYPE ="varchar" DESCRIPTION ="" FIELDNUMBER ="21" FIELDPROPERTY ="0" FIELDTYPE ="ELEMITEM" HIDDEN ="NO" KEYTYPE ="NOT A KEY" LENGTH ="0" LEVEL ="0" NAME ="UPLOAD_FILE_NAME" NULLABLE ="NOTNULL" OCCURS ="0" OFFSET ="285" PHYSICALLENGTH ="255" PHYSICALOFFSET ="542" PICTURETEXT ="" PRECISION ="255" SCALE ="0" USAGE_FLAGS =""/>
        <SOURCEFIELD BUSINESSNAME ="" DATATYPE ="char" DESCRIPTION ="" FIELDNUMBER ="22" FIELDPROPERTY ="0" FIELDTYPE ="ELEMITEM" HIDDEN ="NO" KEYTYPE ="NOT A KEY" LENGTH ="0" LEVEL ="0" NAME ="PROCESSED_FLG" NULLABLE ="NOTNULL" OCCURS ="0" OFFSET ="285" PHYSICALLENGTH ="1" PHYSICALOFFSET ="797" PICTURETEXT ="" PRECISION ="1" SCALE ="0" USAGE_FLAGS =""/>
        <SOURCEFIELD BUSINESSNAME ="" DATATYPE ="decimal" DESCRIPTION ="" FIELDNUMBER ="23" FIELDPROPERTY ="0" FIELDTYPE ="ELEMITEM" HIDDEN ="NO" KEYTYPE ="NOT A KEY" LENGTH ="20" LEVEL ="0" NAME ="AR_TRX_LINE_KEY" NULLABLE ="NOTNULL" OCCURS ="0" OFFSET ="285" PHYSICALLENGTH ="18" PHYSICALOFFSET ="798" PICTURETEXT ="" PRECISION ="18" SCALE ="0" USAGE_FLAGS =""/>
        <SOURCEFIELD BUSINESSNAME ="" DATATYPE ="integer" DESCRIPTION ="" FIELDNUMBER ="24" FIELDPROPERTY ="0" FIELDTYPE ="ELEMITEM" HIDDEN ="NO" KEYTYPE ="NOT A KEY" LENGTH ="11" LEVEL ="0" NAME ="BK_POS_TRX_ID_INT" NULLABLE ="NOTNULL" OCCURS ="0" OFFSET ="305" PHYSICALLENGTH ="10" PHYSICALOFFSET ="816" PICTURETEXT ="" PRECISION ="10" SCALE ="0" USAGE_FLAGS =""/>
        <SOURCEFIELD BUSINESSNAME ="" DATATYPE ="integer" DESCRIPTION ="" FIELDNUMBER ="25" FIELDPROPERTY ="0" FIELDTYPE ="ELEMITEM" HIDDEN ="NO" KEYTYPE ="NOT A KEY" LENGTH ="11" LEVEL ="0" NAME ="BK_SALES_ADJ_LINE_NUM_INT" NULLABLE ="NOTNULL" OCCURS ="0" OFFSET ="316" PHYSICALLENGTH ="10" PHYSICALOFFSET ="826" PICTURETEXT ="" PRECISION ="10" SCALE ="0" USAGE_FLAGS =""/>
        <SOURCEFIELD BUSINESSNAME ="" DATATYPE ="bigint" DESCRIPTION ="" FIELDNUMBER ="26" FIELDPROPERTY ="0" FIELDTYPE ="ELEMITEM" HIDDEN ="NO" KEYTYPE ="NOT A KEY" LENGTH ="20" LEVEL ="0" NAME ="SO_SUBSCR_ITEM_SALES_TRX_KEY" NULLABLE ="NOTNULL" OCCURS ="0" OFFSET ="327" PHYSICALLENGTH ="19" PHYSICALOFFSET ="836" PICTURETEXT ="" PRECISION ="19" SCALE ="0" USAGE_FLAGS =""/>
        <SOURCEFIELD BUSINESSNAME ="" DATATYPE ="bigint" DESCRIPTION ="" FIELDNUMBER ="27" FIELDPROPERTY ="0" FIELDTYPE ="ELEMITEM" HIDDEN ="NO" KEYTYPE ="NOT A KEY" LENGTH ="20" LEVEL ="0" NAME ="REV_TRANSFER_KEY" NULLABLE ="NOTNULL" OCCURS ="0" OFFSET ="347" PHYSICALLENGTH ="19" PHYSICALOFFSET ="855" PICTURETEXT ="" PRECISION ="19" SCALE ="0" USAGE_FLAGS =""/>
        <SOURCEFIELD BUSINESSNAME ="" DATATYPE ="bigint" DESCRIPTION ="" FIELDNUMBER ="28" FIELDPROPERTY ="0" FIELDTYPE ="ELEMITEM" HIDDEN ="NO" KEYTYPE ="NOT A KEY" LENGTH ="20" LEVEL ="0" NAME ="SALES_ACCT_GRP_PRTY_KEY" NULLABLE ="NOTNULL" OCCURS ="0" OFFSET ="367" PHYSICALLENGTH ="19" PHYSICALOFFSET ="874" PICTURETEXT ="" PRECISION ="19" SCALE ="0" USAGE_FLAGS =""/>
        <SOURCEFIELD BUSINESSNAME ="" DATATYPE ="bigint" DESCRIPTION ="" FIELDNUMBER ="29" FIELDPROPERTY ="0" FIELDTYPE ="ELEMITEM" HIDDEN ="NO" KEYTYPE ="NOT A KEY" LENGTH ="20" LEVEL ="0" NAME ="DV_BOOKINGS_TRX_REF_ID" NULLABLE ="NULL" OCCURS ="0" OFFSET ="387" PHYSICALLENGTH ="19" PHYSICALOFFSET ="893" PICTURETEXT ="" PRECISION ="19" SCALE ="0" USAGE_FLAGS =""/>
        <SOURCEFIELD BUSINESSNAME ="" DATATYPE ="timestamp" DESCRIPTION ="" FIELDNUMBER ="30" FIELDPROPERTY ="0" FIELDTYPE ="ELEMITEM" HIDDEN ="NO" KEYTYPE ="NOT A KEY" LENGTH ="19" LEVEL ="0" NAME ="EDW_CREATE_DTM" NULLABLE ="NOTNULL" OCCURS ="0" OFFSET ="407" PHYSICALLENGTH ="19" PHYSICALOFFSET ="912" PICTURETEXT ="" PRECISION ="19" SCALE ="0" USAGE_FLAGS =""/>
        <SOURCEFIELD BUSINESSNAME ="" DATATYPE ="char" DESCRIPTION ="" FIELDNUMBER ="31" FIELDPROPERTY ="0" FIELDTYPE ="ELEMITEM" HIDDEN ="NO" KEYTYPE ="NOT A KEY" LENGTH ="0" LEVEL ="0" NAME ="EDW_CREATE_USER" NULLABLE ="NOTNULL" OCCURS ="0" OFFSET ="426" PHYSICALLENGTH ="30" PHYSICALOFFSET ="931" PICTURETEXT ="" PRECISION ="30" SCALE ="0" USAGE_FLAGS =""/>
        <SOURCEFIELD BUSINESSNAME ="" DATATYPE ="timestamp" DESCRIPTION ="" FIELDNUMBER ="32" FIELDPROPERTY ="0" FIELDTYPE ="ELEMITEM" HIDDEN ="NO" KEYTYPE ="NOT A KEY" LENGTH ="19" LEVEL ="0" NAME ="EDW_UPDATE_DTM" NULLABLE ="NOTNULL" OCCURS ="0" OFFSET ="426" PHYSICALLENGTH ="19" PHYSICALOFFSET ="961" PICTURETEXT ="" PRECISION ="19" SCALE ="0" USAGE_FLAGS =""/>
        <SOURCEFIELD BUSINESSNAME ="" DATATYPE ="char" DESCRIPTION ="" FIELDNUMBER ="33" FIELDPROPERTY ="0" FIELDTYPE ="ELEMITEM" HIDDEN ="NO" KEYTYPE ="NOT A KEY" LENGTH ="0" LEVEL ="0" NAME ="EDW_UPDATE_USER" NULLABLE ="NOTNULL" OCCURS ="0" OFFSET ="445" PHYSICALLENGTH ="30" PHYSICALOFFSET ="980" PICTURETEXT ="" PRECISION ="30" SCALE ="0" USAGE_FLAGS =""/>
        <SOURCEFIELD BUSINESSNAME ="" DATATYPE ="char" DESCRIPTION ="" FIELDNUMBER ="34" FIELDPROPERTY ="0" FIELDTYPE ="ELEMITEM" HIDDEN ="NO" KEYTYPE ="NOT A KEY" LENGTH ="0" LEVEL ="0" NAME ="ACTION_CODE" NULLABLE ="NULL" OCCURS ="0" OFFSET ="445" PHYSICALLENGTH ="1" PHYSICALOFFSET ="1010" PICTURETEXT ="" PRECISION ="1" SCALE ="0" USAGE_FLAGS =""/>
        <SOURCEFIELD BUSINESSNAME ="" DATATYPE ="char" DESCRIPTION ="" FIELDNUMBER ="35" FIELDPROPERTY ="0" FIELDTYPE ="ELEMITEM" HIDDEN ="NO" KEYTYPE ="NOT A KEY" LENGTH ="0" LEVEL ="0" NAME ="DML_TYPE" NULLABLE ="NOTNULL" OCCURS ="0" OFFSET ="445" PHYSICALLENGTH ="1" PHYSICALOFFSET ="1011" PICTURETEXT ="" PRECISION ="1" SCALE ="0" USAGE_FLAGS =""/>
    </SOURCE>
    <TARGET BUSINESSNAME ="" CONSTRAINT ="" DATABASETYPE ="Teradata" DESCRIPTION ="" NAME ="N_DYN_RESTMT_SLS_ADJSTMT" OBJECTVERSION ="1" TABLEOPTIONS ="" VERSIONNUMBER ="2">
        <TARGETFIELD BUSINESSNAME ="" DATATYPE ="integer" DESCRIPTION ="" FIELDNUMBER ="1" KEYTYPE ="PRIMARY KEY" NAME ="DYN_RESTMT_SLS_ADJSTMT_KEY" NULLABLE ="NOTNULL" PICTURETEXT ="" PRECISION ="10" SCALE ="0"/>
        <TARGETFIELD BUSINESSNAME ="" DATATYPE ="bigint" DESCRIPTION ="" FIELDNUMBER ="2" KEYTYPE ="NOT A KEY" NAME ="ORIGINAL_SALES_TERR_KEY" NULLABLE ="NULL" PICTURETEXT ="" PRECISION ="19" SCALE ="0"/>
        <TARGETFIELD BUSINESSNAME ="" DATATYPE ="bigint" DESCRIPTION ="" FIELDNUMBER ="3" KEYTYPE ="NOT A KEY" NAME ="RESTATED_SALES_TERR_KEY" NULLABLE ="NOTNULL" PICTURETEXT ="" PRECISION ="19" SCALE ="0"/>
        <TARGETFIELD BUSINESSNAME ="" DATATYPE ="bigint" DESCRIPTION ="" FIELDNUMBER ="4" KEYTYPE ="NOT A KEY" NAME ="SALES_ORDER_LINE_KEY" NULLABLE ="NULL" PICTURETEXT ="" PRECISION ="19" SCALE ="0"/>
        <TARGETFIELD BUSINESSNAME ="" DATATYPE ="varchar" DESCRIPTION ="" FIELDNUMBER ="5" KEYTYPE ="NOT A KEY" NAME ="BK_BOOKINGS_TRX_TYPE_CD" NULLABLE ="NOTNULL" PICTURETEXT ="" PRECISION ="10" SCALE ="0"/>
        <TARGETFIELD BUSINESSNAME ="" DATATYPE ="decimal" DESCRIPTION ="" FIELDNUMBER ="6" KEYTYPE ="NOT A KEY" NAME ="BK_ALLOCATION_SPLIT_PCT" NULLABLE ="NOTNULL" PICTURETEXT ="" PRECISION ="18" SCALE ="6"/>
        <TARGETFIELD BUSINESSNAME ="" DATATYPE ="date" DESCRIPTION ="" FIELDNUMBER ="7" KEYTYPE ="NOT A KEY" NAME ="BK_EFFECTIVE_DT" NULLABLE ="NOTNULL" PICTURETEXT ="" PRECISION ="10" SCALE ="0"/>
        <TARGETFIELD BUSINESSNAME ="" DATATYPE ="bigint" DESCRIPTION ="" FIELDNUMBER ="8" KEYTYPE ="NOT A KEY" NAME ="SK_TRX_ID_BIGINT" NULLABLE ="NOTNULL" PICTURETEXT ="" PRECISION ="19" SCALE ="0"/>
        <TARGETFIELD BUSINESSNAME ="" DATATYPE ="varchar" DESCRIPTION ="" FIELDNUMBER ="9" KEYTYPE ="NOT A KEY" NAME ="RESTATEMENT_SUB_TYPE_CD" NULLABLE ="NOTNULL" PICTURETEXT ="" PRECISION ="30" SCALE ="0"/>
        <TARGETFIELD BUSINESSNAME ="" DATATYPE ="bigint" DESCRIPTION ="" FIELDNUMBER ="10" KEYTYPE ="NOT A KEY" NAME ="CUST_PRTY_KEY" NULLABLE ="NOTNULL" PICTURETEXT ="" PRECISION ="19" SCALE ="0"/>
        <TARGETFIELD BUSINESSNAME ="" DATATYPE ="char" DESCRIPTION ="" FIELDNUMBER ="11" KEYTYPE ="NOT A KEY" NAME ="DO_NOT_RESTATE_FLG" NULLABLE ="NOTNULL" PICTURETEXT ="" PRECISION ="1" SCALE ="0"/>
        <TARGETFIELD BUSINESSNAME ="" DATATYPE ="date" DESCRIPTION ="" FIELDNUMBER ="12" KEYTYPE ="NOT A KEY" NAME ="EXPIRATION_DT" NULLABLE ="NOTNULL" PICTURETEXT ="" PRECISION ="10" SCALE ="0"/>
        <TARGETFIELD BUSINESSNAME ="" DATATYPE ="bigint" DESCRIPTION ="" FIELDNUMBER ="13" KEYTYPE ="NOT A KEY" NAME ="APPRVD_BY_CSCO_WRKR_PRTY_KEY" NULLABLE ="NOTNULL" PICTURETEXT ="" PRECISION ="19" SCALE ="0"/>
        <TARGETFIELD BUSINESSNAME ="" DATATYPE ="bigint" DESCRIPTION ="" FIELDNUMBER ="14" KEYTYPE ="NOT A KEY" NAME ="UPLOADED_BY_CSCO_WRKR_PRTY_KEY" NULLABLE ="NOTNULL" PICTURETEXT ="" PRECISION ="19" SCALE ="0"/>
        <TARGETFIELD BUSINESSNAME ="" DATATYPE ="timestamp" DESCRIPTION ="" FIELDNUMBER ="15" KEYTYPE ="NOT A KEY" NAME ="APPROVED_DTM" NULLABLE ="NOTNULL" PICTURETEXT ="" PRECISION ="19" SCALE ="0"/>
        <TARGETFIELD BUSINESSNAME ="" DATATYPE ="date" DESCRIPTION ="" FIELDNUMBER ="16" KEYTYPE ="NOT A KEY" NAME ="DV_APPROVED_DT" NULLABLE ="NOTNULL" PICTURETEXT ="" PRECISION ="10" SCALE ="0"/>
        <TARGETFIELD BUSINESSNAME ="" DATATYPE ="timestamp" DESCRIPTION ="" FIELDNUMBER ="17" KEYTYPE ="NOT A KEY" NAME ="UPLOADED_DTM" NULLABLE ="NOTNULL" PICTURETEXT ="" PRECISION ="19" SCALE ="0"/>
        <TARGETFIELD BUSINESSNAME ="" DATATYPE ="date" DESCRIPTION ="" FIELDNUMBER ="18" KEYTYPE ="NOT A KEY" NAME ="DV_UPLOADED_DT" NULLABLE ="NOTNULL" PICTURETEXT ="" PRECISION ="10" SCALE ="0"/>
        <TARGETFIELD BUSINESSNAME ="" DATATYPE ="varchar" DESCRIPTION ="" FIELDNUMBER ="19" KEYTYPE ="NOT A KEY" NAME ="VALIDATION_STATUS_CD" NULLABLE ="NOTNULL" PICTURETEXT ="" PRECISION ="7" SCALE ="0"/>
        <TARGETFIELD BUSINESSNAME ="" DATATYPE ="varchar" DESCRIPTION ="" FIELDNUMBER ="20" KEYTYPE ="NOT A KEY" NAME ="VALIDATION_STATUS_REASON_DESCR" NULLABLE ="NOTNULL" PICTURETEXT ="" PRECISION ="255" SCALE ="0"/>
        <TARGETFIELD BUSINESSNAME ="" DATATYPE ="varchar" DESCRIPTION ="" FIELDNUMBER ="21" KEYTYPE ="NOT A KEY" NAME ="UPLOAD_FILE_NAME" NULLABLE ="NOTNULL" PICTURETEXT ="" PRECISION ="255" SCALE ="0"/>
        <TARGETFIELD BUSINESSNAME ="" DATATYPE ="char" DESCRIPTION ="" FIELDNUMBER ="22" KEYTYPE ="NOT A KEY" NAME ="PROCESSED_FLG" NULLABLE ="NOTNULL" PICTURETEXT ="" PRECISION ="1" SCALE ="0"/>
        <TARGETFIELD BUSINESSNAME ="" DATATYPE ="decimal" DESCRIPTION ="" FIELDNUMBER ="23" KEYTYPE ="NOT A KEY" NAME ="AR_TRX_LINE_KEY" NULLABLE ="NOTNULL" PICTURETEXT ="" PRECISION ="18" SCALE ="0"/>
        <TARGETFIELD BUSINESSNAME ="" DATATYPE ="integer" DESCRIPTION ="" FIELDNUMBER ="24" KEYTYPE ="NOT A KEY" NAME ="BK_POS_TRX_ID_INT" NULLABLE ="NOTNULL" PICTURETEXT ="" PRECISION ="10" SCALE ="0"/>
        <TARGETFIELD BUSINESSNAME ="" DATATYPE ="integer" DESCRIPTION ="" FIELDNUMBER ="25" KEYTYPE ="NOT A KEY" NAME ="BK_SALES_ADJ_LINE_NUM_INT" NULLABLE ="NOTNULL" PICTURETEXT ="" PRECISION ="10" SCALE ="0"/>
        <TARGETFIELD BUSINESSNAME ="" DATATYPE ="bigint" DESCRIPTION ="" FIELDNUMBER ="26" KEYTYPE ="NOT A KEY" NAME ="SO_SUBSCR_ITEM_SALES_TRX_KEY" NULLABLE ="NOTNULL" PICTURETEXT ="" PRECISION ="19" SCALE ="0"/>
        <TARGETFIELD BUSINESSNAME ="" DATATYPE ="bigint" DESCRIPTION ="" FIELDNUMBER ="27" KEYTYPE ="NOT A KEY" NAME ="REV_TRANSFER_KEY" NULLABLE ="NOTNULL" PICTURETEXT ="" PRECISION ="19" SCALE ="0"/>
        <TARGETFIELD BUSINESSNAME ="" DATATYPE ="bigint" DESCRIPTION ="" FIELDNUMBER ="28" KEYTYPE ="NOT A KEY" NAME ="SALES_ACCT_GRP_PRTY_KEY" NULLABLE ="NOTNULL" PICTURETEXT ="" PRECISION ="19" SCALE ="0"/>
        <TARGETFIELD BUSINESSNAME ="" DATATYPE ="bigint" DESCRIPTION ="" FIELDNUMBER ="29" KEYTYPE ="NOT A KEY" NAME ="DV_BOOKINGS_TRX_REF_ID" NULLABLE ="NULL" PICTURETEXT ="" PRECISION ="19" SCALE ="0"/>
        <TARGETFIELD BUSINESSNAME ="" DATATYPE ="timestamp" DESCRIPTION ="" FIELDNUMBER ="30" KEYTYPE ="NOT A KEY" NAME ="EDW_CREATE_DTM" NULLABLE ="NOTNULL" PICTURETEXT ="" PRECISION ="19" SCALE ="0"/>
        <TARGETFIELD BUSINESSNAME ="" DATATYPE ="char" DESCRIPTION ="" FIELDNUMBER ="31" KEYTYPE ="NOT A KEY" NAME ="EDW_CREATE_USER" NULLABLE ="NOTNULL" PICTURETEXT ="" PRECISION ="30" SCALE ="0"/>
        <TARGETFIELD BUSINESSNAME ="" DATATYPE ="timestamp" DESCRIPTION ="" FIELDNUMBER ="32" KEYTYPE ="NOT A KEY" NAME ="EDW_UPDATE_DTM" NULLABLE ="NOTNULL" PICTURETEXT ="" PRECISION ="19" SCALE ="0"/>
        <TARGETFIELD BUSINESSNAME ="" DATATYPE ="char" DESCRIPTION ="" FIELDNUMBER ="33" KEYTYPE ="NOT A KEY" NAME ="EDW_UPDATE_USER" NULLABLE ="NOTNULL" PICTURETEXT ="" PRECISION ="30" SCALE ="0"/>
    </TARGET>
    <MAPPING DESCRIPTION ="" ISVALID ="YES" NAME ="m_N_DYN_RESTMT_SLS_ADJSTMT" OBJECTVERSION ="1" VERSIONNUMBER ="2">
        <TRANSFORMATION DESCRIPTION ="" NAME ="SQ_W_DYN_RESTMT_SLS_ADJSTMT" OBJECTVERSION ="1" REUSABLE ="NO" TYPE ="Source Qualifier" VERSIONNUMBER ="2">
            <TRANSFORMFIELD DATATYPE ="integer" DEFAULTVALUE ="" DESCRIPTION ="" NAME ="DYN_RESTMT_SLS_ADJSTMT_KEY" PICTURETEXT ="" PORTTYPE ="INPUT/OUTPUT" PRECISION ="10" SCALE ="0"/>
            <TRANSFORMFIELD DATATYPE ="bigint" DEFAULTVALUE ="" DESCRIPTION ="" NAME ="ORIGINAL_SALES_TERR_KEY" PICTURETEXT ="" PORTTYPE ="INPUT/OUTPUT" PRECISION ="19" SCALE ="0"/>
            <TRANSFORMFIELD DATATYPE ="bigint" DEFAULTVALUE ="" DESCRIPTION ="" NAME ="RESTATED_SALES_TERR_KEY" PICTURETEXT ="" PORTTYPE ="INPUT/OUTPUT" PRECISION ="19" SCALE ="0"/>
            <TRANSFORMFIELD DATATYPE ="bigint" DEFAULTVALUE ="" DESCRIPTION ="" NAME ="SALES_ORDER_LINE_KEY" PICTURETEXT ="" PORTTYPE ="INPUT/OUTPUT" PRECISION ="19" SCALE ="0"/>
            <TRANSFORMFIELD DATATYPE ="string" DEFAULTVALUE ="" DESCRIPTION ="" NAME ="BK_BOOKINGS_TRX_TYPE_CD" PICTURETEXT ="" PORTTYPE ="INPUT/OUTPUT" PRECISION ="10" SCALE ="0"/>
            <TRANSFORMFIELD DATATYPE ="decimal" DEFAULTVALUE ="" DESCRIPTION ="" NAME ="BK_ALLOCATION_SPLIT_PCT" PICTURETEXT ="" PORTTYPE ="INPUT/OUTPUT" PRECISION ="18" SCALE ="6"/>
            <TRANSFORMFIELD DATATYPE ="date/time" DEFAULTVALUE ="" DESCRIPTION ="" NAME ="BK_EFFECTIVE_DT" PICTURETEXT ="" PORTTYPE ="INPUT/OUTPUT" PRECISION ="29" SCALE ="9"/>
            <TRANSFORMFIELD DATATYPE ="bigint" DEFAULTVALUE ="" DESCRIPTION ="" NAME ="SK_TRX_ID_BIGINT" PICTURETEXT ="" PORTTYPE ="INPUT/OUTPUT" PRECISION ="19" SCALE ="0"/>
            <TRANSFORMFIELD DATATYPE ="string" DEFAULTVALUE ="" DESCRIPTION ="" NAME ="RESTATEMENT_SUB_TYPE_CD" PICTURETEXT ="" PORTTYPE ="INPUT/OUTPUT" PRECISION ="30" SCALE ="0"/>
            <TRANSFORMFIELD DATATYPE ="bigint" DEFAULTVALUE ="" DESCRIPTION ="" NAME ="CUST_PRTY_KEY" PICTURETEXT ="" PORTTYPE ="INPUT/OUTPUT" PRECISION ="19" SCALE ="0"/>
            <TRANSFORMFIELD DATATYPE ="string" DEFAULTVALUE ="" DESCRIPTION ="" NAME ="DO_NOT_RESTATE_FLG" PICTURETEXT ="" PORTTYPE ="INPUT/OUTPUT" PRECISION ="1" SCALE ="0"/>
            <TRANSFORMFIELD DATATYPE ="date/time" DEFAULTVALUE ="" DESCRIPTION ="" NAME ="EXPIRATION_DT" PICTURETEXT ="" PORTTYPE ="INPUT/OUTPUT" PRECISION ="29" SCALE ="9"/>
            <TRANSFORMFIELD DATATYPE ="bigint" DEFAULTVALUE ="" DESCRIPTION ="" NAME ="APPRVD_BY_CSCO_WRKR_PRTY_KEY" PICTURETEXT ="" PORTTYPE ="INPUT/OUTPUT" PRECISION ="19" SCALE ="0"/>
            <TRANSFORMFIELD DATATYPE ="bigint" DEFAULTVALUE ="" DESCRIPTION ="" NAME ="UPLOADED_BY_CSCO_WRKR_PRTY_KEY" PICTURETEXT ="" PORTTYPE ="INPUT/OUTPUT" PRECISION ="19" SCALE ="0"/>
            <TRANSFORMFIELD DATATYPE ="date/time" DEFAULTVALUE ="" DESCRIPTION ="" NAME ="APPROVED_DTM" PICTURETEXT ="" PORTTYPE ="INPUT/OUTPUT" PRECISION ="29" SCALE ="9"/>
            <TRANSFORMFIELD DATATYPE ="date/time" DEFAULTVALUE ="" DESCRIPTION ="" NAME ="DV_APPROVED_DT" PICTURETEXT ="" PORTTYPE ="INPUT/OUTPUT" PRECISION ="29" SCALE ="9"/>
            <TRANSFORMFIELD DATATYPE ="date/time" DEFAULTVALUE ="" DESCRIPTION ="" NAME ="UPLOADED_DTM" PICTURETEXT ="" PORTTYPE ="INPUT/OUTPUT" PRECISION ="29" SCALE ="9"/>
            <TRANSFORMFIELD DATATYPE ="date/time" DEFAULTVALUE ="" DESCRIPTION ="" NAME ="DV_UPLOADED_DT" PICTURETEXT ="" PORTTYPE ="INPUT/OUTPUT" PRECISION ="29" SCALE ="9"/>
            <TRANSFORMFIELD DATATYPE ="string" DEFAULTVALUE ="" DESCRIPTION ="" NAME ="VALIDATION_STATUS_CD" PICTURETEXT ="" PORTTYPE ="INPUT/OUTPUT" PRECISION ="7" SCALE ="0"/>
            <TRANSFORMFIELD DATATYPE ="string" DEFAULTVALUE ="" DESCRIPTION ="" NAME ="VALIDATION_STATUS_REASON_DESCR" PICTURETEXT ="" PORTTYPE ="INPUT/OUTPUT" PRECISION ="255" SCALE ="0"/>
            <TRANSFORMFIELD DATATYPE ="string" DEFAULTVALUE ="" DESCRIPTION ="" NAME ="UPLOAD_FILE_NAME" PICTURETEXT ="" PORTTYPE ="INPUT/OUTPUT" PRECISION ="255" SCALE ="0"/>
            <TRANSFORMFIELD DATATYPE ="string" DEFAULTVALUE ="" DESCRIPTION ="" NAME ="PROCESSED_FLG" PICTURETEXT ="" PORTTYPE ="INPUT/OUTPUT" PRECISION ="1" SCALE ="0"/>
            <TRANSFORMFIELD DATATYPE ="decimal" DEFAULTVALUE ="" DESCRIPTION ="" NAME ="AR_TRX_LINE_KEY" PICTURETEXT ="" PORTTYPE ="INPUT/OUTPUT" PRECISION ="18" SCALE ="0"/>
            <TRANSFORMFIELD DATATYPE ="integer" DEFAULTVALUE ="" DESCRIPTION ="" NAME ="BK_POS_TRX_ID_INT" PICTURETEXT ="" PORTTYPE ="INPUT/OUTPUT" PRECISION ="10" SCALE ="0"/>
            <TRANSFORMFIELD DATATYPE ="integer" DEFAULTVALUE ="" DESCRIPTION ="" NAME ="BK_SALES_ADJ_LINE_NUM_INT" PICTURETEXT ="" PORTTYPE ="INPUT/OUTPUT" PRECISION ="10" SCALE ="0"/>
            <TRANSFORMFIELD DATATYPE ="bigint" DEFAULTVALUE ="" DESCRIPTION ="" NAME ="SO_SUBSCR_ITEM_SALES_TRX_KEY" PICTURETEXT ="" PORTTYPE ="INPUT/OUTPUT" PRECISION ="19" SCALE ="0"/>
            <TRANSFORMFIELD DATATYPE ="bigint" DEFAULTVALUE ="" DESCRIPTION ="" NAME ="REV_TRANSFER_KEY" PICTURETEXT ="" PORTTYPE ="INPUT/OUTPUT" PRECISION ="19" SCALE ="0"/>
            <TRANSFORMFIELD DATATYPE ="bigint" DEFAULTVALUE ="" DESCRIPTION ="" NAME ="SALES_ACCT_GRP_PRTY_KEY" PICTURETEXT ="" PORTTYPE ="INPUT/OUTPUT" PRECISION ="19" SCALE ="0"/>
            <TRANSFORMFIELD DATATYPE ="bigint" DEFAULTVALUE ="" DESCRIPTION ="" NAME ="DV_BOOKINGS_TRX_REF_ID" PICTURETEXT ="" PORTTYPE ="INPUT/OUTPUT" PRECISION ="19" SCALE ="0"/>
            <TRANSFORMFIELD DATATYPE ="date/time" DEFAULTVALUE ="" DESCRIPTION ="" NAME ="EDW_CREATE_DTM" PICTURETEXT ="" PORTTYPE ="INPUT/OUTPUT" PRECISION ="29" SCALE ="9"/>
            <TRANSFORMFIELD DATATYPE ="string" DEFAULTVALUE ="" DESCRIPTION ="" NAME ="EDW_CREATE_USER" PICTURETEXT ="" PORTTYPE ="INPUT/OUTPUT" PRECISION ="30" SCALE ="0"/>
            <TRANSFORMFIELD DATATYPE ="date/time" DEFAULTVALUE ="" DESCRIPTION ="" NAME ="EDW_UPDATE_DTM" PICTURETEXT ="" PORTTYPE ="INPUT/OUTPUT" PRECISION ="29" SCALE ="9"/>
            <TRANSFORMFIELD DATATYPE ="string" DEFAULTVALUE ="" DESCRIPTION ="" NAME ="EDW_UPDATE_USER" PICTURETEXT ="" PORTTYPE ="INPUT/OUTPUT" PRECISION ="30" SCALE ="0"/>
            <TABLEATTRIBUTE NAME ="Sql Query" VALUE ="SELECT&#xD;&#xA;&#x9; DYN_RESTMT_SLS_ADJSTMT_KEY    &#xD;&#xA;&#x9;,ORIGINAL_SALES_TERR_KEY       &#xD;&#xA;&#x9;,RESTATED_SALES_TERR_KEY       &#xD;&#xA;&#x9;,SALES_ORDER_LINE_KEY          &#xD;&#xA;&#x9;,BK_BOOKINGS_TRX_TYPE_CD       &#xD;&#xA;&#x9;,BK_ALLOCATION_SPLIT_PCT       &#xD;&#xA;&#x9;,BK_EFFECTIVE_DT               &#xD;&#xA;&#x9;,SK_TRX_ID_BIGINT              &#xD;&#xA;&#x9;,RESTATEMENT_SUB_TYPE_CD       &#xD;&#xA;&#x9;,CUST_PRTY_KEY                 &#xD;&#xA;&#x9;,DO_NOT_RESTATE_FLG            &#xD;&#xA;&#x9;,EXPIRATION_DT                 &#xD;&#xA;&#x9;,APPRVD_BY_CSCO_WRKR_PRTY_KEY  &#xD;&#xA;&#x9;,UPLOADED_BY_CSCO_WRKR_PRTY_KEY&#xD;&#xA;&#x9;,APPROVED_DTM                  &#xD;&#xA;&#x9;,DV_APPROVED_DT                &#xD;&#xA;&#x9;,UPLOADED_DTM                  &#xD;&#xA;&#x9;,DV_UPLOADED_DT                &#xD;&#xA;&#x9;,VALIDATION_STATUS_CD          &#xD;&#xA;&#x9;,VALIDATION_STATUS_REASON_DESCR&#xD;&#xA;&#x9;,UPLOAD_FILE_NAME              &#xD;&#xA;&#x9;,PROCESSED_FLG                 &#xD;&#xA;&#x9;,AR_TRX_LINE_KEY               &#xD;&#xA;&#x9;,BK_POS_TRX_ID_INT             &#xD;&#xA;&#x9;,BK_SALES_ADJ_LINE_NUM_INT     &#xD;&#xA;&#x9;,SO_SUBSCR_ITEM_SALES_TRX_KEY  &#xD;&#xA;&#x9;,REV_TRANSFER_KEY              &#xD;&#xA;&#x9;,SALES_ACCT_GRP_PRTY_KEY       &#xD;&#xA;&#x9;,DV_BOOKINGS_TRX_REF_ID&#xD;&#xA;&#x9;,CURRENT_TIMESTAMP(0) EDW_CREATE_DTM,&#xD;&#xA;&#x9;USER EDW_CREATE_USER,&#xD;&#xA;&#x9;CURRENT_TIMESTAMP(0) EDW_UPDATE_DTM,&#xD;&#xA;&#x9;USER EDW_UPDATE_USER&#xD;&#xA;FROM&#xD;&#xA;&#x9;$$WORKDB.W_DYN_RESTMT_SLS_ADJSTMT WD&#xD;&#xA;WHERE DML_TYPE=&apos;I&apos;&#xD;&#xA;  AND NOT EXISTS ( SELECT 1 FROM $$SLSORDVWDB.N_DYN_RESTMT_SLS_ADJSTMT ND &#xD;&#xA;                   WHERE WD.BK_BOOKINGS_TRX_TYPE_CD = ND.BK_BOOKINGS_TRX_TYPE_CD&#xD;&#xA;&#x9;&#x9;&#x9;&#x9;     AND WD.SALES_ORDER_LINE_KEY = ND.SALES_ORDER_LINE_KEY &#xD;&#xA;&#x9;&#x9;&#x9;&#x9;     AND WD.AR_TRX_LINE_KEY = ND.AR_TRX_LINE_KEY &#xD;&#xA;&#x9;&#x9;&#x9;&#x9;     AND WD.BK_POS_TRX_ID_INT = ND.BK_POS_TRX_ID_INT&#xD;&#xA;&#x9;&#x9;&#x9;&#x9;     AND WD.BK_SALES_ADJ_LINE_NUM_INT = ND.BK_SALES_ADJ_LINE_NUM_INT&#xD;&#xA;&#x9;&#x9;&#x9;&#x9;     AND WD.SO_SUBSCR_ITEM_SALES_TRX_KEY = ND.SO_SUBSCR_ITEM_SALES_TRX_KEY  &#xD;&#xA;&#x9;&#x9;&#x9;&#x9;     AND WD.REV_TRANSFER_KEY = ND.REV_TRANSFER_KEY              &#xD;&#xA;&#x9;&#x9;&#x9;&#x9;     AND WD.ORIGINAL_SALES_TERR_KEY = ND.ORIGINAL_SALES_TERR_KEY&#xD;&#xA;&#x9;&#x9;&#x9;&#x9;     AND WD.RESTATEMENT_SUB_TYPE_CD = ND.RESTATEMENT_SUB_TYPE_CD&#xD;&#xA;&#x9;&#x9;&#x9;&#x9;     AND WD.BK_EFFECTIVE_DT = ND.BK_EFFECTIVE_DT &#xD;&#xA;&#x9;&#x9;&#x9;&#x9;  )"/>
            <TABLEATTRIBUTE NAME ="User Defined Join" VALUE =""/>
            <TABLEATTRIBUTE NAME ="Source Filter" VALUE =""/>
            <TABLEATTRIBUTE NAME ="Number Of Sorted Ports" VALUE ="0"/>
            <TABLEATTRIBUTE NAME ="Tracing Level" VALUE ="Normal"/>
            <TABLEATTRIBUTE NAME ="Select Distinct" VALUE ="NO"/>
            <TABLEATTRIBUTE NAME ="Is Partitionable" VALUE ="NO"/>
            <TABLEATTRIBUTE NAME ="Pre SQL" VALUE =""/>
            <TABLEATTRIBUTE NAME ="Post SQL" VALUE =""/>
            <TABLEATTRIBUTE NAME ="Output is deterministic" VALUE ="NO"/>
            <TABLEATTRIBUTE NAME ="Output is repeatable" VALUE ="Never"/>
        </TRANSFORMATION>
        <INSTANCE DESCRIPTION ="" NAME ="N_DYN_RESTMT_SLS_ADJSTMT" TRANSFORMATION_NAME ="N_DYN_RESTMT_SLS_ADJSTMT" TRANSFORMATION_TYPE ="Target Definition" TYPE ="TARGET"/>
        <INSTANCE DESCRIPTION ="" NAME ="SQ_W_DYN_RESTMT_SLS_ADJSTMT" REUSABLE ="NO" TRANSFORMATION_NAME ="SQ_W_DYN_RESTMT_SLS_ADJSTMT" TRANSFORMATION_TYPE ="Source Qualifier" TYPE ="TRANSFORMATION">
            <ASSOCIATED_SOURCE_INSTANCE NAME ="W_DYN_RESTMT_SLS_ADJSTMT"/>
        </INSTANCE>
        <INSTANCE DBDNAME ="TDDEV" DESCRIPTION ="" NAME ="W_DYN_RESTMT_SLS_ADJSTMT" TRANSFORMATION_NAME ="W_DYN_RESTMT_SLS_ADJSTMT" TRANSFORMATION_TYPE ="Source Definition" TYPE ="SOURCE"/>
        <CONNECTOR FROMFIELD ="EXPIRATION_DT" FROMINSTANCE ="SQ_W_DYN_RESTMT_SLS_ADJSTMT" FROMINSTANCETYPE ="Source Qualifier" TOFIELD ="EXPIRATION_DT" TOINSTANCE ="N_DYN_RESTMT_SLS_ADJSTMT" TOINSTANCETYPE ="Target Definition"/>
        <CONNECTOR FROMFIELD ="APPRVD_BY_CSCO_WRKR_PRTY_KEY" FROMINSTANCE ="SQ_W_DYN_RESTMT_SLS_ADJSTMT" FROMINSTANCETYPE ="Source Qualifier" TOFIELD ="APPRVD_BY_CSCO_WRKR_PRTY_KEY" TOINSTANCE ="N_DYN_RESTMT_SLS_ADJSTMT" TOINSTANCETYPE ="Target Definition"/>
        <CONNECTOR FROMFIELD ="UPLOADED_BY_CSCO_WRKR_PRTY_KEY" FROMINSTANCE ="SQ_W_DYN_RESTMT_SLS_ADJSTMT" FROMINSTANCETYPE ="Source Qualifier" TOFIELD ="UPLOADED_BY_CSCO_WRKR_PRTY_KEY" TOINSTANCE ="N_DYN_RESTMT_SLS_ADJSTMT" TOINSTANCETYPE ="Target Definition"/>
        <CONNECTOR FROMFIELD ="APPROVED_DTM" FROMINSTANCE ="SQ_W_DYN_RESTMT_SLS_ADJSTMT" FROMINSTANCETYPE ="Source Qualifier" TOFIELD ="APPROVED_DTM" TOINSTANCE ="N_DYN_RESTMT_SLS_ADJSTMT" TOINSTANCETYPE ="Target Definition"/>
        <CONNECTOR FROMFIELD ="DV_APPROVED_DT" FROMINSTANCE ="SQ_W_DYN_RESTMT_SLS_ADJSTMT" FROMINSTANCETYPE ="Source Qualifier" TOFIELD ="DV_APPROVED_DT" TOINSTANCE ="N_DYN_RESTMT_SLS_ADJSTMT" TOINSTANCETYPE ="Target Definition"/>
        <CONNECTOR FROMFIELD ="DV_BOOKINGS_TRX_REF_ID" FROMINSTANCE ="SQ_W_DYN_RESTMT_SLS_ADJSTMT" FROMINSTANCETYPE ="Source Qualifier" TOFIELD ="DV_BOOKINGS_TRX_REF_ID" TOINSTANCE ="N_DYN_RESTMT_SLS_ADJSTMT" TOINSTANCETYPE ="Target Definition"/>
        <CONNECTOR FROMFIELD ="UPLOADED_DTM" FROMINSTANCE ="SQ_W_DYN_RESTMT_SLS_ADJSTMT" FROMINSTANCETYPE ="Source Qualifier" TOFIELD ="UPLOADED_DTM" TOINSTANCE ="N_DYN_RESTMT_SLS_ADJSTMT" TOINSTANCETYPE ="Target Definition"/>
        <CONNECTOR FROMFIELD ="DV_UPLOADED_DT" FROMINSTANCE ="SQ_W_DYN_RESTMT_SLS_ADJSTMT" FROMINSTANCETYPE ="Source Qualifier" TOFIELD ="DV_UPLOADED_DT" TOINSTANCE ="N_DYN_RESTMT_SLS_ADJSTMT" TOINSTANCETYPE ="Target Definition"/>
        <CONNECTOR FROMFIELD ="VALIDATION_STATUS_CD" FROMINSTANCE ="SQ_W_DYN_RESTMT_SLS_ADJSTMT" FROMINSTANCETYPE ="Source Qualifier" TOFIELD ="VALIDATION_STATUS_CD" TOINSTANCE ="N_DYN_RESTMT_SLS_ADJSTMT" TOINSTANCETYPE ="Target Definition"/>
        <CONNECTOR FROMFIELD ="VALIDATION_STATUS_REASON_DESCR" FROMINSTANCE ="SQ_W_DYN_RESTMT_SLS_ADJSTMT" FROMINSTANCETYPE ="Source Qualifier" TOFIELD ="VALIDATION_STATUS_REASON_DESCR" TOINSTANCE ="N_DYN_RESTMT_SLS_ADJSTMT" TOINSTANCETYPE ="Target Definition"/>
        <CONNECTOR FROMFIELD ="UPLOAD_FILE_NAME" FROMINSTANCE ="SQ_W_DYN_RESTMT_SLS_ADJSTMT" FROMINSTANCETYPE ="Source Qualifier" TOFIELD ="UPLOAD_FILE_NAME" TOINSTANCE ="N_DYN_RESTMT_SLS_ADJSTMT" TOINSTANCETYPE ="Target Definition"/>
        <CONNECTOR FROMFIELD ="PROCESSED_FLG" FROMINSTANCE ="SQ_W_DYN_RESTMT_SLS_ADJSTMT" FROMINSTANCETYPE ="Source Qualifier" TOFIELD ="PROCESSED_FLG" TOINSTANCE ="N_DYN_RESTMT_SLS_ADJSTMT" TOINSTANCETYPE ="Target Definition"/>
        <CONNECTOR FROMFIELD ="AR_TRX_LINE_KEY" FROMINSTANCE ="SQ_W_DYN_RESTMT_SLS_ADJSTMT" FROMINSTANCETYPE ="Source Qualifier" TOFIELD ="AR_TRX_LINE_KEY" TOINSTANCE ="N_DYN_RESTMT_SLS_ADJSTMT" TOINSTANCETYPE ="Target Definition"/>
        <CONNECTOR FROMFIELD ="BK_POS_TRX_ID_INT" FROMINSTANCE ="SQ_W_DYN_RESTMT_SLS_ADJSTMT" FROMINSTANCETYPE ="Source Qualifier" TOFIELD ="BK_POS_TRX_ID_INT" TOINSTANCE ="N_DYN_RESTMT_SLS_ADJSTMT" TOINSTANCETYPE ="Target Definition"/>
        <CONNECTOR FROMFIELD ="BK_SALES_ADJ_LINE_NUM_INT" FROMINSTANCE ="SQ_W_DYN_RESTMT_SLS_ADJSTMT" FROMINSTANCETYPE ="Source Qualifier" TOFIELD ="BK_SALES_ADJ_LINE_NUM_INT" TOINSTANCE ="N_DYN_RESTMT_SLS_ADJSTMT" TOINSTANCETYPE ="Target Definition"/>
        <CONNECTOR FROMFIELD ="SO_SUBSCR_ITEM_SALES_TRX_KEY" FROMINSTANCE ="SQ_W_DYN_RESTMT_SLS_ADJSTMT" FROMINSTANCETYPE ="Source Qualifier" TOFIELD ="SO_SUBSCR_ITEM_SALES_TRX_KEY" TOINSTANCE ="N_DYN_RESTMT_SLS_ADJSTMT" TOINSTANCETYPE ="Target Definition"/>
        <CONNECTOR FROMFIELD ="REV_TRANSFER_KEY" FROMINSTANCE ="SQ_W_DYN_RESTMT_SLS_ADJSTMT" FROMINSTANCETYPE ="Source Qualifier" TOFIELD ="REV_TRANSFER_KEY" TOINSTANCE ="N_DYN_RESTMT_SLS_ADJSTMT" TOINSTANCETYPE ="Target Definition"/>
        <CONNECTOR FROMFIELD ="SALES_ACCT_GRP_PRTY_KEY" FROMINSTANCE ="SQ_W_DYN_RESTMT_SLS_ADJSTMT" FROMINSTANCETYPE ="Source Qualifier" TOFIELD ="SALES_ACCT_GRP_PRTY_KEY" TOINSTANCE ="N_DYN_RESTMT_SLS_ADJSTMT" TOINSTANCETYPE ="Target Definition"/>
        <CONNECTOR FROMFIELD ="EDW_CREATE_DTM" FROMINSTANCE ="SQ_W_DYN_RESTMT_SLS_ADJSTMT" FROMINSTANCETYPE ="Source Qualifier" TOFIELD ="EDW_CREATE_DTM" TOINSTANCE ="N_DYN_RESTMT_SLS_ADJSTMT" TOINSTANCETYPE ="Target Definition"/>
        <CONNECTOR FROMFIELD ="EDW_CREATE_USER" FROMINSTANCE ="SQ_W_DYN_RESTMT_SLS_ADJSTMT" FROMINSTANCETYPE ="Source Qualifier" TOFIELD ="EDW_CREATE_USER" TOINSTANCE ="N_DYN_RESTMT_SLS_ADJSTMT" TOINSTANCETYPE ="Target Definition"/>
        <CONNECTOR FROMFIELD ="EDW_UPDATE_DTM" FROMINSTANCE ="SQ_W_DYN_RESTMT_SLS_ADJSTMT" FROMINSTANCETYPE ="Source Qualifier" TOFIELD ="EDW_UPDATE_DTM" TOINSTANCE ="N_DYN_RESTMT_SLS_ADJSTMT" TOINSTANCETYPE ="Target Definition"/>
        <CONNECTOR FROMFIELD ="EDW_UPDATE_USER" FROMINSTANCE ="SQ_W_DYN_RESTMT_SLS_ADJSTMT" FROMINSTANCETYPE ="Source Qualifier" TOFIELD ="EDW_UPDATE_USER" TOINSTANCE ="N_DYN_RESTMT_SLS_ADJSTMT" TOINSTANCETYPE ="Target Definition"/>
        <CONNECTOR FROMFIELD ="DYN_RESTMT_SLS_ADJSTMT_KEY" FROMINSTANCE ="SQ_W_DYN_RESTMT_SLS_ADJSTMT" FROMINSTANCETYPE ="Source Qualifier" TOFIELD ="DYN_RESTMT_SLS_ADJSTMT_KEY" TOINSTANCE ="N_DYN_RESTMT_SLS_ADJSTMT" TOINSTANCETYPE ="Target Definition"/>
        <CONNECTOR FROMFIELD ="ORIGINAL_SALES_TERR_KEY" FROMINSTANCE ="SQ_W_DYN_RESTMT_SLS_ADJSTMT" FROMINSTANCETYPE ="Source Qualifier" TOFIELD ="ORIGINAL_SALES_TERR_KEY" TOINSTANCE ="N_DYN_RESTMT_SLS_ADJSTMT" TOINSTANCETYPE ="Target Definition"/>
        <CONNECTOR FROMFIELD ="RESTATED_SALES_TERR_KEY" FROMINSTANCE ="SQ_W_DYN_RESTMT_SLS_ADJSTMT" FROMINSTANCETYPE ="Source Qualifier" TOFIELD ="RESTATED_SALES_TERR_KEY" TOINSTANCE ="N_DYN_RESTMT_SLS_ADJSTMT" TOINSTANCETYPE ="Target Definition"/>
        <CONNECTOR FROMFIELD ="SALES_ORDER_LINE_KEY" FROMINSTANCE ="SQ_W_DYN_RESTMT_SLS_ADJSTMT" FROMINSTANCETYPE ="Source Qualifier" TOFIELD ="SALES_ORDER_LINE_KEY" TOINSTANCE ="N_DYN_RESTMT_SLS_ADJSTMT" TOINSTANCETYPE ="Target Definition"/>
        <CONNECTOR FROMFIELD ="BK_BOOKINGS_TRX_TYPE_CD" FROMINSTANCE ="SQ_W_DYN_RESTMT_SLS_ADJSTMT" FROMINSTANCETYPE ="Source Qualifier" TOFIELD ="BK_BOOKINGS_TRX_TYPE_CD" TOINSTANCE ="N_DYN_RESTMT_SLS_ADJSTMT" TOINSTANCETYPE ="Target Definition"/>
        <CONNECTOR FROMFIELD ="BK_ALLOCATION_SPLIT_PCT" FROMINSTANCE ="SQ_W_DYN_RESTMT_SLS_ADJSTMT" FROMINSTANCETYPE ="Source Qualifier" TOFIELD ="BK_ALLOCATION_SPLIT_PCT" TOINSTANCE ="N_DYN_RESTMT_SLS_ADJSTMT" TOINSTANCETYPE ="Target Definition"/>
        <CONNECTOR FROMFIELD ="BK_EFFECTIVE_DT" FROMINSTANCE ="SQ_W_DYN_RESTMT_SLS_ADJSTMT" FROMINSTANCETYPE ="Source Qualifier" TOFIELD ="BK_EFFECTIVE_DT" TOINSTANCE ="N_DYN_RESTMT_SLS_ADJSTMT" TOINSTANCETYPE ="Target Definition"/>
        <CONNECTOR FROMFIELD ="SK_TRX_ID_BIGINT" FROMINSTANCE ="SQ_W_DYN_RESTMT_SLS_ADJSTMT" FROMINSTANCETYPE ="Source Qualifier" TOFIELD ="SK_TRX_ID_BIGINT" TOINSTANCE ="N_DYN_RESTMT_SLS_ADJSTMT" TOINSTANCETYPE ="Target Definition"/>
        <CONNECTOR FROMFIELD ="RESTATEMENT_SUB_TYPE_CD" FROMINSTANCE ="SQ_W_DYN_RESTMT_SLS_ADJSTMT" FROMINSTANCETYPE ="Source Qualifier" TOFIELD ="RESTATEMENT_SUB_TYPE_CD" TOINSTANCE ="N_DYN_RESTMT_SLS_ADJSTMT" TOINSTANCETYPE ="Target Definition"/>
        <CONNECTOR FROMFIELD ="CUST_PRTY_KEY" FROMINSTANCE ="SQ_W_DYN_RESTMT_SLS_ADJSTMT" FROMINSTANCETYPE ="Source Qualifier" TOFIELD ="CUST_PRTY_KEY" TOINSTANCE ="N_DYN_RESTMT_SLS_ADJSTMT" TOINSTANCETYPE ="Target Definition"/>
        <CONNECTOR FROMFIELD ="DO_NOT_RESTATE_FLG" FROMINSTANCE ="SQ_W_DYN_RESTMT_SLS_ADJSTMT" FROMINSTANCETYPE ="Source Qualifier" TOFIELD ="DO_NOT_RESTATE_FLG" TOINSTANCE ="N_DYN_RESTMT_SLS_ADJSTMT" TOINSTANCETYPE ="Target Definition"/>
        <CONNECTOR FROMFIELD ="DYN_RESTMT_SLS_ADJSTMT_KEY" FROMINSTANCE ="W_DYN_RESTMT_SLS_ADJSTMT" FROMINSTANCETYPE ="Source Definition" TOFIELD ="DYN_RESTMT_SLS_ADJSTMT_KEY" TOINSTANCE ="SQ_W_DYN_RESTMT_SLS_ADJSTMT" TOINSTANCETYPE ="Source Qualifier"/>
        <CONNECTOR FROMFIELD ="ORIGINAL_SALES_TERR_KEY" FROMINSTANCE ="W_DYN_RESTMT_SLS_ADJSTMT" FROMINSTANCETYPE ="Source Definition" TOFIELD ="ORIGINAL_SALES_TERR_KEY" TOINSTANCE ="SQ_W_DYN_RESTMT_SLS_ADJSTMT" TOINSTANCETYPE ="Source Qualifier"/>
        <CONNECTOR FROMFIELD ="RESTATED_SALES_TERR_KEY" FROMINSTANCE ="W_DYN_RESTMT_SLS_ADJSTMT" FROMINSTANCETYPE ="Source Definition" TOFIELD ="RESTATED_SALES_TERR_KEY" TOINSTANCE ="SQ_W_DYN_RESTMT_SLS_ADJSTMT" TOINSTANCETYPE ="Source Qualifier"/>
        <CONNECTOR FROMFIELD ="UPLOAD_FILE_NAME" FROMINSTANCE ="W_DYN_RESTMT_SLS_ADJSTMT" FROMINSTANCETYPE ="Source Definition" TOFIELD ="UPLOAD_FILE_NAME" TOINSTANCE ="SQ_W_DYN_RESTMT_SLS_ADJSTMT" TOINSTANCETYPE ="Source Qualifier"/>
        <CONNECTOR FROMFIELD ="PROCESSED_FLG" FROMINSTANCE ="W_DYN_RESTMT_SLS_ADJSTMT" FROMINSTANCETYPE ="Source Definition" TOFIELD ="PROCESSED_FLG" TOINSTANCE ="SQ_W_DYN_RESTMT_SLS_ADJSTMT" TOINSTANCETYPE ="Source Qualifier"/>
        <CONNECTOR FROMFIELD ="AR_TRX_LINE_KEY" FROMINSTANCE ="W_DYN_RESTMT_SLS_ADJSTMT" FROMINSTANCETYPE ="Source Definition" TOFIELD ="AR_TRX_LINE_KEY" TOINSTANCE ="SQ_W_DYN_RESTMT_SLS_ADJSTMT" TOINSTANCETYPE ="Source Qualifier"/>
        <CONNECTOR FROMFIELD ="BK_POS_TRX_ID_INT" FROMINSTANCE ="W_DYN_RESTMT_SLS_ADJSTMT" FROMINSTANCETYPE ="Source Definition" TOFIELD ="BK_POS_TRX_ID_INT" TOINSTANCE ="SQ_W_DYN_RESTMT_SLS_ADJSTMT" TOINSTANCETYPE ="Source Qualifier"/>
        <CONNECTOR FROMFIELD ="BK_SALES_ADJ_LINE_NUM_INT" FROMINSTANCE ="W_DYN_RESTMT_SLS_ADJSTMT" FROMINSTANCETYPE ="Source Definition" TOFIELD ="BK_SALES_ADJ_LINE_NUM_INT" TOINSTANCE ="SQ_W_DYN_RESTMT_SLS_ADJSTMT" TOINSTANCETYPE ="Source Qualifier"/>
        <CONNECTOR FROMFIELD ="SO_SUBSCR_ITEM_SALES_TRX_KEY" FROMINSTANCE ="W_DYN_RESTMT_SLS_ADJSTMT" FROMINSTANCETYPE ="Source Definition" TOFIELD ="SO_SUBSCR_ITEM_SALES_TRX_KEY" TOINSTANCE ="SQ_W_DYN_RESTMT_SLS_ADJSTMT" TOINSTANCETYPE ="Source Qualifier"/>
        <CONNECTOR FROMFIELD ="REV_TRANSFER_KEY" FROMINSTANCE ="W_DYN_RESTMT_SLS_ADJSTMT" FROMINSTANCETYPE ="Source Definition" TOFIELD ="REV_TRANSFER_KEY" TOINSTANCE ="SQ_W_DYN_RESTMT_SLS_ADJSTMT" TOINSTANCETYPE ="Source Qualifier"/>
        <CONNECTOR FROMFIELD ="SALES_ACCT_GRP_PRTY_KEY" FROMINSTANCE ="W_DYN_RESTMT_SLS_ADJSTMT" FROMINSTANCETYPE ="Source Definition" TOFIELD ="SALES_ACCT_GRP_PRTY_KEY" TOINSTANCE ="SQ_W_DYN_RESTMT_SLS_ADJSTMT" TOINSTANCETYPE ="Source Qualifier"/>
        <CONNECTOR FROMFIELD ="EDW_CREATE_DTM" FROMINSTANCE ="W_DYN_RESTMT_SLS_ADJSTMT" FROMINSTANCETYPE ="Source Definition" TOFIELD ="EDW_CREATE_DTM" TOINSTANCE ="SQ_W_DYN_RESTMT_SLS_ADJSTMT" TOINSTANCETYPE ="Source Qualifier"/>
        <CONNECTOR FROMFIELD ="EDW_CREATE_USER" FROMINSTANCE ="W_DYN_RESTMT_SLS_ADJSTMT" FROMINSTANCETYPE ="Source Definition" TOFIELD ="EDW_CREATE_USER" TOINSTANCE ="SQ_W_DYN_RESTMT_SLS_ADJSTMT" TOINSTANCETYPE ="Source Qualifier"/>
        <CONNECTOR FROMFIELD ="EDW_UPDATE_DTM" FROMINSTANCE ="W_DYN_RESTMT_SLS_ADJSTMT" FROMINSTANCETYPE ="Source Definition" TOFIELD ="EDW_UPDATE_DTM" TOINSTANCE ="SQ_W_DYN_RESTMT_SLS_ADJSTMT" TOINSTANCETYPE ="Source Qualifier"/>
        <CONNECTOR FROMFIELD ="EDW_UPDATE_USER" FROMINSTANCE ="W_DYN_RESTMT_SLS_ADJSTMT" FROMINSTANCETYPE ="Source Definition" TOFIELD ="EDW_UPDATE_USER" TOINSTANCE ="SQ_W_DYN_RESTMT_SLS_ADJSTMT" TOINSTANCETYPE ="Source Qualifier"/>
        <CONNECTOR FROMFIELD ="SALES_ORDER_LINE_KEY" FROMINSTANCE ="W_DYN_RESTMT_SLS_ADJSTMT" FROMINSTANCETYPE ="Source Definition" TOFIELD ="SALES_ORDER_LINE_KEY" TOINSTANCE ="SQ_W_DYN_RESTMT_SLS_ADJSTMT" TOINSTANCETYPE ="Source Qualifier"/>
        <CONNECTOR FROMFIELD ="BK_BOOKINGS_TRX_TYPE_CD" FROMINSTANCE ="W_DYN_RESTMT_SLS_ADJSTMT" FROMINSTANCETYPE ="Source Definition" TOFIELD ="BK_BOOKINGS_TRX_TYPE_CD" TOINSTANCE ="SQ_W_DYN_RESTMT_SLS_ADJSTMT" TOINSTANCETYPE ="Source Qualifier"/>
        <CONNECTOR FROMFIELD ="BK_ALLOCATION_SPLIT_PCT" FROMINSTANCE ="W_DYN_RESTMT_SLS_ADJSTMT" FROMINSTANCETYPE ="Source Definition" TOFIELD ="BK_ALLOCATION_SPLIT_PCT" TOINSTANCE ="SQ_W_DYN_RESTMT_SLS_ADJSTMT" TOINSTANCETYPE ="Source Qualifier"/>
        <CONNECTOR FROMFIELD ="BK_EFFECTIVE_DT" FROMINSTANCE ="W_DYN_RESTMT_SLS_ADJSTMT" FROMINSTANCETYPE ="Source Definition" TOFIELD ="BK_EFFECTIVE_DT" TOINSTANCE ="SQ_W_DYN_RESTMT_SLS_ADJSTMT" TOINSTANCETYPE ="Source Qualifier"/>
        <CONNECTOR FROMFIELD ="SK_TRX_ID_BIGINT" FROMINSTANCE ="W_DYN_RESTMT_SLS_ADJSTMT" FROMINSTANCETYPE ="Source Definition" TOFIELD ="SK_TRX_ID_BIGINT" TOINSTANCE ="SQ_W_DYN_RESTMT_SLS_ADJSTMT" TOINSTANCETYPE ="Source Qualifier"/>
        <CONNECTOR FROMFIELD ="RESTATEMENT_SUB_TYPE_CD" FROMINSTANCE ="W_DYN_RESTMT_SLS_ADJSTMT" FROMINSTANCETYPE ="Source Definition" TOFIELD ="RESTATEMENT_SUB_TYPE_CD" TOINSTANCE ="SQ_W_DYN_RESTMT_SLS_ADJSTMT" TOINSTANCETYPE ="Source Qualifier"/>
        <CONNECTOR FROMFIELD ="CUST_PRTY_KEY" FROMINSTANCE ="W_DYN_RESTMT_SLS_ADJSTMT" FROMINSTANCETYPE ="Source Definition" TOFIELD ="CUST_PRTY_KEY" TOINSTANCE ="SQ_W_DYN_RESTMT_SLS_ADJSTMT" TOINSTANCETYPE ="Source Qualifier"/>
        <CONNECTOR FROMFIELD ="DO_NOT_RESTATE_FLG" FROMINSTANCE ="W_DYN_RESTMT_SLS_ADJSTMT" FROMINSTANCETYPE ="Source Definition" TOFIELD ="DO_NOT_RESTATE_FLG" TOINSTANCE ="SQ_W_DYN_RESTMT_SLS_ADJSTMT" TOINSTANCETYPE ="Source Qualifier"/>
        <CONNECTOR FROMFIELD ="EXPIRATION_DT" FROMINSTANCE ="W_DYN_RESTMT_SLS_ADJSTMT" FROMINSTANCETYPE ="Source Definition" TOFIELD ="EXPIRATION_DT" TOINSTANCE ="SQ_W_DYN_RESTMT_SLS_ADJSTMT" TOINSTANCETYPE ="Source Qualifier"/>
        <CONNECTOR FROMFIELD ="APPRVD_BY_CSCO_WRKR_PRTY_KEY" FROMINSTANCE ="W_DYN_RESTMT_SLS_ADJSTMT" FROMINSTANCETYPE ="Source Definition" TOFIELD ="APPRVD_BY_CSCO_WRKR_PRTY_KEY" TOINSTANCE ="SQ_W_DYN_RESTMT_SLS_ADJSTMT" TOINSTANCETYPE ="Source Qualifier"/>
        <CONNECTOR FROMFIELD ="UPLOADED_BY_CSCO_WRKR_PRTY_KEY" FROMINSTANCE ="W_DYN_RESTMT_SLS_ADJSTMT" FROMINSTANCETYPE ="Source Definition" TOFIELD ="UPLOADED_BY_CSCO_WRKR_PRTY_KEY" TOINSTANCE ="SQ_W_DYN_RESTMT_SLS_ADJSTMT" TOINSTANCETYPE ="Source Qualifier"/>
        <CONNECTOR FROMFIELD ="APPROVED_DTM" FROMINSTANCE ="W_DYN_RESTMT_SLS_ADJSTMT" FROMINSTANCETYPE ="Source Definition" TOFIELD ="APPROVED_DTM" TOINSTANCE ="SQ_W_DYN_RESTMT_SLS_ADJSTMT" TOINSTANCETYPE ="Source Qualifier"/>
        <CONNECTOR FROMFIELD ="DV_APPROVED_DT" FROMINSTANCE ="W_DYN_RESTMT_SLS_ADJSTMT" FROMINSTANCETYPE ="Source Definition" TOFIELD ="DV_APPROVED_DT" TOINSTANCE ="SQ_W_DYN_RESTMT_SLS_ADJSTMT" TOINSTANCETYPE ="Source Qualifier"/>
        <CONNECTOR FROMFIELD ="UPLOADED_DTM" FROMINSTANCE ="W_DYN_RESTMT_SLS_ADJSTMT" FROMINSTANCETYPE ="Source Definition" TOFIELD ="UPLOADED_DTM" TOINSTANCE ="SQ_W_DYN_RESTMT_SLS_ADJSTMT" TOINSTANCETYPE ="Source Qualifier"/>
        <CONNECTOR FROMFIELD ="DV_UPLOADED_DT" FROMINSTANCE ="W_DYN_RESTMT_SLS_ADJSTMT" FROMINSTANCETYPE ="Source Definition" TOFIELD ="DV_UPLOADED_DT" TOINSTANCE ="SQ_W_DYN_RESTMT_SLS_ADJSTMT" TOINSTANCETYPE ="Source Qualifier"/>
        <CONNECTOR FROMFIELD ="VALIDATION_STATUS_CD" FROMINSTANCE ="W_DYN_RESTMT_SLS_ADJSTMT" FROMINSTANCETYPE ="Source Definition" TOFIELD ="VALIDATION_STATUS_CD" TOINSTANCE ="SQ_W_DYN_RESTMT_SLS_ADJSTMT" TOINSTANCETYPE ="Source Qualifier"/>
        <CONNECTOR FROMFIELD ="VALIDATION_STATUS_REASON_DESCR" FROMINSTANCE ="W_DYN_RESTMT_SLS_ADJSTMT" FROMINSTANCETYPE ="Source Definition" TOFIELD ="VALIDATION_STATUS_REASON_DESCR" TOINSTANCE ="SQ_W_DYN_RESTMT_SLS_ADJSTMT" TOINSTANCETYPE ="Source Qualifier"/>
        <CONNECTOR FROMFIELD ="DV_BOOKINGS_TRX_REF_ID" FROMINSTANCE ="W_DYN_RESTMT_SLS_ADJSTMT" FROMINSTANCETYPE ="Source Definition" TOFIELD ="DV_BOOKINGS_TRX_REF_ID" TOINSTANCE ="SQ_W_DYN_RESTMT_SLS_ADJSTMT" TOINSTANCETYPE ="Source Qualifier"/>
        <TARGETLOADORDER ORDER ="1" TARGETINSTANCE ="N_DYN_RESTMT_SLS_ADJSTMT"/>
        <MAPPINGVARIABLE DATATYPE ="string" DEFAULTVALUE ="" DESCRIPTION ="" ISEXPRESSIONVARIABLE ="NO" ISPARAM ="YES" NAME ="$$WORKDB" PRECISION ="30" SCALE ="0" USERDEFINED ="YES"/>
        <MAPPINGVARIABLE DATATYPE ="string" DEFAULTVALUE ="" DESCRIPTION ="" ISEXPRESSIONVARIABLE ="NO" ISPARAM ="YES" NAME ="$$SLSORDVWDB" PRECISION ="30" SCALE ="0" USERDEFINED ="YES"/>
        <MAPPINGVARIABLE DATATYPE ="string" DEFAULTVALUE ="" DESCRIPTION ="" ISEXPRESSIONVARIABLE ="NO" ISPARAM ="YES" NAME ="$$STGDB" PRECISION ="30" SCALE ="0" USERDEFINED ="YES"/>
        <MAPPINGVARIABLE DATATYPE ="string" DEFAULTVALUE ="" DESCRIPTION ="" ISEXPRESSIONVARIABLE ="NO" ISPARAM ="YES" NAME ="$$ETLVWDB" PRECISION ="30" SCALE ="0" USERDEFINED ="YES"/>
        <ERPINFO/>
    </MAPPING>
    <CONFIG DESCRIPTION ="Default session configuration object" ISDEFAULT ="YES" NAME ="default_session_config" VERSIONNUMBER ="27">
        <ATTRIBUTE NAME ="Advanced" VALUE =""/>
        <ATTRIBUTE NAME ="Constraint based load ordering" VALUE ="NO"/>
        <ATTRIBUTE NAME ="Cache LOOKUP() function" VALUE ="YES"/>
        <ATTRIBUTE NAME ="Default buffer block size" VALUE ="Auto"/>
        <ATTRIBUTE NAME ="Line Sequential buffer length" VALUE ="1024"/>
        <ATTRIBUTE NAME ="Maximum Memory Allowed For Auto Memory Attributes" VALUE ="512MB"/>
        <ATTRIBUTE NAME ="Maximum Percentage of Total Memory Allowed For Auto Memory Attributes" VALUE ="5"/>
        <ATTRIBUTE NAME ="Additional Concurrent Pipelines for Lookup Cache Creation" VALUE ="Auto"/>
        <ATTRIBUTE NAME ="Custom Properties" VALUE =""/>
        <ATTRIBUTE NAME ="Pre-build lookup cache" VALUE ="Auto"/>
        <ATTRIBUTE NAME ="Optimization Level" VALUE ="Medium"/>
        <ATTRIBUTE NAME ="DateTime Format String" VALUE ="MM/DD/YYYY HH24:MI:SS"/>
        <ATTRIBUTE NAME ="Pre 85 Timestamp Compatibility" VALUE ="YES"/>
        <ATTRIBUTE NAME ="Log Options" VALUE ="0"/>
        <ATTRIBUTE NAME ="Save session log by" VALUE ="Session runs"/>
        <ATTRIBUTE NAME ="Save session log for these runs" VALUE ="5"/>
        <ATTRIBUTE NAME ="Session Log File Max Size" VALUE ="0"/>
        <ATTRIBUTE NAME ="Session Log File Max Time Period" VALUE ="0"/>
        <ATTRIBUTE NAME ="Maximum Partial Session Log Files" VALUE ="1"/>
        <ATTRIBUTE NAME ="Writer Commit Statistics Log Frequency" VALUE ="1"/>
        <ATTRIBUTE NAME ="Writer Commit Statistics Log Interval" VALUE ="0"/>
        <ATTRIBUTE NAME ="Error handling" VALUE =""/>
        <ATTRIBUTE NAME ="Stop on errors" VALUE ="0"/>
        <ATTRIBUTE NAME ="Override tracing" VALUE ="None"/>
        <ATTRIBUTE NAME ="On Stored Procedure error" VALUE ="Stop"/>
        <ATTRIBUTE NAME ="On Pre-session command task error" VALUE ="Stop"/>
        <ATTRIBUTE NAME ="On Pre-Post SQL error" VALUE ="Stop"/>
        <ATTRIBUTE NAME ="Enable Recovery" VALUE ="NO"/>
        <ATTRIBUTE NAME ="Error Log Type" VALUE ="None"/>
        <ATTRIBUTE NAME ="Error Log Table Name Prefix" VALUE =""/>
        <ATTRIBUTE NAME ="Error Log File Name" VALUE ="PMError.log"/>
        <ATTRIBUTE NAME ="Log Source Row Data" VALUE ="NO"/>
        <ATTRIBUTE NAME ="Data Column Delimiter" VALUE ="|"/>
        <ATTRIBUTE NAME ="Partitioning Options" VALUE =""/>
        <ATTRIBUTE NAME ="Dynamic Partitioning" VALUE ="Disabled"/>
        <ATTRIBUTE NAME ="Number of Partitions" VALUE ="1"/>
        <ATTRIBUTE NAME ="Multiplication Factor" VALUE ="Auto"/>
        <ATTRIBUTE NAME ="Session on Grid" VALUE =""/>
        <ATTRIBUTE NAME ="Is Enabled" VALUE ="NO"/>
    </CONFIG>
    <WORKFLOW DESCRIPTION ="" ISENABLED ="YES" ISRUNNABLESERVICE ="NO" ISSERVICE ="NO" ISVALID ="YES" NAME ="wf_N_DYN_RESTMT_SLS_ADJSTMT" REUSABLE_SCHEDULER ="NO" SCHEDULERNAME ="Scheduler" SUSPEND_ON_ERROR ="NO" TASKS_MUST_RUN_ON_SERVER ="NO" VERSIONNUMBER ="2">
        <SCHEDULER DESCRIPTION ="" NAME ="Scheduler" REUSABLE ="NO" VERSIONNUMBER ="2">
            <SCHEDULEINFO SCHEDULETYPE ="ONDEMAND"/>
        </SCHEDULER>
        <TASK DESCRIPTION ="" NAME ="Start" REUSABLE ="NO" TYPE ="Start" VERSIONNUMBER ="2"/>
        <SESSION DESCRIPTION ="" ISVALID ="YES" MAPPINGNAME ="m_N_DYN_RESTMT_SLS_ADJSTMT" NAME ="s_m_N_DYN_RESTMT_SLS_ADJSTMT" REUSABLE ="NO" SORTORDER ="Binary" VERSIONNUMBER ="2">
            <SESSTRANSFORMATIONINST ISREPARTITIONPOINT ="YES" PARTITIONTYPE ="PASS THROUGH" PIPELINE ="1" SINSTANCENAME ="N_DYN_RESTMT_SLS_ADJSTMT" STAGE ="1" TRANSFORMATIONNAME ="N_DYN_RESTMT_SLS_ADJSTMT" TRANSFORMATIONTYPE ="Target Definition">
                <ATTRIBUTE NAME ="Table Name Prefix" VALUE ="$$SLSORDVWDB"/>
                <ATTRIBUTE NAME ="Post SQL" VALUE ="UPDATE NDRSAU &#xD;&#xA;FROM $$SLSORDVWDB.N_DYN_RESTMT_SLS_ADJSTMT NDRSAU,&#xD;&#xA;&#x9; $$WORKDB.W_DYN_RESTMT_SLS_ADJSTMT WDRSAU&#xD;&#xA;SET&#xD;&#xA;&#x9; EXPIRATION_DT = WDRSAU.EXPIRATION_DT&#xD;&#xA;&#x9;,EDW_UPDATE_DTM = CURRENT_TIMESTAMP(0)&#xD;&#xA;&#x9;,EDW_UPDATE_USER = USER&#xD;&#xA;WHERE WDRSAU.DYN_RESTMT_SLS_ADJSTMT_KEY = NDRSAU.DYN_RESTMT_SLS_ADJSTMT_KEY&#xD;&#xA;  AND WDRSAU.DML_TYPE = &apos;U&apos;;&#xD;&#xA;&#xD;&#xA;UPDATE ND&#xD;&#xA;  FROM $$SLSORDVWDB.N_DYN_RESTMT_SLS_ADJSTMT ND ,&#xD;&#xA;               ( SELECT * FROM $$WORKDB.W_DYN_RESTMT_SLS_ADJSTMT&#xD;&#xA;                   WHERE DML_TYPE = &apos;I&apos;&#xD;&#xA;                   QUALIFY ROW_NUMBER() OVER (&#xD;&#xA;                           PARTITION BY &#xD;&#xA;                                     BK_BOOKINGS_TRX_TYPE_CD&#xD;&#xA;                                    ,SALES_ORDER_LINE_KEY&#xD;&#xA;                                    ,AR_TRX_LINE_KEY&#xD;&#xA;                                    ,BK_POS_TRX_ID_INT&#xD;&#xA;                                    ,BK_SALES_ADJ_LINE_NUM_INT&#xD;&#xA;                                    ,SO_SUBSCR_ITEM_SALES_TRX_KEY&#xD;&#xA;                                    ,REV_TRANSFER_KEY&#xD;&#xA;                                    ,ORIGINAL_SALES_TERR_KEY&#xD;&#xA;                                    ,RESTATEMENT_SUB_TYPE_CD&#xD;&#xA;                                    ,BK_EFFECTIVE_DT&#xD;&#xA;                                    ,SALES_ACCT_GRP_PRTY_KEY&#xD;&#xA;                                    ,RESTATED_SALES_TERR_KEY &#xD;&#xA;                         ORDER BY BK_EFFECTIVE_DT ) = 1       &#xD;&#xA;                 ) WD    &#xD;&#xA;  SET EXPIRATION_DT = WD.EXPIRATION_DT&#xD;&#xA;          ,APPRVD_BY_CSCO_WRKR_PRTY_KEY = WD.APPRVD_BY_CSCO_WRKR_PRTY_KEY&#xD;&#xA;          ,UPLOADED_BY_CSCO_WRKR_PRTY_KEY = WD.UPLOADED_BY_CSCO_WRKR_PRTY_KEY&#xD;&#xA;          ,APPROVED_DTM = WD.APPROVED_DTM&#xD;&#xA;          ,DV_APPROVED_DT = WD.DV_APPROVED_DT&#xD;&#xA;          ,UPLOADED_DTM = WD.UPLOADED_DTM&#xD;&#xA;          ,DV_UPLOADED_DT = WD.DV_UPLOADED_DT&#xD;&#xA;          ,UPLOAD_FILE_NAME = WD.UPLOAD_FILE_NAME&#xD;&#xA;          ,EDW_UPDATE_DTM = WD.EDW_UPDATE_DTM&#xD;&#xA;          ,EDW_UPDATE_USER = WD.EDW_UPDATE_USER &#xD;&#xA;WHERE DML_TYPE = &apos;I&apos;&#xD;&#xA;  AND WD.BK_BOOKINGS_TRX_TYPE_CD = ND.BK_BOOKINGS_TRX_TYPE_CD&#xD;&#xA;  AND WD.SALES_ORDER_LINE_KEY = ND.SALES_ORDER_LINE_KEY&#xD;&#xA;  AND WD.AR_TRX_LINE_KEY = ND.AR_TRX_LINE_KEY&#xD;&#xA;  AND WD.BK_POS_TRX_ID_INT = ND.BK_POS_TRX_ID_INT&#xD;&#xA;  AND WD.BK_SALES_ADJ_LINE_NUM_INT = ND.BK_SALES_ADJ_LINE_NUM_INT&#xD;&#xA;  AND WD.SO_SUBSCR_ITEM_SALES_TRX_KEY = ND.SO_SUBSCR_ITEM_SALES_TRX_KEY &#xD;&#xA;  AND WD.REV_TRANSFER_KEY = ND.REV_TRANSFER_KEY             &#xD;&#xA;  AND WD.ORIGINAL_SALES_TERR_KEY = ND.ORIGINAL_SALES_TERR_KEY&#xD;&#xA;  AND WD.RESTATEMENT_SUB_TYPE_CD = ND.RESTATEMENT_SUB_TYPE_CD&#xD;&#xA;  AND WD.BK_EFFECTIVE_DT = ND.BK_EFFECTIVE_DT&#xD;&#xA;  AND WD.SALES_ACCT_GRP_PRTY_KEY = ND.SALES_ACCT_GRP_PRTY_KEY      &#xD;&#xA;  AND WD.RESTATED_SALES_TERR_KEY = ND.RESTATED_SALES_TERR_KEY ; &#xD;&#xA;  &#xD;&#xA;  &#xD;&#xA; UPDATE DJS FROM&#xD;&#xA;    $$ETLVWDB.DW_JOB_STREAMS DJS,&#xD;&#xA;    (SELECT COALESCE(MAX(EDW_UPDATE_DTM), CAST(&apos;1900-01-01 00:00:00&apos; AS TIMESTAMP(0))) AS MAX_UPD FROM $$SLSORDVWDB.N_DYN_RESTMT_SLS_ADJ_UPLD) N_UPLD&#xD;&#xA; SET LAST_EXTRACT_DATE=N_UPLD.MAX_UPD&#xD;&#xA; WHERE DJS.JOB_STREAM_ID = &apos;wf_W_DYN_RESTMT_SLS_ADJUSTMENT&apos; ;"/>
            </SESSTRANSFORMATIONINST>
            <SESSTRANSFORMATIONINST ISREPARTITIONPOINT ="NO" PIPELINE ="0" SINSTANCENAME ="W_DYN_RESTMT_SLS_ADJSTMT" STAGE ="0" TRANSFORMATIONNAME ="W_DYN_RESTMT_SLS_ADJSTMT" TRANSFORMATIONTYPE ="Source Definition"/>
            <SESSTRANSFORMATIONINST ISREPARTITIONPOINT ="YES" PARTITIONTYPE ="PASS THROUGH" PIPELINE ="1" SINSTANCENAME ="SQ_W_DYN_RESTMT_SLS_ADJSTMT" STAGE ="2" TRANSFORMATIONNAME ="SQ_W_DYN_RESTMT_SLS_ADJSTMT" TRANSFORMATIONTYPE ="Source Qualifier"/>
            <CONFIGREFERENCE REFOBJECTNAME ="default_session_config" TYPE ="Session config">
                <ATTRIBUTE NAME ="Pre 85 Timestamp Compatibility" VALUE ="YES"/>
                <ATTRIBUTE NAME ="Save session log for these runs" VALUE ="5"/>
                <ATTRIBUTE NAME ="Stop on errors" VALUE ="1"/>
                <ATTRIBUTE NAME ="Override tracing" VALUE ="Normal"/>
            </CONFIGREFERENCE>
            <SESSIONEXTENSION NAME ="Relational Writer" SINSTANCENAME ="N_DYN_RESTMT_SLS_ADJSTMT" SUBTYPE ="Relational Writer" TRANSFORMATIONTYPE ="Target Definition" TYPE ="WRITER">
                <CONNECTIONREFERENCE CNXREFNAME ="DB Connection" CONNECTIONNAME ="" CONNECTIONNUMBER ="1" CONNECTIONSUBTYPE ="" CONNECTIONTYPE ="Relational" VARIABLE ="$DBConnection_Target"/>
                <ATTRIBUTE NAME ="Target load type" VALUE ="Normal"/>
                <ATTRIBUTE NAME ="Insert" VALUE ="YES"/>
                <ATTRIBUTE NAME ="Update as Update" VALUE ="NO"/>
                <ATTRIBUTE NAME ="Update as Insert" VALUE ="NO"/>
                <ATTRIBUTE NAME ="Update else Insert" VALUE ="NO"/>
                <ATTRIBUTE NAME ="Delete" VALUE ="NO"/>
                <ATTRIBUTE NAME ="Truncate target table option" VALUE ="NO"/>
                <ATTRIBUTE NAME ="Reject file directory" VALUE ="$PMRootDir&#x5c;DATA&#x5c;EDWTD_SALES_ORDERS&#x5c;reject"/>
                <ATTRIBUTE NAME ="Reject filename" VALUE ="n_dyn_restmt_sls_adjstmt1.bad"/>
            </SESSIONEXTENSION>
            <SESSIONEXTENSION DSQINSTNAME ="SQ_W_DYN_RESTMT_SLS_ADJSTMT" DSQINSTTYPE ="Source Qualifier" NAME ="Relational Reader" SINSTANCENAME ="W_DYN_RESTMT_SLS_ADJSTMT" SUBTYPE ="Relational Reader" TRANSFORMATIONTYPE ="Source Definition" TYPE ="READER"/>
            <SESSIONEXTENSION NAME ="Relational Reader" SINSTANCENAME ="SQ_W_DYN_RESTMT_SLS_ADJSTMT" SUBTYPE ="Relational Reader" TRANSFORMATIONTYPE ="Source Qualifier" TYPE ="READER">
                <CONNECTIONREFERENCE CNXREFNAME ="DB Connection" CONNECTIONNAME ="" CONNECTIONNUMBER ="1" CONNECTIONSUBTYPE ="" CONNECTIONTYPE ="Relational" VARIABLE ="$DBConnection_source"/>
            </SESSIONEXTENSION>
            <ATTRIBUTE NAME ="General Options" VALUE =""/>
            <ATTRIBUTE NAME ="Write Backward Compatible Session Log File" VALUE ="NO"/>
            <ATTRIBUTE NAME ="Session Log File Name" VALUE ="s_m_N_DYN_RESTMT_SLS_ADJSTMT.log"/>
            <ATTRIBUTE NAME ="Session Log File directory" VALUE ="$PMSessionLogDir&#x5c;"/>
            <ATTRIBUTE NAME ="Parameter Filename" VALUE ="$PMRootDir/ctrl/db.parm"/>
            <ATTRIBUTE NAME ="Enable Test Load" VALUE ="NO"/>
            <ATTRIBUTE NAME ="$Source connection value" VALUE =""/>
            <ATTRIBUTE NAME ="$Target connection value" VALUE =""/>
            <ATTRIBUTE NAME ="Treat source rows as" VALUE ="Insert"/>
            <ATTRIBUTE NAME ="Commit Type" VALUE ="Target"/>
            <ATTRIBUTE NAME ="Commit Interval" VALUE ="10000"/>
            <ATTRIBUTE NAME ="Commit On End Of File" VALUE ="YES"/>
            <ATTRIBUTE NAME ="Rollback Transactions on Errors" VALUE ="NO"/>
            <ATTRIBUTE NAME ="Recovery Strategy" VALUE ="Fail task and continue workflow"/>
            <ATTRIBUTE NAME ="Java Classpath" VALUE =""/>
            <ATTRIBUTE NAME ="Performance" VALUE =""/>
            <ATTRIBUTE NAME ="DTM buffer size" VALUE ="Auto"/>
            <ATTRIBUTE NAME ="Collect performance data" VALUE ="NO"/>
            <ATTRIBUTE NAME ="Write performance data to repository" VALUE ="NO"/>
            <ATTRIBUTE NAME ="Incremental Aggregation" VALUE ="NO"/>
            <ATTRIBUTE NAME ="Enable high precision" VALUE ="NO"/>
            <ATTRIBUTE NAME ="Session retry on deadlock" VALUE ="NO"/>
            <ATTRIBUTE NAME ="Pushdown Optimization" VALUE ="Full"/>
            <ATTRIBUTE NAME ="Allow Temporary View for Pushdown" VALUE ="NO"/>
            <ATTRIBUTE NAME ="Allow Temporary Sequence for Pushdown" VALUE ="NO"/>
            <ATTRIBUTE NAME ="Allow Pushdown for User Incompatible Connections" VALUE ="NO"/>
        </SESSION>
        <TASKINSTANCE DESCRIPTION ="" ISENABLED ="YES" NAME ="Start" REUSABLE ="NO" TASKNAME ="Start" TASKTYPE ="Start"/>
        <TASKINSTANCE DESCRIPTION ="" FAIL_PARENT_IF_INSTANCE_DID_NOT_RUN ="YES" FAIL_PARENT_IF_INSTANCE_FAILS ="YES" ISENABLED ="YES" NAME ="s_m_N_DYN_RESTMT_SLS_ADJSTMT" REUSABLE ="NO" TASKNAME ="s_m_N_DYN_RESTMT_SLS_ADJSTMT" TASKTYPE ="Session" TREAT_INPUTLINK_AS_AND ="YES"/>
        <WORKFLOWLINK CONDITION ="" FROMTASK ="Start" TOTASK ="s_m_N_DYN_RESTMT_SLS_ADJSTMT"/>
        <WORKFLOWVARIABLE DATATYPE ="date/time" DEFAULTVALUE ="" DESCRIPTION ="The time this task started" ISNULL ="NO" ISPERSISTENT ="NO" NAME ="$Start.StartTime" USERDEFINED ="NO"/>
        <WORKFLOWVARIABLE DATATYPE ="date/time" DEFAULTVALUE ="" DESCRIPTION ="The time this task completed" ISNULL ="NO" ISPERSISTENT ="NO" NAME ="$Start.EndTime" USERDEFINED ="NO"/>
        <WORKFLOWVARIABLE DATATYPE ="integer" DEFAULTVALUE ="" DESCRIPTION ="Status of this task&apos;s execution" ISNULL ="NO" ISPERSISTENT ="NO" NAME ="$Start.Status" USERDEFINED ="NO"/>
        <WORKFLOWVARIABLE DATATYPE ="integer" DEFAULTVALUE ="" DESCRIPTION ="Status of the previous task that is not disabled" ISNULL ="NO" ISPERSISTENT ="NO" NAME ="$Start.PrevTaskStatus" USERDEFINED ="NO"/>
        <WORKFLOWVARIABLE DATATYPE ="integer" DEFAULTVALUE ="" DESCRIPTION ="Error code for this task&apos;s execution" ISNULL ="NO" ISPERSISTENT ="NO" NAME ="$Start.ErrorCode" USERDEFINED ="NO"/>
        <WORKFLOWVARIABLE DATATYPE ="string" DEFAULTVALUE ="" DESCRIPTION ="Error message for this task&apos;s execution" ISNULL ="NO" ISPERSISTENT ="NO" NAME ="$Start.ErrorMsg" USERDEFINED ="NO"/>
        <WORKFLOWVARIABLE DATATYPE ="date/time" DEFAULTVALUE ="" DESCRIPTION ="The time this task started" ISNULL ="NO" ISPERSISTENT ="NO" NAME ="$s_m_N_DYN_RESTMT_SLS_ADJSTMT.StartTime" USERDEFINED ="NO"/>
        <WORKFLOWVARIABLE DATATYPE ="date/time" DEFAULTVALUE ="" DESCRIPTION ="The time this task completed" ISNULL ="NO" ISPERSISTENT ="NO" NAME ="$s_m_N_DYN_RESTMT_SLS_ADJSTMT.EndTime" USERDEFINED ="NO"/>
        <WORKFLOWVARIABLE DATATYPE ="integer" DEFAULTVALUE ="" DESCRIPTION ="Status of this task&apos;s execution" ISNULL ="NO" ISPERSISTENT ="NO" NAME ="$s_m_N_DYN_RESTMT_SLS_ADJSTMT.Status" USERDEFINED ="NO"/>
        <WORKFLOWVARIABLE DATATYPE ="integer" DEFAULTVALUE ="" DESCRIPTION ="Status of the previous task that is not disabled" ISNULL ="NO" ISPERSISTENT ="NO" NAME ="$s_m_N_DYN_RESTMT_SLS_ADJSTMT.PrevTaskStatus" USERDEFINED ="NO"/>
        <WORKFLOWVARIABLE DATATYPE ="integer" DEFAULTVALUE ="" DESCRIPTION ="Error code for this task&apos;s execution" ISNULL ="NO" ISPERSISTENT ="NO" NAME ="$s_m_N_DYN_RESTMT_SLS_ADJSTMT.ErrorCode" USERDEFINED ="NO"/>
        <WORKFLOWVARIABLE DATATYPE ="string" DEFAULTVALUE ="" DESCRIPTION ="Error message for this task&apos;s execution" ISNULL ="NO" ISPERSISTENT ="NO" NAME ="$s_m_N_DYN_RESTMT_SLS_ADJSTMT.ErrorMsg" USERDEFINED ="NO"/>
        <WORKFLOWVARIABLE DATATYPE ="integer" DEFAULTVALUE ="" DESCRIPTION ="Rows successfully read" ISNULL ="NO" ISPERSISTENT ="NO" NAME ="$s_m_N_DYN_RESTMT_SLS_ADJSTMT.SrcSuccessRows" USERDEFINED ="NO"/>
        <WORKFLOWVARIABLE DATATYPE ="integer" DEFAULTVALUE ="" DESCRIPTION ="Rows failed to read" ISNULL ="NO" ISPERSISTENT ="NO" NAME ="$s_m_N_DYN_RESTMT_SLS_ADJSTMT.SrcFailedRows" USERDEFINED ="NO"/>
        <WORKFLOWVARIABLE DATATYPE ="integer" DEFAULTVALUE ="" DESCRIPTION ="Rows successfully loaded" ISNULL ="NO" ISPERSISTENT ="NO" NAME ="$s_m_N_DYN_RESTMT_SLS_ADJSTMT.TgtSuccessRows" USERDEFINED ="NO"/>
        <WORKFLOWVARIABLE DATATYPE ="integer" DEFAULTVALUE ="" DESCRIPTION ="Rows failed to load" ISNULL ="NO" ISPERSISTENT ="NO" NAME ="$s_m_N_DYN_RESTMT_SLS_ADJSTMT.TgtFailedRows" USERDEFINED ="NO"/>
        <WORKFLOWVARIABLE DATATYPE ="integer" DEFAULTVALUE ="" DESCRIPTION ="Total number of transformation errors" ISNULL ="NO" ISPERSISTENT ="NO" NAME ="$s_m_N_DYN_RESTMT_SLS_ADJSTMT.TotalTransErrors" USERDEFINED ="NO"/>
        <WORKFLOWVARIABLE DATATYPE ="integer" DEFAULTVALUE ="" DESCRIPTION ="First error code" ISNULL ="NO" ISPERSISTENT ="NO" NAME ="$s_m_N_DYN_RESTMT_SLS_ADJSTMT.FirstErrorCode" USERDEFINED ="NO"/>
        <WORKFLOWVARIABLE DATATYPE ="string" DEFAULTVALUE ="" DESCRIPTION ="First error message" ISNULL ="NO" ISPERSISTENT ="NO" NAME ="$s_m_N_DYN_RESTMT_SLS_ADJSTMT.FirstErrorMsg" USERDEFINED ="NO"/>
        <ATTRIBUTE NAME ="Parameter Filename" VALUE =""/>
        <ATTRIBUTE NAME ="Write Backward Compatible Workflow Log File" VALUE ="NO"/>
        <ATTRIBUTE NAME ="Workflow Log File Name" VALUE ="wf_N_DYN_RESTMT_SLS_ADJSTMT.log"/>
        <ATTRIBUTE NAME ="Workflow Log File Directory" VALUE ="$PMWorkflowLogDir&#x5c;"/>
        <ATTRIBUTE NAME ="Save Workflow log by" VALUE ="By runs"/>
        <ATTRIBUTE NAME ="Save workflow log for these runs" VALUE ="0"/>
        <ATTRIBUTE NAME ="Service Name" VALUE =""/>
        <ATTRIBUTE NAME ="Service Timeout" VALUE ="0"/>
        <ATTRIBUTE NAME ="Is Service Visible" VALUE ="NO"/>
        <ATTRIBUTE NAME ="Is Service Protected" VALUE ="NO"/>
        <ATTRIBUTE NAME ="Fail task after wait time" VALUE ="0"/>
        <ATTRIBUTE NAME ="Enable HA recovery" VALUE ="NO"/>
        <ATTRIBUTE NAME ="Automatically recover terminated tasks" VALUE ="NO"/>
        <ATTRIBUTE NAME ="Service Level Name" VALUE ="Default"/>
        <ATTRIBUTE NAME ="Allow concurrent run with unique run instance name" VALUE ="NO"/>
        <ATTRIBUTE NAME ="Allow concurrent run with same run instance name" VALUE ="NO"/>
        <ATTRIBUTE NAME ="Maximum number of concurrent runs" VALUE ="0"/>
        <ATTRIBUTE NAME ="Assigned Web Services Hubs" VALUE =""/>
        <ATTRIBUTE NAME ="Maximum number of concurrent runs per Hub" VALUE ="1000"/>
        <ATTRIBUTE NAME ="Expected Service Time" VALUE ="1"/>
    </WORKFLOW>
</FOLDER>
</REPOSITORY>
</POWERMART>