<?xml version="1.0" encoding="UTF-8"?>
<!DOCTYPE POWERMART SYSTEM "powrmart.dtd">
<POWERMART CREATION_DATE="06/09/2018 07:30:59" REPOSITORY_VERSION="186.95">
<REPOSITORY NAME="EDW_Prod_101" VERSION="186" CODEPAGE="UTF-8" DATABASETYPE="Oracle">
<FOLDER NAME="EDWTD_SALES_ORDERS" GROUP="" OWNER="infoadm" SHARED="NOTSHARED" DESCRIPTION="This is for EDW TeraData Sales Orders and POS Track
PM:Vinit verma" PERMISSIONS="rwx---r--" UUID="fa0507c5-29f3-4af8-bd2d-bb2872a3a591">
    <SOURCE BUSINESSNAME ="" DATABASETYPE ="Teradata" DBDNAME ="TDDEV" DESCRIPTION ="" NAME ="WI_FIN_ADJ_DRR_NG_1" OBJECTVERSION ="1" OWNERNAME ="STGDB_DV4" VERSIONNUMBER ="3">
        <SOURCEFIELD BUSINESSNAME ="" DATATYPE ="varchar" DESCRIPTION ="" FIELDNUMBER ="1" FIELDPROPERTY ="0" FIELDTYPE ="ELEMITEM" HIDDEN ="NO" KEYTYPE ="NOT A KEY" LENGTH ="0" LEVEL ="0" NAME ="RESTATEMENT_SUB_TYPE" NULLABLE ="NULL" OCCURS ="0" OFFSET ="0" PHYSICALLENGTH ="30" PHYSICALOFFSET ="0" PICTURETEXT ="" PRECISION ="30" SCALE ="0" USAGE_FLAGS =""/>
        <SOURCEFIELD BUSINESSNAME ="" DATATYPE ="varchar" DESCRIPTION ="" FIELDNUMBER ="2" FIELDPROPERTY ="0" FIELDTYPE ="ELEMITEM" HIDDEN ="NO" KEYTYPE ="NOT A KEY" LENGTH ="0" LEVEL ="0" NAME ="BOOK_SOURCE" NULLABLE ="NULL" OCCURS ="0" OFFSET ="0" PHYSICALLENGTH ="8" PHYSICALOFFSET ="30" PICTURETEXT ="" PRECISION ="8" SCALE ="0" USAGE_FLAGS =""/>
        <SOURCEFIELD BUSINESSNAME ="" DATATYPE ="varchar" DESCRIPTION ="" FIELDNUMBER ="3" FIELDPROPERTY ="0" FIELDTYPE ="ELEMITEM" HIDDEN ="NO" KEYTYPE ="NOT A KEY" LENGTH ="0" LEVEL ="0" NAME ="BOOK_SOURCE_SUB_TYPE" NULLABLE ="NULL" OCCURS ="0" OFFSET ="0" PHYSICALLENGTH ="10" PHYSICALOFFSET ="38" PICTURETEXT ="" PRECISION ="10" SCALE ="0" USAGE_FLAGS =""/>
        <SOURCEFIELD BUSINESSNAME ="" DATATYPE ="bigint" DESCRIPTION ="" FIELDNUMBER ="4" FIELDPROPERTY ="0" FIELDTYPE ="ELEMITEM" HIDDEN ="NO" KEYTYPE ="NOT A KEY" LENGTH ="20" LEVEL ="0" NAME ="ORDER_NUMBER" NULLABLE ="NULL" OCCURS ="0" OFFSET ="0" PHYSICALLENGTH ="19" PHYSICALOFFSET ="48" PICTURETEXT ="" PRECISION ="19" SCALE ="0" USAGE_FLAGS =""/>
        <SOURCEFIELD BUSINESSNAME ="" DATATYPE ="integer" DESCRIPTION ="" FIELDNUMBER ="5" FIELDPROPERTY ="0" FIELDTYPE ="ELEMITEM" HIDDEN ="NO" KEYTYPE ="NOT A KEY" LENGTH ="11" LEVEL ="0" NAME ="ORDER_LINE_ID" NULLABLE ="NULL" OCCURS ="0" OFFSET ="20" PHYSICALLENGTH ="10" PHYSICALOFFSET ="67" PICTURETEXT ="" PRECISION ="10" SCALE ="0" USAGE_FLAGS =""/>
        <SOURCEFIELD BUSINESSNAME ="" DATATYPE ="varchar" DESCRIPTION ="" FIELDNUMBER ="6" FIELDPROPERTY ="0" FIELDTYPE ="ELEMITEM" HIDDEN ="NO" KEYTYPE ="NOT A KEY" LENGTH ="0" LEVEL ="0" NAME ="SALES_TERRITORY_NAME_CODE" NULLABLE ="NULL" OCCURS ="0" OFFSET ="31" PHYSICALLENGTH ="30" PHYSICALOFFSET ="77" PICTURETEXT ="" PRECISION ="30" SCALE ="0" USAGE_FLAGS =""/>
        <SOURCEFIELD BUSINESSNAME ="" DATATYPE ="varchar" DESCRIPTION ="" FIELDNUMBER ="7" FIELDPROPERTY ="0" FIELDTYPE ="ELEMITEM" HIDDEN ="NO" KEYTYPE ="NOT A KEY" LENGTH ="0" LEVEL ="0" NAME ="RESTATED_SALES_TERR_NAME_CODE" NULLABLE ="NULL" OCCURS ="0" OFFSET ="31" PHYSICALLENGTH ="30" PHYSICALOFFSET ="107" PICTURETEXT ="" PRECISION ="30" SCALE ="0" USAGE_FLAGS =""/>
        <SOURCEFIELD BUSINESSNAME ="" DATATYPE ="integer" DESCRIPTION ="" FIELDNUMBER ="8" FIELDPROPERTY ="0" FIELDTYPE ="ELEMITEM" HIDDEN ="NO" KEYTYPE ="NOT A KEY" LENGTH ="11" LEVEL ="0" NAME ="PARTY_ID" NULLABLE ="NULL" OCCURS ="0" OFFSET ="31" PHYSICALLENGTH ="10" PHYSICALOFFSET ="137" PICTURETEXT ="" PRECISION ="10" SCALE ="0" USAGE_FLAGS =""/>
        <SOURCEFIELD BUSINESSNAME ="" DATATYPE ="integer" DESCRIPTION ="" FIELDNUMBER ="9" FIELDPROPERTY ="0" FIELDTYPE ="ELEMITEM" HIDDEN ="NO" KEYTYPE ="NOT A KEY" LENGTH ="11" LEVEL ="0" NAME ="SAV_ID" NULLABLE ="NULL" OCCURS ="0" OFFSET ="42" PHYSICALLENGTH ="10" PHYSICALOFFSET ="147" PICTURETEXT ="" PRECISION ="10" SCALE ="0" USAGE_FLAGS =""/>
        <SOURCEFIELD BUSINESSNAME ="" DATATYPE ="decimal" DESCRIPTION ="" FIELDNUMBER ="10" FIELDPROPERTY ="0" FIELDTYPE ="ELEMITEM" HIDDEN ="NO" KEYTYPE ="NOT A KEY" LENGTH ="20" LEVEL ="0" NAME ="SPLIT" NULLABLE ="NULL" OCCURS ="0" OFFSET ="53" PHYSICALLENGTH ="18" PHYSICALOFFSET ="157" PICTURETEXT ="" PRECISION ="18" SCALE ="6" USAGE_FLAGS =""/>
        <SOURCEFIELD BUSINESSNAME ="" DATATYPE ="char" DESCRIPTION ="" FIELDNUMBER ="11" FIELDPROPERTY ="0" FIELDTYPE ="ELEMITEM" HIDDEN ="NO" KEYTYPE ="NOT A KEY" LENGTH ="0" LEVEL ="0" NAME ="DNR_FLAG" NULLABLE ="NULL" OCCURS ="0" OFFSET ="73" PHYSICALLENGTH ="1" PHYSICALOFFSET ="175" PICTURETEXT ="" PRECISION ="1" SCALE ="0" USAGE_FLAGS =""/>
        <SOURCEFIELD BUSINESSNAME ="" DATATYPE ="timestamp" DESCRIPTION ="" FIELDNUMBER ="12" FIELDPROPERTY ="0" FIELDTYPE ="ELEMITEM" HIDDEN ="NO" KEYTYPE ="NOT A KEY" LENGTH ="19" LEVEL ="0" NAME ="EFFECTIVE_DATE" NULLABLE ="NULL" OCCURS ="0" OFFSET ="73" PHYSICALLENGTH ="19" PHYSICALOFFSET ="176" PICTURETEXT ="" PRECISION ="19" SCALE ="0" USAGE_FLAGS =""/>
        <SOURCEFIELD BUSINESSNAME ="" DATATYPE ="timestamp" DESCRIPTION ="" FIELDNUMBER ="13" FIELDPROPERTY ="0" FIELDTYPE ="ELEMITEM" HIDDEN ="NO" KEYTYPE ="NOT A KEY" LENGTH ="19" LEVEL ="0" NAME ="EXPIRY_DATE" NULLABLE ="NULL" OCCURS ="0" OFFSET ="92" PHYSICALLENGTH ="19" PHYSICALOFFSET ="195" PICTURETEXT ="" PRECISION ="19" SCALE ="0" USAGE_FLAGS =""/>
        <SOURCEFIELD BUSINESSNAME ="" DATATYPE ="varchar" DESCRIPTION ="" FIELDNUMBER ="14" FIELDPROPERTY ="0" FIELDTYPE ="ELEMITEM" HIDDEN ="NO" KEYTYPE ="NOT A KEY" LENGTH ="0" LEVEL ="0" NAME ="APPROVED_BY" NULLABLE ="NULL" OCCURS ="0" OFFSET ="111" PHYSICALLENGTH ="21" PHYSICALOFFSET ="214" PICTURETEXT ="" PRECISION ="21" SCALE ="0" USAGE_FLAGS =""/>
        <SOURCEFIELD BUSINESSNAME ="" DATATYPE ="timestamp" DESCRIPTION ="" FIELDNUMBER ="15" FIELDPROPERTY ="0" FIELDTYPE ="ELEMITEM" HIDDEN ="NO" KEYTYPE ="NOT A KEY" LENGTH ="19" LEVEL ="0" NAME ="APPROVED_DTM" NULLABLE ="NULL" OCCURS ="0" OFFSET ="111" PHYSICALLENGTH ="19" PHYSICALOFFSET ="235" PICTURETEXT ="" PRECISION ="19" SCALE ="0" USAGE_FLAGS =""/>
        <SOURCEFIELD BUSINESSNAME ="" DATATYPE ="varchar" DESCRIPTION ="" FIELDNUMBER ="16" FIELDPROPERTY ="0" FIELDTYPE ="ELEMITEM" HIDDEN ="NO" KEYTYPE ="NOT A KEY" LENGTH ="0" LEVEL ="0" NAME ="UPLOADED_BY" NULLABLE ="NULL" OCCURS ="0" OFFSET ="130" PHYSICALLENGTH ="21" PHYSICALOFFSET ="254" PICTURETEXT ="" PRECISION ="21" SCALE ="0" USAGE_FLAGS =""/>
        <SOURCEFIELD BUSINESSNAME ="" DATATYPE ="timestamp" DESCRIPTION ="" FIELDNUMBER ="17" FIELDPROPERTY ="0" FIELDTYPE ="ELEMITEM" HIDDEN ="NO" KEYTYPE ="NOT A KEY" LENGTH ="19" LEVEL ="0" NAME ="UPLOADED_DTM" NULLABLE ="NULL" OCCURS ="0" OFFSET ="130" PHYSICALLENGTH ="19" PHYSICALOFFSET ="275" PICTURETEXT ="" PRECISION ="19" SCALE ="0" USAGE_FLAGS =""/>
        <SOURCEFIELD BUSINESSNAME ="" DATATYPE ="varchar" DESCRIPTION ="" FIELDNUMBER ="18" FIELDPROPERTY ="0" FIELDTYPE ="ELEMITEM" HIDDEN ="NO" KEYTYPE ="NOT A KEY" LENGTH ="0" LEVEL ="0" NAME ="FILE_NAME" NULLABLE ="NULL" OCCURS ="0" OFFSET ="149" PHYSICALLENGTH ="255" PHYSICALOFFSET ="294" PICTURETEXT ="" PRECISION ="255" SCALE ="0" USAGE_FLAGS =""/>
        <SOURCEFIELD BUSINESSNAME ="" DATATYPE ="varchar" DESCRIPTION ="" FIELDNUMBER ="19" FIELDPROPERTY ="0" FIELDTYPE ="ELEMITEM" HIDDEN ="NO" KEYTYPE ="NOT A KEY" LENGTH ="0" LEVEL ="0" NAME ="REASON_DESCR" NULLABLE ="NULL" OCCURS ="0" OFFSET ="149" PHYSICALLENGTH ="255" PHYSICALOFFSET ="549" PICTURETEXT ="" PRECISION ="255" SCALE ="0" USAGE_FLAGS =""/>
        <SOURCEFIELD BUSINESSNAME ="" DATATYPE ="varchar" DESCRIPTION ="" FIELDNUMBER ="20" FIELDPROPERTY ="0" FIELDTYPE ="ELEMITEM" HIDDEN ="NO" KEYTYPE ="NOT A KEY" LENGTH ="0" LEVEL ="0" NAME ="STATUS" NULLABLE ="NULL" OCCURS ="0" OFFSET ="149" PHYSICALLENGTH ="10" PHYSICALOFFSET ="804" PICTURETEXT ="" PRECISION ="10" SCALE ="0" USAGE_FLAGS =""/>
        <SOURCEFIELD BUSINESSNAME ="" DATATYPE ="varchar" DESCRIPTION ="" FIELDNUMBER ="21" FIELDPROPERTY ="0" FIELDTYPE ="ELEMITEM" HIDDEN ="NO" KEYTYPE ="NOT A KEY" LENGTH ="0" LEVEL ="0" NAME ="VALIDATION_COMMENTS" NULLABLE ="NULL" OCCURS ="0" OFFSET ="149" PHYSICALLENGTH ="255" PHYSICALOFFSET ="814" PICTURETEXT ="" PRECISION ="255" SCALE ="0" USAGE_FLAGS =""/>
        <SOURCEFIELD BUSINESSNAME ="" DATATYPE ="bigint" DESCRIPTION ="" FIELDNUMBER ="22" FIELDPROPERTY ="0" FIELDTYPE ="ELEMITEM" HIDDEN ="NO" KEYTYPE ="NOT A KEY" LENGTH ="20" LEVEL ="0" NAME ="TRX_ID_INT" NULLABLE ="NULL" OCCURS ="0" OFFSET ="149" PHYSICALLENGTH ="19" PHYSICALOFFSET ="1069" PICTURETEXT ="" PRECISION ="19" SCALE ="0" USAGE_FLAGS =""/>
        <SOURCEFIELD BUSINESSNAME ="" DATATYPE ="integer" DESCRIPTION ="" FIELDNUMBER ="23" FIELDPROPERTY ="0" FIELDTYPE ="ELEMITEM" HIDDEN ="NO" KEYTYPE ="NOT A KEY" LENGTH ="11" LEVEL ="0" NAME ="FILE_NUM_INT" NULLABLE ="NULL" OCCURS ="0" OFFSET ="169" PHYSICALLENGTH ="10" PHYSICALOFFSET ="1088" PICTURETEXT ="" PRECISION ="10" SCALE ="0" USAGE_FLAGS =""/>
    </SOURCE>
    <TARGET BUSINESSNAME ="" CONSTRAINT ="" DATABASETYPE ="Teradata" DESCRIPTION ="" NAME ="WI_FIN_ADJ_DRR_NG_1" OBJECTVERSION ="1" TABLEOPTIONS ="" VERSIONNUMBER ="2">
        <TARGETFIELD BUSINESSNAME ="" DATATYPE ="varchar" DESCRIPTION ="" FIELDNUMBER ="1" KEYTYPE ="NOT A KEY" NAME ="RESTATEMENT_SUB_TYPE" NULLABLE ="NULL" PICTURETEXT ="" PRECISION ="30" SCALE ="0"/>
        <TARGETFIELD BUSINESSNAME ="" DATATYPE ="varchar" DESCRIPTION ="" FIELDNUMBER ="2" KEYTYPE ="NOT A KEY" NAME ="BOOK_SOURCE" NULLABLE ="NULL" PICTURETEXT ="" PRECISION ="8" SCALE ="0"/>
        <TARGETFIELD BUSINESSNAME ="" DATATYPE ="varchar" DESCRIPTION ="" FIELDNUMBER ="3" KEYTYPE ="NOT A KEY" NAME ="BOOK_SOURCE_SUB_TYPE" NULLABLE ="NULL" PICTURETEXT ="" PRECISION ="10" SCALE ="0"/>
        <TARGETFIELD BUSINESSNAME ="" DATATYPE ="bigint" DESCRIPTION ="" FIELDNUMBER ="4" KEYTYPE ="NOT A KEY" NAME ="ORDER_NUMBER" NULLABLE ="NULL" PICTURETEXT ="" PRECISION ="19" SCALE ="0"/>
        <TARGETFIELD BUSINESSNAME ="" DATATYPE ="integer" DESCRIPTION ="" FIELDNUMBER ="5" KEYTYPE ="NOT A KEY" NAME ="ORDER_LINE_ID" NULLABLE ="NULL" PICTURETEXT ="" PRECISION ="10" SCALE ="0"/>
        <TARGETFIELD BUSINESSNAME ="" DATATYPE ="varchar" DESCRIPTION ="" FIELDNUMBER ="6" KEYTYPE ="NOT A KEY" NAME ="SALES_TERRITORY_NAME_CODE" NULLABLE ="NULL" PICTURETEXT ="" PRECISION ="30" SCALE ="0"/>
        <TARGETFIELD BUSINESSNAME ="" DATATYPE ="varchar" DESCRIPTION ="" FIELDNUMBER ="7" KEYTYPE ="NOT A KEY" NAME ="RESTATED_SALES_TERR_NAME_CODE" NULLABLE ="NULL" PICTURETEXT ="" PRECISION ="30" SCALE ="0"/>
        <TARGETFIELD BUSINESSNAME ="" DATATYPE ="integer" DESCRIPTION ="" FIELDNUMBER ="8" KEYTYPE ="NOT A KEY" NAME ="PARTY_ID" NULLABLE ="NULL" PICTURETEXT ="" PRECISION ="10" SCALE ="0"/>
        <TARGETFIELD BUSINESSNAME ="" DATATYPE ="integer" DESCRIPTION ="" FIELDNUMBER ="9" KEYTYPE ="NOT A KEY" NAME ="SAV_ID" NULLABLE ="NULL" PICTURETEXT ="" PRECISION ="10" SCALE ="0"/>
        <TARGETFIELD BUSINESSNAME ="" DATATYPE ="decimal" DESCRIPTION ="" FIELDNUMBER ="10" KEYTYPE ="NOT A KEY" NAME ="SPLIT" NULLABLE ="NULL" PICTURETEXT ="" PRECISION ="18" SCALE ="6"/>
        <TARGETFIELD BUSINESSNAME ="" DATATYPE ="char" DESCRIPTION ="" FIELDNUMBER ="11" KEYTYPE ="NOT A KEY" NAME ="DNR_FLAG" NULLABLE ="NULL" PICTURETEXT ="" PRECISION ="1" SCALE ="0"/>
        <TARGETFIELD BUSINESSNAME ="" DATATYPE ="timestamp" DESCRIPTION ="" FIELDNUMBER ="12" KEYTYPE ="NOT A KEY" NAME ="EFFECTIVE_DATE" NULLABLE ="NULL" PICTURETEXT ="" PRECISION ="19" SCALE ="0"/>
        <TARGETFIELD BUSINESSNAME ="" DATATYPE ="timestamp" DESCRIPTION ="" FIELDNUMBER ="13" KEYTYPE ="NOT A KEY" NAME ="EXPIRY_DATE" NULLABLE ="NULL" PICTURETEXT ="" PRECISION ="19" SCALE ="0"/>
        <TARGETFIELD BUSINESSNAME ="" DATATYPE ="varchar" DESCRIPTION ="" FIELDNUMBER ="14" KEYTYPE ="NOT A KEY" NAME ="APPROVED_BY" NULLABLE ="NULL" PICTURETEXT ="" PRECISION ="21" SCALE ="0"/>
        <TARGETFIELD BUSINESSNAME ="" DATATYPE ="timestamp" DESCRIPTION ="" FIELDNUMBER ="15" KEYTYPE ="NOT A KEY" NAME ="APPROVED_DTM" NULLABLE ="NULL" PICTURETEXT ="" PRECISION ="19" SCALE ="0"/>
        <TARGETFIELD BUSINESSNAME ="" DATATYPE ="varchar" DESCRIPTION ="" FIELDNUMBER ="16" KEYTYPE ="NOT A KEY" NAME ="UPLOADED_BY" NULLABLE ="NULL" PICTURETEXT ="" PRECISION ="21" SCALE ="0"/>
        <TARGETFIELD BUSINESSNAME ="" DATATYPE ="timestamp" DESCRIPTION ="" FIELDNUMBER ="17" KEYTYPE ="NOT A KEY" NAME ="UPLOADED_DTM" NULLABLE ="NULL" PICTURETEXT ="" PRECISION ="19" SCALE ="0"/>
        <TARGETFIELD BUSINESSNAME ="" DATATYPE ="varchar" DESCRIPTION ="" FIELDNUMBER ="18" KEYTYPE ="NOT A KEY" NAME ="FILE_NAME" NULLABLE ="NULL" PICTURETEXT ="" PRECISION ="255" SCALE ="0"/>
        <TARGETFIELD BUSINESSNAME ="" DATATYPE ="varchar" DESCRIPTION ="" FIELDNUMBER ="19" KEYTYPE ="NOT A KEY" NAME ="REASON_DESCR" NULLABLE ="NULL" PICTURETEXT ="" PRECISION ="255" SCALE ="0"/>
        <TARGETFIELD BUSINESSNAME ="" DATATYPE ="varchar" DESCRIPTION ="" FIELDNUMBER ="20" KEYTYPE ="NOT A KEY" NAME ="STATUS" NULLABLE ="NULL" PICTURETEXT ="" PRECISION ="10" SCALE ="0"/>
        <TARGETFIELD BUSINESSNAME ="" DATATYPE ="varchar" DESCRIPTION ="" FIELDNUMBER ="21" KEYTYPE ="NOT A KEY" NAME ="VALIDATION_COMMENTS" NULLABLE ="NULL" PICTURETEXT ="" PRECISION ="255" SCALE ="0"/>
        <TARGETFIELD BUSINESSNAME ="" DATATYPE ="bigint" DESCRIPTION ="" FIELDNUMBER ="22" KEYTYPE ="NOT A KEY" NAME ="TRX_ID_INT" NULLABLE ="NULL" PICTURETEXT ="" PRECISION ="19" SCALE ="0"/>
        <TARGETFIELD BUSINESSNAME ="" DATATYPE ="integer" DESCRIPTION ="" FIELDNUMBER ="23" KEYTYPE ="NOT A KEY" NAME ="FILE_NUM_INT" NULLABLE ="NULL" PICTURETEXT ="" PRECISION ="10" SCALE ="0"/>
    </TARGET>
    <MAPPING DESCRIPTION ="" ISVALID ="YES" NAME ="m_WI_FIN_ADJ_DRR_NG_1" OBJECTVERSION ="1" VERSIONNUMBER ="2">
        <TRANSFORMATION DESCRIPTION ="" NAME ="SQ_WI_FIN_ADJ_DRR_NG_1" OBJECTVERSION ="1" REUSABLE ="NO" TYPE ="Source Qualifier" VERSIONNUMBER ="2">
            <TRANSFORMFIELD DATATYPE ="string" DEFAULTVALUE ="" DESCRIPTION ="" NAME ="RESTATEMENT_SUB_TYPE" PICTURETEXT ="" PORTTYPE ="INPUT/OUTPUT" PRECISION ="30" SCALE ="0"/>
            <TRANSFORMFIELD DATATYPE ="string" DEFAULTVALUE ="" DESCRIPTION ="" NAME ="BOOK_SOURCE" PICTURETEXT ="" PORTTYPE ="INPUT/OUTPUT" PRECISION ="8" SCALE ="0"/>
            <TRANSFORMFIELD DATATYPE ="string" DEFAULTVALUE ="" DESCRIPTION ="" NAME ="BOOK_SOURCE_SUB_TYPE" PICTURETEXT ="" PORTTYPE ="INPUT/OUTPUT" PRECISION ="10" SCALE ="0"/>
            <TRANSFORMFIELD DATATYPE ="bigint" DEFAULTVALUE ="" DESCRIPTION ="" NAME ="ORDER_NUMBER" PICTURETEXT ="" PORTTYPE ="INPUT/OUTPUT" PRECISION ="19" SCALE ="0"/>
            <TRANSFORMFIELD DATATYPE ="integer" DEFAULTVALUE ="" DESCRIPTION ="" NAME ="ORDER_LINE_ID" PICTURETEXT ="" PORTTYPE ="INPUT/OUTPUT" PRECISION ="10" SCALE ="0"/>
            <TRANSFORMFIELD DATATYPE ="string" DEFAULTVALUE ="" DESCRIPTION ="" NAME ="SALES_TERRITORY_NAME_CODE" PICTURETEXT ="" PORTTYPE ="INPUT/OUTPUT" PRECISION ="30" SCALE ="0"/>
            <TRANSFORMFIELD DATATYPE ="string" DEFAULTVALUE ="" DESCRIPTION ="" NAME ="RESTATED_SALES_TERR_NAME_CODE" PICTURETEXT ="" PORTTYPE ="INPUT/OUTPUT" PRECISION ="30" SCALE ="0"/>
            <TRANSFORMFIELD DATATYPE ="integer" DEFAULTVALUE ="" DESCRIPTION ="" NAME ="PARTY_ID" PICTURETEXT ="" PORTTYPE ="INPUT/OUTPUT" PRECISION ="10" SCALE ="0"/>
            <TRANSFORMFIELD DATATYPE ="integer" DEFAULTVALUE ="" DESCRIPTION ="" NAME ="SAV_ID" PICTURETEXT ="" PORTTYPE ="INPUT/OUTPUT" PRECISION ="10" SCALE ="0"/>
            <TRANSFORMFIELD DATATYPE ="decimal" DEFAULTVALUE ="" DESCRIPTION ="" NAME ="SPLIT" PICTURETEXT ="" PORTTYPE ="INPUT/OUTPUT" PRECISION ="18" SCALE ="6"/>
            <TRANSFORMFIELD DATATYPE ="string" DEFAULTVALUE ="" DESCRIPTION ="" NAME ="DNR_FLAG" PICTURETEXT ="" PORTTYPE ="INPUT/OUTPUT" PRECISION ="1" SCALE ="0"/>
            <TRANSFORMFIELD DATATYPE ="date/time" DEFAULTVALUE ="" DESCRIPTION ="" NAME ="EFFECTIVE_DATE" PICTURETEXT ="" PORTTYPE ="INPUT/OUTPUT" PRECISION ="29" SCALE ="9"/>
            <TRANSFORMFIELD DATATYPE ="date/time" DEFAULTVALUE ="" DESCRIPTION ="" NAME ="EXPIRY_DATE" PICTURETEXT ="" PORTTYPE ="INPUT/OUTPUT" PRECISION ="29" SCALE ="9"/>
            <TRANSFORMFIELD DATATYPE ="string" DEFAULTVALUE ="" DESCRIPTION ="" NAME ="APPROVED_BY" PICTURETEXT ="" PORTTYPE ="INPUT/OUTPUT" PRECISION ="21" SCALE ="0"/>
            <TRANSFORMFIELD DATATYPE ="date/time" DEFAULTVALUE ="" DESCRIPTION ="" NAME ="APPROVED_DTM" PICTURETEXT ="" PORTTYPE ="INPUT/OUTPUT" PRECISION ="29" SCALE ="9"/>
            <TRANSFORMFIELD DATATYPE ="string" DEFAULTVALUE ="" DESCRIPTION ="" NAME ="UPLOADED_BY" PICTURETEXT ="" PORTTYPE ="INPUT/OUTPUT" PRECISION ="21" SCALE ="0"/>
            <TRANSFORMFIELD DATATYPE ="date/time" DEFAULTVALUE ="" DESCRIPTION ="" NAME ="UPLOADED_DTM" PICTURETEXT ="" PORTTYPE ="INPUT/OUTPUT" PRECISION ="29" SCALE ="9"/>
            <TRANSFORMFIELD DATATYPE ="string" DEFAULTVALUE ="" DESCRIPTION ="" NAME ="FILE_NAME" PICTURETEXT ="" PORTTYPE ="INPUT/OUTPUT" PRECISION ="255" SCALE ="0"/>
            <TRANSFORMFIELD DATATYPE ="string" DEFAULTVALUE ="" DESCRIPTION ="" NAME ="REASON_DESCR" PICTURETEXT ="" PORTTYPE ="INPUT/OUTPUT" PRECISION ="255" SCALE ="0"/>
            <TRANSFORMFIELD DATATYPE ="string" DEFAULTVALUE ="" DESCRIPTION ="" NAME ="STATUS" PICTURETEXT ="" PORTTYPE ="INPUT/OUTPUT" PRECISION ="10" SCALE ="0"/>
            <TRANSFORMFIELD DATATYPE ="string" DEFAULTVALUE ="" DESCRIPTION ="" NAME ="VALIDATION_COMMENTS" PICTURETEXT ="" PORTTYPE ="INPUT/OUTPUT" PRECISION ="255" SCALE ="0"/>
            <TRANSFORMFIELD DATATYPE ="bigint" DEFAULTVALUE ="" DESCRIPTION ="" NAME ="TRX_ID_INT" PICTURETEXT ="" PORTTYPE ="INPUT/OUTPUT" PRECISION ="19" SCALE ="0"/>
            <TRANSFORMFIELD DATATYPE ="integer" DEFAULTVALUE ="" DESCRIPTION ="" NAME ="FILE_NUM_INT" PICTURETEXT ="" PORTTYPE ="INPUT/OUTPUT" PRECISION ="10" SCALE ="0"/>
            <TABLEATTRIBUTE NAME ="Sql Query" VALUE ="SELECT &#xD;&#xA;  RESTATEMENT_SUB_TYPE,&#xD;&#xA;  BOOK_SOURCE,&#xD;&#xA;  BOOK_SOURCE_SUB_TYPE ,&#xD;&#xA;  ORDER_NUMBER, &#xD;&#xA;  ORDER_LINE_ID, &#xD;&#xA;  SALES_TERRITORY_NAME_CODE,&#xD;&#xA;  RESTATED_SALES_TERR_NAME_CODE,&#xD;&#xA;  PARTY_ID,&#xD;&#xA;  SAV_ID,&#xD;&#xA;  SPLIT,&#xD;&#xA;  DNR_FLAG,&#xD;&#xA;  EFFECTIVE_DATE,                &#xD;&#xA;  EXPIRY_DATE ,                    &#xD;&#xA;  APPROVED_BY,&#xD;&#xA;  APPROVED_DTM,&#xD;&#xA;  UPLOADED_BY,&#xD;&#xA;  UPLOADED_DTM,&#xD;&#xA;  FILE_NAME,&#xD;&#xA;  REASON_DESCR,&#xD;&#xA;  CASE WHEN OREPLACE(VALIDATION_COMMENTS,&apos;&apos;) IS NULL THEN &apos;SUCCESS&apos; ELSE &apos;FAILED&apos; END AS STATUS,&#xD;&#xA;  VALIDATION_COMMENTS ,&#xD;&#xA;  TRX_ID_INT,&#xD;&#xA;  ROW_NUMBER() OVER(ORDER BY BOOK_SOURCE ) + SK.MAX_FILE_NO AS FILE_NUM_INT  &#xD;&#xA;FROM &#xD;&#xA;(&#xD;&#xA;SELECT &#xD;&#xA;    WI.RESTATEMENT_SUB_TYPE,&#xD;&#xA;    WI.BOOK_SOURCE,&#xD;&#xA;    WI.BOOK_SOURCE_SUB_TYPE,&#xD;&#xA;    WI.ORDER_NUMBER, &#xD;&#xA;    WI.ORDER_LINE_ID, &#xD;&#xA;    WI.TRX_ID_INT,&#xD;&#xA;    WI.SALES_TERRITORY_NAME_CODE,&#xD;&#xA;    WI.RESTATED_SALES_TERR_NAME_CODE,&#xD;&#xA;    WI.PARTY_ID,&#xD;&#xA;    WI.SAV_ID,&#xD;&#xA;    WI.SPLIT,&#xD;&#xA;    WI.DNR_FLAG,&#xD;&#xA;    WI.EFFECTIVE_DATE,                &#xD;&#xA;    WI.EXPIRY_DATE,                    &#xD;&#xA;    WI.APPROVED_BY,&#xD;&#xA;    WI.APPROVED_DTM,&#xD;&#xA;    WI.UPLOADED_BY,&#xD;&#xA;    WI.UPLOADED_DTM,&#xD;&#xA;    WI.FILE_NAME,&#xD;&#xA;    WI.REASON_DESCR,&#xD;&#xA;    CASE WHEN RL.RESTATEMENT_SUB_TYPE IS NULL THEN &apos;INVALID_RESTATEMENT_SUB_TYPE&apos; ELSE &apos;,&apos; END VALIDATION_1 ,&#xD;&#xA;&#x9;CASE WHEN RL.RESTATEMENT_SUB_TYPE IS NOT NULL AND TRIM(WI.BOOK_SOURCE) &lt;&gt; RL.BOOK_SOURCE THEN &apos;INVALID BOOK SOURCE&apos;&#xD;&#xA;&#x9;&#x9; ELSE &apos;,&apos; &#xD;&#xA;&#x9; END AS VALIDATION_2 ,&#x9;&#x9; &#xD;&#xA;&#x9;CASE WHEN TRIM(WI.BOOK_SOURCE_SUB_TYPE) NOT IN ( &apos;ERP&apos;, &apos;AR&apos;, &apos;POS&apos;, &apos;SLS_ADJ&apos;, &apos;XAAS&apos;, &apos;RTE&apos;, &apos;DSV&apos;) THEN &apos;INVALID SOURCE SYSTEM&apos; ELSE &apos;,&apos; END AS VALIDATION_3 ,&#xD;&#xA;    CASE WHEN (NCWP_AB.CEC_ID IS NULL OR WI.APPROVED_BY IS NULL ) THEN  &apos;INVALID_APPROVED_BY&apos; ELSE &apos;,&apos; END AS VALIDATION_4 , &#xD;&#xA;    TRIM( BOTH &apos;,&apos; FROM REGEXP_REPLACE(VALIDATION_1||&apos;,&apos;||VALIDATION_2||&apos;,&apos;||VALIDATION_3||&apos;,&apos;||VALIDATION_4,&apos;(,)+&apos; , &apos;,&apos; ,1,0,&apos;c&apos; )) AS VALIDATION_COMMENTS &#xD;&#xA; FROM $$STGDB.WI_FIN_ADJ_DRR WI &#xD;&#xA; LEFT JOIN $$COMREFVWDB.N_CISCO_WORKER_PARTY NCWP_AB&#xD;&#xA;    ON NCWP_AB.CEC_ID = WI.APPROVED_BY&#xD;&#xA;    AND NCWP_AB.RU_EMPLOYEE_STATUS_CODE = &apos;A&apos; &#xD;&#xA; LEFT JOIN $$STGDB.WI_DRR_FIN_ADJ_RULE RL &#xD;&#xA;    ON RL.RESTATEMENT_SUB_TYPE = WI.RESTATEMENT_SUB_TYPE&#xD;&#xA; ) WI,&#xD;&#xA;( SELECT COALESCE(MAX(BK_UPLOAD_FILE_LINE_NUM_INT),0) MAX_FILE_NO FROM $$SLSORDVWDB.N_DYN_RESTMT_SLS_ADJ_UPLD ) SK"/>
            <TABLEATTRIBUTE NAME ="User Defined Join" VALUE =""/>
            <TABLEATTRIBUTE NAME ="Source Filter" VALUE =""/>
            <TABLEATTRIBUTE NAME ="Number Of Sorted Ports" VALUE ="0"/>
            <TABLEATTRIBUTE NAME ="Tracing Level" VALUE ="Normal"/>
            <TABLEATTRIBUTE NAME ="Select Distinct" VALUE ="NO"/>
            <TABLEATTRIBUTE NAME ="Is Partitionable" VALUE ="NO"/>
            <TABLEATTRIBUTE NAME ="Pre SQL" VALUE =""/>
            <TABLEATTRIBUTE NAME ="Post SQL" VALUE =""/>
            <TABLEATTRIBUTE NAME ="Output is deterministic" VALUE ="NO"/>
            <TABLEATTRIBUTE NAME ="Output is repeatable" VALUE ="Never"/>
        </TRANSFORMATION>
        <INSTANCE DESCRIPTION ="" NAME ="WI_FIN_ADJ_DRR_NG_1" TRANSFORMATION_NAME ="WI_FIN_ADJ_DRR_NG_1" TRANSFORMATION_TYPE ="Target Definition" TYPE ="TARGET"/>
        <INSTANCE DESCRIPTION ="" NAME ="SQ_WI_FIN_ADJ_DRR_NG_1" REUSABLE ="NO" TRANSFORMATION_NAME ="SQ_WI_FIN_ADJ_DRR_NG_1" TRANSFORMATION_TYPE ="Source Qualifier" TYPE ="TRANSFORMATION">
            <ASSOCIATED_SOURCE_INSTANCE NAME ="WI_FIN_ADJ_DRR_NG_11"/>
        </INSTANCE>
        <INSTANCE DBDNAME ="TDDEV" DESCRIPTION ="" NAME ="WI_FIN_ADJ_DRR_NG_11" TRANSFORMATION_NAME ="WI_FIN_ADJ_DRR_NG_1" TRANSFORMATION_TYPE ="Source Definition" TYPE ="SOURCE"/>
        <CONNECTOR FROMFIELD ="RESTATEMENT_SUB_TYPE" FROMINSTANCE ="SQ_WI_FIN_ADJ_DRR_NG_1" FROMINSTANCETYPE ="Source Qualifier" TOFIELD ="RESTATEMENT_SUB_TYPE" TOINSTANCE ="WI_FIN_ADJ_DRR_NG_1" TOINSTANCETYPE ="Target Definition"/>
        <CONNECTOR FROMFIELD ="BOOK_SOURCE" FROMINSTANCE ="SQ_WI_FIN_ADJ_DRR_NG_1" FROMINSTANCETYPE ="Source Qualifier" TOFIELD ="BOOK_SOURCE" TOINSTANCE ="WI_FIN_ADJ_DRR_NG_1" TOINSTANCETYPE ="Target Definition"/>
        <CONNECTOR FROMFIELD ="BOOK_SOURCE_SUB_TYPE" FROMINSTANCE ="SQ_WI_FIN_ADJ_DRR_NG_1" FROMINSTANCETYPE ="Source Qualifier" TOFIELD ="BOOK_SOURCE_SUB_TYPE" TOINSTANCE ="WI_FIN_ADJ_DRR_NG_1" TOINSTANCETYPE ="Target Definition"/>
        <CONNECTOR FROMFIELD ="ORDER_NUMBER" FROMINSTANCE ="SQ_WI_FIN_ADJ_DRR_NG_1" FROMINSTANCETYPE ="Source Qualifier" TOFIELD ="ORDER_NUMBER" TOINSTANCE ="WI_FIN_ADJ_DRR_NG_1" TOINSTANCETYPE ="Target Definition"/>
        <CONNECTOR FROMFIELD ="ORDER_LINE_ID" FROMINSTANCE ="SQ_WI_FIN_ADJ_DRR_NG_1" FROMINSTANCETYPE ="Source Qualifier" TOFIELD ="ORDER_LINE_ID" TOINSTANCE ="WI_FIN_ADJ_DRR_NG_1" TOINSTANCETYPE ="Target Definition"/>
        <CONNECTOR FROMFIELD ="SALES_TERRITORY_NAME_CODE" FROMINSTANCE ="SQ_WI_FIN_ADJ_DRR_NG_1" FROMINSTANCETYPE ="Source Qualifier" TOFIELD ="SALES_TERRITORY_NAME_CODE" TOINSTANCE ="WI_FIN_ADJ_DRR_NG_1" TOINSTANCETYPE ="Target Definition"/>
        <CONNECTOR FROMFIELD ="RESTATED_SALES_TERR_NAME_CODE" FROMINSTANCE ="SQ_WI_FIN_ADJ_DRR_NG_1" FROMINSTANCETYPE ="Source Qualifier" TOFIELD ="RESTATED_SALES_TERR_NAME_CODE" TOINSTANCE ="WI_FIN_ADJ_DRR_NG_1" TOINSTANCETYPE ="Target Definition"/>
        <CONNECTOR FROMFIELD ="PARTY_ID" FROMINSTANCE ="SQ_WI_FIN_ADJ_DRR_NG_1" FROMINSTANCETYPE ="Source Qualifier" TOFIELD ="PARTY_ID" TOINSTANCE ="WI_FIN_ADJ_DRR_NG_1" TOINSTANCETYPE ="Target Definition"/>
        <CONNECTOR FROMFIELD ="SAV_ID" FROMINSTANCE ="SQ_WI_FIN_ADJ_DRR_NG_1" FROMINSTANCETYPE ="Source Qualifier" TOFIELD ="SAV_ID" TOINSTANCE ="WI_FIN_ADJ_DRR_NG_1" TOINSTANCETYPE ="Target Definition"/>
        <CONNECTOR FROMFIELD ="SPLIT" FROMINSTANCE ="SQ_WI_FIN_ADJ_DRR_NG_1" FROMINSTANCETYPE ="Source Qualifier" TOFIELD ="SPLIT" TOINSTANCE ="WI_FIN_ADJ_DRR_NG_1" TOINSTANCETYPE ="Target Definition"/>
        <CONNECTOR FROMFIELD ="DNR_FLAG" FROMINSTANCE ="SQ_WI_FIN_ADJ_DRR_NG_1" FROMINSTANCETYPE ="Source Qualifier" TOFIELD ="DNR_FLAG" TOINSTANCE ="WI_FIN_ADJ_DRR_NG_1" TOINSTANCETYPE ="Target Definition"/>
        <CONNECTOR FROMFIELD ="EFFECTIVE_DATE" FROMINSTANCE ="SQ_WI_FIN_ADJ_DRR_NG_1" FROMINSTANCETYPE ="Source Qualifier" TOFIELD ="EFFECTIVE_DATE" TOINSTANCE ="WI_FIN_ADJ_DRR_NG_1" TOINSTANCETYPE ="Target Definition"/>
        <CONNECTOR FROMFIELD ="EXPIRY_DATE" FROMINSTANCE ="SQ_WI_FIN_ADJ_DRR_NG_1" FROMINSTANCETYPE ="Source Qualifier" TOFIELD ="EXPIRY_DATE" TOINSTANCE ="WI_FIN_ADJ_DRR_NG_1" TOINSTANCETYPE ="Target Definition"/>
        <CONNECTOR FROMFIELD ="APPROVED_BY" FROMINSTANCE ="SQ_WI_FIN_ADJ_DRR_NG_1" FROMINSTANCETYPE ="Source Qualifier" TOFIELD ="APPROVED_BY" TOINSTANCE ="WI_FIN_ADJ_DRR_NG_1" TOINSTANCETYPE ="Target Definition"/>
        <CONNECTOR FROMFIELD ="APPROVED_DTM" FROMINSTANCE ="SQ_WI_FIN_ADJ_DRR_NG_1" FROMINSTANCETYPE ="Source Qualifier" TOFIELD ="APPROVED_DTM" TOINSTANCE ="WI_FIN_ADJ_DRR_NG_1" TOINSTANCETYPE ="Target Definition"/>
        <CONNECTOR FROMFIELD ="UPLOADED_BY" FROMINSTANCE ="SQ_WI_FIN_ADJ_DRR_NG_1" FROMINSTANCETYPE ="Source Qualifier" TOFIELD ="UPLOADED_BY" TOINSTANCE ="WI_FIN_ADJ_DRR_NG_1" TOINSTANCETYPE ="Target Definition"/>
        <CONNECTOR FROMFIELD ="UPLOADED_DTM" FROMINSTANCE ="SQ_WI_FIN_ADJ_DRR_NG_1" FROMINSTANCETYPE ="Source Qualifier" TOFIELD ="UPLOADED_DTM" TOINSTANCE ="WI_FIN_ADJ_DRR_NG_1" TOINSTANCETYPE ="Target Definition"/>
        <CONNECTOR FROMFIELD ="FILE_NAME" FROMINSTANCE ="SQ_WI_FIN_ADJ_DRR_NG_1" FROMINSTANCETYPE ="Source Qualifier" TOFIELD ="FILE_NAME" TOINSTANCE ="WI_FIN_ADJ_DRR_NG_1" TOINSTANCETYPE ="Target Definition"/>
        <CONNECTOR FROMFIELD ="REASON_DESCR" FROMINSTANCE ="SQ_WI_FIN_ADJ_DRR_NG_1" FROMINSTANCETYPE ="Source Qualifier" TOFIELD ="REASON_DESCR" TOINSTANCE ="WI_FIN_ADJ_DRR_NG_1" TOINSTANCETYPE ="Target Definition"/>
        <CONNECTOR FROMFIELD ="STATUS" FROMINSTANCE ="SQ_WI_FIN_ADJ_DRR_NG_1" FROMINSTANCETYPE ="Source Qualifier" TOFIELD ="STATUS" TOINSTANCE ="WI_FIN_ADJ_DRR_NG_1" TOINSTANCETYPE ="Target Definition"/>
        <CONNECTOR FROMFIELD ="VALIDATION_COMMENTS" FROMINSTANCE ="SQ_WI_FIN_ADJ_DRR_NG_1" FROMINSTANCETYPE ="Source Qualifier" TOFIELD ="VALIDATION_COMMENTS" TOINSTANCE ="WI_FIN_ADJ_DRR_NG_1" TOINSTANCETYPE ="Target Definition"/>
        <CONNECTOR FROMFIELD ="TRX_ID_INT" FROMINSTANCE ="SQ_WI_FIN_ADJ_DRR_NG_1" FROMINSTANCETYPE ="Source Qualifier" TOFIELD ="TRX_ID_INT" TOINSTANCE ="WI_FIN_ADJ_DRR_NG_1" TOINSTANCETYPE ="Target Definition"/>
        <CONNECTOR FROMFIELD ="FILE_NUM_INT" FROMINSTANCE ="SQ_WI_FIN_ADJ_DRR_NG_1" FROMINSTANCETYPE ="Source Qualifier" TOFIELD ="FILE_NUM_INT" TOINSTANCE ="WI_FIN_ADJ_DRR_NG_1" TOINSTANCETYPE ="Target Definition"/>
        <CONNECTOR FROMFIELD ="RESTATEMENT_SUB_TYPE" FROMINSTANCE ="WI_FIN_ADJ_DRR_NG_11" FROMINSTANCETYPE ="Source Definition" TOFIELD ="RESTATEMENT_SUB_TYPE" TOINSTANCE ="SQ_WI_FIN_ADJ_DRR_NG_1" TOINSTANCETYPE ="Source Qualifier"/>
        <CONNECTOR FROMFIELD ="BOOK_SOURCE" FROMINSTANCE ="WI_FIN_ADJ_DRR_NG_11" FROMINSTANCETYPE ="Source Definition" TOFIELD ="BOOK_SOURCE" TOINSTANCE ="SQ_WI_FIN_ADJ_DRR_NG_1" TOINSTANCETYPE ="Source Qualifier"/>
        <CONNECTOR FROMFIELD ="BOOK_SOURCE_SUB_TYPE" FROMINSTANCE ="WI_FIN_ADJ_DRR_NG_11" FROMINSTANCETYPE ="Source Definition" TOFIELD ="BOOK_SOURCE_SUB_TYPE" TOINSTANCE ="SQ_WI_FIN_ADJ_DRR_NG_1" TOINSTANCETYPE ="Source Qualifier"/>
        <CONNECTOR FROMFIELD ="ORDER_NUMBER" FROMINSTANCE ="WI_FIN_ADJ_DRR_NG_11" FROMINSTANCETYPE ="Source Definition" TOFIELD ="ORDER_NUMBER" TOINSTANCE ="SQ_WI_FIN_ADJ_DRR_NG_1" TOINSTANCETYPE ="Source Qualifier"/>
        <CONNECTOR FROMFIELD ="ORDER_LINE_ID" FROMINSTANCE ="WI_FIN_ADJ_DRR_NG_11" FROMINSTANCETYPE ="Source Definition" TOFIELD ="ORDER_LINE_ID" TOINSTANCE ="SQ_WI_FIN_ADJ_DRR_NG_1" TOINSTANCETYPE ="Source Qualifier"/>
        <CONNECTOR FROMFIELD ="SALES_TERRITORY_NAME_CODE" FROMINSTANCE ="WI_FIN_ADJ_DRR_NG_11" FROMINSTANCETYPE ="Source Definition" TOFIELD ="SALES_TERRITORY_NAME_CODE" TOINSTANCE ="SQ_WI_FIN_ADJ_DRR_NG_1" TOINSTANCETYPE ="Source Qualifier"/>
        <CONNECTOR FROMFIELD ="RESTATED_SALES_TERR_NAME_CODE" FROMINSTANCE ="WI_FIN_ADJ_DRR_NG_11" FROMINSTANCETYPE ="Source Definition" TOFIELD ="RESTATED_SALES_TERR_NAME_CODE" TOINSTANCE ="SQ_WI_FIN_ADJ_DRR_NG_1" TOINSTANCETYPE ="Source Qualifier"/>
        <CONNECTOR FROMFIELD ="PARTY_ID" FROMINSTANCE ="WI_FIN_ADJ_DRR_NG_11" FROMINSTANCETYPE ="Source Definition" TOFIELD ="PARTY_ID" TOINSTANCE ="SQ_WI_FIN_ADJ_DRR_NG_1" TOINSTANCETYPE ="Source Qualifier"/>
        <CONNECTOR FROMFIELD ="SAV_ID" FROMINSTANCE ="WI_FIN_ADJ_DRR_NG_11" FROMINSTANCETYPE ="Source Definition" TOFIELD ="SAV_ID" TOINSTANCE ="SQ_WI_FIN_ADJ_DRR_NG_1" TOINSTANCETYPE ="Source Qualifier"/>
        <CONNECTOR FROMFIELD ="SPLIT" FROMINSTANCE ="WI_FIN_ADJ_DRR_NG_11" FROMINSTANCETYPE ="Source Definition" TOFIELD ="SPLIT" TOINSTANCE ="SQ_WI_FIN_ADJ_DRR_NG_1" TOINSTANCETYPE ="Source Qualifier"/>
        <CONNECTOR FROMFIELD ="DNR_FLAG" FROMINSTANCE ="WI_FIN_ADJ_DRR_NG_11" FROMINSTANCETYPE ="Source Definition" TOFIELD ="DNR_FLAG" TOINSTANCE ="SQ_WI_FIN_ADJ_DRR_NG_1" TOINSTANCETYPE ="Source Qualifier"/>
        <CONNECTOR FROMFIELD ="EFFECTIVE_DATE" FROMINSTANCE ="WI_FIN_ADJ_DRR_NG_11" FROMINSTANCETYPE ="Source Definition" TOFIELD ="EFFECTIVE_DATE" TOINSTANCE ="SQ_WI_FIN_ADJ_DRR_NG_1" TOINSTANCETYPE ="Source Qualifier"/>
        <CONNECTOR FROMFIELD ="EXPIRY_DATE" FROMINSTANCE ="WI_FIN_ADJ_DRR_NG_11" FROMINSTANCETYPE ="Source Definition" TOFIELD ="EXPIRY_DATE" TOINSTANCE ="SQ_WI_FIN_ADJ_DRR_NG_1" TOINSTANCETYPE ="Source Qualifier"/>
        <CONNECTOR FROMFIELD ="APPROVED_BY" FROMINSTANCE ="WI_FIN_ADJ_DRR_NG_11" FROMINSTANCETYPE ="Source Definition" TOFIELD ="APPROVED_BY" TOINSTANCE ="SQ_WI_FIN_ADJ_DRR_NG_1" TOINSTANCETYPE ="Source Qualifier"/>
        <CONNECTOR FROMFIELD ="APPROVED_DTM" FROMINSTANCE ="WI_FIN_ADJ_DRR_NG_11" FROMINSTANCETYPE ="Source Definition" TOFIELD ="APPROVED_DTM" TOINSTANCE ="SQ_WI_FIN_ADJ_DRR_NG_1" TOINSTANCETYPE ="Source Qualifier"/>
        <CONNECTOR FROMFIELD ="UPLOADED_BY" FROMINSTANCE ="WI_FIN_ADJ_DRR_NG_11" FROMINSTANCETYPE ="Source Definition" TOFIELD ="UPLOADED_BY" TOINSTANCE ="SQ_WI_FIN_ADJ_DRR_NG_1" TOINSTANCETYPE ="Source Qualifier"/>
        <CONNECTOR FROMFIELD ="UPLOADED_DTM" FROMINSTANCE ="WI_FIN_ADJ_DRR_NG_11" FROMINSTANCETYPE ="Source Definition" TOFIELD ="UPLOADED_DTM" TOINSTANCE ="SQ_WI_FIN_ADJ_DRR_NG_1" TOINSTANCETYPE ="Source Qualifier"/>
        <CONNECTOR FROMFIELD ="FILE_NAME" FROMINSTANCE ="WI_FIN_ADJ_DRR_NG_11" FROMINSTANCETYPE ="Source Definition" TOFIELD ="FILE_NAME" TOINSTANCE ="SQ_WI_FIN_ADJ_DRR_NG_1" TOINSTANCETYPE ="Source Qualifier"/>
        <CONNECTOR FROMFIELD ="REASON_DESCR" FROMINSTANCE ="WI_FIN_ADJ_DRR_NG_11" FROMINSTANCETYPE ="Source Definition" TOFIELD ="REASON_DESCR" TOINSTANCE ="SQ_WI_FIN_ADJ_DRR_NG_1" TOINSTANCETYPE ="Source Qualifier"/>
        <CONNECTOR FROMFIELD ="STATUS" FROMINSTANCE ="WI_FIN_ADJ_DRR_NG_11" FROMINSTANCETYPE ="Source Definition" TOFIELD ="STATUS" TOINSTANCE ="SQ_WI_FIN_ADJ_DRR_NG_1" TOINSTANCETYPE ="Source Qualifier"/>
        <CONNECTOR FROMFIELD ="VALIDATION_COMMENTS" FROMINSTANCE ="WI_FIN_ADJ_DRR_NG_11" FROMINSTANCETYPE ="Source Definition" TOFIELD ="VALIDATION_COMMENTS" TOINSTANCE ="SQ_WI_FIN_ADJ_DRR_NG_1" TOINSTANCETYPE ="Source Qualifier"/>
        <CONNECTOR FROMFIELD ="TRX_ID_INT" FROMINSTANCE ="WI_FIN_ADJ_DRR_NG_11" FROMINSTANCETYPE ="Source Definition" TOFIELD ="TRX_ID_INT" TOINSTANCE ="SQ_WI_FIN_ADJ_DRR_NG_1" TOINSTANCETYPE ="Source Qualifier"/>
        <CONNECTOR FROMFIELD ="FILE_NUM_INT" FROMINSTANCE ="WI_FIN_ADJ_DRR_NG_11" FROMINSTANCETYPE ="Source Definition" TOFIELD ="FILE_NUM_INT" TOINSTANCE ="SQ_WI_FIN_ADJ_DRR_NG_1" TOINSTANCETYPE ="Source Qualifier"/>
        <TARGETLOADORDER ORDER ="1" TARGETINSTANCE ="WI_FIN_ADJ_DRR_NG_1"/>
        <MAPPINGVARIABLE DATATYPE ="string" DEFAULTVALUE ="" DESCRIPTION ="" ISEXPRESSIONVARIABLE ="NO" ISPARAM ="YES" NAME ="$$STGDB" PRECISION ="30" SCALE ="0" USERDEFINED ="YES"/>
        <MAPPINGVARIABLE DATATYPE ="string" DEFAULTVALUE ="" DESCRIPTION ="" ISEXPRESSIONVARIABLE ="NO" ISPARAM ="YES" NAME ="$$ETLVWDB" PRECISION ="30" SCALE ="0" USERDEFINED ="YES"/>
        <MAPPINGVARIABLE DATATYPE ="string" DEFAULTVALUE ="" DESCRIPTION ="" ISEXPRESSIONVARIABLE ="NO" ISPARAM ="YES" NAME ="$$SLSORDVWDB" PRECISION ="30" SCALE ="0" USERDEFINED ="YES"/>
        <MAPPINGVARIABLE DATATYPE ="string" DEFAULTVALUE ="" DESCRIPTION ="" ISEXPRESSIONVARIABLE ="NO" ISPARAM ="YES" NAME ="$$COMREFVWDB" PRECISION ="30" SCALE ="0" USERDEFINED ="YES"/>
        <ERPINFO/>
    </MAPPING>
    <CONFIG DESCRIPTION ="Default session configuration object" ISDEFAULT ="YES" NAME ="default_session_config" VERSIONNUMBER ="27">
        <ATTRIBUTE NAME ="Advanced" VALUE =""/>
        <ATTRIBUTE NAME ="Constraint based load ordering" VALUE ="NO"/>
        <ATTRIBUTE NAME ="Cache LOOKUP() function" VALUE ="YES"/>
        <ATTRIBUTE NAME ="Default buffer block size" VALUE ="Auto"/>
        <ATTRIBUTE NAME ="Line Sequential buffer length" VALUE ="1024"/>
        <ATTRIBUTE NAME ="Maximum Memory Allowed For Auto Memory Attributes" VALUE ="512MB"/>
        <ATTRIBUTE NAME ="Maximum Percentage of Total Memory Allowed For Auto Memory Attributes" VALUE ="5"/>
        <ATTRIBUTE NAME ="Additional Concurrent Pipelines for Lookup Cache Creation" VALUE ="Auto"/>
        <ATTRIBUTE NAME ="Custom Properties" VALUE =""/>
        <ATTRIBUTE NAME ="Pre-build lookup cache" VALUE ="Auto"/>
        <ATTRIBUTE NAME ="Optimization Level" VALUE ="Medium"/>
        <ATTRIBUTE NAME ="DateTime Format String" VALUE ="MM/DD/YYYY HH24:MI:SS"/>
        <ATTRIBUTE NAME ="Pre 85 Timestamp Compatibility" VALUE ="YES"/>
        <ATTRIBUTE NAME ="Log Options" VALUE ="0"/>
        <ATTRIBUTE NAME ="Save session log by" VALUE ="Session runs"/>
        <ATTRIBUTE NAME ="Save session log for these runs" VALUE ="5"/>
        <ATTRIBUTE NAME ="Session Log File Max Size" VALUE ="0"/>
        <ATTRIBUTE NAME ="Session Log File Max Time Period" VALUE ="0"/>
        <ATTRIBUTE NAME ="Maximum Partial Session Log Files" VALUE ="1"/>
        <ATTRIBUTE NAME ="Writer Commit Statistics Log Frequency" VALUE ="1"/>
        <ATTRIBUTE NAME ="Writer Commit Statistics Log Interval" VALUE ="0"/>
        <ATTRIBUTE NAME ="Error handling" VALUE =""/>
        <ATTRIBUTE NAME ="Stop on errors" VALUE ="0"/>
        <ATTRIBUTE NAME ="Override tracing" VALUE ="None"/>
        <ATTRIBUTE NAME ="On Stored Procedure error" VALUE ="Stop"/>
        <ATTRIBUTE NAME ="On Pre-session command task error" VALUE ="Stop"/>
        <ATTRIBUTE NAME ="On Pre-Post SQL error" VALUE ="Stop"/>
        <ATTRIBUTE NAME ="Enable Recovery" VALUE ="NO"/>
        <ATTRIBUTE NAME ="Error Log Type" VALUE ="None"/>
        <ATTRIBUTE NAME ="Error Log Table Name Prefix" VALUE =""/>
        <ATTRIBUTE NAME ="Error Log File Name" VALUE ="PMError.log"/>
        <ATTRIBUTE NAME ="Log Source Row Data" VALUE ="NO"/>
        <ATTRIBUTE NAME ="Data Column Delimiter" VALUE ="|"/>
        <ATTRIBUTE NAME ="Partitioning Options" VALUE =""/>
        <ATTRIBUTE NAME ="Dynamic Partitioning" VALUE ="Disabled"/>
        <ATTRIBUTE NAME ="Number of Partitions" VALUE ="1"/>
        <ATTRIBUTE NAME ="Multiplication Factor" VALUE ="Auto"/>
        <ATTRIBUTE NAME ="Session on Grid" VALUE =""/>
        <ATTRIBUTE NAME ="Is Enabled" VALUE ="NO"/>
    </CONFIG>
    <WORKFLOW DESCRIPTION ="" ISENABLED ="YES" ISRUNNABLESERVICE ="NO" ISSERVICE ="NO" ISVALID ="YES" NAME ="wf_WI_FIN_ADJ_DRR_NG_1" REUSABLE_SCHEDULER ="NO" SCHEDULERNAME ="Scheduler" SUSPEND_ON_ERROR ="NO" TASKS_MUST_RUN_ON_SERVER ="NO" VERSIONNUMBER ="2">
        <SCHEDULER DESCRIPTION ="" NAME ="Scheduler" REUSABLE ="NO" VERSIONNUMBER ="2">
            <SCHEDULEINFO SCHEDULETYPE ="ONDEMAND"/>
        </SCHEDULER>
        <TASK DESCRIPTION ="" NAME ="Start" REUSABLE ="NO" TYPE ="Start" VERSIONNUMBER ="2"/>
        <SESSION DESCRIPTION ="" ISVALID ="YES" MAPPINGNAME ="m_WI_FIN_ADJ_DRR_NG_1" NAME ="s_m_WI_FIN_ADJ_DRR_NG_1" REUSABLE ="NO" SORTORDER ="Binary" VERSIONNUMBER ="2">
            <SESSTRANSFORMATIONINST ISREPARTITIONPOINT ="YES" PARTITIONTYPE ="PASS THROUGH" PIPELINE ="1" SINSTANCENAME ="WI_FIN_ADJ_DRR_NG_1" STAGE ="1" TRANSFORMATIONNAME ="WI_FIN_ADJ_DRR_NG_1" TRANSFORMATIONTYPE ="Target Definition">
                <ATTRIBUTE NAME ="Table Name Prefix" VALUE ="$$STGDB"/>
                <ATTRIBUTE NAME ="Post SQL" VALUE ="CALL COLLECT_STATS_WRAP(&apos;$$STGDB&apos;,&apos;WI_FIN_ADJ_DRR_NG_1&apos;,&apos;D&apos;);"/>
                <ATTRIBUTE NAME ="Target Table Name" VALUE ="WI_FIN_ADJ_DRR_NG_1"/>
            </SESSTRANSFORMATIONINST>
            <SESSTRANSFORMATIONINST ISREPARTITIONPOINT ="NO" PIPELINE ="0" SINSTANCENAME ="WI_FIN_ADJ_DRR_NG_11" STAGE ="0" TRANSFORMATIONNAME ="WI_FIN_ADJ_DRR_NG_11" TRANSFORMATIONTYPE ="Source Definition"/>
            <SESSTRANSFORMATIONINST ISREPARTITIONPOINT ="YES" PARTITIONTYPE ="PASS THROUGH" PIPELINE ="1" SINSTANCENAME ="SQ_WI_FIN_ADJ_DRR_NG_1" STAGE ="2" TRANSFORMATIONNAME ="SQ_WI_FIN_ADJ_DRR_NG_1" TRANSFORMATIONTYPE ="Source Qualifier">
                <ATTRIBUTE NAME ="Pre SQL" VALUE ="DELETE FROM $$STGDB.WI_FIN_ADJ_DRR_NG_1 ;"/>
            </SESSTRANSFORMATIONINST>
            <CONFIGREFERENCE REFOBJECTNAME ="default_session_config" TYPE ="Session config">
                <ATTRIBUTE NAME ="Pre 85 Timestamp Compatibility" VALUE ="YES"/>
                <ATTRIBUTE NAME ="Save session log for these runs" VALUE ="5"/>
                <ATTRIBUTE NAME ="Stop on errors" VALUE ="1"/>
                <ATTRIBUTE NAME ="Override tracing" VALUE ="Normal"/>
            </CONFIGREFERENCE>
            <SESSIONEXTENSION NAME ="Relational Writer" SINSTANCENAME ="WI_FIN_ADJ_DRR_NG_1" SUBTYPE ="Relational Writer" TRANSFORMATIONTYPE ="Target Definition" TYPE ="WRITER">
                <CONNECTIONREFERENCE CNXREFNAME ="DB Connection" CONNECTIONNAME ="" CONNECTIONNUMBER ="1" CONNECTIONSUBTYPE ="" CONNECTIONTYPE ="Relational" VARIABLE ="$DBConnection_Target"/>
                <ATTRIBUTE NAME ="Target load type" VALUE ="Normal"/>
                <ATTRIBUTE NAME ="Insert" VALUE ="YES"/>
                <ATTRIBUTE NAME ="Update as Update" VALUE ="NO"/>
                <ATTRIBUTE NAME ="Update as Insert" VALUE ="NO"/>
                <ATTRIBUTE NAME ="Update else Insert" VALUE ="NO"/>
                <ATTRIBUTE NAME ="Delete" VALUE ="NO"/>
                <ATTRIBUTE NAME ="Truncate target table option" VALUE ="NO"/>
                <ATTRIBUTE NAME ="Reject file directory" VALUE ="$PMRootDir&#x5c;DATA&#x5c;EDWTD_SALES_ORDERS&#x5c;reject"/>
                <ATTRIBUTE NAME ="Reject filename" VALUE ="wi_fin_adj_drr_ng_11.bad"/>
            </SESSIONEXTENSION>
            <SESSIONEXTENSION DSQINSTNAME ="SQ_WI_FIN_ADJ_DRR_NG_1" DSQINSTTYPE ="Source Qualifier" NAME ="Relational Reader" SINSTANCENAME ="WI_FIN_ADJ_DRR_NG_11" SUBTYPE ="Relational Reader" TRANSFORMATIONTYPE ="Source Definition" TYPE ="READER"/>
            <SESSIONEXTENSION NAME ="Relational Reader" SINSTANCENAME ="SQ_WI_FIN_ADJ_DRR_NG_1" SUBTYPE ="Relational Reader" TRANSFORMATIONTYPE ="Source Qualifier" TYPE ="READER">
                <CONNECTIONREFERENCE CNXREFNAME ="DB Connection" CONNECTIONNAME ="" CONNECTIONNUMBER ="1" CONNECTIONSUBTYPE ="" CONNECTIONTYPE ="Relational" VARIABLE ="$DBConnection_source"/>
            </SESSIONEXTENSION>
            <ATTRIBUTE NAME ="General Options" VALUE =""/>
            <ATTRIBUTE NAME ="Write Backward Compatible Session Log File" VALUE ="NO"/>
            <ATTRIBUTE NAME ="Session Log File Name" VALUE ="s_m_WI_FIN_ADJ_DRR_NG_1.log"/>
            <ATTRIBUTE NAME ="Session Log File directory" VALUE ="$PMSessionLogDir&#x5c;"/>
            <ATTRIBUTE NAME ="Parameter Filename" VALUE ="$PMRootDir/ctrl/db.parm"/>
            <ATTRIBUTE NAME ="Enable Test Load" VALUE ="NO"/>
            <ATTRIBUTE NAME ="$Source connection value" VALUE =""/>
            <ATTRIBUTE NAME ="$Target connection value" VALUE =""/>
            <ATTRIBUTE NAME ="Treat source rows as" VALUE ="Insert"/>
            <ATTRIBUTE NAME ="Commit Type" VALUE ="Target"/>
            <ATTRIBUTE NAME ="Commit Interval" VALUE ="10000"/>
            <ATTRIBUTE NAME ="Commit On End Of File" VALUE ="YES"/>
            <ATTRIBUTE NAME ="Rollback Transactions on Errors" VALUE ="NO"/>
            <ATTRIBUTE NAME ="Recovery Strategy" VALUE ="Fail task and continue workflow"/>
            <ATTRIBUTE NAME ="Java Classpath" VALUE =""/>
            <ATTRIBUTE NAME ="Performance" VALUE =""/>
            <ATTRIBUTE NAME ="DTM buffer size" VALUE ="Auto"/>
            <ATTRIBUTE NAME ="Collect performance data" VALUE ="NO"/>
            <ATTRIBUTE NAME ="Write performance data to repository" VALUE ="NO"/>
            <ATTRIBUTE NAME ="Incremental Aggregation" VALUE ="NO"/>
            <ATTRIBUTE NAME ="Enable high precision" VALUE ="NO"/>
            <ATTRIBUTE NAME ="Session retry on deadlock" VALUE ="NO"/>
            <ATTRIBUTE NAME ="Pushdown Optimization" VALUE ="Full"/>
            <ATTRIBUTE NAME ="Allow Temporary View for Pushdown" VALUE ="NO"/>
            <ATTRIBUTE NAME ="Allow Temporary Sequence for Pushdown" VALUE ="NO"/>
            <ATTRIBUTE NAME ="Allow Pushdown for User Incompatible Connections" VALUE ="NO"/>
        </SESSION>
        <TASKINSTANCE DESCRIPTION ="" ISENABLED ="YES" NAME ="Start" REUSABLE ="NO" TASKNAME ="Start" TASKTYPE ="Start"/>
        <TASKINSTANCE DESCRIPTION ="" FAIL_PARENT_IF_INSTANCE_DID_NOT_RUN ="YES" FAIL_PARENT_IF_INSTANCE_FAILS ="YES" ISENABLED ="YES" NAME ="s_m_WI_FIN_ADJ_DRR_NG_1" REUSABLE ="NO" TASKNAME ="s_m_WI_FIN_ADJ_DRR_NG_1" TASKTYPE ="Session" TREAT_INPUTLINK_AS_AND ="YES"/>
        <WORKFLOWLINK CONDITION ="" FROMTASK ="Start" TOTASK ="s_m_WI_FIN_ADJ_DRR_NG_1"/>
        <WORKFLOWVARIABLE DATATYPE ="date/time" DEFAULTVALUE ="" DESCRIPTION ="The time this task started" ISNULL ="NO" ISPERSISTENT ="NO" NAME ="$Start.StartTime" USERDEFINED ="NO"/>
        <WORKFLOWVARIABLE DATATYPE ="date/time" DEFAULTVALUE ="" DESCRIPTION ="The time this task completed" ISNULL ="NO" ISPERSISTENT ="NO" NAME ="$Start.EndTime" USERDEFINED ="NO"/>
        <WORKFLOWVARIABLE DATATYPE ="integer" DEFAULTVALUE ="" DESCRIPTION ="Status of this task&apos;s execution" ISNULL ="NO" ISPERSISTENT ="NO" NAME ="$Start.Status" USERDEFINED ="NO"/>
        <WORKFLOWVARIABLE DATATYPE ="integer" DEFAULTVALUE ="" DESCRIPTION ="Status of the previous task that is not disabled" ISNULL ="NO" ISPERSISTENT ="NO" NAME ="$Start.PrevTaskStatus" USERDEFINED ="NO"/>
        <WORKFLOWVARIABLE DATATYPE ="integer" DEFAULTVALUE ="" DESCRIPTION ="Error code for this task&apos;s execution" ISNULL ="NO" ISPERSISTENT ="NO" NAME ="$Start.ErrorCode" USERDEFINED ="NO"/>
        <WORKFLOWVARIABLE DATATYPE ="string" DEFAULTVALUE ="" DESCRIPTION ="Error message for this task&apos;s execution" ISNULL ="NO" ISPERSISTENT ="NO" NAME ="$Start.ErrorMsg" USERDEFINED ="NO"/>
        <WORKFLOWVARIABLE DATATYPE ="date/time" DEFAULTVALUE ="" DESCRIPTION ="The time this task started" ISNULL ="NO" ISPERSISTENT ="NO" NAME ="$s_m_WI_FIN_ADJ_DRR_NG_1.StartTime" USERDEFINED ="NO"/>
        <WORKFLOWVARIABLE DATATYPE ="date/time" DEFAULTVALUE ="" DESCRIPTION ="The time this task completed" ISNULL ="NO" ISPERSISTENT ="NO" NAME ="$s_m_WI_FIN_ADJ_DRR_NG_1.EndTime" USERDEFINED ="NO"/>
        <WORKFLOWVARIABLE DATATYPE ="integer" DEFAULTVALUE ="" DESCRIPTION ="Status of this task&apos;s execution" ISNULL ="NO" ISPERSISTENT ="NO" NAME ="$s_m_WI_FIN_ADJ_DRR_NG_1.Status" USERDEFINED ="NO"/>
        <WORKFLOWVARIABLE DATATYPE ="integer" DEFAULTVALUE ="" DESCRIPTION ="Status of the previous task that is not disabled" ISNULL ="NO" ISPERSISTENT ="NO" NAME ="$s_m_WI_FIN_ADJ_DRR_NG_1.PrevTaskStatus" USERDEFINED ="NO"/>
        <WORKFLOWVARIABLE DATATYPE ="integer" DEFAULTVALUE ="" DESCRIPTION ="Error code for this task&apos;s execution" ISNULL ="NO" ISPERSISTENT ="NO" NAME ="$s_m_WI_FIN_ADJ_DRR_NG_1.ErrorCode" USERDEFINED ="NO"/>
        <WORKFLOWVARIABLE DATATYPE ="string" DEFAULTVALUE ="" DESCRIPTION ="Error message for this task&apos;s execution" ISNULL ="NO" ISPERSISTENT ="NO" NAME ="$s_m_WI_FIN_ADJ_DRR_NG_1.ErrorMsg" USERDEFINED ="NO"/>
        <WORKFLOWVARIABLE DATATYPE ="integer" DEFAULTVALUE ="" DESCRIPTION ="Rows successfully read" ISNULL ="NO" ISPERSISTENT ="NO" NAME ="$s_m_WI_FIN_ADJ_DRR_NG_1.SrcSuccessRows" USERDEFINED ="NO"/>
        <WORKFLOWVARIABLE DATATYPE ="integer" DEFAULTVALUE ="" DESCRIPTION ="Rows failed to read" ISNULL ="NO" ISPERSISTENT ="NO" NAME ="$s_m_WI_FIN_ADJ_DRR_NG_1.SrcFailedRows" USERDEFINED ="NO"/>
        <WORKFLOWVARIABLE DATATYPE ="integer" DEFAULTVALUE ="" DESCRIPTION ="Rows successfully loaded" ISNULL ="NO" ISPERSISTENT ="NO" NAME ="$s_m_WI_FIN_ADJ_DRR_NG_1.TgtSuccessRows" USERDEFINED ="NO"/>
        <WORKFLOWVARIABLE DATATYPE ="integer" DEFAULTVALUE ="" DESCRIPTION ="Rows failed to load" ISNULL ="NO" ISPERSISTENT ="NO" NAME ="$s_m_WI_FIN_ADJ_DRR_NG_1.TgtFailedRows" USERDEFINED ="NO"/>
        <WORKFLOWVARIABLE DATATYPE ="integer" DEFAULTVALUE ="" DESCRIPTION ="Total number of transformation errors" ISNULL ="NO" ISPERSISTENT ="NO" NAME ="$s_m_WI_FIN_ADJ_DRR_NG_1.TotalTransErrors" USERDEFINED ="NO"/>
        <WORKFLOWVARIABLE DATATYPE ="integer" DEFAULTVALUE ="" DESCRIPTION ="First error code" ISNULL ="NO" ISPERSISTENT ="NO" NAME ="$s_m_WI_FIN_ADJ_DRR_NG_1.FirstErrorCode" USERDEFINED ="NO"/>
        <WORKFLOWVARIABLE DATATYPE ="string" DEFAULTVALUE ="" DESCRIPTION ="First error message" ISNULL ="NO" ISPERSISTENT ="NO" NAME ="$s_m_WI_FIN_ADJ_DRR_NG_1.FirstErrorMsg" USERDEFINED ="NO"/>
        <ATTRIBUTE NAME ="Parameter Filename" VALUE =""/>
        <ATTRIBUTE NAME ="Write Backward Compatible Workflow Log File" VALUE ="NO"/>
        <ATTRIBUTE NAME ="Workflow Log File Name" VALUE ="wf_WI_FIN_ADJ_DRR_NG_1.log"/>
        <ATTRIBUTE NAME ="Workflow Log File Directory" VALUE ="$PMWorkflowLogDir&#x5c;"/>
        <ATTRIBUTE NAME ="Save Workflow log by" VALUE ="By runs"/>
        <ATTRIBUTE NAME ="Save workflow log for these runs" VALUE ="0"/>
        <ATTRIBUTE NAME ="Service Name" VALUE =""/>
        <ATTRIBUTE NAME ="Service Timeout" VALUE ="0"/>
        <ATTRIBUTE NAME ="Is Service Visible" VALUE ="NO"/>
        <ATTRIBUTE NAME ="Is Service Protected" VALUE ="NO"/>
        <ATTRIBUTE NAME ="Fail task after wait time" VALUE ="0"/>
        <ATTRIBUTE NAME ="Enable HA recovery" VALUE ="NO"/>
        <ATTRIBUTE NAME ="Automatically recover terminated tasks" VALUE ="NO"/>
        <ATTRIBUTE NAME ="Service Level Name" VALUE ="Default"/>
        <ATTRIBUTE NAME ="Allow concurrent run with unique run instance name" VALUE ="NO"/>
        <ATTRIBUTE NAME ="Allow concurrent run with same run instance name" VALUE ="NO"/>
        <ATTRIBUTE NAME ="Maximum number of concurrent runs" VALUE ="0"/>
        <ATTRIBUTE NAME ="Assigned Web Services Hubs" VALUE =""/>
        <ATTRIBUTE NAME ="Maximum number of concurrent runs per Hub" VALUE ="1000"/>
        <ATTRIBUTE NAME ="Expected Service Time" VALUE ="1"/>
    </WORKFLOW>
</FOLDER>
</REPOSITORY>
</POWERMART>