<?xml version="1.0" encoding="UTF-8"?>
<!DOCTYPE POWERMART SYSTEM "powrmart.dtd">
<POWERMART CREATION_DATE="07/12/2017 02:27:06" REPOSITORY_VERSION="184.93">
<REPOSITORY NAME="EDW_TS1_TEST_961" VERSION="184" CODEPAGE="UTF-8" DATABASETYPE="Oracle">
<FOLDER NAME="EDWTD_AR" GROUP="" OWNER="infoadm" SHARED="NOTSHARED" DESCRIPTION="EDW 2B Development Team
PM:gbhakta" PERMISSIONS="rwx---r--" UUID="bf3783fb-68fa-4b64-9f93-a8fea0f835a6">
    <SOURCE BUSINESSNAME ="" DATABASETYPE ="Teradata" DBDNAME ="TDDEV" DESCRIPTION ="" NAME ="EL_OM_CFI_ADJ_ACCOUNTING" OBJECTVERSION ="1" OWNERNAME ="ETLVWDB_LSS" VERSIONNUMBER ="3">
        <SOURCEFIELD BUSINESSNAME ="" DATATYPE ="varchar" DESCRIPTION ="" FIELDNUMBER ="1" FIELDPROPERTY ="0" FIELDTYPE ="ELEMITEM" HIDDEN ="NO" KEYTYPE ="NOT A KEY" LENGTH ="0" LEVEL ="0" NAME ="ACCOUNTNO" NULLABLE ="NOTNULL" OCCURS ="0" OFFSET ="0" PHYSICALLENGTH ="10" PHYSICALOFFSET ="0" PICTURETEXT ="" PRECISION ="10" SCALE ="0" USAGE_FLAGS =""/>
        <SOURCEFIELD BUSINESSNAME ="" DATATYPE ="decimal" DESCRIPTION ="" FIELDNUMBER ="2" FIELDPROPERTY ="0" FIELDTYPE ="ELEMITEM" HIDDEN ="NO" KEYTYPE ="PRIMARY KEY" LENGTH ="17" LEVEL ="0" NAME ="ADJ_ACCOUNTING_ID" NULLABLE ="NOTNULL" OCCURS ="0" OFFSET ="0" PHYSICALLENGTH ="15" PHYSICALOFFSET ="10" PICTURETEXT ="" PRECISION ="15" SCALE ="0" USAGE_FLAGS =""/>
        <SOURCEFIELD BUSINESSNAME ="" DATATYPE ="varchar" DESCRIPTION ="" FIELDNUMBER ="3" FIELDPROPERTY ="0" FIELDTYPE ="ELEMITEM" HIDDEN ="NO" KEYTYPE ="NOT A KEY" LENGTH ="0" LEVEL ="0" NAME ="ACCOUNT_TYPE" NULLABLE ="NOTNULL" OCCURS ="0" OFFSET ="17" PHYSICALLENGTH ="30" PHYSICALOFFSET ="25" PICTURETEXT ="" PRECISION ="30" SCALE ="0" USAGE_FLAGS =""/>
        <SOURCEFIELD BUSINESSNAME ="" DATATYPE ="decimal" DESCRIPTION ="" FIELDNUMBER ="4" FIELDPROPERTY ="0" FIELDTYPE ="ELEMITEM" HIDDEN ="NO" KEYTYPE ="NOT A KEY" LENGTH ="17" LEVEL ="0" NAME ="ADJ_TYPE_ID" NULLABLE ="NOTNULL" OCCURS ="0" OFFSET ="17" PHYSICALLENGTH ="15" PHYSICALOFFSET ="55" PICTURETEXT ="" PRECISION ="15" SCALE ="0" USAGE_FLAGS =""/>
        <SOURCEFIELD BUSINESSNAME ="" DATATYPE ="varchar" DESCRIPTION ="" FIELDNUMBER ="5" FIELDPROPERTY ="0" FIELDTYPE ="ELEMITEM" HIDDEN ="NO" KEYTYPE ="PRIMARY KEY" LENGTH ="0" LEVEL ="0" NAME ="GLOBAL_NAME" NULLABLE ="NOTNULL" OCCURS ="0" OFFSET ="34" PHYSICALLENGTH ="8" PHYSICALOFFSET ="70" PICTURETEXT ="" PRECISION ="8" SCALE ="0" USAGE_FLAGS =""/>
    </SOURCE>
    <SOURCE BUSINESSNAME ="" DATABASETYPE ="Teradata" DBDNAME ="E_FINLGL_BATCH_DV1" DESCRIPTION ="" NAME ="ST_OM_CFI_ADJ_ACCOUNTING" OBJECTVERSION ="1" OWNERNAME ="STGDB_DV1" VERSIONNUMBER ="5">
        <SOURCEFIELD BUSINESSNAME ="" DATATYPE ="integer" DESCRIPTION ="" FIELDNUMBER ="1" FIELDPROPERTY ="0" FIELDTYPE ="ELEMITEM" HIDDEN ="NO" KEYTYPE ="NOT A KEY" LENGTH ="11" LEVEL ="0" NAME ="BATCH_ID" NULLABLE ="NULL" OCCURS ="0" OFFSET ="0" PHYSICALLENGTH ="10" PHYSICALOFFSET ="0" PICTURETEXT ="" PRECISION ="10" SCALE ="0" USAGE_FLAGS =""/>
        <SOURCEFIELD BUSINESSNAME ="" DATATYPE ="varchar" DESCRIPTION ="" FIELDNUMBER ="2" FIELDPROPERTY ="0" FIELDTYPE ="ELEMITEM" HIDDEN ="NO" KEYTYPE ="NOT A KEY" LENGTH ="0" LEVEL ="0" NAME ="ACCOUNTNO" NULLABLE ="NOTNULL" OCCURS ="0" OFFSET ="11" PHYSICALLENGTH ="10" PHYSICALOFFSET ="10" PICTURETEXT ="" PRECISION ="10" SCALE ="0" USAGE_FLAGS =""/>
        <SOURCEFIELD BUSINESSNAME ="" DATATYPE ="decimal" DESCRIPTION ="" FIELDNUMBER ="3" FIELDPROPERTY ="0" FIELDTYPE ="ELEMITEM" HIDDEN ="NO" KEYTYPE ="NOT A KEY" LENGTH ="17" LEVEL ="0" NAME ="ADJ_ACCOUNTING_ID" NULLABLE ="NOTNULL" OCCURS ="0" OFFSET ="11" PHYSICALLENGTH ="15" PHYSICALOFFSET ="20" PICTURETEXT ="" PRECISION ="15" SCALE ="0" USAGE_FLAGS =""/>
        <SOURCEFIELD BUSINESSNAME ="" DATATYPE ="varchar" DESCRIPTION ="" FIELDNUMBER ="4" FIELDPROPERTY ="0" FIELDTYPE ="ELEMITEM" HIDDEN ="NO" KEYTYPE ="NOT A KEY" LENGTH ="0" LEVEL ="0" NAME ="ACCOUNT_TYPE" NULLABLE ="NOTNULL" OCCURS ="0" OFFSET ="28" PHYSICALLENGTH ="30" PHYSICALOFFSET ="35" PICTURETEXT ="" PRECISION ="30" SCALE ="0" USAGE_FLAGS =""/>
        <SOURCEFIELD BUSINESSNAME ="" DATATYPE ="decimal" DESCRIPTION ="" FIELDNUMBER ="5" FIELDPROPERTY ="0" FIELDTYPE ="ELEMITEM" HIDDEN ="NO" KEYTYPE ="NOT A KEY" LENGTH ="17" LEVEL ="0" NAME ="ADJ_TYPE_ID" NULLABLE ="NOTNULL" OCCURS ="0" OFFSET ="28" PHYSICALLENGTH ="15" PHYSICALOFFSET ="65" PICTURETEXT ="" PRECISION ="15" SCALE ="0" USAGE_FLAGS =""/>
        <SOURCEFIELD BUSINESSNAME ="" DATATYPE ="varchar" DESCRIPTION ="" FIELDNUMBER ="6" FIELDPROPERTY ="0" FIELDTYPE ="ELEMITEM" HIDDEN ="NO" KEYTYPE ="NOT A KEY" LENGTH ="0" LEVEL ="0" NAME ="SUBACCOUNT" NULLABLE ="NULL" OCCURS ="0" OFFSET ="45" PHYSICALLENGTH ="10" PHYSICALOFFSET ="80" PICTURETEXT ="" PRECISION ="10" SCALE ="0" USAGE_FLAGS =""/>
        <SOURCEFIELD BUSINESSNAME ="" DATATYPE ="varchar" DESCRIPTION ="" FIELDNUMBER ="7" FIELDPROPERTY ="0" FIELDTYPE ="ELEMITEM" HIDDEN ="NO" KEYTYPE ="NOT A KEY" LENGTH ="0" LEVEL ="0" NAME ="GLOBAL_NAME" NULLABLE ="NOTNULL" OCCURS ="0" OFFSET ="45" PHYSICALLENGTH ="8" PHYSICALOFFSET ="90" PICTURETEXT ="" PRECISION ="8" SCALE ="0" USAGE_FLAGS =""/>
        <SOURCEFIELD BUSINESSNAME ="" DATATYPE ="timestamp" DESCRIPTION ="" FIELDNUMBER ="8" FIELDPROPERTY ="0" FIELDTYPE ="ELEMITEM" HIDDEN ="NO" KEYTYPE ="NOT A KEY" LENGTH ="19" LEVEL ="0" NAME ="CREATION_DATE" NULLABLE ="NULL" OCCURS ="0" OFFSET ="45" PHYSICALLENGTH ="19" PHYSICALOFFSET ="98" PICTURETEXT ="" PRECISION ="19" SCALE ="0" USAGE_FLAGS =""/>
        <SOURCEFIELD BUSINESSNAME ="" DATATYPE ="timestamp" DESCRIPTION ="" FIELDNUMBER ="9" FIELDPROPERTY ="0" FIELDTYPE ="ELEMITEM" HIDDEN ="NO" KEYTYPE ="NOT A KEY" LENGTH ="19" LEVEL ="0" NAME ="GES_UPDATE_DATE" NULLABLE ="NULL" OCCURS ="0" OFFSET ="64" PHYSICALLENGTH ="19" PHYSICALOFFSET ="117" PICTURETEXT ="" PRECISION ="19" SCALE ="0" USAGE_FLAGS =""/>
        <SOURCEFIELD BUSINESSNAME ="" DATATYPE ="timestamp" DESCRIPTION ="" FIELDNUMBER ="10" FIELDPROPERTY ="0" FIELDTYPE ="ELEMITEM" HIDDEN ="NO" KEYTYPE ="NOT A KEY" LENGTH ="19" LEVEL ="0" NAME ="CREATE_DATETIME" NULLABLE ="NULL" OCCURS ="0" OFFSET ="83" PHYSICALLENGTH ="19" PHYSICALOFFSET ="136" PICTURETEXT ="" PRECISION ="19" SCALE ="0" USAGE_FLAGS =""/>
        <SOURCEFIELD BUSINESSNAME ="" DATATYPE ="char" DESCRIPTION ="" FIELDNUMBER ="11" FIELDPROPERTY ="0" FIELDTYPE ="ELEMITEM" HIDDEN ="NO" KEYTYPE ="NOT A KEY" LENGTH ="0" LEVEL ="0" NAME ="ACTION_CODE" NULLABLE ="NULL" OCCURS ="0" OFFSET ="102" PHYSICALLENGTH ="1" PHYSICALOFFSET ="155" PICTURETEXT ="" PRECISION ="1" SCALE ="0" USAGE_FLAGS =""/>
    </SOURCE>
    <TARGET BUSINESSNAME ="" CONSTRAINT ="" DATABASETYPE ="Teradata" DESCRIPTION ="" NAME ="EL_OM_CFI_ADJ_ACCOUNTING" OBJECTVERSION ="1" TABLEOPTIONS ="" VERSIONNUMBER ="5">
        <TARGETFIELD BUSINESSNAME ="" DATATYPE ="varchar" DESCRIPTION ="" FIELDNUMBER ="1" KEYTYPE ="NOT A KEY" NAME ="ACCOUNTNO" NULLABLE ="NOTNULL" PICTURETEXT ="" PRECISION ="10" SCALE ="0"/>
        <TARGETFIELD BUSINESSNAME ="" DATATYPE ="decimal" DESCRIPTION ="" FIELDNUMBER ="2" KEYTYPE ="PRIMARY KEY" NAME ="ADJ_ACCOUNTING_ID" NULLABLE ="NOTNULL" PICTURETEXT ="" PRECISION ="15" SCALE ="0"/>
        <TARGETFIELD BUSINESSNAME ="" DATATYPE ="varchar" DESCRIPTION ="" FIELDNUMBER ="3" KEYTYPE ="NOT A KEY" NAME ="ACCOUNT_TYPE" NULLABLE ="NOTNULL" PICTURETEXT ="" PRECISION ="30" SCALE ="0"/>
        <TARGETFIELD BUSINESSNAME ="" DATATYPE ="decimal" DESCRIPTION ="" FIELDNUMBER ="4" KEYTYPE ="NOT A KEY" NAME ="ADJ_TYPE_ID" NULLABLE ="NOTNULL" PICTURETEXT ="" PRECISION ="15" SCALE ="0"/>
        <TARGETFIELD BUSINESSNAME ="" DATATYPE ="varchar" DESCRIPTION ="" FIELDNUMBER ="5" KEYTYPE ="PRIMARY KEY" NAME ="GLOBAL_NAME" NULLABLE ="NOTNULL" PICTURETEXT ="" PRECISION ="8" SCALE ="0"/>
    </TARGET>
    <MAPPING DESCRIPTION ="" ISVALID ="YES" NAME ="m_EL_OM_CFI_ADJ_ACCOUNTING" OBJECTVERSION ="1" VERSIONNUMBER ="6">
        <TRANSFORMATION DESCRIPTION ="" NAME ="SQ_ST_OM_CFI_ADJ_ACCOUNTING" OBJECTVERSION ="1" REUSABLE ="NO" TYPE ="Source Qualifier" VERSIONNUMBER ="6">
            <TRANSFORMFIELD DATATYPE ="integer" DEFAULTVALUE ="" DESCRIPTION ="" NAME ="BATCH_ID" PICTURETEXT ="" PORTTYPE ="INPUT/OUTPUT" PRECISION ="10" SCALE ="0"/>
            <TRANSFORMFIELD DATATYPE ="string" DEFAULTVALUE ="" DESCRIPTION ="" NAME ="ACCOUNTNO" PICTURETEXT ="" PORTTYPE ="INPUT/OUTPUT" PRECISION ="10" SCALE ="0"/>
            <TRANSFORMFIELD DATATYPE ="decimal" DEFAULTVALUE ="" DESCRIPTION ="" NAME ="ADJ_ACCOUNTING_ID" PICTURETEXT ="" PORTTYPE ="INPUT/OUTPUT" PRECISION ="15" SCALE ="0"/>
            <TRANSFORMFIELD DATATYPE ="string" DEFAULTVALUE ="" DESCRIPTION ="" NAME ="ACCOUNT_TYPE" PICTURETEXT ="" PORTTYPE ="INPUT/OUTPUT" PRECISION ="30" SCALE ="0"/>
            <TRANSFORMFIELD DATATYPE ="decimal" DEFAULTVALUE ="" DESCRIPTION ="" NAME ="ADJ_TYPE_ID" PICTURETEXT ="" PORTTYPE ="INPUT/OUTPUT" PRECISION ="15" SCALE ="0"/>
            <TRANSFORMFIELD DATATYPE ="string" DEFAULTVALUE ="" DESCRIPTION ="" NAME ="SUBACCOUNT" PICTURETEXT ="" PORTTYPE ="INPUT/OUTPUT" PRECISION ="10" SCALE ="0"/>
            <TRANSFORMFIELD DATATYPE ="string" DEFAULTVALUE ="" DESCRIPTION ="" NAME ="GLOBAL_NAME" PICTURETEXT ="" PORTTYPE ="INPUT/OUTPUT" PRECISION ="8" SCALE ="0"/>
            <TRANSFORMFIELD DATATYPE ="date/time" DEFAULTVALUE ="" DESCRIPTION ="" NAME ="CREATION_DATE" PICTURETEXT ="" PORTTYPE ="INPUT/OUTPUT" PRECISION ="29" SCALE ="9"/>
            <TRANSFORMFIELD DATATYPE ="date/time" DEFAULTVALUE ="" DESCRIPTION ="" NAME ="GES_UPDATE_DATE" PICTURETEXT ="" PORTTYPE ="INPUT/OUTPUT" PRECISION ="29" SCALE ="9"/>
            <TRANSFORMFIELD DATATYPE ="date/time" DEFAULTVALUE ="" DESCRIPTION ="" NAME ="CREATE_DATETIME" PICTURETEXT ="" PORTTYPE ="INPUT/OUTPUT" PRECISION ="29" SCALE ="9"/>
            <TRANSFORMFIELD DATATYPE ="string" DEFAULTVALUE ="" DESCRIPTION ="" NAME ="ACTION_CODE" PICTURETEXT ="" PORTTYPE ="INPUT/OUTPUT" PRECISION ="1" SCALE ="0"/>
            <TABLEATTRIBUTE NAME ="Sql Query" VALUE ="SELECT &#xD;&#xA;SOCAA.ACCOUNTNO, &#xD;&#xA;SOCAA.ADJ_ACCOUNTING_ID, &#xD;&#xA;SOCAA.ACCOUNT_TYPE,&#xD;&#xA;SOCAA.ADJ_TYPE_ID, &#xD;&#xA;SOCAA.GLOBAL_NAME &#xD;&#xA;FROM&#xD;&#xA; $$STGDB.ST_OM_CFI_ADJ_ACCOUNTING SOCAA&#xD;&#xA;WHERE NOT EXISTS(&#xD;&#xA;SELECT 1 FROM $$ETLVWDB.EL_OM_CFI_ADJ_ACCOUNTING EOCAA&#xD;&#xA;WHERE SOCAA.ADJ_ACCOUNTING_ID=EOCAA.ADJ_ACCOUNTING_ID&#xD;&#xA;AND SOCAA.GLOBAL_NAME = EOCAA.GLOBAL_NAME)"/>
            <TABLEATTRIBUTE NAME ="User Defined Join" VALUE =""/>
            <TABLEATTRIBUTE NAME ="Source Filter" VALUE =""/>
            <TABLEATTRIBUTE NAME ="Number Of Sorted Ports" VALUE ="0"/>
            <TABLEATTRIBUTE NAME ="Tracing Level" VALUE ="Normal"/>
            <TABLEATTRIBUTE NAME ="Select Distinct" VALUE ="NO"/>
            <TABLEATTRIBUTE NAME ="Is Partitionable" VALUE ="NO"/>
            <TABLEATTRIBUTE NAME ="Pre SQL" VALUE =""/>
            <TABLEATTRIBUTE NAME ="Post SQL" VALUE =""/>
            <TABLEATTRIBUTE NAME ="Output is deterministic" VALUE ="NO"/>
            <TABLEATTRIBUTE NAME ="Output is repeatable" VALUE ="Never"/>
        </TRANSFORMATION>
        <TRANSFORMATION DESCRIPTION ="" NAME ="SQ_XLA_AE_LINE_CORP_ADJ_INCR" OBJECTVERSION ="1" REUSABLE ="NO" TYPE ="Source Qualifier" VERSIONNUMBER ="3">
            <TRANSFORMFIELD DATATYPE ="string" DEFAULTVALUE ="" DESCRIPTION ="" NAME ="ACCOUNTNO" PICTURETEXT ="" PORTTYPE ="INPUT/OUTPUT" PRECISION ="10" SCALE ="0"/>
            <TRANSFORMFIELD DATATYPE ="decimal" DEFAULTVALUE ="" DESCRIPTION ="" NAME ="ADJ_ACCOUNTING_ID" PICTURETEXT ="" PORTTYPE ="INPUT/OUTPUT" PRECISION ="15" SCALE ="0"/>
            <TRANSFORMFIELD DATATYPE ="string" DEFAULTVALUE ="" DESCRIPTION ="" NAME ="ACCOUNT_TYPE" PICTURETEXT ="" PORTTYPE ="INPUT/OUTPUT" PRECISION ="30" SCALE ="0"/>
            <TRANSFORMFIELD DATATYPE ="decimal" DEFAULTVALUE ="" DESCRIPTION ="" NAME ="ADJ_TYPE_ID" PICTURETEXT ="" PORTTYPE ="INPUT/OUTPUT" PRECISION ="15" SCALE ="0"/>
            <TRANSFORMFIELD DATATYPE ="string" DEFAULTVALUE ="" DESCRIPTION ="" NAME ="GLOBAL_NAME" PICTURETEXT ="" PORTTYPE ="INPUT/OUTPUT" PRECISION ="8" SCALE ="0"/>
            <TABLEATTRIBUTE NAME ="Sql Query" VALUE ="SELECT&#xD;&#xA;ACCOUNTNO,&#xD;&#xA;(MAX_ID + ROW_NUMBER () OVER ( ORDER BY ACCOUNTNO,ACCOUNT_TYPE,ADJ_TYPE_ID )) AS ADJ_ACCOUNTING_ID,  &#xD;&#xA;ACCOUNT_TYPE,&#xD;&#xA;ADJ_TYPE_ID,&#xD;&#xA;GLOBAL_NAME&#xD;&#xA;FROM&#xD;&#xA;(&#xD;&#xA;SELECT&#xD;&#xA;NGLA.BK_FINANCIAL_ACCOUNT_CODE AS ACCOUNTNO,&#xD;&#xA;TMP_MX.MAX_ID,&#xD;&#xA;XAL.ACCOUNTING_CLASS_CODE AS ACCOUNT_TYPE ,&#xD;&#xA;EOCATA.ADJ_TYPE_ID ,&#xD;&#xA;NSSC.GLOBAL_NAME &#xD;&#xA;FROM $$STGDB.WI_XLA_AE_LINE_CORP_ADJ_INCR XAL&#xD;&#xA;INNER JOIN $$COMREFVWDB.N_SOURCE_SYSTEM_CODES NSSC &#xD;&#xA; ON XAL.GLOBAL_NAME = NSSC.GLOBAL_NAME&#xD;&#xA;INNER JOIN $$ETLVWDB.EL_OM_CFI_ADJ_TYPE_ALL EOCATA &#xD;&#xA; ON XAL.DIST_TYPE = EOCATA.ADJ_TYPE_NAME&#xD;&#xA;INNER JOIN $$FINLGLVWDB.N_GENERAL_LEDGER_ACCOUNT NGLA&#xD;&#xA;ON XAL.CODE_COMBINATION_ID = NGLA.SK_CODE_COMBINATION_ID_INT&#xD;&#xA;AND NSSC.SOURCE_SYSTEM_CODE = NGLA.SS_CODE&#xD;&#xA;AND NGLA.BK_FINANCIAL_ACCOUNT_CODE LIKE &apos;4%&apos;&#xD;&#xA;INNER JOIN &#xD;&#xA; ( SELECT COALESCE(MAX(ADJ_ACCOUNTING_ID),0) MAX_ID FROM  $$ETLVWDB.EL_OM_CFI_ADJ_ACCOUNTING ) TMP_MX  &#xD;&#xA; ON 1=1&#xD;&#xA;WHERE &#xD;&#xA;XAL.ACCOUNTING_CLASS_CODE = &apos;REVENUE&apos;&#xD;&#xA;AND NOT EXISTS (&#xD;&#xA;SELECT &apos;Y&apos; FROM $$ETLVWDB.EL_OM_CFI_ADJ_ACCOUNTING EOCAA&#xD;&#xA;WHERE EOCAA.ACCOUNTNO =  NGLA.BK_FINANCIAL_ACCOUNT_CODE                 &#xD;&#xA; AND EOCAA.ACCOUNT_TYPE = XAL.ACCOUNTING_CLASS_CODE  &#xD;&#xA; AND EOCAA.ADJ_TYPE_ID =  EOCATA.ADJ_TYPE_ID&#xD;&#xA;/* AND EOCAA.GLOBAL_NAME = XAL.GLOBAL_NAME*/&#xD;&#xA;)&#xD;&#xA;QUALIFY ROW_NUMBER() OVER(PARTITION BY  NGLA.BK_FINANCIAL_ACCOUNT_CODE  ORDER BY XAL.ACCOUNTING_CLASS_CODE) = 1&#xD;&#xA;)A"/>
            <TABLEATTRIBUTE NAME ="User Defined Join" VALUE =""/>
            <TABLEATTRIBUTE NAME ="Source Filter" VALUE =""/>
            <TABLEATTRIBUTE NAME ="Number Of Sorted Ports" VALUE ="0"/>
            <TABLEATTRIBUTE NAME ="Tracing Level" VALUE ="Normal"/>
            <TABLEATTRIBUTE NAME ="Select Distinct" VALUE ="NO"/>
            <TABLEATTRIBUTE NAME ="Is Partitionable" VALUE ="NO"/>
            <TABLEATTRIBUTE NAME ="Pre SQL" VALUE =""/>
            <TABLEATTRIBUTE NAME ="Post SQL" VALUE =""/>
            <TABLEATTRIBUTE NAME ="Output is deterministic" VALUE ="NO"/>
            <TABLEATTRIBUTE NAME ="Output is repeatable" VALUE ="Never"/>
        </TRANSFORMATION>
        <INSTANCE DESCRIPTION ="" NAME ="EL_OM_CFI_ADJ_ACCOUNTING" TRANSFORMATION_NAME ="EL_OM_CFI_ADJ_ACCOUNTING" TRANSFORMATION_TYPE ="Target Definition" TYPE ="TARGET"/>
        <INSTANCE DESCRIPTION ="" NAME ="EL_OM_CFI_ADJ_ACCOUNTING_Corp_Adj" TRANSFORMATION_NAME ="EL_OM_CFI_ADJ_ACCOUNTING" TRANSFORMATION_TYPE ="Target Definition" TYPE ="TARGET"/>
        <INSTANCE DESCRIPTION ="" NAME ="SQ_ST_OM_CFI_ADJ_ACCOUNTING" REUSABLE ="NO" TRANSFORMATION_NAME ="SQ_ST_OM_CFI_ADJ_ACCOUNTING" TRANSFORMATION_TYPE ="Source Qualifier" TYPE ="TRANSFORMATION">
            <ASSOCIATED_SOURCE_INSTANCE NAME ="ST_OM_CFI_ADJ_ACCOUNTING"/>
        </INSTANCE>
        <INSTANCE DESCRIPTION ="" NAME ="SQ_XLA_AE_LINE_CORP_ADJ_INCR" REUSABLE ="NO" TRANSFORMATION_NAME ="SQ_XLA_AE_LINE_CORP_ADJ_INCR" TRANSFORMATION_TYPE ="Source Qualifier" TYPE ="TRANSFORMATION">
            <ASSOCIATED_SOURCE_INSTANCE NAME ="EL_OM_CFI_ADJ_ACCOUNTING1"/>
        </INSTANCE>
        <INSTANCE DBDNAME ="E_FINLGL_BATCH_DV1" DESCRIPTION ="" NAME ="ST_OM_CFI_ADJ_ACCOUNTING" TRANSFORMATION_NAME ="ST_OM_CFI_ADJ_ACCOUNTING" TRANSFORMATION_TYPE ="Source Definition" TYPE ="SOURCE"/>
        <INSTANCE DBDNAME ="TDDEV" DESCRIPTION ="" NAME ="EL_OM_CFI_ADJ_ACCOUNTING1" TRANSFORMATION_NAME ="EL_OM_CFI_ADJ_ACCOUNTING" TRANSFORMATION_TYPE ="Source Definition" TYPE ="SOURCE"/>
        <CONNECTOR FROMFIELD ="ACCOUNTNO" FROMINSTANCE ="SQ_ST_OM_CFI_ADJ_ACCOUNTING" FROMINSTANCETYPE ="Source Qualifier" TOFIELD ="ACCOUNTNO" TOINSTANCE ="EL_OM_CFI_ADJ_ACCOUNTING" TOINSTANCETYPE ="Target Definition"/>
        <CONNECTOR FROMFIELD ="ADJ_ACCOUNTING_ID" FROMINSTANCE ="SQ_ST_OM_CFI_ADJ_ACCOUNTING" FROMINSTANCETYPE ="Source Qualifier" TOFIELD ="ADJ_ACCOUNTING_ID" TOINSTANCE ="EL_OM_CFI_ADJ_ACCOUNTING" TOINSTANCETYPE ="Target Definition"/>
        <CONNECTOR FROMFIELD ="ACCOUNT_TYPE" FROMINSTANCE ="SQ_ST_OM_CFI_ADJ_ACCOUNTING" FROMINSTANCETYPE ="Source Qualifier" TOFIELD ="ACCOUNT_TYPE" TOINSTANCE ="EL_OM_CFI_ADJ_ACCOUNTING" TOINSTANCETYPE ="Target Definition"/>
        <CONNECTOR FROMFIELD ="ADJ_TYPE_ID" FROMINSTANCE ="SQ_ST_OM_CFI_ADJ_ACCOUNTING" FROMINSTANCETYPE ="Source Qualifier" TOFIELD ="ADJ_TYPE_ID" TOINSTANCE ="EL_OM_CFI_ADJ_ACCOUNTING" TOINSTANCETYPE ="Target Definition"/>
        <CONNECTOR FROMFIELD ="GLOBAL_NAME" FROMINSTANCE ="SQ_ST_OM_CFI_ADJ_ACCOUNTING" FROMINSTANCETYPE ="Source Qualifier" TOFIELD ="GLOBAL_NAME" TOINSTANCE ="EL_OM_CFI_ADJ_ACCOUNTING" TOINSTANCETYPE ="Target Definition"/>
        <CONNECTOR FROMFIELD ="ACCOUNTNO" FROMINSTANCE ="SQ_XLA_AE_LINE_CORP_ADJ_INCR" FROMINSTANCETYPE ="Source Qualifier" TOFIELD ="ACCOUNTNO" TOINSTANCE ="EL_OM_CFI_ADJ_ACCOUNTING_Corp_Adj" TOINSTANCETYPE ="Target Definition"/>
        <CONNECTOR FROMFIELD ="ADJ_ACCOUNTING_ID" FROMINSTANCE ="SQ_XLA_AE_LINE_CORP_ADJ_INCR" FROMINSTANCETYPE ="Source Qualifier" TOFIELD ="ADJ_ACCOUNTING_ID" TOINSTANCE ="EL_OM_CFI_ADJ_ACCOUNTING_Corp_Adj" TOINSTANCETYPE ="Target Definition"/>
        <CONNECTOR FROMFIELD ="ACCOUNT_TYPE" FROMINSTANCE ="SQ_XLA_AE_LINE_CORP_ADJ_INCR" FROMINSTANCETYPE ="Source Qualifier" TOFIELD ="ACCOUNT_TYPE" TOINSTANCE ="EL_OM_CFI_ADJ_ACCOUNTING_Corp_Adj" TOINSTANCETYPE ="Target Definition"/>
        <CONNECTOR FROMFIELD ="ADJ_TYPE_ID" FROMINSTANCE ="SQ_XLA_AE_LINE_CORP_ADJ_INCR" FROMINSTANCETYPE ="Source Qualifier" TOFIELD ="ADJ_TYPE_ID" TOINSTANCE ="EL_OM_CFI_ADJ_ACCOUNTING_Corp_Adj" TOINSTANCETYPE ="Target Definition"/>
        <CONNECTOR FROMFIELD ="GLOBAL_NAME" FROMINSTANCE ="SQ_XLA_AE_LINE_CORP_ADJ_INCR" FROMINSTANCETYPE ="Source Qualifier" TOFIELD ="GLOBAL_NAME" TOINSTANCE ="EL_OM_CFI_ADJ_ACCOUNTING_Corp_Adj" TOINSTANCETYPE ="Target Definition"/>
        <CONNECTOR FROMFIELD ="GLOBAL_NAME" FROMINSTANCE ="ST_OM_CFI_ADJ_ACCOUNTING" FROMINSTANCETYPE ="Source Definition" TOFIELD ="GLOBAL_NAME" TOINSTANCE ="SQ_ST_OM_CFI_ADJ_ACCOUNTING" TOINSTANCETYPE ="Source Qualifier"/>
        <CONNECTOR FROMFIELD ="CREATION_DATE" FROMINSTANCE ="ST_OM_CFI_ADJ_ACCOUNTING" FROMINSTANCETYPE ="Source Definition" TOFIELD ="CREATION_DATE" TOINSTANCE ="SQ_ST_OM_CFI_ADJ_ACCOUNTING" TOINSTANCETYPE ="Source Qualifier"/>
        <CONNECTOR FROMFIELD ="GES_UPDATE_DATE" FROMINSTANCE ="ST_OM_CFI_ADJ_ACCOUNTING" FROMINSTANCETYPE ="Source Definition" TOFIELD ="GES_UPDATE_DATE" TOINSTANCE ="SQ_ST_OM_CFI_ADJ_ACCOUNTING" TOINSTANCETYPE ="Source Qualifier"/>
        <CONNECTOR FROMFIELD ="CREATE_DATETIME" FROMINSTANCE ="ST_OM_CFI_ADJ_ACCOUNTING" FROMINSTANCETYPE ="Source Definition" TOFIELD ="CREATE_DATETIME" TOINSTANCE ="SQ_ST_OM_CFI_ADJ_ACCOUNTING" TOINSTANCETYPE ="Source Qualifier"/>
        <CONNECTOR FROMFIELD ="ACTION_CODE" FROMINSTANCE ="ST_OM_CFI_ADJ_ACCOUNTING" FROMINSTANCETYPE ="Source Definition" TOFIELD ="ACTION_CODE" TOINSTANCE ="SQ_ST_OM_CFI_ADJ_ACCOUNTING" TOINSTANCETYPE ="Source Qualifier"/>
        <CONNECTOR FROMFIELD ="SUBACCOUNT" FROMINSTANCE ="ST_OM_CFI_ADJ_ACCOUNTING" FROMINSTANCETYPE ="Source Definition" TOFIELD ="SUBACCOUNT" TOINSTANCE ="SQ_ST_OM_CFI_ADJ_ACCOUNTING" TOINSTANCETYPE ="Source Qualifier"/>
        <CONNECTOR FROMFIELD ="ACCOUNTNO" FROMINSTANCE ="ST_OM_CFI_ADJ_ACCOUNTING" FROMINSTANCETYPE ="Source Definition" TOFIELD ="ACCOUNTNO" TOINSTANCE ="SQ_ST_OM_CFI_ADJ_ACCOUNTING" TOINSTANCETYPE ="Source Qualifier"/>
        <CONNECTOR FROMFIELD ="BATCH_ID" FROMINSTANCE ="ST_OM_CFI_ADJ_ACCOUNTING" FROMINSTANCETYPE ="Source Definition" TOFIELD ="BATCH_ID" TOINSTANCE ="SQ_ST_OM_CFI_ADJ_ACCOUNTING" TOINSTANCETYPE ="Source Qualifier"/>
        <CONNECTOR FROMFIELD ="ADJ_ACCOUNTING_ID" FROMINSTANCE ="ST_OM_CFI_ADJ_ACCOUNTING" FROMINSTANCETYPE ="Source Definition" TOFIELD ="ADJ_ACCOUNTING_ID" TOINSTANCE ="SQ_ST_OM_CFI_ADJ_ACCOUNTING" TOINSTANCETYPE ="Source Qualifier"/>
        <CONNECTOR FROMFIELD ="ACCOUNT_TYPE" FROMINSTANCE ="ST_OM_CFI_ADJ_ACCOUNTING" FROMINSTANCETYPE ="Source Definition" TOFIELD ="ACCOUNT_TYPE" TOINSTANCE ="SQ_ST_OM_CFI_ADJ_ACCOUNTING" TOINSTANCETYPE ="Source Qualifier"/>
        <CONNECTOR FROMFIELD ="ADJ_TYPE_ID" FROMINSTANCE ="ST_OM_CFI_ADJ_ACCOUNTING" FROMINSTANCETYPE ="Source Definition" TOFIELD ="ADJ_TYPE_ID" TOINSTANCE ="SQ_ST_OM_CFI_ADJ_ACCOUNTING" TOINSTANCETYPE ="Source Qualifier"/>
        <CONNECTOR FROMFIELD ="ACCOUNTNO" FROMINSTANCE ="EL_OM_CFI_ADJ_ACCOUNTING1" FROMINSTANCETYPE ="Source Definition" TOFIELD ="ACCOUNTNO" TOINSTANCE ="SQ_XLA_AE_LINE_CORP_ADJ_INCR" TOINSTANCETYPE ="Source Qualifier"/>
        <CONNECTOR FROMFIELD ="ADJ_ACCOUNTING_ID" FROMINSTANCE ="EL_OM_CFI_ADJ_ACCOUNTING1" FROMINSTANCETYPE ="Source Definition" TOFIELD ="ADJ_ACCOUNTING_ID" TOINSTANCE ="SQ_XLA_AE_LINE_CORP_ADJ_INCR" TOINSTANCETYPE ="Source Qualifier"/>
        <CONNECTOR FROMFIELD ="ACCOUNT_TYPE" FROMINSTANCE ="EL_OM_CFI_ADJ_ACCOUNTING1" FROMINSTANCETYPE ="Source Definition" TOFIELD ="ACCOUNT_TYPE" TOINSTANCE ="SQ_XLA_AE_LINE_CORP_ADJ_INCR" TOINSTANCETYPE ="Source Qualifier"/>
        <CONNECTOR FROMFIELD ="ADJ_TYPE_ID" FROMINSTANCE ="EL_OM_CFI_ADJ_ACCOUNTING1" FROMINSTANCETYPE ="Source Definition" TOFIELD ="ADJ_TYPE_ID" TOINSTANCE ="SQ_XLA_AE_LINE_CORP_ADJ_INCR" TOINSTANCETYPE ="Source Qualifier"/>
        <CONNECTOR FROMFIELD ="GLOBAL_NAME" FROMINSTANCE ="EL_OM_CFI_ADJ_ACCOUNTING1" FROMINSTANCETYPE ="Source Definition" TOFIELD ="GLOBAL_NAME" TOINSTANCE ="SQ_XLA_AE_LINE_CORP_ADJ_INCR" TOINSTANCETYPE ="Source Qualifier"/>
        <TARGETLOADORDER ORDER ="1" TARGETINSTANCE ="EL_OM_CFI_ADJ_ACCOUNTING"/>
        <TARGETLOADORDER ORDER ="2" TARGETINSTANCE ="EL_OM_CFI_ADJ_ACCOUNTING_Corp_Adj"/>
        <MAPPINGVARIABLE DATATYPE ="string" DEFAULTVALUE ="STGDB" DESCRIPTION ="" ISEXPRESSIONVARIABLE ="NO" ISPARAM ="YES" NAME ="$$STGDB" PRECISION ="30" SCALE ="0" USERDEFINED ="YES"/>
        <MAPPINGVARIABLE DATATYPE ="string" DEFAULTVALUE ="ETLVWDB" DESCRIPTION ="" ISEXPRESSIONVARIABLE ="NO" ISPARAM ="YES" NAME ="$$ETLVWDB" PRECISION ="30" SCALE ="0" USERDEFINED ="YES"/>
        <MAPPINGVARIABLE DATATYPE ="string" DEFAULTVALUE ="ETLONLYDB" DESCRIPTION ="" ISEXPRESSIONVARIABLE ="NO" ISPARAM ="YES" NAME ="$$ETLONLYDB" PRECISION ="30" SCALE ="0" USERDEFINED ="YES"/>
        <MAPPINGVARIABLE DATATYPE ="string" DEFAULTVALUE ="" DESCRIPTION ="" ISEXPRESSIONVARIABLE ="NO" ISPARAM ="YES" NAME ="$$FINLGLVWDB" PRECISION ="30" SCALE ="0" USERDEFINED ="YES"/>
        <MAPPINGVARIABLE DATATYPE ="string" DEFAULTVALUE ="" DESCRIPTION ="" ISEXPRESSIONVARIABLE ="NO" ISPARAM ="YES" NAME ="$$COMREFVWDB" PRECISION ="30" SCALE ="0" USERDEFINED ="YES"/>
        <ERPINFO/>
    </MAPPING>
    <CONFIG DESCRIPTION ="Default session configuration object" ISDEFAULT ="YES" NAME ="default_session_config" VERSIONNUMBER ="5">
        <ATTRIBUTE NAME ="Advanced" VALUE =""/>
        <ATTRIBUTE NAME ="Constraint based load ordering" VALUE ="NO"/>
        <ATTRIBUTE NAME ="Cache LOOKUP() function" VALUE ="YES"/>
        <ATTRIBUTE NAME ="Default buffer block size" VALUE ="Auto"/>
        <ATTRIBUTE NAME ="Line Sequential buffer length" VALUE ="1024"/>
        <ATTRIBUTE NAME ="Maximum Memory Allowed For Auto Memory Attributes" VALUE ="512MB"/>
        <ATTRIBUTE NAME ="Maximum Percentage of Total Memory Allowed For Auto Memory Attributes" VALUE ="5"/>
        <ATTRIBUTE NAME ="Additional Concurrent Pipelines for Lookup Cache Creation" VALUE ="Auto"/>
        <ATTRIBUTE NAME ="Custom Properties" VALUE =""/>
        <ATTRIBUTE NAME ="Pre-build lookup cache" VALUE ="Auto"/>
        <ATTRIBUTE NAME ="Optimization Level" VALUE ="Medium"/>
        <ATTRIBUTE NAME ="DateTime Format String" VALUE ="MM/DD/YYYY HH24:MI:SS"/>
        <ATTRIBUTE NAME ="Pre 85 Timestamp Compatibility" VALUE ="YES"/>
        <ATTRIBUTE NAME ="Log Options" VALUE ="0"/>
        <ATTRIBUTE NAME ="Save session log by" VALUE ="Session runs"/>
        <ATTRIBUTE NAME ="Save session log for these runs" VALUE ="5"/>
        <ATTRIBUTE NAME ="Session Log File Max Size" VALUE ="0"/>
        <ATTRIBUTE NAME ="Session Log File Max Time Period" VALUE ="0"/>
        <ATTRIBUTE NAME ="Maximum Partial Session Log Files" VALUE ="1"/>
        <ATTRIBUTE NAME ="Writer Commit Statistics Log Frequency" VALUE ="1"/>
        <ATTRIBUTE NAME ="Writer Commit Statistics Log Interval" VALUE ="0"/>
        <ATTRIBUTE NAME ="Error handling" VALUE =""/>
        <ATTRIBUTE NAME ="Stop on errors" VALUE ="1"/>
        <ATTRIBUTE NAME ="Override tracing" VALUE ="None"/>
        <ATTRIBUTE NAME ="On Stored Procedure error" VALUE ="Stop"/>
        <ATTRIBUTE NAME ="On Pre-session command task error" VALUE ="Stop"/>
        <ATTRIBUTE NAME ="On Pre-Post SQL error" VALUE ="Stop"/>
        <ATTRIBUTE NAME ="Enable Recovery" VALUE ="NO"/>
        <ATTRIBUTE NAME ="Error Log Type" VALUE ="None"/>
        <ATTRIBUTE NAME ="Error Log Table Name Prefix" VALUE =""/>
        <ATTRIBUTE NAME ="Error Log File Name" VALUE ="PMError.log"/>
        <ATTRIBUTE NAME ="Log Source Row Data" VALUE ="NO"/>
        <ATTRIBUTE NAME ="Data Column Delimiter" VALUE ="|"/>
        <ATTRIBUTE NAME ="Partitioning Options" VALUE =""/>
        <ATTRIBUTE NAME ="Dynamic Partitioning" VALUE ="Disabled"/>
        <ATTRIBUTE NAME ="Number of Partitions" VALUE ="1"/>
        <ATTRIBUTE NAME ="Multiplication Factor" VALUE ="Auto"/>
        <ATTRIBUTE NAME ="Session on Grid" VALUE =""/>
        <ATTRIBUTE NAME ="Is Enabled" VALUE ="NO"/>
    </CONFIG>
    <WORKFLOW DESCRIPTION ="" ISENABLED ="YES" ISRUNNABLESERVICE ="NO" ISSERVICE ="NO" ISVALID ="YES" NAME ="wf_EL_OM_CFI_ADJ_ACCOUNTING" REUSABLE_SCHEDULER ="NO" SCHEDULERNAME ="Scheduler" SERVERNAME ="EDW_TS1_TEST_961_Integration_Service" SERVER_DOMAINNAME ="Domain_EDWTD_Test_961" SUSPEND_ON_ERROR ="NO" TASKS_MUST_RUN_ON_SERVER ="NO" VERSIONNUMBER ="7">
        <SCHEDULER DESCRIPTION ="" NAME ="Scheduler" REUSABLE ="NO" VERSIONNUMBER ="6">
            <SCHEDULEINFO SCHEDULETYPE ="ONDEMAND"/>
        </SCHEDULER>
        <TASK DESCRIPTION ="" NAME ="Start" REUSABLE ="NO" TYPE ="Start" VERSIONNUMBER ="6"/>
        <SESSION DESCRIPTION ="" ISVALID ="YES" MAPPINGNAME ="m_EL_OM_CFI_ADJ_ACCOUNTING" NAME ="s_m_EL_OM_CFI_ADJ_ACCOUNTING" REUSABLE ="NO" SORTORDER ="Binary" VERSIONNUMBER ="7">
            <SESSTRANSFORMATIONINST ISREPARTITIONPOINT ="NO" PIPELINE ="0" SINSTANCENAME ="ST_OM_CFI_ADJ_ACCOUNTING" STAGE ="0" TRANSFORMATIONNAME ="ST_OM_CFI_ADJ_ACCOUNTING" TRANSFORMATIONTYPE ="Source Definition">
                <ATTRIBUTE NAME ="Owner Name" VALUE ="$$STGDB"/>
            </SESSTRANSFORMATIONINST>
            <SESSTRANSFORMATIONINST ISREPARTITIONPOINT ="YES" PARTITIONTYPE ="PASS THROUGH" PIPELINE ="1" SINSTANCENAME ="SQ_ST_OM_CFI_ADJ_ACCOUNTING" STAGE ="1" TRANSFORMATIONNAME ="SQ_ST_OM_CFI_ADJ_ACCOUNTING" TRANSFORMATIONTYPE ="Source Qualifier">
                <ATTRIBUTE NAME ="Pre SQL" VALUE ="COLLECT STATS  $$STGDB.ST_OM_CFI_ADJ_ACCOUNTING ;"/>
            </SESSTRANSFORMATIONINST>
            <SESSTRANSFORMATIONINST ISREPARTITIONPOINT ="YES" PARTITIONTYPE ="PASS THROUGH" PIPELINE ="1" SINSTANCENAME ="EL_OM_CFI_ADJ_ACCOUNTING" STAGE ="2" TRANSFORMATIONNAME ="EL_OM_CFI_ADJ_ACCOUNTING" TRANSFORMATIONTYPE ="Target Definition">
                <ATTRIBUTE NAME ="Table Name Prefix" VALUE ="$$ETLVWDB"/>
                <ATTRIBUTE NAME ="Pre SQL" VALUE ="UPDATE EOCAA&#xD;&#xA;FROM&#xD;&#xA;$$ETLVWDB.EL_OM_CFI_ADJ_ACCOUNTING EOCAA,&#xD;&#xA;$$STGDB.ST_OM_CFI_ADJ_ACCOUNTING SOCAA&#xD;&#xA;SET &#xD;&#xA;ACCOUNTNO = SOCAA.ACCOUNTNO,&#xD;&#xA;ACCOUNT_TYPE =SOCAA.ACCOUNT_TYPE,&#xD;&#xA;ADJ_TYPE_ID =SOCAA.ADJ_TYPE_ID&#xD;&#xA;WHERE&#xD;&#xA;EOCAA.ADJ_ACCOUNTING_ID = SOCAA.ADJ_ACCOUNTING_ID&#xD;&#xA;AND EOCAA.GLOBAL_NAME = SOCAA.GLOBAL_NAME"/>
            </SESSTRANSFORMATIONINST>
            <SESSTRANSFORMATIONINST ISREPARTITIONPOINT ="YES" PARTITIONTYPE ="PASS THROUGH" PIPELINE ="2" SINSTANCENAME ="EL_OM_CFI_ADJ_ACCOUNTING_Corp_Adj" STAGE ="3" TRANSFORMATIONNAME ="EL_OM_CFI_ADJ_ACCOUNTING_Corp_Adj" TRANSFORMATIONTYPE ="Target Definition">
                <ATTRIBUTE NAME ="Table Name Prefix" VALUE ="$$ETLVWDB"/>
                <ATTRIBUTE NAME ="Post SQL" VALUE ="CALL COLLECT_STATS_WRAP(&apos;$$ETLONLYDB&apos;,&apos;EL_OM_CFI_ADJ_ACCOUNTING &apos;,&apos;D&apos;);"/>
            </SESSTRANSFORMATIONINST>
            <SESSTRANSFORMATIONINST ISREPARTITIONPOINT ="YES" PARTITIONTYPE ="PASS THROUGH" PIPELINE ="2" SINSTANCENAME ="SQ_XLA_AE_LINE_CORP_ADJ_INCR" STAGE ="4" TRANSFORMATIONNAME ="SQ_XLA_AE_LINE_CORP_ADJ_INCR" TRANSFORMATIONTYPE ="Source Qualifier"/>
            <SESSTRANSFORMATIONINST ISREPARTITIONPOINT ="NO" PIPELINE ="0" SINSTANCENAME ="EL_OM_CFI_ADJ_ACCOUNTING1" STAGE ="0" TRANSFORMATIONNAME ="EL_OM_CFI_ADJ_ACCOUNTING1" TRANSFORMATIONTYPE ="Source Definition"/>
            <CONFIGREFERENCE REFOBJECTNAME ="default_session_config" TYPE ="Session config">
                <ATTRIBUTE NAME ="Save session log for these runs" VALUE ="5"/>
                <ATTRIBUTE NAME ="Stop on errors" VALUE ="1"/>
            </CONFIGREFERENCE>
            <SESSIONEXTENSION DSQINSTNAME ="SQ_ST_OM_CFI_ADJ_ACCOUNTING" DSQINSTTYPE ="Source Qualifier" NAME ="Relational Reader" SINSTANCENAME ="ST_OM_CFI_ADJ_ACCOUNTING" SUBTYPE ="Relational Reader" TRANSFORMATIONTYPE ="Source Definition" TYPE ="READER"/>
            <SESSIONEXTENSION NAME ="Relational Reader" SINSTANCENAME ="SQ_ST_OM_CFI_ADJ_ACCOUNTING" SUBTYPE ="Relational Reader" TRANSFORMATIONTYPE ="Source Qualifier" TYPE ="READER">
                <CONNECTIONREFERENCE CNXREFNAME ="DB Connection" CONNECTIONNAME ="" CONNECTIONNUMBER ="1" CONNECTIONSUBTYPE ="" CONNECTIONTYPE ="Relational" VARIABLE ="$DBConnection_Source"/>
            </SESSIONEXTENSION>
            <SESSIONEXTENSION NAME ="Relational Writer" SINSTANCENAME ="EL_OM_CFI_ADJ_ACCOUNTING" SUBTYPE ="Relational Writer" TRANSFORMATIONTYPE ="Target Definition" TYPE ="WRITER">
                <CONNECTIONREFERENCE CNXREFNAME ="DB Connection" CONNECTIONNAME ="" CONNECTIONNUMBER ="1" CONNECTIONSUBTYPE ="" CONNECTIONTYPE ="Relational" VARIABLE ="$DBConnection_Target"/>
                <ATTRIBUTE NAME ="Target load type" VALUE ="Bulk"/>
                <ATTRIBUTE NAME ="Insert" VALUE ="YES"/>
                <ATTRIBUTE NAME ="Update as Update" VALUE ="NO"/>
                <ATTRIBUTE NAME ="Update as Insert" VALUE ="NO"/>
                <ATTRIBUTE NAME ="Update else Insert" VALUE ="NO"/>
                <ATTRIBUTE NAME ="Delete" VALUE ="NO"/>
                <ATTRIBUTE NAME ="Truncate target table option" VALUE ="NO"/>
                <ATTRIBUTE NAME ="Reject file directory" VALUE ="$PMRootDir/DATA/EDWTD_AR/reject"/>
                <ATTRIBUTE NAME ="Reject filename" VALUE ="el_om_cfi_adj_accounting1.bad"/>
            </SESSIONEXTENSION>
            <SESSIONEXTENSION NAME ="Relational Writer" SINSTANCENAME ="EL_OM_CFI_ADJ_ACCOUNTING_Corp_Adj" SUBTYPE ="Relational Writer" TRANSFORMATIONTYPE ="Target Definition" TYPE ="WRITER">
                <CONNECTIONREFERENCE CNXREFNAME ="DB Connection" CONNECTIONNAME ="" CONNECTIONNUMBER ="1" CONNECTIONSUBTYPE ="" CONNECTIONTYPE ="Relational" VARIABLE ="$DBConnection_Target"/>
                <ATTRIBUTE NAME ="Target load type" VALUE ="Bulk"/>
                <ATTRIBUTE NAME ="Insert" VALUE ="YES"/>
                <ATTRIBUTE NAME ="Update as Update" VALUE ="YES"/>
                <ATTRIBUTE NAME ="Update as Insert" VALUE ="NO"/>
                <ATTRIBUTE NAME ="Update else Insert" VALUE ="NO"/>
                <ATTRIBUTE NAME ="Delete" VALUE ="YES"/>
                <ATTRIBUTE NAME ="Truncate target table option" VALUE ="NO"/>
                <ATTRIBUTE NAME ="Reject file directory" VALUE ="$PMRootDir/DATA/EDWTD_AR/reject"/>
                <ATTRIBUTE NAME ="Reject filename" VALUE ="el_om_cfi_adj_accounting_corp_adj1.bad"/>
            </SESSIONEXTENSION>
            <SESSIONEXTENSION NAME ="Relational Reader" SINSTANCENAME ="SQ_XLA_AE_LINE_CORP_ADJ_INCR" SUBTYPE ="Relational Reader" TRANSFORMATIONTYPE ="Source Qualifier" TYPE ="READER">
                <CONNECTIONREFERENCE CNXREFNAME ="DB Connection" CONNECTIONNAME ="" CONNECTIONNUMBER ="1" CONNECTIONSUBTYPE ="" CONNECTIONTYPE ="Relational" VARIABLE ="$DBConnection_Source"/>
            </SESSIONEXTENSION>
            <SESSIONEXTENSION DSQINSTNAME ="SQ_XLA_AE_LINE_CORP_ADJ_INCR" DSQINSTTYPE ="Source Qualifier" NAME ="Relational Reader" SINSTANCENAME ="EL_OM_CFI_ADJ_ACCOUNTING1" SUBTYPE ="Relational Reader" TRANSFORMATIONTYPE ="Source Definition" TYPE ="READER"/>
            <ATTRIBUTE NAME ="General Options" VALUE =""/>
            <ATTRIBUTE NAME ="Write Backward Compatible Session Log File" VALUE ="NO"/>
            <ATTRIBUTE NAME ="Session Log File Name" VALUE ="s_m_EL_OM_CFI_ADJ_ACCOUNTING.log"/>
            <ATTRIBUTE NAME ="Session Log File directory" VALUE ="$PMSessionLogDir&#x5c;"/>
            <ATTRIBUTE NAME ="Parameter Filename" VALUE ="$PMRootDir/ctrl/db.parm"/>
            <ATTRIBUTE NAME ="Enable Test Load" VALUE ="NO"/>
            <ATTRIBUTE NAME ="$Source connection value" VALUE =""/>
            <ATTRIBUTE NAME ="$Target connection value" VALUE =""/>
            <ATTRIBUTE NAME ="Treat source rows as" VALUE ="Insert"/>
            <ATTRIBUTE NAME ="Commit Type" VALUE ="Target"/>
            <ATTRIBUTE NAME ="Commit Interval" VALUE ="10000"/>
            <ATTRIBUTE NAME ="Commit On End Of File" VALUE ="YES"/>
            <ATTRIBUTE NAME ="Rollback Transactions on Errors" VALUE ="NO"/>
            <ATTRIBUTE NAME ="Recovery Strategy" VALUE ="Fail task and continue workflow"/>
            <ATTRIBUTE NAME ="Java Classpath" VALUE =""/>
            <ATTRIBUTE NAME ="Performance" VALUE =""/>
            <ATTRIBUTE NAME ="DTM buffer size" VALUE ="Auto"/>
            <ATTRIBUTE NAME ="Collect performance data" VALUE ="NO"/>
            <ATTRIBUTE NAME ="Write performance data to repository" VALUE ="NO"/>
            <ATTRIBUTE NAME ="Incremental Aggregation" VALUE ="NO"/>
            <ATTRIBUTE NAME ="Enable high precision" VALUE ="NO"/>
            <ATTRIBUTE NAME ="Session retry on deadlock" VALUE ="NO"/>
            <ATTRIBUTE NAME ="Pushdown Optimization" VALUE ="Full"/>
            <ATTRIBUTE NAME ="Allow Temporary View for Pushdown" VALUE ="NO"/>
            <ATTRIBUTE NAME ="Allow Temporary Sequence for Pushdown" VALUE ="NO"/>
            <ATTRIBUTE NAME ="Allow Pushdown for User Incompatible Connections" VALUE ="NO"/>
        </SESSION>
        <TASKINSTANCE DESCRIPTION ="" ISENABLED ="YES" NAME ="Start" REUSABLE ="NO" TASKNAME ="Start" TASKTYPE ="Start"/>
        <TASKINSTANCE DESCRIPTION ="" FAIL_PARENT_IF_INSTANCE_DID_NOT_RUN ="YES" FAIL_PARENT_IF_INSTANCE_FAILS ="YES" ISENABLED ="YES" NAME ="s_m_EL_OM_CFI_ADJ_ACCOUNTING" REUSABLE ="NO" TASKNAME ="s_m_EL_OM_CFI_ADJ_ACCOUNTING" TASKTYPE ="Session" TREAT_INPUTLINK_AS_AND ="YES"/>
        <WORKFLOWLINK CONDITION ="" FROMTASK ="Start" TOTASK ="s_m_EL_OM_CFI_ADJ_ACCOUNTING"/>
        <WORKFLOWVARIABLE DATATYPE ="date/time" DEFAULTVALUE ="" DESCRIPTION ="The time this task started" ISNULL ="NO" ISPERSISTENT ="NO" NAME ="$Start.StartTime" USERDEFINED ="NO"/>
        <WORKFLOWVARIABLE DATATYPE ="date/time" DEFAULTVALUE ="" DESCRIPTION ="The time this task completed" ISNULL ="NO" ISPERSISTENT ="NO" NAME ="$Start.EndTime" USERDEFINED ="NO"/>
        <WORKFLOWVARIABLE DATATYPE ="integer" DEFAULTVALUE ="" DESCRIPTION ="Status of this task&apos;s execution" ISNULL ="NO" ISPERSISTENT ="NO" NAME ="$Start.Status" USERDEFINED ="NO"/>
        <WORKFLOWVARIABLE DATATYPE ="integer" DEFAULTVALUE ="" DESCRIPTION ="Status of the previous task that is not disabled" ISNULL ="NO" ISPERSISTENT ="NO" NAME ="$Start.PrevTaskStatus" USERDEFINED ="NO"/>
        <WORKFLOWVARIABLE DATATYPE ="integer" DEFAULTVALUE ="" DESCRIPTION ="Error code for this task&apos;s execution" ISNULL ="NO" ISPERSISTENT ="NO" NAME ="$Start.ErrorCode" USERDEFINED ="NO"/>
        <WORKFLOWVARIABLE DATATYPE ="string" DEFAULTVALUE ="" DESCRIPTION ="Error message for this task&apos;s execution" ISNULL ="NO" ISPERSISTENT ="NO" NAME ="$Start.ErrorMsg" USERDEFINED ="NO"/>
        <WORKFLOWVARIABLE DATATYPE ="date/time" DEFAULTVALUE ="" DESCRIPTION ="The time this task started" ISNULL ="NO" ISPERSISTENT ="NO" NAME ="$s_m_EL_OM_CFI_ADJ_ACCOUNTING.StartTime" USERDEFINED ="NO"/>
        <WORKFLOWVARIABLE DATATYPE ="date/time" DEFAULTVALUE ="" DESCRIPTION ="The time this task completed" ISNULL ="NO" ISPERSISTENT ="NO" NAME ="$s_m_EL_OM_CFI_ADJ_ACCOUNTING.EndTime" USERDEFINED ="NO"/>
        <WORKFLOWVARIABLE DATATYPE ="integer" DEFAULTVALUE ="" DESCRIPTION ="Status of this task&apos;s execution" ISNULL ="NO" ISPERSISTENT ="NO" NAME ="$s_m_EL_OM_CFI_ADJ_ACCOUNTING.Status" USERDEFINED ="NO"/>
        <WORKFLOWVARIABLE DATATYPE ="integer" DEFAULTVALUE ="" DESCRIPTION ="Status of the previous task that is not disabled" ISNULL ="NO" ISPERSISTENT ="NO" NAME ="$s_m_EL_OM_CFI_ADJ_ACCOUNTING.PrevTaskStatus" USERDEFINED ="NO"/>
        <WORKFLOWVARIABLE DATATYPE ="integer" DEFAULTVALUE ="" DESCRIPTION ="Error code for this task&apos;s execution" ISNULL ="NO" ISPERSISTENT ="NO" NAME ="$s_m_EL_OM_CFI_ADJ_ACCOUNTING.ErrorCode" USERDEFINED ="NO"/>
        <WORKFLOWVARIABLE DATATYPE ="string" DEFAULTVALUE ="" DESCRIPTION ="Error message for this task&apos;s execution" ISNULL ="NO" ISPERSISTENT ="NO" NAME ="$s_m_EL_OM_CFI_ADJ_ACCOUNTING.ErrorMsg" USERDEFINED ="NO"/>
        <WORKFLOWVARIABLE DATATYPE ="integer" DEFAULTVALUE ="" DESCRIPTION ="Rows successfully read" ISNULL ="NO" ISPERSISTENT ="NO" NAME ="$s_m_EL_OM_CFI_ADJ_ACCOUNTING.SrcSuccessRows" USERDEFINED ="NO"/>
        <WORKFLOWVARIABLE DATATYPE ="integer" DEFAULTVALUE ="" DESCRIPTION ="Rows failed to read" ISNULL ="NO" ISPERSISTENT ="NO" NAME ="$s_m_EL_OM_CFI_ADJ_ACCOUNTING.SrcFailedRows" USERDEFINED ="NO"/>
        <WORKFLOWVARIABLE DATATYPE ="integer" DEFAULTVALUE ="" DESCRIPTION ="Rows successfully loaded" ISNULL ="NO" ISPERSISTENT ="NO" NAME ="$s_m_EL_OM_CFI_ADJ_ACCOUNTING.TgtSuccessRows" USERDEFINED ="NO"/>
        <WORKFLOWVARIABLE DATATYPE ="integer" DEFAULTVALUE ="" DESCRIPTION ="Rows failed to load" ISNULL ="NO" ISPERSISTENT ="NO" NAME ="$s_m_EL_OM_CFI_ADJ_ACCOUNTING.TgtFailedRows" USERDEFINED ="NO"/>
        <WORKFLOWVARIABLE DATATYPE ="integer" DEFAULTVALUE ="" DESCRIPTION ="Total number of transformation errors" ISNULL ="NO" ISPERSISTENT ="NO" NAME ="$s_m_EL_OM_CFI_ADJ_ACCOUNTING.TotalTransErrors" USERDEFINED ="NO"/>
        <WORKFLOWVARIABLE DATATYPE ="integer" DEFAULTVALUE ="" DESCRIPTION ="First error code" ISNULL ="NO" ISPERSISTENT ="NO" NAME ="$s_m_EL_OM_CFI_ADJ_ACCOUNTING.FirstErrorCode" USERDEFINED ="NO"/>
        <WORKFLOWVARIABLE DATATYPE ="string" DEFAULTVALUE ="" DESCRIPTION ="First error message" ISNULL ="NO" ISPERSISTENT ="NO" NAME ="$s_m_EL_OM_CFI_ADJ_ACCOUNTING.FirstErrorMsg" USERDEFINED ="NO"/>
        <ATTRIBUTE NAME ="Parameter Filename" VALUE =""/>
        <ATTRIBUTE NAME ="Write Backward Compatible Workflow Log File" VALUE ="NO"/>
        <ATTRIBUTE NAME ="Workflow Log File Name" VALUE ="R3_wf_EL_OM_RAX_INVOICE_LINES_ALL.log"/>
        <ATTRIBUTE NAME ="Workflow Log File Directory" VALUE ="$PMWorkflowLogDir&#x5c;"/>
        <ATTRIBUTE NAME ="Save Workflow log by" VALUE ="By runs"/>
        <ATTRIBUTE NAME ="Save workflow log for these runs" VALUE ="0"/>
        <ATTRIBUTE NAME ="Service Name" VALUE =""/>
        <ATTRIBUTE NAME ="Service Timeout" VALUE ="0"/>
        <ATTRIBUTE NAME ="Is Service Visible" VALUE ="NO"/>
        <ATTRIBUTE NAME ="Is Service Protected" VALUE ="NO"/>
        <ATTRIBUTE NAME ="Fail task after wait time" VALUE ="0"/>
        <ATTRIBUTE NAME ="Enable HA recovery" VALUE ="NO"/>
        <ATTRIBUTE NAME ="Automatically recover terminated tasks" VALUE ="NO"/>
        <ATTRIBUTE NAME ="Service Level Name" VALUE ="Default"/>
        <ATTRIBUTE NAME ="Allow concurrent run with unique run instance name" VALUE ="NO"/>
        <ATTRIBUTE NAME ="Allow concurrent run with same run instance name" VALUE ="NO"/>
        <ATTRIBUTE NAME ="Maximum number of concurrent runs" VALUE ="0"/>
        <ATTRIBUTE NAME ="Assigned Web Services Hubs" VALUE =""/>
        <ATTRIBUTE NAME ="Maximum number of concurrent runs per Hub" VALUE ="1000"/>
        <ATTRIBUTE NAME ="Expected Service Time" VALUE ="1"/>
    </WORKFLOW>
</FOLDER>
</REPOSITORY>
</POWERMART>