<?xml version="1.0" encoding="UTF-8"?>
<!DOCTYPE POWERMART SYSTEM "powrmart.dtd">
<POWERMART CREATION_DATE="07/12/2017 02:27:15" REPOSITORY_VERSION="184.93">
<REPOSITORY NAME="EDW_TS1_TEST_961" VERSION="184" CODEPAGE="UTF-8" DATABASETYPE="Oracle">
<FOLDER NAME="EDWTD_AR" GROUP="" OWNER="infoadm" SHARED="NOTSHARED" DESCRIPTION="EDW 2B Development Team
PM:gbhakta" PERMISSIONS="rwx---r--" UUID="bf3783fb-68fa-4b64-9f93-a8fea0f835a6">
    <SOURCE BUSINESSNAME ="" DATABASETYPE ="Teradata" DBDNAME ="TDDEV" DESCRIPTION ="" NAME ="EL_OM_CFI_REV_ADJ_TRX_ALL" OBJECTVERSION ="1" OWNERNAME ="ETLVWDB_LSS" VERSIONNUMBER ="4">
        <SOURCEFIELD BUSINESSNAME ="" DATATYPE ="varchar" DESCRIPTION ="" FIELDNUMBER ="1" FIELDPROPERTY ="0" FIELDTYPE ="ELEMITEM" HIDDEN ="NO" KEYTYPE ="PRIMARY KEY" LENGTH ="0" LEVEL ="0" NAME ="GLOBAL_NAME" NULLABLE ="NOTNULL" OCCURS ="0" OFFSET ="0" PHYSICALLENGTH ="8" PHYSICALOFFSET ="0" PICTURETEXT ="" PRECISION ="8" SCALE ="0" USAGE_FLAGS =""/>
        <SOURCEFIELD BUSINESSNAME ="" DATATYPE ="decimal" DESCRIPTION ="" FIELDNUMBER ="2" FIELDPROPERTY ="0" FIELDTYPE ="ELEMITEM" HIDDEN ="NO" KEYTYPE ="PRIMARY KEY" LENGTH ="17" LEVEL ="0" NAME ="REV_ADJ_TRX_ID" NULLABLE ="NOTNULL" OCCURS ="0" OFFSET ="0" PHYSICALLENGTH ="15" PHYSICALOFFSET ="8" PICTURETEXT ="" PRECISION ="15" SCALE ="0" USAGE_FLAGS =""/>
        <SOURCEFIELD BUSINESSNAME ="" DATATYPE ="integer" DESCRIPTION ="" FIELDNUMBER ="3" FIELDPROPERTY ="0" FIELDTYPE ="ELEMITEM" HIDDEN ="NO" KEYTYPE ="NOT A KEY" LENGTH ="11" LEVEL ="0" NAME ="ADJ_TYPE_ID" NULLABLE ="NULL" OCCURS ="0" OFFSET ="17" PHYSICALLENGTH ="10" PHYSICALOFFSET ="23" PICTURETEXT ="" PRECISION ="10" SCALE ="0" USAGE_FLAGS =""/>
        <SOURCEFIELD BUSINESSNAME ="" DATATYPE ="decimal" DESCRIPTION ="" FIELDNUMBER ="4" FIELDPROPERTY ="0" FIELDTYPE ="ELEMITEM" HIDDEN ="NO" KEYTYPE ="NOT A KEY" LENGTH ="20" LEVEL ="0" NAME ="ADJUSTMENT_REVENUE_USD" NULLABLE ="NULL" OCCURS ="0" OFFSET ="28" PHYSICALLENGTH ="18" PHYSICALOFFSET ="33" PICTURETEXT ="" PRECISION ="18" SCALE ="6" USAGE_FLAGS =""/>
        <SOURCEFIELD BUSINESSNAME ="" DATATYPE ="decimal" DESCRIPTION ="" FIELDNUMBER ="5" FIELDPROPERTY ="0" FIELDTYPE ="ELEMITEM" HIDDEN ="NO" KEYTYPE ="NOT A KEY" LENGTH ="20" LEVEL ="0" NAME ="ADJUSTMENT_COGS_USD" NULLABLE ="NULL" OCCURS ="0" OFFSET ="48" PHYSICALLENGTH ="18" PHYSICALOFFSET ="51" PICTURETEXT ="" PRECISION ="18" SCALE ="6" USAGE_FLAGS =""/>
        <SOURCEFIELD BUSINESSNAME ="" DATATYPE ="integer" DESCRIPTION ="" FIELDNUMBER ="6" FIELDPROPERTY ="0" FIELDTYPE ="ELEMITEM" HIDDEN ="NO" KEYTYPE ="NOT A KEY" LENGTH ="11" LEVEL ="0" NAME ="PERIOD_YEAR" NULLABLE ="NULL" OCCURS ="0" OFFSET ="68" PHYSICALLENGTH ="10" PHYSICALOFFSET ="69" PICTURETEXT ="" PRECISION ="10" SCALE ="0" USAGE_FLAGS =""/>
        <SOURCEFIELD BUSINESSNAME ="" DATATYPE ="integer" DESCRIPTION ="" FIELDNUMBER ="7" FIELDPROPERTY ="0" FIELDTYPE ="ELEMITEM" HIDDEN ="NO" KEYTYPE ="NOT A KEY" LENGTH ="11" LEVEL ="0" NAME ="PERIOD_NUM" NULLABLE ="NULL" OCCURS ="0" OFFSET ="79" PHYSICALLENGTH ="10" PHYSICALOFFSET ="79" PICTURETEXT ="" PRECISION ="10" SCALE ="0" USAGE_FLAGS =""/>
    </SOURCE>
    <SOURCE BUSINESSNAME ="" DATABASETYPE ="Teradata" DBDNAME ="TD0" DESCRIPTION ="" NAME ="ST_OM_CFI_REV_ADJ_TRX_ALL" OBJECTVERSION ="1" OWNERNAME ="STGDB" VERSIONNUMBER ="9">
        <SOURCEFIELD BUSINESSNAME ="" DATATYPE ="decimal" DESCRIPTION ="" FIELDNUMBER ="1" FIELDPROPERTY ="0" FIELDTYPE ="ELEMITEM" HIDDEN ="NO" KEYTYPE ="NOT A KEY" LENGTH ="17" LEVEL ="0" NAME ="BATCH_ID" NULLABLE ="NULL" OCCURS ="0" OFFSET ="0" PHYSICALLENGTH ="15" PHYSICALOFFSET ="0" PICTURETEXT ="" PRECISION ="15" SCALE ="0" USAGE_FLAGS =""/>
        <SOURCEFIELD BUSINESSNAME ="" DATATYPE ="varchar" DESCRIPTION ="" FIELDNUMBER ="2" FIELDPROPERTY ="0" FIELDTYPE ="ELEMITEM" HIDDEN ="NO" KEYTYPE ="PRIMARY KEY" LENGTH ="0" LEVEL ="0" NAME ="GLOBAL_NAME" NULLABLE ="NOTNULL" OCCURS ="0" OFFSET ="17" PHYSICALLENGTH ="8" PHYSICALOFFSET ="15" PICTURETEXT ="" PRECISION ="8" SCALE ="0" USAGE_FLAGS =""/>
        <SOURCEFIELD BUSINESSNAME ="" DATATYPE ="decimal" DESCRIPTION ="" FIELDNUMBER ="3" FIELDPROPERTY ="0" FIELDTYPE ="ELEMITEM" HIDDEN ="NO" KEYTYPE ="PRIMARY KEY" LENGTH ="17" LEVEL ="0" NAME ="REV_ADJ_TRX_ID" NULLABLE ="NOTNULL" OCCURS ="0" OFFSET ="17" PHYSICALLENGTH ="15" PHYSICALOFFSET ="23" PICTURETEXT ="" PRECISION ="15" SCALE ="0" USAGE_FLAGS =""/>
        <SOURCEFIELD BUSINESSNAME ="" DATATYPE ="decimal" DESCRIPTION ="" FIELDNUMBER ="4" FIELDPROPERTY ="0" FIELDTYPE ="ELEMITEM" HIDDEN ="NO" KEYTYPE ="NOT A KEY" LENGTH ="17" LEVEL ="0" NAME ="ADJ_TYPE_ID" NULLABLE ="NULL" OCCURS ="0" OFFSET ="34" PHYSICALLENGTH ="15" PHYSICALOFFSET ="38" PICTURETEXT ="" PRECISION ="15" SCALE ="0" USAGE_FLAGS =""/>
        <SOURCEFIELD BUSINESSNAME ="" DATATYPE ="varchar" DESCRIPTION ="" FIELDNUMBER ="5" FIELDPROPERTY ="0" FIELDTYPE ="ELEMITEM" HIDDEN ="NO" KEYTYPE ="NOT A KEY" LENGTH ="0" LEVEL ="0" NAME ="ADJ_SOURCE_TYPE" NULLABLE ="NULL" OCCURS ="0" OFFSET ="51" PHYSICALLENGTH ="20" PHYSICALOFFSET ="53" PICTURETEXT ="" PRECISION ="20" SCALE ="0" USAGE_FLAGS =""/>
        <SOURCEFIELD BUSINESSNAME ="" DATATYPE ="decimal" DESCRIPTION ="" FIELDNUMBER ="6" FIELDPROPERTY ="0" FIELDTYPE ="ELEMITEM" HIDDEN ="NO" KEYTYPE ="NOT A KEY" LENGTH ="17" LEVEL ="0" NAME ="SOURCE_HEADER_ID" NULLABLE ="NULL" OCCURS ="0" OFFSET ="51" PHYSICALLENGTH ="15" PHYSICALOFFSET ="73" PICTURETEXT ="" PRECISION ="15" SCALE ="0" USAGE_FLAGS =""/>
        <SOURCEFIELD BUSINESSNAME ="" DATATYPE ="decimal" DESCRIPTION ="" FIELDNUMBER ="7" FIELDPROPERTY ="0" FIELDTYPE ="ELEMITEM" HIDDEN ="NO" KEYTYPE ="NOT A KEY" LENGTH ="17" LEVEL ="0" NAME ="SOURCE_LINE_ID" NULLABLE ="NULL" OCCURS ="0" OFFSET ="68" PHYSICALLENGTH ="15" PHYSICALOFFSET ="88" PICTURETEXT ="" PRECISION ="15" SCALE ="0" USAGE_FLAGS =""/>
        <SOURCEFIELD BUSINESSNAME ="" DATATYPE ="varchar" DESCRIPTION ="" FIELDNUMBER ="8" FIELDPROPERTY ="0" FIELDTYPE ="ELEMITEM" HIDDEN ="NO" KEYTYPE ="NOT A KEY" LENGTH ="0" LEVEL ="0" NAME ="CURRENCY_CODE" NULLABLE ="NULL" OCCURS ="0" OFFSET ="85" PHYSICALLENGTH ="5" PHYSICALOFFSET ="103" PICTURETEXT ="" PRECISION ="5" SCALE ="0" USAGE_FLAGS =""/>
        <SOURCEFIELD BUSINESSNAME ="" DATATYPE ="decimal" DESCRIPTION ="" FIELDNUMBER ="9" FIELDPROPERTY ="0" FIELDTYPE ="ELEMITEM" HIDDEN ="NO" KEYTYPE ="NOT A KEY" LENGTH ="20" LEVEL ="0" NAME ="ADJUSTMENT_REVENUE" NULLABLE ="NULL" OCCURS ="0" OFFSET ="85" PHYSICALLENGTH ="18" PHYSICALOFFSET ="108" PICTURETEXT ="" PRECISION ="18" SCALE ="6" USAGE_FLAGS =""/>
        <SOURCEFIELD BUSINESSNAME ="" DATATYPE ="decimal" DESCRIPTION ="" FIELDNUMBER ="10" FIELDPROPERTY ="0" FIELDTYPE ="ELEMITEM" HIDDEN ="NO" KEYTYPE ="NOT A KEY" LENGTH ="20" LEVEL ="0" NAME ="ADJUSTMENT_REVENUE_USD" NULLABLE ="NULL" OCCURS ="0" OFFSET ="105" PHYSICALLENGTH ="18" PHYSICALOFFSET ="126" PICTURETEXT ="" PRECISION ="18" SCALE ="6" USAGE_FLAGS =""/>
        <SOURCEFIELD BUSINESSNAME ="" DATATYPE ="decimal" DESCRIPTION ="" FIELDNUMBER ="11" FIELDPROPERTY ="0" FIELDTYPE ="ELEMITEM" HIDDEN ="NO" KEYTYPE ="NOT A KEY" LENGTH ="20" LEVEL ="0" NAME ="ADJUSTMENT_COGS_USD" NULLABLE ="NULL" OCCURS ="0" OFFSET ="125" PHYSICALLENGTH ="18" PHYSICALOFFSET ="144" PICTURETEXT ="" PRECISION ="18" SCALE ="6" USAGE_FLAGS =""/>
        <SOURCEFIELD BUSINESSNAME ="" DATATYPE ="decimal" DESCRIPTION ="" FIELDNUMBER ="12" FIELDPROPERTY ="0" FIELDTYPE ="ELEMITEM" HIDDEN ="NO" KEYTYPE ="NOT A KEY" LENGTH ="17" LEVEL ="0" NAME ="PERIOD_YEAR" NULLABLE ="NULL" OCCURS ="0" OFFSET ="145" PHYSICALLENGTH ="15" PHYSICALOFFSET ="162" PICTURETEXT ="" PRECISION ="15" SCALE ="0" USAGE_FLAGS =""/>
        <SOURCEFIELD BUSINESSNAME ="" DATATYPE ="decimal" DESCRIPTION ="" FIELDNUMBER ="13" FIELDPROPERTY ="0" FIELDTYPE ="ELEMITEM" HIDDEN ="NO" KEYTYPE ="NOT A KEY" LENGTH ="17" LEVEL ="0" NAME ="PERIOD_NUM" NULLABLE ="NULL" OCCURS ="0" OFFSET ="162" PHYSICALLENGTH ="15" PHYSICALOFFSET ="177" PICTURETEXT ="" PRECISION ="15" SCALE ="0" USAGE_FLAGS =""/>
        <SOURCEFIELD BUSINESSNAME ="" DATATYPE ="decimal" DESCRIPTION ="" FIELDNUMBER ="14" FIELDPROPERTY ="0" FIELDTYPE ="ELEMITEM" HIDDEN ="NO" KEYTYPE ="NOT A KEY" LENGTH ="17" LEVEL ="0" NAME ="REV_SUMMARY_ID" NULLABLE ="NULL" OCCURS ="0" OFFSET ="179" PHYSICALLENGTH ="15" PHYSICALOFFSET ="192" PICTURETEXT ="" PRECISION ="15" SCALE ="0" USAGE_FLAGS =""/>
        <SOURCEFIELD BUSINESSNAME ="" DATATYPE ="decimal" DESCRIPTION ="" FIELDNUMBER ="15" FIELDPROPERTY ="0" FIELDTYPE ="ELEMITEM" HIDDEN ="NO" KEYTYPE ="NOT A KEY" LENGTH ="17" LEVEL ="0" NAME ="ORG_ID" NULLABLE ="NULL" OCCURS ="0" OFFSET ="196" PHYSICALLENGTH ="15" PHYSICALOFFSET ="207" PICTURETEXT ="" PRECISION ="15" SCALE ="0" USAGE_FLAGS =""/>
        <SOURCEFIELD BUSINESSNAME ="" DATATYPE ="decimal" DESCRIPTION ="" FIELDNUMBER ="16" FIELDPROPERTY ="0" FIELDTYPE ="ELEMITEM" HIDDEN ="NO" KEYTYPE ="NOT A KEY" LENGTH ="17" LEVEL ="0" NAME ="SET_OF_BOOKS_ID" NULLABLE ="NULL" OCCURS ="0" OFFSET ="213" PHYSICALLENGTH ="15" PHYSICALOFFSET ="222" PICTURETEXT ="" PRECISION ="15" SCALE ="0" USAGE_FLAGS =""/>
        <SOURCEFIELD BUSINESSNAME ="" DATATYPE ="char" DESCRIPTION ="" FIELDNUMBER ="17" FIELDPROPERTY ="0" FIELDTYPE ="ELEMITEM" HIDDEN ="NO" KEYTYPE ="NOT A KEY" LENGTH ="0" LEVEL ="0" NAME ="CSM_FLAG" NULLABLE ="NULL" OCCURS ="0" OFFSET ="230" PHYSICALLENGTH ="1" PHYSICALOFFSET ="237" PICTURETEXT ="" PRECISION ="1" SCALE ="0" USAGE_FLAGS =""/>
        <SOURCEFIELD BUSINESSNAME ="" DATATYPE ="timestamp" DESCRIPTION ="" FIELDNUMBER ="18" FIELDPROPERTY ="0" FIELDTYPE ="ELEMITEM" HIDDEN ="NO" KEYTYPE ="NOT A KEY" LENGTH ="19" LEVEL ="0" NAME ="TRANSACTION_DATE" NULLABLE ="NULL" OCCURS ="0" OFFSET ="230" PHYSICALLENGTH ="19" PHYSICALOFFSET ="238" PICTURETEXT ="" PRECISION ="19" SCALE ="0" USAGE_FLAGS =""/>
        <SOURCEFIELD BUSINESSNAME ="" DATATYPE ="timestamp" DESCRIPTION ="" FIELDNUMBER ="19" FIELDPROPERTY ="0" FIELDTYPE ="ELEMITEM" HIDDEN ="NO" KEYTYPE ="NOT A KEY" LENGTH ="19" LEVEL ="0" NAME ="CREATE_DATETIME" NULLABLE ="NULL" OCCURS ="0" OFFSET ="249" PHYSICALLENGTH ="19" PHYSICALOFFSET ="257" PICTURETEXT ="" PRECISION ="19" SCALE ="0" USAGE_FLAGS =""/>
        <SOURCEFIELD BUSINESSNAME ="" DATATYPE ="char" DESCRIPTION ="" FIELDNUMBER ="20" FIELDPROPERTY ="0" FIELDTYPE ="ELEMITEM" HIDDEN ="NO" KEYTYPE ="NOT A KEY" LENGTH ="0" LEVEL ="0" NAME ="ACTION_CODE" NULLABLE ="NULL" OCCURS ="0" OFFSET ="268" PHYSICALLENGTH ="1" PHYSICALOFFSET ="276" PICTURETEXT ="" PRECISION ="1" SCALE ="0" USAGE_FLAGS =""/>
    </SOURCE>
    <TARGET BUSINESSNAME ="" CONSTRAINT ="" DATABASETYPE ="Teradata" DESCRIPTION ="" NAME ="EL_OM_CFI_REV_ADJ_TRX_ALL" OBJECTVERSION ="1" TABLEOPTIONS ="" VERSIONNUMBER ="8">
        <TARGETFIELD BUSINESSNAME ="" DATATYPE ="varchar" DESCRIPTION ="" FIELDNUMBER ="1" KEYTYPE ="NOT A KEY" NAME ="GLOBAL_NAME" NULLABLE ="NOTNULL" PICTURETEXT ="" PRECISION ="8" SCALE ="0"/>
        <TARGETFIELD BUSINESSNAME ="" DATATYPE ="decimal" DESCRIPTION ="" FIELDNUMBER ="2" KEYTYPE ="NOT A KEY" NAME ="REV_ADJ_TRX_ID" NULLABLE ="NOTNULL" PICTURETEXT ="" PRECISION ="15" SCALE ="0"/>
        <TARGETFIELD BUSINESSNAME ="" DATATYPE ="integer" DESCRIPTION ="" FIELDNUMBER ="3" KEYTYPE ="NOT A KEY" NAME ="ADJ_TYPE_ID" NULLABLE ="NULL" PICTURETEXT ="" PRECISION ="10" SCALE ="0"/>
        <TARGETFIELD BUSINESSNAME ="" DATATYPE ="decimal" DESCRIPTION ="" FIELDNUMBER ="4" KEYTYPE ="NOT A KEY" NAME ="ADJUSTMENT_REVENUE_USD" NULLABLE ="NULL" PICTURETEXT ="" PRECISION ="18" SCALE ="6"/>
        <TARGETFIELD BUSINESSNAME ="" DATATYPE ="decimal" DESCRIPTION ="" FIELDNUMBER ="5" KEYTYPE ="NOT A KEY" NAME ="ADJUSTMENT_COGS_USD" NULLABLE ="NULL" PICTURETEXT ="" PRECISION ="18" SCALE ="6"/>
        <TARGETFIELD BUSINESSNAME ="" DATATYPE ="integer" DESCRIPTION ="" FIELDNUMBER ="6" KEYTYPE ="NOT A KEY" NAME ="PERIOD_YEAR" NULLABLE ="NULL" PICTURETEXT ="" PRECISION ="10" SCALE ="0"/>
        <TARGETFIELD BUSINESSNAME ="" DATATYPE ="integer" DESCRIPTION ="" FIELDNUMBER ="7" KEYTYPE ="NOT A KEY" NAME ="PERIOD_NUM" NULLABLE ="NULL" PICTURETEXT ="" PRECISION ="10" SCALE ="0"/>
    </TARGET>
    <MAPPING DESCRIPTION ="" ISVALID ="YES" NAME ="m_EL_OM_CFI_REV_ADJ_TRX_ALL" OBJECTVERSION ="1" VERSIONNUMBER ="12">
        <TRANSFORMATION DESCRIPTION ="" NAME ="SQ_ST_OM_CFI_REV_ADJ_TRX_ALL" OBJECTVERSION ="1" REUSABLE ="NO" TYPE ="Source Qualifier" VERSIONNUMBER ="9">
            <TRANSFORMFIELD DATATYPE ="string" DEFAULTVALUE ="" DESCRIPTION ="" NAME ="GLOBAL_NAME" PICTURETEXT ="" PORTTYPE ="INPUT/OUTPUT" PRECISION ="8" SCALE ="0"/>
            <TRANSFORMFIELD DATATYPE ="decimal" DEFAULTVALUE ="" DESCRIPTION ="" NAME ="REV_ADJ_TRX_ID" PICTURETEXT ="" PORTTYPE ="INPUT/OUTPUT" PRECISION ="15" SCALE ="0"/>
            <TRANSFORMFIELD DATATYPE ="decimal" DEFAULTVALUE ="" DESCRIPTION ="" NAME ="ADJ_TYPE_ID" PICTURETEXT ="" PORTTYPE ="INPUT/OUTPUT" PRECISION ="15" SCALE ="0"/>
            <TRANSFORMFIELD DATATYPE ="decimal" DEFAULTVALUE ="" DESCRIPTION ="" NAME ="ADJUSTMENT_REVENUE_USD" PICTURETEXT ="" PORTTYPE ="INPUT/OUTPUT" PRECISION ="18" SCALE ="6"/>
            <TRANSFORMFIELD DATATYPE ="decimal" DEFAULTVALUE ="" DESCRIPTION ="" NAME ="ADJUSTMENT_COGS_USD" PICTURETEXT ="" PORTTYPE ="INPUT/OUTPUT" PRECISION ="18" SCALE ="6"/>
            <TRANSFORMFIELD DATATYPE ="decimal" DEFAULTVALUE ="" DESCRIPTION ="" NAME ="PERIOD_YEAR" PICTURETEXT ="" PORTTYPE ="INPUT/OUTPUT" PRECISION ="10" SCALE ="0"/>
            <TRANSFORMFIELD DATATYPE ="decimal" DEFAULTVALUE ="" DESCRIPTION ="" NAME ="PERIOD_NUM" PICTURETEXT ="" PORTTYPE ="INPUT/OUTPUT" PRECISION ="10" SCALE ="0"/>
            <TABLEATTRIBUTE NAME ="Sql Query" VALUE ="SELECT&#x9;ST_OM_CFI_REV_ADJ_TRX_ALL.GLOBAL_NAME, ST_OM_CFI_REV_ADJ_TRX_ALL.REV_ADJ_TRX_ID,&#xD;&#xA;&#x9;&#x9;ST_OM_CFI_REV_ADJ_TRX_ALL.ADJ_TYPE_ID, ST_OM_CFI_REV_ADJ_TRX_ALL.ADJUSTMENT_REVENUE_USD,&#xD;&#xA;&#x9;&#x9;ST_OM_CFI_REV_ADJ_TRX_ALL.ADJUSTMENT_COGS_USD,&#xD;&#xA;ST_OM_CFI_REV_ADJ_TRX_ALL.PERIOD_YEAR,&#xD;&#xA;ST_OM_CFI_REV_ADJ_TRX_ALL.PERIOD_NUM&#xD;&#xA;FROM&#x9;&#xD;&#xA; $$STGDB.ST_OM_CFI_REV_ADJ_TRX_ALL&#xD;&#xA;WHERE&#x9;NOT EXISTS( &#xD;&#xA;SELECT&#x9;1 &#xD;&#xA;FROM&#x9;$$ETLVWDB.EL_OM_CFI_REV_ADJ_TRX_ALL &#xD;&#xA;WHERE&#x9;ST_OM_CFI_REV_ADJ_TRX_ALL.REV_ADJ_TRX_ID=EL_OM_CFI_REV_ADJ_TRX_ALL.REV_ADJ_TRX_ID&#xD;&#xA;&#x9;AND&#x9;&#xD;&#xA;ST_OM_CFI_REV_ADJ_TRX_ALL.GLOBAL_NAME=EL_OM_CFI_REV_ADJ_TRX_ALL.GLOBAL_NAME)"/>
            <TABLEATTRIBUTE NAME ="User Defined Join" VALUE =""/>
            <TABLEATTRIBUTE NAME ="Source Filter" VALUE =""/>
            <TABLEATTRIBUTE NAME ="Number Of Sorted Ports" VALUE ="0"/>
            <TABLEATTRIBUTE NAME ="Tracing Level" VALUE ="Normal"/>
            <TABLEATTRIBUTE NAME ="Select Distinct" VALUE ="NO"/>
            <TABLEATTRIBUTE NAME ="Is Partitionable" VALUE ="NO"/>
            <TABLEATTRIBUTE NAME ="Pre SQL" VALUE =""/>
            <TABLEATTRIBUTE NAME ="Post SQL" VALUE =""/>
            <TABLEATTRIBUTE NAME ="Output is deterministic" VALUE ="NO"/>
            <TABLEATTRIBUTE NAME ="Output is repeatable" VALUE ="Never"/>
        </TRANSFORMATION>
        <TRANSFORMATION DESCRIPTION ="" NAME ="SQ_WI_XLA_AE_LINE_CORP_ADJ_INCR" OBJECTVERSION ="1" REUSABLE ="NO" TYPE ="Source Qualifier" VERSIONNUMBER ="4">
            <TRANSFORMFIELD DATATYPE ="string" DEFAULTVALUE ="" DESCRIPTION ="" NAME ="GLOBAL_NAME" PICTURETEXT ="" PORTTYPE ="INPUT/OUTPUT" PRECISION ="8" SCALE ="0"/>
            <TRANSFORMFIELD DATATYPE ="decimal" DEFAULTVALUE ="" DESCRIPTION ="" NAME ="REV_ADJ_TRX_ID" PICTURETEXT ="" PORTTYPE ="INPUT/OUTPUT" PRECISION ="15" SCALE ="0"/>
            <TRANSFORMFIELD DATATYPE ="integer" DEFAULTVALUE ="" DESCRIPTION ="" NAME ="ADJ_TYPE_ID" PICTURETEXT ="" PORTTYPE ="INPUT/OUTPUT" PRECISION ="10" SCALE ="0"/>
            <TRANSFORMFIELD DATATYPE ="decimal" DEFAULTVALUE ="" DESCRIPTION ="" NAME ="ADJUSTMENT_REVENUE_USD" PICTURETEXT ="" PORTTYPE ="INPUT/OUTPUT" PRECISION ="18" SCALE ="6"/>
            <TRANSFORMFIELD DATATYPE ="decimal" DEFAULTVALUE ="" DESCRIPTION ="" NAME ="ADJUSTMENT_COGS_USD" PICTURETEXT ="" PORTTYPE ="INPUT/OUTPUT" PRECISION ="18" SCALE ="6"/>
            <TRANSFORMFIELD DATATYPE ="integer" DEFAULTVALUE ="" DESCRIPTION ="" NAME ="PERIOD_YEAR" PICTURETEXT ="" PORTTYPE ="INPUT/OUTPUT" PRECISION ="10" SCALE ="0"/>
            <TRANSFORMFIELD DATATYPE ="integer" DEFAULTVALUE ="" DESCRIPTION ="" NAME ="PERIOD_NUM" PICTURETEXT ="" PORTTYPE ="INPUT/OUTPUT" PRECISION ="10" SCALE ="0"/>
            <TABLEATTRIBUTE NAME ="Sql Query" VALUE ="SELECT&#xD;&#xA;XAL.GLOBAL_NAME ,&#xD;&#xA;cast(XAL.TRANSACTION_DIST_ID AS DECIMAL(15,0)) as REV_ADJ_TRX_ID, &#xD;&#xA;EOCATA.ADJ_TYPE_ID ,&#xD;&#xA;WI_AMT.ADJUSTMENT_COGS * COALESCE(NCCDR.PL_CONVERSION_RATE,1) as ADJUSTMENT_REVENUE_USD,&#xD;&#xA;WI_AMT.ADJUSTMENT_REVENUE * COALESCE(NCCDR.PL_CONVERSION_RATE,1) as ADJUSTMENT_COGS_USD,&#xD;&#xA;NFM.BK_FISCAL_YEAR_NUMBER_INT as PERIOD_YEAR ,&#xD;&#xA;NFM.BK_FISCAL_MONTH_NUMBER_INT as PERIOD_NUM&#xD;&#xA;FROM&#xD;&#xA;$$STGDB.WI_XLA_AE_LINE_CORP_ADJ_INCR XAL&#xD;&#xA;INNER JOIN $$COMREFVWDB.N_SOURCE_SYSTEM_CODES NSSC&#xD;&#xA; ON NSSC.GLOBAL_NAME = XAL.GLOBAL_NAME&#xD;&#xA;INNER JOIN $$STGDB.WI_CORP_ADJ_AMOUNT WI_AMT&#xD;&#xA;ON XAL.TRANSACTION_DIST_ID = WI_AMT.TRANSACTION_DIST_ID&#xD;&#xA;AND XAL.APPLICATION_ID = WI_AMT.APPLICATION_ID&#xD;&#xA;AND XAL.GLOBAL_NAME = WI_AMT.GLOBAL_NAME&#xD;&#xA;INNER JOIN $$ETLVWDB.EL_OM_CFI_ADJ_TYPE_ALL EOCATA &#xD;&#xA; ON  XAL.DIST_TYPE = EOCATA.ADJ_TYPE_NAME&#xD;&#xA;INNER JOIN $$ETLVWDB.EL_XLA_AE_HEADERS_AR XAH&#xD;&#xA; ON  XAL.AE_HEADER_ID = XAH.AE_HEADER_ID&#xD;&#xA; AND XAL.APPLICATION_ID = XAH.APPLICATION_ID &#xD;&#xA;INNER JOIN  $$COMREFVWDB.N_FISCAL_MONTH NFM&#xD;&#xA; ON  CAST(XAH.ACCOUNTING_DATE AS DATE) &gt;= NFM.FISCAL_MONTH_START_DATE&#xD;&#xA; AND CAST(XAH.ACCOUNTING_DATE AS DATE)&lt;= NFM.FISCAL_MONTH_END_DATE&#xD;&#xA;INNER JOIN $$FINLGLVWDB.N_SET_OF_BOOKS NSOB&#xD;&#xA; ON NSOB.SK_SET_OF_BOOKS_ID_INT = XAH.LEDGER_ID&#xD;&#xA; AND NSOB.SS_CODE = NSSC.SOURCE_SYSTEM_CODE     &#xD;&#xA;LEFT OUTER JOIN $$FINLGLVWDB.N_CURRENCY_CONV_DAILY_RATE NCCDR&#xD;&#xA; ON  NSOB.FUNCTIONAL_CURRENCY_CODE = NCCDR.BK_FROM_CURRENCY_CODE&#xD;&#xA; AND NCCDR.BK_TO_CURRENCY_CODE = &apos;USD&apos;&#xD;&#xA; AND CAST(XAL.GL_DATE AS DATE) = NCCDR.BK_CONVERSION_DATE   &#xD;&#xA; AND NCCDR.SK_CONVERSION_TYPE_CODE = &apos;Corporate&apos;&#xD;&#xA;WHERE NOT EXISTS&#xD;&#xA; ( SELECT 1 FROM $$ETLVWDB.EL_OM_CFI_REV_ADJ_TRX_ALL &#xD;&#xA; WHERE cast(XAL.TRANSACTION_DIST_ID AS DECIMAL(15,0)) = EL_OM_CFI_REV_ADJ_TRX_ALL.REV_ADJ_TRX_ID&#xD;&#xA; AND XAL.GLOBAL_NAME = EL_OM_CFI_REV_ADJ_TRX_ALL.GLOBAL_NAME)&#xD;&#xA;/*AND EXISTS (SELECT 1 FROM $$ETLVWDB.EL_AR_LEDGER EAL WHERE XAH.LEDGER_ID = EAL.LEDGER_ID) */&#xD;&#xA;AND XAH.GL_TRANSFER_DATE IS NOT NULL&#xD;&#xA;AND COALESCE(XAH.GL_TRANSFER_STATUS_CODE, &apos;N&apos;) = &apos;Y&apos;"/>
            <TABLEATTRIBUTE NAME ="User Defined Join" VALUE =""/>
            <TABLEATTRIBUTE NAME ="Source Filter" VALUE =""/>
            <TABLEATTRIBUTE NAME ="Number Of Sorted Ports" VALUE ="0"/>
            <TABLEATTRIBUTE NAME ="Tracing Level" VALUE ="Normal"/>
            <TABLEATTRIBUTE NAME ="Select Distinct" VALUE ="NO"/>
            <TABLEATTRIBUTE NAME ="Is Partitionable" VALUE ="NO"/>
            <TABLEATTRIBUTE NAME ="Pre SQL" VALUE =""/>
            <TABLEATTRIBUTE NAME ="Post SQL" VALUE =""/>
            <TABLEATTRIBUTE NAME ="Output is deterministic" VALUE ="NO"/>
            <TABLEATTRIBUTE NAME ="Output is repeatable" VALUE ="Never"/>
        </TRANSFORMATION>
        <INSTANCE DESCRIPTION ="" NAME ="EL_OM_CFI_REV_ADJ_TRX_ALL" TRANSFORMATION_NAME ="EL_OM_CFI_REV_ADJ_TRX_ALL" TRANSFORMATION_TYPE ="Target Definition" TYPE ="TARGET">
            <TABLEATTRIBUTE NAME ="Table Name Prefix" VALUE ="$$ETLONLYDB"/>
        </INSTANCE>
        <INSTANCE DESCRIPTION ="" NAME ="EL_OM_CFI_REV_ADJ_TRX_ALL_Corp_Adj" TRANSFORMATION_NAME ="EL_OM_CFI_REV_ADJ_TRX_ALL" TRANSFORMATION_TYPE ="Target Definition" TYPE ="TARGET">
            <TABLEATTRIBUTE NAME ="Table Name Prefix" VALUE ="$$ETLONLYDB"/>
        </INSTANCE>
        <INSTANCE DESCRIPTION ="" NAME ="SQ_ST_OM_CFI_REV_ADJ_TRX_ALL" REUSABLE ="NO" TRANSFORMATION_NAME ="SQ_ST_OM_CFI_REV_ADJ_TRX_ALL" TRANSFORMATION_TYPE ="Source Qualifier" TYPE ="TRANSFORMATION">
            <ASSOCIATED_SOURCE_INSTANCE NAME ="ST_OM_CFI_REV_ADJ_TRX_ALL"/>
        </INSTANCE>
        <INSTANCE DESCRIPTION ="" NAME ="SQ_WI_XLA_AE_LINE_CORP_ADJ_INCR" REUSABLE ="NO" TRANSFORMATION_NAME ="SQ_WI_XLA_AE_LINE_CORP_ADJ_INCR" TRANSFORMATION_TYPE ="Source Qualifier" TYPE ="TRANSFORMATION">
            <ASSOCIATED_SOURCE_INSTANCE NAME ="EL_OM_CFI_REV_ADJ_TRX_ALL1"/>
        </INSTANCE>
        <INSTANCE DBDNAME ="TD0" DESCRIPTION ="" NAME ="ST_OM_CFI_REV_ADJ_TRX_ALL" TRANSFORMATION_NAME ="ST_OM_CFI_REV_ADJ_TRX_ALL" TRANSFORMATION_TYPE ="Source Definition" TYPE ="SOURCE"/>
        <INSTANCE DBDNAME ="TDDEV" DESCRIPTION ="" NAME ="EL_OM_CFI_REV_ADJ_TRX_ALL1" TRANSFORMATION_NAME ="EL_OM_CFI_REV_ADJ_TRX_ALL" TRANSFORMATION_TYPE ="Source Definition" TYPE ="SOURCE"/>
        <CONNECTOR FROMFIELD ="ADJUSTMENT_COGS_USD" FROMINSTANCE ="SQ_ST_OM_CFI_REV_ADJ_TRX_ALL" FROMINSTANCETYPE ="Source Qualifier" TOFIELD ="ADJUSTMENT_COGS_USD" TOINSTANCE ="EL_OM_CFI_REV_ADJ_TRX_ALL" TOINSTANCETYPE ="Target Definition"/>
        <CONNECTOR FROMFIELD ="ADJUSTMENT_REVENUE_USD" FROMINSTANCE ="SQ_ST_OM_CFI_REV_ADJ_TRX_ALL" FROMINSTANCETYPE ="Source Qualifier" TOFIELD ="ADJUSTMENT_REVENUE_USD" TOINSTANCE ="EL_OM_CFI_REV_ADJ_TRX_ALL" TOINSTANCETYPE ="Target Definition"/>
        <CONNECTOR FROMFIELD ="GLOBAL_NAME" FROMINSTANCE ="SQ_ST_OM_CFI_REV_ADJ_TRX_ALL" FROMINSTANCETYPE ="Source Qualifier" TOFIELD ="GLOBAL_NAME" TOINSTANCE ="EL_OM_CFI_REV_ADJ_TRX_ALL" TOINSTANCETYPE ="Target Definition"/>
        <CONNECTOR FROMFIELD ="REV_ADJ_TRX_ID" FROMINSTANCE ="SQ_ST_OM_CFI_REV_ADJ_TRX_ALL" FROMINSTANCETYPE ="Source Qualifier" TOFIELD ="REV_ADJ_TRX_ID" TOINSTANCE ="EL_OM_CFI_REV_ADJ_TRX_ALL" TOINSTANCETYPE ="Target Definition"/>
        <CONNECTOR FROMFIELD ="ADJ_TYPE_ID" FROMINSTANCE ="SQ_ST_OM_CFI_REV_ADJ_TRX_ALL" FROMINSTANCETYPE ="Source Qualifier" TOFIELD ="ADJ_TYPE_ID" TOINSTANCE ="EL_OM_CFI_REV_ADJ_TRX_ALL" TOINSTANCETYPE ="Target Definition"/>
        <CONNECTOR FROMFIELD ="PERIOD_YEAR" FROMINSTANCE ="SQ_ST_OM_CFI_REV_ADJ_TRX_ALL" FROMINSTANCETYPE ="Source Qualifier" TOFIELD ="PERIOD_YEAR" TOINSTANCE ="EL_OM_CFI_REV_ADJ_TRX_ALL" TOINSTANCETYPE ="Target Definition"/>
        <CONNECTOR FROMFIELD ="PERIOD_NUM" FROMINSTANCE ="SQ_ST_OM_CFI_REV_ADJ_TRX_ALL" FROMINSTANCETYPE ="Source Qualifier" TOFIELD ="PERIOD_NUM" TOINSTANCE ="EL_OM_CFI_REV_ADJ_TRX_ALL" TOINSTANCETYPE ="Target Definition"/>
        <CONNECTOR FROMFIELD ="GLOBAL_NAME" FROMINSTANCE ="SQ_WI_XLA_AE_LINE_CORP_ADJ_INCR" FROMINSTANCETYPE ="Source Qualifier" TOFIELD ="GLOBAL_NAME" TOINSTANCE ="EL_OM_CFI_REV_ADJ_TRX_ALL_Corp_Adj" TOINSTANCETYPE ="Target Definition"/>
        <CONNECTOR FROMFIELD ="REV_ADJ_TRX_ID" FROMINSTANCE ="SQ_WI_XLA_AE_LINE_CORP_ADJ_INCR" FROMINSTANCETYPE ="Source Qualifier" TOFIELD ="REV_ADJ_TRX_ID" TOINSTANCE ="EL_OM_CFI_REV_ADJ_TRX_ALL_Corp_Adj" TOINSTANCETYPE ="Target Definition"/>
        <CONNECTOR FROMFIELD ="ADJ_TYPE_ID" FROMINSTANCE ="SQ_WI_XLA_AE_LINE_CORP_ADJ_INCR" FROMINSTANCETYPE ="Source Qualifier" TOFIELD ="ADJ_TYPE_ID" TOINSTANCE ="EL_OM_CFI_REV_ADJ_TRX_ALL_Corp_Adj" TOINSTANCETYPE ="Target Definition"/>
        <CONNECTOR FROMFIELD ="ADJUSTMENT_REVENUE_USD" FROMINSTANCE ="SQ_WI_XLA_AE_LINE_CORP_ADJ_INCR" FROMINSTANCETYPE ="Source Qualifier" TOFIELD ="ADJUSTMENT_REVENUE_USD" TOINSTANCE ="EL_OM_CFI_REV_ADJ_TRX_ALL_Corp_Adj" TOINSTANCETYPE ="Target Definition"/>
        <CONNECTOR FROMFIELD ="ADJUSTMENT_COGS_USD" FROMINSTANCE ="SQ_WI_XLA_AE_LINE_CORP_ADJ_INCR" FROMINSTANCETYPE ="Source Qualifier" TOFIELD ="ADJUSTMENT_COGS_USD" TOINSTANCE ="EL_OM_CFI_REV_ADJ_TRX_ALL_Corp_Adj" TOINSTANCETYPE ="Target Definition"/>
        <CONNECTOR FROMFIELD ="PERIOD_YEAR" FROMINSTANCE ="SQ_WI_XLA_AE_LINE_CORP_ADJ_INCR" FROMINSTANCETYPE ="Source Qualifier" TOFIELD ="PERIOD_YEAR" TOINSTANCE ="EL_OM_CFI_REV_ADJ_TRX_ALL_Corp_Adj" TOINSTANCETYPE ="Target Definition"/>
        <CONNECTOR FROMFIELD ="PERIOD_NUM" FROMINSTANCE ="SQ_WI_XLA_AE_LINE_CORP_ADJ_INCR" FROMINSTANCETYPE ="Source Qualifier" TOFIELD ="PERIOD_NUM" TOINSTANCE ="EL_OM_CFI_REV_ADJ_TRX_ALL_Corp_Adj" TOINSTANCETYPE ="Target Definition"/>
        <CONNECTOR FROMFIELD ="GLOBAL_NAME" FROMINSTANCE ="ST_OM_CFI_REV_ADJ_TRX_ALL" FROMINSTANCETYPE ="Source Definition" TOFIELD ="GLOBAL_NAME" TOINSTANCE ="SQ_ST_OM_CFI_REV_ADJ_TRX_ALL" TOINSTANCETYPE ="Source Qualifier"/>
        <CONNECTOR FROMFIELD ="REV_ADJ_TRX_ID" FROMINSTANCE ="ST_OM_CFI_REV_ADJ_TRX_ALL" FROMINSTANCETYPE ="Source Definition" TOFIELD ="REV_ADJ_TRX_ID" TOINSTANCE ="SQ_ST_OM_CFI_REV_ADJ_TRX_ALL" TOINSTANCETYPE ="Source Qualifier"/>
        <CONNECTOR FROMFIELD ="ADJ_TYPE_ID" FROMINSTANCE ="ST_OM_CFI_REV_ADJ_TRX_ALL" FROMINSTANCETYPE ="Source Definition" TOFIELD ="ADJ_TYPE_ID" TOINSTANCE ="SQ_ST_OM_CFI_REV_ADJ_TRX_ALL" TOINSTANCETYPE ="Source Qualifier"/>
        <CONNECTOR FROMFIELD ="ADJUSTMENT_REVENUE_USD" FROMINSTANCE ="ST_OM_CFI_REV_ADJ_TRX_ALL" FROMINSTANCETYPE ="Source Definition" TOFIELD ="ADJUSTMENT_REVENUE_USD" TOINSTANCE ="SQ_ST_OM_CFI_REV_ADJ_TRX_ALL" TOINSTANCETYPE ="Source Qualifier"/>
        <CONNECTOR FROMFIELD ="ADJUSTMENT_COGS_USD" FROMINSTANCE ="ST_OM_CFI_REV_ADJ_TRX_ALL" FROMINSTANCETYPE ="Source Definition" TOFIELD ="ADJUSTMENT_COGS_USD" TOINSTANCE ="SQ_ST_OM_CFI_REV_ADJ_TRX_ALL" TOINSTANCETYPE ="Source Qualifier"/>
        <CONNECTOR FROMFIELD ="PERIOD_YEAR" FROMINSTANCE ="ST_OM_CFI_REV_ADJ_TRX_ALL" FROMINSTANCETYPE ="Source Definition" TOFIELD ="PERIOD_YEAR" TOINSTANCE ="SQ_ST_OM_CFI_REV_ADJ_TRX_ALL" TOINSTANCETYPE ="Source Qualifier"/>
        <CONNECTOR FROMFIELD ="PERIOD_NUM" FROMINSTANCE ="ST_OM_CFI_REV_ADJ_TRX_ALL" FROMINSTANCETYPE ="Source Definition" TOFIELD ="PERIOD_NUM" TOINSTANCE ="SQ_ST_OM_CFI_REV_ADJ_TRX_ALL" TOINSTANCETYPE ="Source Qualifier"/>
        <CONNECTOR FROMFIELD ="GLOBAL_NAME" FROMINSTANCE ="EL_OM_CFI_REV_ADJ_TRX_ALL1" FROMINSTANCETYPE ="Source Definition" TOFIELD ="GLOBAL_NAME" TOINSTANCE ="SQ_WI_XLA_AE_LINE_CORP_ADJ_INCR" TOINSTANCETYPE ="Source Qualifier"/>
        <CONNECTOR FROMFIELD ="REV_ADJ_TRX_ID" FROMINSTANCE ="EL_OM_CFI_REV_ADJ_TRX_ALL1" FROMINSTANCETYPE ="Source Definition" TOFIELD ="REV_ADJ_TRX_ID" TOINSTANCE ="SQ_WI_XLA_AE_LINE_CORP_ADJ_INCR" TOINSTANCETYPE ="Source Qualifier"/>
        <CONNECTOR FROMFIELD ="ADJ_TYPE_ID" FROMINSTANCE ="EL_OM_CFI_REV_ADJ_TRX_ALL1" FROMINSTANCETYPE ="Source Definition" TOFIELD ="ADJ_TYPE_ID" TOINSTANCE ="SQ_WI_XLA_AE_LINE_CORP_ADJ_INCR" TOINSTANCETYPE ="Source Qualifier"/>
        <CONNECTOR FROMFIELD ="ADJUSTMENT_REVENUE_USD" FROMINSTANCE ="EL_OM_CFI_REV_ADJ_TRX_ALL1" FROMINSTANCETYPE ="Source Definition" TOFIELD ="ADJUSTMENT_REVENUE_USD" TOINSTANCE ="SQ_WI_XLA_AE_LINE_CORP_ADJ_INCR" TOINSTANCETYPE ="Source Qualifier"/>
        <CONNECTOR FROMFIELD ="ADJUSTMENT_COGS_USD" FROMINSTANCE ="EL_OM_CFI_REV_ADJ_TRX_ALL1" FROMINSTANCETYPE ="Source Definition" TOFIELD ="ADJUSTMENT_COGS_USD" TOINSTANCE ="SQ_WI_XLA_AE_LINE_CORP_ADJ_INCR" TOINSTANCETYPE ="Source Qualifier"/>
        <CONNECTOR FROMFIELD ="PERIOD_YEAR" FROMINSTANCE ="EL_OM_CFI_REV_ADJ_TRX_ALL1" FROMINSTANCETYPE ="Source Definition" TOFIELD ="PERIOD_YEAR" TOINSTANCE ="SQ_WI_XLA_AE_LINE_CORP_ADJ_INCR" TOINSTANCETYPE ="Source Qualifier"/>
        <CONNECTOR FROMFIELD ="PERIOD_NUM" FROMINSTANCE ="EL_OM_CFI_REV_ADJ_TRX_ALL1" FROMINSTANCETYPE ="Source Definition" TOFIELD ="PERIOD_NUM" TOINSTANCE ="SQ_WI_XLA_AE_LINE_CORP_ADJ_INCR" TOINSTANCETYPE ="Source Qualifier"/>
        <TARGETLOADORDER ORDER ="1" TARGETINSTANCE ="EL_OM_CFI_REV_ADJ_TRX_ALL"/>
        <TARGETLOADORDER ORDER ="2" TARGETINSTANCE ="EL_OM_CFI_REV_ADJ_TRX_ALL_Corp_Adj"/>
        <MAPPINGVARIABLE DATATYPE ="string" DEFAULTVALUE ="BASEVWDB" DESCRIPTION ="" ISEXPRESSIONVARIABLE ="NO" ISPARAM ="YES" NAME ="$$BASEVWDB" PRECISION ="30" SCALE ="0" USERDEFINED ="YES"/>
        <MAPPINGVARIABLE DATATYPE ="string" DEFAULTVALUE ="ETLONLYDB" DESCRIPTION ="" ISEXPRESSIONVARIABLE ="NO" ISPARAM ="YES" NAME ="$$ETLONLYDB" PRECISION ="30" SCALE ="0" USERDEFINED ="YES"/>
        <MAPPINGVARIABLE DATATYPE ="string" DEFAULTVALUE ="STGDB" DESCRIPTION ="" ISEXPRESSIONVARIABLE ="NO" ISPARAM ="YES" NAME ="$$STGDB" PRECISION ="30" SCALE ="0" USERDEFINED ="YES"/>
        <MAPPINGVARIABLE DATATYPE ="string" DEFAULTVALUE ="" DESCRIPTION ="" ISEXPRESSIONVARIABLE ="NO" ISPARAM ="YES" NAME ="$$ETLVWDB" PRECISION ="30" SCALE ="0" USERDEFINED ="YES"/>
        <MAPPINGVARIABLE DATATYPE ="string" DEFAULTVALUE ="" DESCRIPTION ="" ISEXPRESSIONVARIABLE ="NO" ISPARAM ="YES" NAME ="$$FINLGLVWDB" PRECISION ="30" SCALE ="0" USERDEFINED ="YES"/>
        <MAPPINGVARIABLE DATATYPE ="string" DEFAULTVALUE ="" DESCRIPTION ="" ISEXPRESSIONVARIABLE ="NO" ISPARAM ="YES" NAME ="$$COMREFVWDB" PRECISION ="30" SCALE ="0" USERDEFINED ="YES"/>
        <ERPINFO/>
    </MAPPING>
    <CONFIG DESCRIPTION ="Default session configuration object" ISDEFAULT ="YES" NAME ="default_session_config" VERSIONNUMBER ="5">
        <ATTRIBUTE NAME ="Advanced" VALUE =""/>
        <ATTRIBUTE NAME ="Constraint based load ordering" VALUE ="NO"/>
        <ATTRIBUTE NAME ="Cache LOOKUP() function" VALUE ="YES"/>
        <ATTRIBUTE NAME ="Default buffer block size" VALUE ="Auto"/>
        <ATTRIBUTE NAME ="Line Sequential buffer length" VALUE ="1024"/>
        <ATTRIBUTE NAME ="Maximum Memory Allowed For Auto Memory Attributes" VALUE ="512MB"/>
        <ATTRIBUTE NAME ="Maximum Percentage of Total Memory Allowed For Auto Memory Attributes" VALUE ="5"/>
        <ATTRIBUTE NAME ="Additional Concurrent Pipelines for Lookup Cache Creation" VALUE ="Auto"/>
        <ATTRIBUTE NAME ="Custom Properties" VALUE =""/>
        <ATTRIBUTE NAME ="Pre-build lookup cache" VALUE ="Auto"/>
        <ATTRIBUTE NAME ="Optimization Level" VALUE ="Medium"/>
        <ATTRIBUTE NAME ="DateTime Format String" VALUE ="MM/DD/YYYY HH24:MI:SS"/>
        <ATTRIBUTE NAME ="Pre 85 Timestamp Compatibility" VALUE ="YES"/>
        <ATTRIBUTE NAME ="Log Options" VALUE ="0"/>
        <ATTRIBUTE NAME ="Save session log by" VALUE ="Session runs"/>
        <ATTRIBUTE NAME ="Save session log for these runs" VALUE ="5"/>
        <ATTRIBUTE NAME ="Session Log File Max Size" VALUE ="0"/>
        <ATTRIBUTE NAME ="Session Log File Max Time Period" VALUE ="0"/>
        <ATTRIBUTE NAME ="Maximum Partial Session Log Files" VALUE ="1"/>
        <ATTRIBUTE NAME ="Writer Commit Statistics Log Frequency" VALUE ="1"/>
        <ATTRIBUTE NAME ="Writer Commit Statistics Log Interval" VALUE ="0"/>
        <ATTRIBUTE NAME ="Error handling" VALUE =""/>
        <ATTRIBUTE NAME ="Stop on errors" VALUE ="1"/>
        <ATTRIBUTE NAME ="Override tracing" VALUE ="None"/>
        <ATTRIBUTE NAME ="On Stored Procedure error" VALUE ="Stop"/>
        <ATTRIBUTE NAME ="On Pre-session command task error" VALUE ="Stop"/>
        <ATTRIBUTE NAME ="On Pre-Post SQL error" VALUE ="Stop"/>
        <ATTRIBUTE NAME ="Enable Recovery" VALUE ="NO"/>
        <ATTRIBUTE NAME ="Error Log Type" VALUE ="None"/>
        <ATTRIBUTE NAME ="Error Log Table Name Prefix" VALUE =""/>
        <ATTRIBUTE NAME ="Error Log File Name" VALUE ="PMError.log"/>
        <ATTRIBUTE NAME ="Log Source Row Data" VALUE ="NO"/>
        <ATTRIBUTE NAME ="Data Column Delimiter" VALUE ="|"/>
        <ATTRIBUTE NAME ="Partitioning Options" VALUE =""/>
        <ATTRIBUTE NAME ="Dynamic Partitioning" VALUE ="Disabled"/>
        <ATTRIBUTE NAME ="Number of Partitions" VALUE ="1"/>
        <ATTRIBUTE NAME ="Multiplication Factor" VALUE ="Auto"/>
        <ATTRIBUTE NAME ="Session on Grid" VALUE =""/>
        <ATTRIBUTE NAME ="Is Enabled" VALUE ="NO"/>
    </CONFIG>
    <WORKFLOW DESCRIPTION ="" ISENABLED ="YES" ISRUNNABLESERVICE ="NO" ISSERVICE ="NO" ISVALID ="YES" NAME ="wf_EL_OM_CFI_REV_ADJ_TRX_ALL" REUSABLE_SCHEDULER ="NO" SCHEDULERNAME ="Scheduler" SERVERNAME ="EDW_TS1_TEST_961_Integration_Service" SERVER_DOMAINNAME ="Domain_EDWTD_Test_961" SUSPEND_ON_ERROR ="NO" TASKS_MUST_RUN_ON_SERVER ="NO" VERSIONNUMBER ="11">
        <SCHEDULER DESCRIPTION ="" NAME ="Scheduler" REUSABLE ="NO" VERSIONNUMBER ="7">
            <SCHEDULEINFO SCHEDULETYPE ="ONDEMAND"/>
        </SCHEDULER>
        <TASK DESCRIPTION ="" NAME ="Start" REUSABLE ="NO" TYPE ="Start" VERSIONNUMBER ="7"/>
        <SESSION DESCRIPTION ="" ISVALID ="YES" MAPPINGNAME ="m_EL_OM_CFI_REV_ADJ_TRX_ALL" NAME ="s_m_EL_OM_CFI_REV_ADJ_TRX_ALL" REUSABLE ="NO" SORTORDER ="Binary" VERSIONNUMBER ="10">
            <SESSTRANSFORMATIONINST ISREPARTITIONPOINT ="YES" PARTITIONTYPE ="PASS THROUGH" PIPELINE ="1" SINSTANCENAME ="EL_OM_CFI_REV_ADJ_TRX_ALL" STAGE ="1" TRANSFORMATIONNAME ="EL_OM_CFI_REV_ADJ_TRX_ALL" TRANSFORMATIONTYPE ="Target Definition">
                <ATTRIBUTE NAME ="Table Name Prefix" VALUE ="$$ETLVWDB"/>
                <ATTRIBUTE NAME ="Pre SQL" VALUE ="UPDATE EOCRATA&#xD;&#xA;FROM $$ETLVWDB.EL_OM_CFI_REV_ADJ_TRX_ALL EOCRATA, $$STGDB.ST_OM_CFI_REV_ADJ_TRX_ALL SOCRATA&#xD;&#xA;SET &#xD;&#xA;ADJ_TYPE_ID=SOCRATA.ADJ_TYPE_ID,&#xD;&#xA;ADJUSTMENT_REVENUE_USD= SOCRATA.ADJUSTMENT_REVENUE_USD,&#xD;&#xA;ADJUSTMENT_COGS_USD=SOCRATA.ADJUSTMENT_COGS_USD&#xD;&#xA;WHERE &#xD;&#xA;EOCRATA.REV_ADJ_TRX_ID=SOCRATA.REV_ADJ_TRX_ID&#xD;&#xA;AND&#xD;&#xA;EOCRATA.GLOBAL_NAME=SOCRATA.GLOBAL_NAME"/>
            </SESSTRANSFORMATIONINST>
            <SESSTRANSFORMATIONINST ISREPARTITIONPOINT ="NO" PIPELINE ="0" SINSTANCENAME ="ST_OM_CFI_REV_ADJ_TRX_ALL" STAGE ="0" TRANSFORMATIONNAME ="ST_OM_CFI_REV_ADJ_TRX_ALL" TRANSFORMATIONTYPE ="Source Definition">
                <ATTRIBUTE NAME ="Owner Name" VALUE ="$$STGDB"/>
            </SESSTRANSFORMATIONINST>
            <SESSTRANSFORMATIONINST ISREPARTITIONPOINT ="YES" PARTITIONTYPE ="PASS THROUGH" PIPELINE ="1" SINSTANCENAME ="SQ_ST_OM_CFI_REV_ADJ_TRX_ALL" STAGE ="2" TRANSFORMATIONNAME ="SQ_ST_OM_CFI_REV_ADJ_TRX_ALL" TRANSFORMATIONTYPE ="Source Qualifier">
                <ATTRIBUTE NAME ="Pre SQL" VALUE ="COLLECT STATS ON $$STGDB.ST_OM_CFI_REV_ADJ_TRX_ALL;"/>
            </SESSTRANSFORMATIONINST>
            <SESSTRANSFORMATIONINST ISREPARTITIONPOINT ="YES" PARTITIONTYPE ="PASS THROUGH" PIPELINE ="2" SINSTANCENAME ="EL_OM_CFI_REV_ADJ_TRX_ALL_Corp_Adj" STAGE ="3" TRANSFORMATIONNAME ="EL_OM_CFI_REV_ADJ_TRX_ALL_Corp_Adj" TRANSFORMATIONTYPE ="Target Definition">
                <ATTRIBUTE NAME ="Table Name Prefix" VALUE ="$$ETLVWDB"/>
                <ATTRIBUTE NAME ="Pre SQL" VALUE ="UPDATE EOCRATA&#xD;&#xA;FROM $$ETLVWDB.EL_OM_CFI_REV_ADJ_TRX_ALL EOCRATA , &#xD;&#xA;(&#xD;&#xA;SELECT&#xD;&#xA;XAL.GLOBAL_NAME ,&#xD;&#xA;cast(XAL.TRANSACTION_DIST_ID AS DECIMAL(15,0)) as REV_ADJ_TRX_ID, &#xD;&#xA;EOCATA.ADJ_TYPE_ID ,&#xD;&#xA;WI_AMT.ADJUSTMENT_COGS * COALESCE(NCCDR.PL_CONVERSION_RATE,1) as ADJUSTMENT_REVENUE_USD,&#xD;&#xA;WI_AMT.ADJUSTMENT_REVENUE * COALESCE(NCCDR.PL_CONVERSION_RATE,1) as ADJUSTMENT_COGS_USD,&#xD;&#xA;NFM.BK_FISCAL_YEAR_NUMBER_INT as PERIOD_YEAR ,&#xD;&#xA;NFM.BK_FISCAL_MONTH_NUMBER_INT as PERIOD_NUM&#xD;&#xA;FROM&#xD;&#xA;$$STGDB.WI_XLA_AE_LINE_CORP_ADJ_INCR XAL&#xD;&#xA;INNER JOIN $$COMREFVWDB.N_SOURCE_SYSTEM_CODES NSSC&#xD;&#xA;ON NSSC.GLOBAL_NAME = XAL.GLOBAL_NAME&#xD;&#xA;INNER JOIN $$STGDB.WI_CORP_ADJ_AMOUNT WI_AMT&#xD;&#xA;ON XAL.TRANSACTION_DIST_ID = WI_AMT.TRANSACTION_DIST_ID&#xD;&#xA;AND XAL.APPLICATION_ID = WI_AMT.APPLICATION_ID&#xD;&#xA;AND XAL.GLOBAL_NAME = WI_AMT.GLOBAL_NAME&#xD;&#xA;INNER JOIN $$ETLVWDB.EL_OM_CFI_ADJ_TYPE_ALL EOCATA &#xD;&#xA; ON  XAL.DIST_TYPE = EOCATA.ADJ_TYPE_NAME&#xD;&#xA;INNER JOIN $$ETLVWDB.EL_XLA_AE_HEADERS_AR XAH&#xD;&#xA;ON  XAL.AE_HEADER_ID = XAH.AE_HEADER_ID&#xD;&#xA;AND XAL.APPLICATION_ID = XAH.APPLICATION_ID &#xD;&#xA;INNER JOIN  $$COMREFVWDB.N_FISCAL_MONTH NFM&#xD;&#xA;ON  CAST(XAH.ACCOUNTING_DATE AS DATE) &gt;= NFM.FISCAL_MONTH_START_DATE&#xD;&#xA;AND CAST(XAH.ACCOUNTING_DATE AS DATE)&lt;= NFM.FISCAL_MONTH_END_DATE&#xD;&#xA;INNER JOIN $$FINLGLVWDB.N_SET_OF_BOOKS NSOB&#xD;&#xA;ON NSOB.SK_SET_OF_BOOKS_ID_INT = XAH.LEDGER_ID&#xD;&#xA;AND NSOB.SS_CODE = NSSC.SOURCE_SYSTEM_CODE     &#xD;&#xA;LEFT OUTER JOIN $$FINLGLVWDB.N_CURRENCY_CONV_DAILY_RATE NCCDR&#xD;&#xA;ON  NSOB.FUNCTIONAL_CURRENCY_CODE = NCCDR.BK_FROM_CURRENCY_CODE&#xD;&#xA;AND NCCDR.BK_TO_CURRENCY_CODE = &apos;USD&apos;&#xD;&#xA;AND CAST(XAL.GL_DATE AS DATE) = NCCDR.BK_CONVERSION_DATE   &#xD;&#xA; AND NCCDR.SK_CONVERSION_TYPE_CODE = &apos;Corporate&apos;&#xD;&#xA;WHERE XAH.GL_TRANSFER_DATE IS NOT NULL&#xD;&#xA;AND COALESCE(XAH.GL_TRANSFER_STATUS_CODE, &apos;N&apos;) = &apos;Y&apos; &#xD;&#xA;) SOCRATA&#xD;&#xA;SET &#xD;&#xA;ADJ_TYPE_ID=SOCRATA.ADJ_TYPE_ID,&#xD;&#xA;ADJUSTMENT_REVENUE_USD= SOCRATA.ADJUSTMENT_REVENUE_USD,&#xD;&#xA;ADJUSTMENT_COGS_USD=SOCRATA.ADJUSTMENT_COGS_USD&#xD;&#xA;WHERE EOCRATA.REV_ADJ_TRX_ID=SOCRATA.REV_ADJ_TRX_ID&#xD;&#xA;AND EOCRATA.GLOBAL_NAME=SOCRATA.GLOBAL_NAME ;"/>
            </SESSTRANSFORMATIONINST>
            <SESSTRANSFORMATIONINST ISREPARTITIONPOINT ="YES" PARTITIONTYPE ="PASS THROUGH" PIPELINE ="2" SINSTANCENAME ="SQ_WI_XLA_AE_LINE_CORP_ADJ_INCR" STAGE ="4" TRANSFORMATIONNAME ="SQ_WI_XLA_AE_LINE_CORP_ADJ_INCR" TRANSFORMATIONTYPE ="Source Qualifier"/>
            <SESSTRANSFORMATIONINST ISREPARTITIONPOINT ="NO" PIPELINE ="0" SINSTANCENAME ="EL_OM_CFI_REV_ADJ_TRX_ALL1" STAGE ="0" TRANSFORMATIONNAME ="EL_OM_CFI_REV_ADJ_TRX_ALL1" TRANSFORMATIONTYPE ="Source Definition"/>
            <CONFIGREFERENCE REFOBJECTNAME ="default_session_config" TYPE ="Session config">
                <ATTRIBUTE NAME ="Save session log for these runs" VALUE ="5"/>
                <ATTRIBUTE NAME ="Stop on errors" VALUE ="1"/>
            </CONFIGREFERENCE>
            <SESSIONEXTENSION NAME ="Relational Writer" SINSTANCENAME ="EL_OM_CFI_REV_ADJ_TRX_ALL" SUBTYPE ="Relational Writer" TRANSFORMATIONTYPE ="Target Definition" TYPE ="WRITER">
                <CONNECTIONREFERENCE CNXREFNAME ="DB Connection" CONNECTIONNAME ="" CONNECTIONNUMBER ="1" CONNECTIONSUBTYPE ="" CONNECTIONTYPE ="Relational" VARIABLE ="$DBConnection_Target"/>
                <ATTRIBUTE NAME ="Target load type" VALUE ="Normal"/>
                <ATTRIBUTE NAME ="Insert" VALUE ="YES"/>
                <ATTRIBUTE NAME ="Update as Update" VALUE ="NO"/>
                <ATTRIBUTE NAME ="Update as Insert" VALUE ="NO"/>
                <ATTRIBUTE NAME ="Update else Insert" VALUE ="NO"/>
                <ATTRIBUTE NAME ="Delete" VALUE ="NO"/>
                <ATTRIBUTE NAME ="Truncate target table option" VALUE ="NO"/>
                <ATTRIBUTE NAME ="Reject file directory" VALUE ="$PMRootDir/DATA/EDWTD_AR/reject"/>
                <ATTRIBUTE NAME ="Reject filename" VALUE ="el_om_cfi_rev_adj_trx_all1.bad"/>
            </SESSIONEXTENSION>
            <SESSIONEXTENSION DSQINSTNAME ="SQ_ST_OM_CFI_REV_ADJ_TRX_ALL" DSQINSTTYPE ="Source Qualifier" NAME ="Relational Reader" SINSTANCENAME ="ST_OM_CFI_REV_ADJ_TRX_ALL" SUBTYPE ="Relational Reader" TRANSFORMATIONTYPE ="Source Definition" TYPE ="READER"/>
            <SESSIONEXTENSION NAME ="Relational Reader" SINSTANCENAME ="SQ_ST_OM_CFI_REV_ADJ_TRX_ALL" SUBTYPE ="Relational Reader" TRANSFORMATIONTYPE ="Source Qualifier" TYPE ="READER">
                <CONNECTIONREFERENCE CNXREFNAME ="DB Connection" CONNECTIONNAME ="" CONNECTIONNUMBER ="1" CONNECTIONSUBTYPE ="" CONNECTIONTYPE ="Relational" VARIABLE ="$DBConnection_Source"/>
            </SESSIONEXTENSION>
            <SESSIONEXTENSION NAME ="Relational Writer" SINSTANCENAME ="EL_OM_CFI_REV_ADJ_TRX_ALL_Corp_Adj" SUBTYPE ="Relational Writer" TRANSFORMATIONTYPE ="Target Definition" TYPE ="WRITER">
                <CONNECTIONREFERENCE CNXREFNAME ="DB Connection" CONNECTIONNAME ="" CONNECTIONNUMBER ="1" CONNECTIONSUBTYPE ="" CONNECTIONTYPE ="Relational" VARIABLE ="$DBConnection_Target"/>
                <ATTRIBUTE NAME ="Target load type" VALUE ="Normal"/>
                <ATTRIBUTE NAME ="Insert" VALUE ="YES"/>
                <ATTRIBUTE NAME ="Update as Update" VALUE ="NO"/>
                <ATTRIBUTE NAME ="Update as Insert" VALUE ="NO"/>
                <ATTRIBUTE NAME ="Update else Insert" VALUE ="NO"/>
                <ATTRIBUTE NAME ="Delete" VALUE ="NO"/>
                <ATTRIBUTE NAME ="Truncate target table option" VALUE ="NO"/>
                <ATTRIBUTE NAME ="Reject file directory" VALUE ="$PMRootDir/DATA/EDWTD_AR/reject"/>
                <ATTRIBUTE NAME ="Reject filename" VALUE ="EL_OM_CFI_REV_ADJ_TRX_ALL_RMA.bad"/>
            </SESSIONEXTENSION>
            <SESSIONEXTENSION NAME ="Relational Reader" SINSTANCENAME ="SQ_WI_XLA_AE_LINE_CORP_ADJ_INCR" SUBTYPE ="Relational Reader" TRANSFORMATIONTYPE ="Source Qualifier" TYPE ="READER">
                <CONNECTIONREFERENCE CNXREFNAME ="DB Connection" CONNECTIONNAME ="" CONNECTIONNUMBER ="1" CONNECTIONSUBTYPE ="" CONNECTIONTYPE ="Relational" VARIABLE ="$DBConnection_Source"/>
            </SESSIONEXTENSION>
            <SESSIONEXTENSION DSQINSTNAME ="SQ_WI_XLA_AE_LINE_CORP_ADJ_INCR" DSQINSTTYPE ="Source Qualifier" NAME ="Relational Reader" SINSTANCENAME ="EL_OM_CFI_REV_ADJ_TRX_ALL1" SUBTYPE ="Relational Reader" TRANSFORMATIONTYPE ="Source Definition" TYPE ="READER"/>
            <ATTRIBUTE NAME ="General Options" VALUE =""/>
            <ATTRIBUTE NAME ="Write Backward Compatible Session Log File" VALUE ="NO"/>
            <ATTRIBUTE NAME ="Session Log File Name" VALUE ="s_m_EL_OM_CFI_REV_ADJ_TRX_ALL.log"/>
            <ATTRIBUTE NAME ="Session Log File directory" VALUE ="$PMSessionLogDir&#x5c;"/>
            <ATTRIBUTE NAME ="Parameter Filename" VALUE ="$PMRootDir/ctrl/db.parm"/>
            <ATTRIBUTE NAME ="Enable Test Load" VALUE ="NO"/>
            <ATTRIBUTE NAME ="$Source connection value" VALUE =""/>
            <ATTRIBUTE NAME ="$Target connection value" VALUE =""/>
            <ATTRIBUTE NAME ="Treat source rows as" VALUE ="Insert"/>
            <ATTRIBUTE NAME ="Commit Type" VALUE ="Target"/>
            <ATTRIBUTE NAME ="Commit Interval" VALUE ="10000"/>
            <ATTRIBUTE NAME ="Commit On End Of File" VALUE ="YES"/>
            <ATTRIBUTE NAME ="Rollback Transactions on Errors" VALUE ="NO"/>
            <ATTRIBUTE NAME ="Recovery Strategy" VALUE ="Fail task and continue workflow"/>
            <ATTRIBUTE NAME ="Java Classpath" VALUE =""/>
            <ATTRIBUTE NAME ="Performance" VALUE =""/>
            <ATTRIBUTE NAME ="DTM buffer size" VALUE ="Auto"/>
            <ATTRIBUTE NAME ="Collect performance data" VALUE ="NO"/>
            <ATTRIBUTE NAME ="Write performance data to repository" VALUE ="NO"/>
            <ATTRIBUTE NAME ="Incremental Aggregation" VALUE ="NO"/>
            <ATTRIBUTE NAME ="Enable high precision" VALUE ="NO"/>
            <ATTRIBUTE NAME ="Session retry on deadlock" VALUE ="NO"/>
            <ATTRIBUTE NAME ="Pushdown Optimization" VALUE ="Full"/>
            <ATTRIBUTE NAME ="Allow Temporary View for Pushdown" VALUE ="NO"/>
            <ATTRIBUTE NAME ="Allow Temporary Sequence for Pushdown" VALUE ="NO"/>
            <ATTRIBUTE NAME ="Allow Pushdown for User Incompatible Connections" VALUE ="NO"/>
        </SESSION>
        <TASKINSTANCE DESCRIPTION ="" ISENABLED ="YES" NAME ="Start" REUSABLE ="NO" TASKNAME ="Start" TASKTYPE ="Start"/>
        <TASKINSTANCE DESCRIPTION ="" FAIL_PARENT_IF_INSTANCE_DID_NOT_RUN ="YES" FAIL_PARENT_IF_INSTANCE_FAILS ="YES" ISENABLED ="YES" NAME ="s_m_EL_OM_CFI_REV_ADJ_TRX_ALL" REUSABLE ="NO" TASKNAME ="s_m_EL_OM_CFI_REV_ADJ_TRX_ALL" TASKTYPE ="Session" TREAT_INPUTLINK_AS_AND ="YES"/>
        <WORKFLOWLINK CONDITION ="" FROMTASK ="Start" TOTASK ="s_m_EL_OM_CFI_REV_ADJ_TRX_ALL"/>
        <WORKFLOWVARIABLE DATATYPE ="date/time" DEFAULTVALUE ="" DESCRIPTION ="The time this task started" ISNULL ="NO" ISPERSISTENT ="NO" NAME ="$Start.StartTime" USERDEFINED ="NO"/>
        <WORKFLOWVARIABLE DATATYPE ="date/time" DEFAULTVALUE ="" DESCRIPTION ="The time this task completed" ISNULL ="NO" ISPERSISTENT ="NO" NAME ="$Start.EndTime" USERDEFINED ="NO"/>
        <WORKFLOWVARIABLE DATATYPE ="integer" DEFAULTVALUE ="" DESCRIPTION ="Status of this task&apos;s execution" ISNULL ="NO" ISPERSISTENT ="NO" NAME ="$Start.Status" USERDEFINED ="NO"/>
        <WORKFLOWVARIABLE DATATYPE ="integer" DEFAULTVALUE ="" DESCRIPTION ="Status of the previous task that is not disabled" ISNULL ="NO" ISPERSISTENT ="NO" NAME ="$Start.PrevTaskStatus" USERDEFINED ="NO"/>
        <WORKFLOWVARIABLE DATATYPE ="integer" DEFAULTVALUE ="" DESCRIPTION ="Error code for this task&apos;s execution" ISNULL ="NO" ISPERSISTENT ="NO" NAME ="$Start.ErrorCode" USERDEFINED ="NO"/>
        <WORKFLOWVARIABLE DATATYPE ="string" DEFAULTVALUE ="" DESCRIPTION ="Error message for this task&apos;s execution" ISNULL ="NO" ISPERSISTENT ="NO" NAME ="$Start.ErrorMsg" USERDEFINED ="NO"/>
        <WORKFLOWVARIABLE DATATYPE ="date/time" DEFAULTVALUE ="" DESCRIPTION ="The time this task started" ISNULL ="NO" ISPERSISTENT ="NO" NAME ="$s_m_EL_OM_CFI_REV_ADJ_TRX_ALL.StartTime" USERDEFINED ="NO"/>
        <WORKFLOWVARIABLE DATATYPE ="date/time" DEFAULTVALUE ="" DESCRIPTION ="The time this task completed" ISNULL ="NO" ISPERSISTENT ="NO" NAME ="$s_m_EL_OM_CFI_REV_ADJ_TRX_ALL.EndTime" USERDEFINED ="NO"/>
        <WORKFLOWVARIABLE DATATYPE ="integer" DEFAULTVALUE ="" DESCRIPTION ="Status of this task&apos;s execution" ISNULL ="NO" ISPERSISTENT ="NO" NAME ="$s_m_EL_OM_CFI_REV_ADJ_TRX_ALL.Status" USERDEFINED ="NO"/>
        <WORKFLOWVARIABLE DATATYPE ="integer" DEFAULTVALUE ="" DESCRIPTION ="Status of the previous task that is not disabled" ISNULL ="NO" ISPERSISTENT ="NO" NAME ="$s_m_EL_OM_CFI_REV_ADJ_TRX_ALL.PrevTaskStatus" USERDEFINED ="NO"/>
        <WORKFLOWVARIABLE DATATYPE ="integer" DEFAULTVALUE ="" DESCRIPTION ="Error code for this task&apos;s execution" ISNULL ="NO" ISPERSISTENT ="NO" NAME ="$s_m_EL_OM_CFI_REV_ADJ_TRX_ALL.ErrorCode" USERDEFINED ="NO"/>
        <WORKFLOWVARIABLE DATATYPE ="string" DEFAULTVALUE ="" DESCRIPTION ="Error message for this task&apos;s execution" ISNULL ="NO" ISPERSISTENT ="NO" NAME ="$s_m_EL_OM_CFI_REV_ADJ_TRX_ALL.ErrorMsg" USERDEFINED ="NO"/>
        <WORKFLOWVARIABLE DATATYPE ="integer" DEFAULTVALUE ="" DESCRIPTION ="Rows successfully read" ISNULL ="NO" ISPERSISTENT ="NO" NAME ="$s_m_EL_OM_CFI_REV_ADJ_TRX_ALL.SrcSuccessRows" USERDEFINED ="NO"/>
        <WORKFLOWVARIABLE DATATYPE ="integer" DEFAULTVALUE ="" DESCRIPTION ="Rows failed to read" ISNULL ="NO" ISPERSISTENT ="NO" NAME ="$s_m_EL_OM_CFI_REV_ADJ_TRX_ALL.SrcFailedRows" USERDEFINED ="NO"/>
        <WORKFLOWVARIABLE DATATYPE ="integer" DEFAULTVALUE ="" DESCRIPTION ="Rows successfully loaded" ISNULL ="NO" ISPERSISTENT ="NO" NAME ="$s_m_EL_OM_CFI_REV_ADJ_TRX_ALL.TgtSuccessRows" USERDEFINED ="NO"/>
        <WORKFLOWVARIABLE DATATYPE ="integer" DEFAULTVALUE ="" DESCRIPTION ="Rows failed to load" ISNULL ="NO" ISPERSISTENT ="NO" NAME ="$s_m_EL_OM_CFI_REV_ADJ_TRX_ALL.TgtFailedRows" USERDEFINED ="NO"/>
        <WORKFLOWVARIABLE DATATYPE ="integer" DEFAULTVALUE ="" DESCRIPTION ="Total number of transformation errors" ISNULL ="NO" ISPERSISTENT ="NO" NAME ="$s_m_EL_OM_CFI_REV_ADJ_TRX_ALL.TotalTransErrors" USERDEFINED ="NO"/>
        <WORKFLOWVARIABLE DATATYPE ="integer" DEFAULTVALUE ="" DESCRIPTION ="First error code" ISNULL ="NO" ISPERSISTENT ="NO" NAME ="$s_m_EL_OM_CFI_REV_ADJ_TRX_ALL.FirstErrorCode" USERDEFINED ="NO"/>
        <WORKFLOWVARIABLE DATATYPE ="string" DEFAULTVALUE ="" DESCRIPTION ="First error message" ISNULL ="NO" ISPERSISTENT ="NO" NAME ="$s_m_EL_OM_CFI_REV_ADJ_TRX_ALL.FirstErrorMsg" USERDEFINED ="NO"/>
        <ATTRIBUTE NAME ="Parameter Filename" VALUE =""/>
        <ATTRIBUTE NAME ="Write Backward Compatible Workflow Log File" VALUE ="NO"/>
        <ATTRIBUTE NAME ="Workflow Log File Name" VALUE ="wf_EL_OM_CFI_REV_ADJ_TRX_ALL.log"/>
        <ATTRIBUTE NAME ="Workflow Log File Directory" VALUE ="$PMWorkflowLogDir&#x5c;"/>
        <ATTRIBUTE NAME ="Save Workflow log by" VALUE ="By runs"/>
        <ATTRIBUTE NAME ="Save workflow log for these runs" VALUE ="0"/>
        <ATTRIBUTE NAME ="Service Name" VALUE =""/>
        <ATTRIBUTE NAME ="Service Timeout" VALUE ="0"/>
        <ATTRIBUTE NAME ="Is Service Visible" VALUE ="NO"/>
        <ATTRIBUTE NAME ="Is Service Protected" VALUE ="NO"/>
        <ATTRIBUTE NAME ="Fail task after wait time" VALUE ="0"/>
        <ATTRIBUTE NAME ="Enable HA recovery" VALUE ="NO"/>
        <ATTRIBUTE NAME ="Automatically recover terminated tasks" VALUE ="NO"/>
        <ATTRIBUTE NAME ="Service Level Name" VALUE ="Default"/>
        <ATTRIBUTE NAME ="Allow concurrent run with unique run instance name" VALUE ="NO"/>
        <ATTRIBUTE NAME ="Allow concurrent run with same run instance name" VALUE ="NO"/>
        <ATTRIBUTE NAME ="Maximum number of concurrent runs" VALUE ="0"/>
        <ATTRIBUTE NAME ="Assigned Web Services Hubs" VALUE =""/>
        <ATTRIBUTE NAME ="Maximum number of concurrent runs per Hub" VALUE ="1000"/>
        <ATTRIBUTE NAME ="Expected Service Time" VALUE ="1"/>
    </WORKFLOW>
</FOLDER>
</REPOSITORY>
</POWERMART>