<?xml version="1.0" encoding="UTF-8"?>
<!DOCTYPE POWERMART SYSTEM "powrmart.dtd">
<POWERMART CREATION_DATE="07/12/2017 02:24:07" REPOSITORY_VERSION="184.93">
<REPOSITORY NAME="EDW_TS1_TEST_961" VERSION="184" CODEPAGE="UTF-8" DATABASETYPE="Oracle">
<FOLDER NAME="EDWTD_AR" GROUP="" OWNER="infoadm" SHARED="NOTSHARED" DESCRIPTION="EDW 2B Development Team
PM:gbhakta" PERMISSIONS="rwx---r--" UUID="bf3783fb-68fa-4b64-9f93-a8fea0f835a6">
    <SOURCE BUSINESSNAME ="" DATABASETYPE ="Teradata" DBDNAME ="TDDEV" DESCRIPTION ="" NAME ="W_DIRECT_CORPORATE_ADJUSTMENT" OBJECTVERSION ="1" OWNERNAME ="WORKDB_DV4" VERSIONNUMBER ="8">
        <SOURCEFIELD BUSINESSNAME ="" DATATYPE ="integer" DESCRIPTION ="" FIELDNUMBER ="1" FIELDPROPERTY ="0" FIELDTYPE ="ELEMITEM" HIDDEN ="NO" KEYTYPE ="PRIMARY KEY" LENGTH ="11" LEVEL ="0" NAME ="DIRECT_CORP_ADJUSTMENT_KEY" NULLABLE ="NOTNULL" OCCURS ="0" OFFSET ="0" PHYSICALLENGTH ="10" PHYSICALOFFSET ="0" PICTURETEXT ="" PRECISION ="10" SCALE ="0" USAGE_FLAGS =""/>
        <SOURCEFIELD BUSINESSNAME ="" DATATYPE ="integer" DESCRIPTION ="" FIELDNUMBER ="2" FIELDPROPERTY ="0" FIELDTYPE ="ELEMITEM" HIDDEN ="NO" KEYTYPE ="NOT A KEY" LENGTH ="11" LEVEL ="0" NAME ="SALES_ORDER_LINE_KEY" NULLABLE ="NULL" OCCURS ="0" OFFSET ="11" PHYSICALLENGTH ="10" PHYSICALOFFSET ="10" PICTURETEXT ="" PRECISION ="10" SCALE ="0" USAGE_FLAGS =""/>
        <SOURCEFIELD BUSINESSNAME ="" DATATYPE ="date" DESCRIPTION ="" FIELDNUMBER ="3" FIELDPROPERTY ="0" FIELDTYPE ="ELEMITEM" HIDDEN ="NO" KEYTYPE ="NOT A KEY" LENGTH ="19" LEVEL ="0" NAME ="DV_TRANSACTION_DT" NULLABLE ="NULL" OCCURS ="0" OFFSET ="22" PHYSICALLENGTH ="10" PHYSICALOFFSET ="20" PICTURETEXT ="" PRECISION ="10" SCALE ="0" USAGE_FLAGS =""/>
        <SOURCEFIELD BUSINESSNAME ="" DATATYPE ="timestamp" DESCRIPTION ="" FIELDNUMBER ="4" FIELDPROPERTY ="0" FIELDTYPE ="ELEMITEM" HIDDEN ="NO" KEYTYPE ="NOT A KEY" LENGTH ="19" LEVEL ="0" NAME ="TRANSACTION_DTM" NULLABLE ="NULL" OCCURS ="0" OFFSET ="41" PHYSICALLENGTH ="19" PHYSICALOFFSET ="30" PICTURETEXT ="" PRECISION ="19" SCALE ="0" USAGE_FLAGS =""/>
        <SOURCEFIELD BUSINESSNAME ="" DATATYPE ="decimal" DESCRIPTION ="" FIELDNUMBER ="5" FIELDPROPERTY ="0" FIELDTYPE ="ELEMITEM" HIDDEN ="NO" KEYTYPE ="NOT A KEY" LENGTH ="28" LEVEL ="0" NAME ="ADJUSMENT_COGS_USD_AMT" NULLABLE ="NULL" OCCURS ="0" OFFSET ="60" PHYSICALLENGTH ="26" PHYSICALOFFSET ="49" PICTURETEXT ="" PRECISION ="26" SCALE ="7" USAGE_FLAGS =""/>
        <SOURCEFIELD BUSINESSNAME ="" DATATYPE ="decimal" DESCRIPTION ="" FIELDNUMBER ="6" FIELDPROPERTY ="0" FIELDTYPE ="ELEMITEM" HIDDEN ="NO" KEYTYPE ="NOT A KEY" LENGTH ="28" LEVEL ="0" NAME ="ADJUSMENT_COGS_FUNCTIONAL_AMT" NULLABLE ="NULL" OCCURS ="0" OFFSET ="88" PHYSICALLENGTH ="26" PHYSICALOFFSET ="75" PICTURETEXT ="" PRECISION ="26" SCALE ="7" USAGE_FLAGS =""/>
        <SOURCEFIELD BUSINESSNAME ="" DATATYPE ="decimal" DESCRIPTION ="" FIELDNUMBER ="7" FIELDPROPERTY ="0" FIELDTYPE ="ELEMITEM" HIDDEN ="NO" KEYTYPE ="NOT A KEY" LENGTH ="28" LEVEL ="0" NAME ="ADJUSTMENT_REVENUE_USD_AMT" NULLABLE ="NULL" OCCURS ="0" OFFSET ="116" PHYSICALLENGTH ="26" PHYSICALOFFSET ="101" PICTURETEXT ="" PRECISION ="26" SCALE ="7" USAGE_FLAGS =""/>
        <SOURCEFIELD BUSINESSNAME ="" DATATYPE ="decimal" DESCRIPTION ="" FIELDNUMBER ="8" FIELDPROPERTY ="0" FIELDTYPE ="ELEMITEM" HIDDEN ="NO" KEYTYPE ="NOT A KEY" LENGTH ="28" LEVEL ="0" NAME ="ADJUSTMENT_REVENUE_FUNCTNL_AMT" NULLABLE ="NULL" OCCURS ="0" OFFSET ="144" PHYSICALLENGTH ="26" PHYSICALOFFSET ="127" PICTURETEXT ="" PRECISION ="26" SCALE ="7" USAGE_FLAGS =""/>
        <SOURCEFIELD BUSINESSNAME ="" DATATYPE ="char" DESCRIPTION ="" FIELDNUMBER ="9" FIELDPROPERTY ="0" FIELDTYPE ="ELEMITEM" HIDDEN ="NO" KEYTYPE ="NOT A KEY" LENGTH ="0" LEVEL ="0" NAME ="BK_DIRECT_CORP_ADJ_TYPE_CD" NULLABLE ="NOTNULL" OCCURS ="0" OFFSET ="172" PHYSICALLENGTH ="30" PHYSICALOFFSET ="153" PICTURETEXT ="" PRECISION ="30" SCALE ="0" USAGE_FLAGS =""/>
        <SOURCEFIELD BUSINESSNAME ="" DATATYPE ="decimal" DESCRIPTION ="" FIELDNUMBER ="10" FIELDPROPERTY ="0" FIELDTYPE ="ELEMITEM" HIDDEN ="NO" KEYTYPE ="NOT A KEY" LENGTH ="20" LEVEL ="0" NAME ="DIRECT_CORP_ADJUSTMENT_QTY" NULLABLE ="NULL" OCCURS ="0" OFFSET ="172" PHYSICALLENGTH ="18" PHYSICALOFFSET ="183" PICTURETEXT ="" PRECISION ="18" SCALE ="6" USAGE_FLAGS =""/>
        <SOURCEFIELD BUSINESSNAME ="" DATATYPE ="char" DESCRIPTION ="" FIELDNUMBER ="11" FIELDPROPERTY ="0" FIELDTYPE ="ELEMITEM" HIDDEN ="NO" KEYTYPE ="NOT A KEY" LENGTH ="0" LEVEL ="0" NAME ="TRANSACTIONAL_CURRENCY_CD" NULLABLE ="NULL" OCCURS ="0" OFFSET ="192" PHYSICALLENGTH ="3" PHYSICALOFFSET ="201" PICTURETEXT ="" PRECISION ="3" SCALE ="0" USAGE_FLAGS =""/>
        <SOURCEFIELD BUSINESSNAME ="" DATATYPE ="char" DESCRIPTION ="" FIELDNUMBER ="12" FIELDPROPERTY ="0" FIELDTYPE ="ELEMITEM" HIDDEN ="NO" KEYTYPE ="NOT A KEY" LENGTH ="0" LEVEL ="0" NAME ="BK_COMPANY_CD" NULLABLE ="NOTNULL" OCCURS ="0" OFFSET ="192" PHYSICALLENGTH ="3" PHYSICALOFFSET ="204" PICTURETEXT ="" PRECISION ="3" SCALE ="0" USAGE_FLAGS =""/>
        <SOURCEFIELD BUSINESSNAME ="" DATATYPE ="integer" DESCRIPTION ="" FIELDNUMBER ="13" FIELDPROPERTY ="0" FIELDTYPE ="ELEMITEM" HIDDEN ="NO" KEYTYPE ="NOT A KEY" LENGTH ="11" LEVEL ="0" NAME ="SET_OF_BOOKS_KEY" NULLABLE ="NULL" OCCURS ="0" OFFSET ="192" PHYSICALLENGTH ="10" PHYSICALOFFSET ="207" PICTURETEXT ="" PRECISION ="10" SCALE ="0" USAGE_FLAGS =""/>
        <SOURCEFIELD BUSINESSNAME ="" DATATYPE ="integer" DESCRIPTION ="" FIELDNUMBER ="14" FIELDPROPERTY ="0" FIELDTYPE ="ELEMITEM" HIDDEN ="NO" KEYTYPE ="NOT A KEY" LENGTH ="11" LEVEL ="0" NAME ="SK_ADJUSTMENT_ID_INT" NULLABLE ="NULL" OCCURS ="0" OFFSET ="203" PHYSICALLENGTH ="10" PHYSICALOFFSET ="217" PICTURETEXT ="" PRECISION ="10" SCALE ="0" USAGE_FLAGS =""/>
        <SOURCEFIELD BUSINESSNAME ="" DATATYPE ="char" DESCRIPTION ="" FIELDNUMBER ="15" FIELDPROPERTY ="0" FIELDTYPE ="ELEMITEM" HIDDEN ="NO" KEYTYPE ="NOT A KEY" LENGTH ="0" LEVEL ="0" NAME ="SS_CD" NULLABLE ="NULL" OCCURS ="0" OFFSET ="214" PHYSICALLENGTH ="8" PHYSICALOFFSET ="227" PICTURETEXT ="" PRECISION ="8" SCALE ="0" USAGE_FLAGS =""/>
        <SOURCEFIELD BUSINESSNAME ="" DATATYPE ="char" DESCRIPTION ="" FIELDNUMBER ="16" FIELDPROPERTY ="0" FIELDTYPE ="ELEMITEM" HIDDEN ="NO" KEYTYPE ="NOT A KEY" LENGTH ="0" LEVEL ="0" NAME ="EDW_CREATE_USER" NULLABLE ="NOTNULL" OCCURS ="0" OFFSET ="214" PHYSICALLENGTH ="30" PHYSICALOFFSET ="235" PICTURETEXT ="" PRECISION ="30" SCALE ="0" USAGE_FLAGS =""/>
        <SOURCEFIELD BUSINESSNAME ="" DATATYPE ="timestamp" DESCRIPTION ="" FIELDNUMBER ="17" FIELDPROPERTY ="0" FIELDTYPE ="ELEMITEM" HIDDEN ="NO" KEYTYPE ="NOT A KEY" LENGTH ="19" LEVEL ="0" NAME ="EDW_CREATE_DTM" NULLABLE ="NOTNULL" OCCURS ="0" OFFSET ="214" PHYSICALLENGTH ="19" PHYSICALOFFSET ="265" PICTURETEXT ="" PRECISION ="19" SCALE ="0" USAGE_FLAGS =""/>
        <SOURCEFIELD BUSINESSNAME ="" DATATYPE ="char" DESCRIPTION ="" FIELDNUMBER ="18" FIELDPROPERTY ="0" FIELDTYPE ="ELEMITEM" HIDDEN ="NO" KEYTYPE ="NOT A KEY" LENGTH ="0" LEVEL ="0" NAME ="EDW_UPDATE_USER" NULLABLE ="NOTNULL" OCCURS ="0" OFFSET ="233" PHYSICALLENGTH ="30" PHYSICALOFFSET ="284" PICTURETEXT ="" PRECISION ="30" SCALE ="0" USAGE_FLAGS =""/>
        <SOURCEFIELD BUSINESSNAME ="" DATATYPE ="timestamp" DESCRIPTION ="" FIELDNUMBER ="19" FIELDPROPERTY ="0" FIELDTYPE ="ELEMITEM" HIDDEN ="NO" KEYTYPE ="NOT A KEY" LENGTH ="19" LEVEL ="0" NAME ="EDW_UPDATE_DTM" NULLABLE ="NOTNULL" OCCURS ="0" OFFSET ="233" PHYSICALLENGTH ="19" PHYSICALOFFSET ="314" PICTURETEXT ="" PRECISION ="19" SCALE ="0" USAGE_FLAGS =""/>
        <SOURCEFIELD BUSINESSNAME ="" DATATYPE ="integer" DESCRIPTION ="" FIELDNUMBER ="20" FIELDPROPERTY ="0" FIELDTYPE ="ELEMITEM" HIDDEN ="NO" KEYTYPE ="NOT A KEY" LENGTH ="11" LEVEL ="0" NAME ="SALES_ORDER_KEY" NULLABLE ="NOTNULL" OCCURS ="0" OFFSET ="252" PHYSICALLENGTH ="10" PHYSICALOFFSET ="333" PICTURETEXT ="" PRECISION ="10" SCALE ="0" USAGE_FLAGS =""/>
        <SOURCEFIELD BUSINESSNAME ="" DATATYPE ="integer" DESCRIPTION ="" FIELDNUMBER ="21" FIELDPROPERTY ="0" FIELDTYPE ="ELEMITEM" HIDDEN ="NO" KEYTYPE ="NOT A KEY" LENGTH ="11" LEVEL ="0" NAME ="BK_OFFER_ATRBTN_ID_INT" NULLABLE ="NOTNULL" OCCURS ="0" OFFSET ="263" PHYSICALLENGTH ="10" PHYSICALOFFSET ="343" PICTURETEXT ="" PRECISION ="10" SCALE ="0" USAGE_FLAGS =""/>
        <SOURCEFIELD BUSINESSNAME ="" DATATYPE ="char" DESCRIPTION ="" FIELDNUMBER ="22" FIELDPROPERTY ="0" FIELDTYPE ="ELEMITEM" HIDDEN ="NO" KEYTYPE ="NOT A KEY" LENGTH ="0" LEVEL ="0" NAME ="BK_ATRBTN_SOURCE_SYS_CD" NULLABLE ="NOTNULL" OCCURS ="0" OFFSET ="274" PHYSICALLENGTH ="8" PHYSICALOFFSET ="353" PICTURETEXT ="" PRECISION ="8" SCALE ="0" USAGE_FLAGS =""/>
        <SOURCEFIELD BUSINESSNAME ="" DATATYPE ="integer" DESCRIPTION ="" FIELDNUMBER ="23" FIELDPROPERTY ="0" FIELDTYPE ="ELEMITEM" HIDDEN ="NO" KEYTYPE ="NOT A KEY" LENGTH ="11" LEVEL ="0" NAME ="DV_ATRBTN_PARENT_SLSORD_LN_KEY" NULLABLE ="NOTNULL" OCCURS ="0" OFFSET ="274" PHYSICALLENGTH ="10" PHYSICALOFFSET ="361" PICTURETEXT ="" PRECISION ="10" SCALE ="0" USAGE_FLAGS =""/>
        <SOURCEFIELD BUSINESSNAME ="" DATATYPE ="char" DESCRIPTION ="" FIELDNUMBER ="24" FIELDPROPERTY ="0" FIELDTYPE ="ELEMITEM" HIDDEN ="NO" KEYTYPE ="NOT A KEY" LENGTH ="0" LEVEL ="0" NAME ="ATTRIBUTION_CD" NULLABLE ="NOTNULL" OCCURS ="0" OFFSET ="285" PHYSICALLENGTH ="12" PHYSICALOFFSET ="371" PICTURETEXT ="" PRECISION ="12" SCALE ="0" USAGE_FLAGS =""/>
        <SOURCEFIELD BUSINESSNAME ="" DATATYPE ="integer" DESCRIPTION ="" FIELDNUMBER ="25" FIELDPROPERTY ="0" FIELDTYPE ="ELEMITEM" HIDDEN ="NO" KEYTYPE ="NOT A KEY" LENGTH ="11" LEVEL ="0" NAME ="PRODUCT_KEY" NULLABLE ="NOTNULL" OCCURS ="0" OFFSET ="285" PHYSICALLENGTH ="10" PHYSICALOFFSET ="383" PICTURETEXT ="" PRECISION ="10" SCALE ="0" USAGE_FLAGS =""/>
        <SOURCEFIELD BUSINESSNAME ="" DATATYPE ="decimal" DESCRIPTION ="" FIELDNUMBER ="26" FIELDPROPERTY ="0" FIELDTYPE ="ELEMITEM" HIDDEN ="NO" KEYTYPE ="NOT A KEY" LENGTH ="20" LEVEL ="0" NAME ="RU_ATTRIBUTION_PCT" NULLABLE ="NOTNULL" OCCURS ="0" OFFSET ="296" PHYSICALLENGTH ="18" PHYSICALOFFSET ="393" PICTURETEXT ="" PRECISION ="18" SCALE ="8" USAGE_FLAGS =""/>
        <SOURCEFIELD BUSINESSNAME ="" DATATYPE ="char" DESCRIPTION ="" FIELDNUMBER ="27" FIELDPROPERTY ="0" FIELDTYPE ="ELEMITEM" HIDDEN ="NO" KEYTYPE ="NOT A KEY" LENGTH ="0" LEVEL ="0" NAME ="ACTION_CODE" NULLABLE ="NULL" OCCURS ="0" OFFSET ="316" PHYSICALLENGTH ="1" PHYSICALOFFSET ="411" PICTURETEXT ="" PRECISION ="1" SCALE ="0" USAGE_FLAGS =""/>
        <SOURCEFIELD BUSINESSNAME ="" DATATYPE ="char" DESCRIPTION ="" FIELDNUMBER ="28" FIELDPROPERTY ="0" FIELDTYPE ="ELEMITEM" HIDDEN ="NO" KEYTYPE ="NOT A KEY" LENGTH ="0" LEVEL ="0" NAME ="DML_TYPE" NULLABLE ="NOTNULL" OCCURS ="0" OFFSET ="316" PHYSICALLENGTH ="1" PHYSICALOFFSET ="412" PICTURETEXT ="" PRECISION ="1" SCALE ="0" USAGE_FLAGS =""/>
    </SOURCE>
    <TARGET BUSINESSNAME ="" CONSTRAINT ="" DATABASETYPE ="Teradata" DESCRIPTION ="" NAME ="N_DIRECT_CORPORATE_ADJUSTMENT" OBJECTVERSION ="1" TABLEOPTIONS ="" VERSIONNUMBER ="7">
        <TARGETFIELD BUSINESSNAME ="" DATATYPE ="integer" DESCRIPTION ="" FIELDNUMBER ="1" KEYTYPE ="PRIMARY KEY" NAME ="DIRECT_CORP_ADJUSTMENT_KEY" NULLABLE ="NOTNULL" PICTURETEXT ="" PRECISION ="10" SCALE ="0"/>
        <TARGETFIELD BUSINESSNAME ="" DATATYPE ="integer" DESCRIPTION ="" FIELDNUMBER ="2" KEYTYPE ="NOT A KEY" NAME ="SALES_ORDER_LINE_KEY" NULLABLE ="NULL" PICTURETEXT ="" PRECISION ="10" SCALE ="0"/>
        <TARGETFIELD BUSINESSNAME ="" DATATYPE ="date" DESCRIPTION ="" FIELDNUMBER ="3" KEYTYPE ="NOT A KEY" NAME ="DV_TRANSACTION_DT" NULLABLE ="NULL" PICTURETEXT ="" PRECISION ="10" SCALE ="0"/>
        <TARGETFIELD BUSINESSNAME ="" DATATYPE ="timestamp" DESCRIPTION ="" FIELDNUMBER ="4" KEYTYPE ="NOT A KEY" NAME ="TRANSACTION_DTM" NULLABLE ="NULL" PICTURETEXT ="" PRECISION ="19" SCALE ="0"/>
        <TARGETFIELD BUSINESSNAME ="" DATATYPE ="decimal" DESCRIPTION ="" FIELDNUMBER ="5" KEYTYPE ="NOT A KEY" NAME ="ADJUSMENT_COGS_USD_AMT" NULLABLE ="NULL" PICTURETEXT ="" PRECISION ="26" SCALE ="7"/>
        <TARGETFIELD BUSINESSNAME ="" DATATYPE ="decimal" DESCRIPTION ="" FIELDNUMBER ="6" KEYTYPE ="NOT A KEY" NAME ="ADJUSMENT_COGS_FUNCTIONAL_AMT" NULLABLE ="NULL" PICTURETEXT ="" PRECISION ="26" SCALE ="7"/>
        <TARGETFIELD BUSINESSNAME ="" DATATYPE ="decimal" DESCRIPTION ="" FIELDNUMBER ="7" KEYTYPE ="NOT A KEY" NAME ="ADJUSTMENT_REVENUE_USD_AMT" NULLABLE ="NULL" PICTURETEXT ="" PRECISION ="26" SCALE ="7"/>
        <TARGETFIELD BUSINESSNAME ="" DATATYPE ="decimal" DESCRIPTION ="" FIELDNUMBER ="8" KEYTYPE ="NOT A KEY" NAME ="ADJUSTMENT_REVENUE_FUNCTNL_AMT" NULLABLE ="NULL" PICTURETEXT ="" PRECISION ="26" SCALE ="7"/>
        <TARGETFIELD BUSINESSNAME ="" DATATYPE ="char" DESCRIPTION ="" FIELDNUMBER ="9" KEYTYPE ="NOT A KEY" NAME ="BK_DIRECT_CORP_ADJ_TYPE_CD" NULLABLE ="NOTNULL" PICTURETEXT ="" PRECISION ="30" SCALE ="0"/>
        <TARGETFIELD BUSINESSNAME ="" DATATYPE ="decimal" DESCRIPTION ="" FIELDNUMBER ="10" KEYTYPE ="NOT A KEY" NAME ="DIRECT_CORP_ADJUSTMENT_QTY" NULLABLE ="NULL" PICTURETEXT ="" PRECISION ="18" SCALE ="6"/>
        <TARGETFIELD BUSINESSNAME ="" DATATYPE ="char" DESCRIPTION ="" FIELDNUMBER ="11" KEYTYPE ="NOT A KEY" NAME ="TRANSACTIONAL_CURRENCY_CD" NULLABLE ="NULL" PICTURETEXT ="" PRECISION ="3" SCALE ="0"/>
        <TARGETFIELD BUSINESSNAME ="" DATATYPE ="char" DESCRIPTION ="" FIELDNUMBER ="12" KEYTYPE ="NOT A KEY" NAME ="BK_COMPANY_CD" NULLABLE ="NOTNULL" PICTURETEXT ="" PRECISION ="3" SCALE ="0"/>
        <TARGETFIELD BUSINESSNAME ="" DATATYPE ="integer" DESCRIPTION ="" FIELDNUMBER ="13" KEYTYPE ="NOT A KEY" NAME ="SET_OF_BOOKS_KEY" NULLABLE ="NULL" PICTURETEXT ="" PRECISION ="10" SCALE ="0"/>
        <TARGETFIELD BUSINESSNAME ="" DATATYPE ="integer" DESCRIPTION ="" FIELDNUMBER ="14" KEYTYPE ="NOT A KEY" NAME ="SK_ADJUSTMENT_ID_INT" NULLABLE ="NULL" PICTURETEXT ="" PRECISION ="10" SCALE ="0"/>
        <TARGETFIELD BUSINESSNAME ="" DATATYPE ="char" DESCRIPTION ="" FIELDNUMBER ="15" KEYTYPE ="NOT A KEY" NAME ="SS_CD" NULLABLE ="NULL" PICTURETEXT ="" PRECISION ="8" SCALE ="0"/>
        <TARGETFIELD BUSINESSNAME ="" DATATYPE ="char" DESCRIPTION ="" FIELDNUMBER ="16" KEYTYPE ="NOT A KEY" NAME ="EDW_CREATE_USER" NULLABLE ="NOTNULL" PICTURETEXT ="" PRECISION ="30" SCALE ="0"/>
        <TARGETFIELD BUSINESSNAME ="" DATATYPE ="timestamp" DESCRIPTION ="" FIELDNUMBER ="17" KEYTYPE ="NOT A KEY" NAME ="EDW_CREATE_DTM" NULLABLE ="NOTNULL" PICTURETEXT ="" PRECISION ="19" SCALE ="0"/>
        <TARGETFIELD BUSINESSNAME ="" DATATYPE ="char" DESCRIPTION ="" FIELDNUMBER ="18" KEYTYPE ="NOT A KEY" NAME ="EDW_UPDATE_USER" NULLABLE ="NOTNULL" PICTURETEXT ="" PRECISION ="30" SCALE ="0"/>
        <TARGETFIELD BUSINESSNAME ="" DATATYPE ="timestamp" DESCRIPTION ="" FIELDNUMBER ="19" KEYTYPE ="NOT A KEY" NAME ="EDW_UPDATE_DTM" NULLABLE ="NOTNULL" PICTURETEXT ="" PRECISION ="19" SCALE ="0"/>
        <TARGETFIELD BUSINESSNAME ="" DATATYPE ="integer" DESCRIPTION ="" FIELDNUMBER ="20" KEYTYPE ="NOT A KEY" NAME ="SALES_ORDER_KEY" NULLABLE ="NOTNULL" PICTURETEXT ="" PRECISION ="10" SCALE ="0"/>
        <TARGETFIELD BUSINESSNAME ="" DATATYPE ="integer" DESCRIPTION ="" FIELDNUMBER ="21" KEYTYPE ="NOT A KEY" NAME ="BK_OFFER_ATRBTN_ID_INT" NULLABLE ="NOTNULL" PICTURETEXT ="" PRECISION ="10" SCALE ="0"/>
        <TARGETFIELD BUSINESSNAME ="" DATATYPE ="char" DESCRIPTION ="" FIELDNUMBER ="22" KEYTYPE ="NOT A KEY" NAME ="BK_ATRBTN_SOURCE_SYS_CD" NULLABLE ="NOTNULL" PICTURETEXT ="" PRECISION ="8" SCALE ="0"/>
        <TARGETFIELD BUSINESSNAME ="" DATATYPE ="integer" DESCRIPTION ="" FIELDNUMBER ="23" KEYTYPE ="NOT A KEY" NAME ="DV_ATRBTN_PARENT_SLSORD_LN_KEY" NULLABLE ="NOTNULL" PICTURETEXT ="" PRECISION ="10" SCALE ="0"/>
        <TARGETFIELD BUSINESSNAME ="" DATATYPE ="char" DESCRIPTION ="" FIELDNUMBER ="24" KEYTYPE ="NOT A KEY" NAME ="ATTRIBUTION_CD" NULLABLE ="NOTNULL" PICTURETEXT ="" PRECISION ="12" SCALE ="0"/>
        <TARGETFIELD BUSINESSNAME ="" DATATYPE ="integer" DESCRIPTION ="" FIELDNUMBER ="25" KEYTYPE ="NOT A KEY" NAME ="PRODUCT_KEY" NULLABLE ="NOTNULL" PICTURETEXT ="" PRECISION ="10" SCALE ="0"/>
        <TARGETFIELD BUSINESSNAME ="" DATATYPE ="decimal" DESCRIPTION ="" FIELDNUMBER ="26" KEYTYPE ="NOT A KEY" NAME ="RU_ATTRIBUTION_PCT" NULLABLE ="NOTNULL" PICTURETEXT ="" PRECISION ="18" SCALE ="8"/>
        <TARGETFIELD BUSINESSNAME ="" DATATYPE ="integer" DESCRIPTION ="" FIELDNUMBER ="27" KEYTYPE ="NOT A KEY" NAME ="ROL_TRX_LINE_GL_DISTRI_KEY" NULLABLE ="NOTNULL" PICTURETEXT ="" PRECISION ="10" SCALE ="0"/>
    </TARGET>
    <MAPPING DESCRIPTION ="" ISVALID ="YES" NAME ="m_N_DIRECT_CORPORATE_ADJUSTMENT" OBJECTVERSION ="1" VERSIONNUMBER ="8">
        <TRANSFORMATION DESCRIPTION ="" NAME ="SQ_W_DIRECT_CORPORATE_ADJUSTMENT" OBJECTVERSION ="1" REUSABLE ="NO" TYPE ="Source Qualifier" VERSIONNUMBER ="8">
            <TRANSFORMFIELD DATATYPE ="integer" DEFAULTVALUE ="" DESCRIPTION ="" NAME ="DIRECT_CORP_ADJUSTMENT_KEY" PICTURETEXT ="" PORTTYPE ="INPUT/OUTPUT" PRECISION ="10" SCALE ="0"/>
            <TRANSFORMFIELD DATATYPE ="integer" DEFAULTVALUE ="" DESCRIPTION ="" NAME ="SALES_ORDER_LINE_KEY" PICTURETEXT ="" PORTTYPE ="INPUT/OUTPUT" PRECISION ="10" SCALE ="0"/>
            <TRANSFORMFIELD DATATYPE ="date/time" DEFAULTVALUE ="" DESCRIPTION ="" NAME ="DV_TRANSACTION_DT" PICTURETEXT ="" PORTTYPE ="INPUT/OUTPUT" PRECISION ="29" SCALE ="9"/>
            <TRANSFORMFIELD DATATYPE ="date/time" DEFAULTVALUE ="" DESCRIPTION ="" NAME ="TRANSACTION_DTM" PICTURETEXT ="" PORTTYPE ="INPUT/OUTPUT" PRECISION ="29" SCALE ="9"/>
            <TRANSFORMFIELD DATATYPE ="decimal" DEFAULTVALUE ="" DESCRIPTION ="" NAME ="ADJUSMENT_COGS_USD_AMT" PICTURETEXT ="" PORTTYPE ="INPUT/OUTPUT" PRECISION ="26" SCALE ="7"/>
            <TRANSFORMFIELD DATATYPE ="decimal" DEFAULTVALUE ="" DESCRIPTION ="" NAME ="ADJUSMENT_COGS_FUNCTIONAL_AMT" PICTURETEXT ="" PORTTYPE ="INPUT/OUTPUT" PRECISION ="26" SCALE ="7"/>
            <TRANSFORMFIELD DATATYPE ="decimal" DEFAULTVALUE ="" DESCRIPTION ="" NAME ="ADJUSTMENT_REVENUE_USD_AMT" PICTURETEXT ="" PORTTYPE ="INPUT/OUTPUT" PRECISION ="26" SCALE ="7"/>
            <TRANSFORMFIELD DATATYPE ="decimal" DEFAULTVALUE ="" DESCRIPTION ="" NAME ="ADJUSTMENT_REVENUE_FUNCTNL_AMT" PICTURETEXT ="" PORTTYPE ="INPUT/OUTPUT" PRECISION ="26" SCALE ="7"/>
            <TRANSFORMFIELD DATATYPE ="string" DEFAULTVALUE ="" DESCRIPTION ="" NAME ="BK_DIRECT_CORP_ADJ_TYPE_CD" PICTURETEXT ="" PORTTYPE ="INPUT/OUTPUT" PRECISION ="30" SCALE ="0"/>
            <TRANSFORMFIELD DATATYPE ="decimal" DEFAULTVALUE ="" DESCRIPTION ="" NAME ="DIRECT_CORP_ADJUSTMENT_QTY" PICTURETEXT ="" PORTTYPE ="INPUT/OUTPUT" PRECISION ="18" SCALE ="6"/>
            <TRANSFORMFIELD DATATYPE ="string" DEFAULTVALUE ="" DESCRIPTION ="" NAME ="TRANSACTIONAL_CURRENCY_CD" PICTURETEXT ="" PORTTYPE ="INPUT/OUTPUT" PRECISION ="3" SCALE ="0"/>
            <TRANSFORMFIELD DATATYPE ="string" DEFAULTVALUE ="" DESCRIPTION ="" NAME ="BK_COMPANY_CD" PICTURETEXT ="" PORTTYPE ="INPUT/OUTPUT" PRECISION ="3" SCALE ="0"/>
            <TRANSFORMFIELD DATATYPE ="integer" DEFAULTVALUE ="" DESCRIPTION ="" NAME ="SET_OF_BOOKS_KEY" PICTURETEXT ="" PORTTYPE ="INPUT/OUTPUT" PRECISION ="10" SCALE ="0"/>
            <TRANSFORMFIELD DATATYPE ="integer" DEFAULTVALUE ="" DESCRIPTION ="" NAME ="SK_ADJUSTMENT_ID_INT" PICTURETEXT ="" PORTTYPE ="INPUT/OUTPUT" PRECISION ="10" SCALE ="0"/>
            <TRANSFORMFIELD DATATYPE ="string" DEFAULTVALUE ="" DESCRIPTION ="" NAME ="SS_CD" PICTURETEXT ="" PORTTYPE ="INPUT/OUTPUT" PRECISION ="8" SCALE ="0"/>
            <TRANSFORMFIELD DATATYPE ="string" DEFAULTVALUE ="" DESCRIPTION ="" NAME ="EDW_CREATE_USER" PICTURETEXT ="" PORTTYPE ="INPUT/OUTPUT" PRECISION ="30" SCALE ="0"/>
            <TRANSFORMFIELD DATATYPE ="date/time" DEFAULTVALUE ="" DESCRIPTION ="" NAME ="EDW_CREATE_DTM" PICTURETEXT ="" PORTTYPE ="INPUT/OUTPUT" PRECISION ="29" SCALE ="9"/>
            <TRANSFORMFIELD DATATYPE ="string" DEFAULTVALUE ="" DESCRIPTION ="" NAME ="EDW_UPDATE_USER" PICTURETEXT ="" PORTTYPE ="INPUT/OUTPUT" PRECISION ="30" SCALE ="0"/>
            <TRANSFORMFIELD DATATYPE ="date/time" DEFAULTVALUE ="" DESCRIPTION ="" NAME ="EDW_UPDATE_DTM" PICTURETEXT ="" PORTTYPE ="INPUT/OUTPUT" PRECISION ="29" SCALE ="9"/>
            <TRANSFORMFIELD DATATYPE ="integer" DEFAULTVALUE ="" DESCRIPTION ="" NAME ="SALES_ORDER_KEY" PICTURETEXT ="" PORTTYPE ="INPUT/OUTPUT" PRECISION ="10" SCALE ="0"/>
            <TRANSFORMFIELD DATATYPE ="integer" DEFAULTVALUE ="" DESCRIPTION ="" NAME ="BK_OFFER_ATRBTN_ID_INT" PICTURETEXT ="" PORTTYPE ="INPUT/OUTPUT" PRECISION ="10" SCALE ="0"/>
            <TRANSFORMFIELD DATATYPE ="string" DEFAULTVALUE ="" DESCRIPTION ="" NAME ="BK_ATRBTN_SOURCE_SYS_CD" PICTURETEXT ="" PORTTYPE ="INPUT/OUTPUT" PRECISION ="8" SCALE ="0"/>
            <TRANSFORMFIELD DATATYPE ="integer" DEFAULTVALUE ="" DESCRIPTION ="" NAME ="DV_ATRBTN_PARENT_SLSORD_LN_KEY" PICTURETEXT ="" PORTTYPE ="INPUT/OUTPUT" PRECISION ="10" SCALE ="0"/>
            <TRANSFORMFIELD DATATYPE ="string" DEFAULTVALUE ="" DESCRIPTION ="" NAME ="ATTRIBUTION_CD" PICTURETEXT ="" PORTTYPE ="INPUT/OUTPUT" PRECISION ="12" SCALE ="0"/>
            <TRANSFORMFIELD DATATYPE ="integer" DEFAULTVALUE ="" DESCRIPTION ="" NAME ="PRODUCT_KEY" PICTURETEXT ="" PORTTYPE ="INPUT/OUTPUT" PRECISION ="10" SCALE ="0"/>
            <TRANSFORMFIELD DATATYPE ="decimal" DEFAULTVALUE ="" DESCRIPTION ="" NAME ="RU_ATTRIBUTION_PCT" PICTURETEXT ="" PORTTYPE ="INPUT/OUTPUT" PRECISION ="18" SCALE ="8"/>
            <TRANSFORMFIELD DATATYPE ="integer" DEFAULTVALUE ="" DESCRIPTION ="" NAME ="ROL_TRX_LINE_GL_DISTRI_KEY" PICTURETEXT ="" PORTTYPE ="INPUT/OUTPUT" PRECISION ="10" SCALE ="0"/>
            <TABLEATTRIBUTE NAME ="Sql Query" VALUE ="SELECT &#xD;&#xA; WDCA.DIRECT_CORP_ADJUSTMENT_KEY,&#xD;&#xA; WDCA.SALES_ORDER_LINE_KEY,&#xD;&#xA; WDCA.DV_TRANSACTION_DT ,&#xD;&#xA; WDCA.TRANSACTION_DTM, &#xD;&#xA; WDCA.ADJUSMENT_COGS_USD_AMT, &#xD;&#xA; WDCA.ADJUSMENT_COGS_FUNCTIONAL_AMT, &#xD;&#xA; WDCA.ADJUSTMENT_REVENUE_USD_AMT, &#xD;&#xA; WDCA.ADJUSTMENT_REVENUE_FUNCTNL_AMT, &#xD;&#xA; WDCA.BK_DIRECT_CORP_ADJ_TYPE_CD, &#xD;&#xA; WDCA.DIRECT_CORP_ADJUSTMENT_QTY, &#xD;&#xA; WDCA.TRANSACTIONAL_CURRENCY_CD, &#xD;&#xA; WDCA.BK_COMPANY_CD, &#xD;&#xA; WDCA.SET_OF_BOOKS_KEY, &#xD;&#xA; WDCA.SK_ADJUSTMENT_ID_INT,&#xD;&#xA; WDCA.SS_CD, &#xD;&#xA; WDCA.EDW_CREATE_USER, &#xD;&#xA; WDCA.EDW_CREATE_DTM, &#xD;&#xA; WDCA.EDW_UPDATE_USER, &#xD;&#xA; WDCA.EDW_UPDATE_DTM, &#xD;&#xA; WDCA.SALES_ORDER_KEY,&#xD;&#xA; /*---Q1FY15 Open RMA---*/&#xD;&#xA; WDCA.BK_OFFER_ATRBTN_ID_INT,&#xD;&#xA; WDCA.BK_ATRBTN_SOURCE_SYS_CD ,&#xD;&#xA; WDCA.DV_ATRBTN_PARENT_SLSORD_LN_KEY,&#xD;&#xA; WDCA.ATTRIBUTION_CD,&#xD;&#xA; /*---Q1FY15 Open RMA---*/&#xD;&#xA; WDCA.PRODUCT_KEY, /* PRMADDAL: ADDED AS PART OF Q4FY17 SOT OA */&#xD;&#xA; WDCA.RU_ATTRIBUTION_PCT,&#xD;&#xA; WDCA.ROL_TRX_LINE_GL_DISTRI_KEY    &#xD;&#xA; FROM&#xD;&#xA;  $$WORKDB.W_DIRECT_CORPORATE_ADJUSTMENT WDCA &#xD;&#xA; WHERE NOT EXISTS &#xD;&#xA; (SELECT 1 FROM $$FINLGLVWDB.N_DIRECT_CORPORATE_ADJUSTMENT NDCA &#xD;&#xA; WHERE NDCA.DIRECT_CORP_ADJUSTMENT_KEY = WDCA.DIRECT_CORP_ADJUSTMENT_KEY)"/>
            <TABLEATTRIBUTE NAME ="User Defined Join" VALUE =""/>
            <TABLEATTRIBUTE NAME ="Source Filter" VALUE =""/>
            <TABLEATTRIBUTE NAME ="Number Of Sorted Ports" VALUE ="0"/>
            <TABLEATTRIBUTE NAME ="Tracing Level" VALUE ="Normal"/>
            <TABLEATTRIBUTE NAME ="Select Distinct" VALUE ="NO"/>
            <TABLEATTRIBUTE NAME ="Is Partitionable" VALUE ="NO"/>
            <TABLEATTRIBUTE NAME ="Pre SQL" VALUE =""/>
            <TABLEATTRIBUTE NAME ="Post SQL" VALUE =""/>
            <TABLEATTRIBUTE NAME ="Output is deterministic" VALUE ="NO"/>
            <TABLEATTRIBUTE NAME ="Output is repeatable" VALUE ="Never"/>
        </TRANSFORMATION>
        <INSTANCE DESCRIPTION ="" NAME ="N_DIRECT_CORPORATE_ADJUSTMENT" TRANSFORMATION_NAME ="N_DIRECT_CORPORATE_ADJUSTMENT" TRANSFORMATION_TYPE ="Target Definition" TYPE ="TARGET">
            <TABLEATTRIBUTE NAME ="Post SQL" VALUE ="CALL COLLECT_STATS_WRAP(&apos;$$FINLGLDB&apos;,&apos;N_DIRECT_CORPORATE_ADJUSMENT&apos;,&apos;D&apos;);"/>
        </INSTANCE>
        <INSTANCE DESCRIPTION ="" NAME ="SQ_W_DIRECT_CORPORATE_ADJUSTMENT" REUSABLE ="NO" TRANSFORMATION_NAME ="SQ_W_DIRECT_CORPORATE_ADJUSTMENT" TRANSFORMATION_TYPE ="Source Qualifier" TYPE ="TRANSFORMATION">
            <ASSOCIATED_SOURCE_INSTANCE NAME ="W_DIRECT_CORPORATE_ADJUSTMENT"/>
        </INSTANCE>
        <INSTANCE DBDNAME ="TDDEV" DESCRIPTION ="" NAME ="W_DIRECT_CORPORATE_ADJUSTMENT" TRANSFORMATION_NAME ="W_DIRECT_CORPORATE_ADJUSTMENT" TRANSFORMATION_TYPE ="Source Definition" TYPE ="SOURCE"/>
        <CONNECTOR FROMFIELD ="DV_ATRBTN_PARENT_SLSORD_LN_KEY" FROMINSTANCE ="SQ_W_DIRECT_CORPORATE_ADJUSTMENT" FROMINSTANCETYPE ="Source Qualifier" TOFIELD ="DV_ATRBTN_PARENT_SLSORD_LN_KEY" TOINSTANCE ="N_DIRECT_CORPORATE_ADJUSTMENT" TOINSTANCETYPE ="Target Definition"/>
        <CONNECTOR FROMFIELD ="ATTRIBUTION_CD" FROMINSTANCE ="SQ_W_DIRECT_CORPORATE_ADJUSTMENT" FROMINSTANCETYPE ="Source Qualifier" TOFIELD ="ATTRIBUTION_CD" TOINSTANCE ="N_DIRECT_CORPORATE_ADJUSTMENT" TOINSTANCETYPE ="Target Definition"/>
        <CONNECTOR FROMFIELD ="DIRECT_CORP_ADJUSTMENT_KEY" FROMINSTANCE ="SQ_W_DIRECT_CORPORATE_ADJUSTMENT" FROMINSTANCETYPE ="Source Qualifier" TOFIELD ="DIRECT_CORP_ADJUSTMENT_KEY" TOINSTANCE ="N_DIRECT_CORPORATE_ADJUSTMENT" TOINSTANCETYPE ="Target Definition"/>
        <CONNECTOR FROMFIELD ="SALES_ORDER_LINE_KEY" FROMINSTANCE ="SQ_W_DIRECT_CORPORATE_ADJUSTMENT" FROMINSTANCETYPE ="Source Qualifier" TOFIELD ="SALES_ORDER_LINE_KEY" TOINSTANCE ="N_DIRECT_CORPORATE_ADJUSTMENT" TOINSTANCETYPE ="Target Definition"/>
        <CONNECTOR FROMFIELD ="DV_TRANSACTION_DT" FROMINSTANCE ="SQ_W_DIRECT_CORPORATE_ADJUSTMENT" FROMINSTANCETYPE ="Source Qualifier" TOFIELD ="DV_TRANSACTION_DT" TOINSTANCE ="N_DIRECT_CORPORATE_ADJUSTMENT" TOINSTANCETYPE ="Target Definition"/>
        <CONNECTOR FROMFIELD ="TRANSACTION_DTM" FROMINSTANCE ="SQ_W_DIRECT_CORPORATE_ADJUSTMENT" FROMINSTANCETYPE ="Source Qualifier" TOFIELD ="TRANSACTION_DTM" TOINSTANCE ="N_DIRECT_CORPORATE_ADJUSTMENT" TOINSTANCETYPE ="Target Definition"/>
        <CONNECTOR FROMFIELD ="ADJUSMENT_COGS_USD_AMT" FROMINSTANCE ="SQ_W_DIRECT_CORPORATE_ADJUSTMENT" FROMINSTANCETYPE ="Source Qualifier" TOFIELD ="ADJUSMENT_COGS_USD_AMT" TOINSTANCE ="N_DIRECT_CORPORATE_ADJUSTMENT" TOINSTANCETYPE ="Target Definition"/>
        <CONNECTOR FROMFIELD ="ADJUSMENT_COGS_FUNCTIONAL_AMT" FROMINSTANCE ="SQ_W_DIRECT_CORPORATE_ADJUSTMENT" FROMINSTANCETYPE ="Source Qualifier" TOFIELD ="ADJUSMENT_COGS_FUNCTIONAL_AMT" TOINSTANCE ="N_DIRECT_CORPORATE_ADJUSTMENT" TOINSTANCETYPE ="Target Definition"/>
        <CONNECTOR FROMFIELD ="ADJUSTMENT_REVENUE_USD_AMT" FROMINSTANCE ="SQ_W_DIRECT_CORPORATE_ADJUSTMENT" FROMINSTANCETYPE ="Source Qualifier" TOFIELD ="ADJUSTMENT_REVENUE_USD_AMT" TOINSTANCE ="N_DIRECT_CORPORATE_ADJUSTMENT" TOINSTANCETYPE ="Target Definition"/>
        <CONNECTOR FROMFIELD ="ADJUSTMENT_REVENUE_FUNCTNL_AMT" FROMINSTANCE ="SQ_W_DIRECT_CORPORATE_ADJUSTMENT" FROMINSTANCETYPE ="Source Qualifier" TOFIELD ="ADJUSTMENT_REVENUE_FUNCTNL_AMT" TOINSTANCE ="N_DIRECT_CORPORATE_ADJUSTMENT" TOINSTANCETYPE ="Target Definition"/>
        <CONNECTOR FROMFIELD ="BK_DIRECT_CORP_ADJ_TYPE_CD" FROMINSTANCE ="SQ_W_DIRECT_CORPORATE_ADJUSTMENT" FROMINSTANCETYPE ="Source Qualifier" TOFIELD ="BK_DIRECT_CORP_ADJ_TYPE_CD" TOINSTANCE ="N_DIRECT_CORPORATE_ADJUSTMENT" TOINSTANCETYPE ="Target Definition"/>
        <CONNECTOR FROMFIELD ="DIRECT_CORP_ADJUSTMENT_QTY" FROMINSTANCE ="SQ_W_DIRECT_CORPORATE_ADJUSTMENT" FROMINSTANCETYPE ="Source Qualifier" TOFIELD ="DIRECT_CORP_ADJUSTMENT_QTY" TOINSTANCE ="N_DIRECT_CORPORATE_ADJUSTMENT" TOINSTANCETYPE ="Target Definition"/>
        <CONNECTOR FROMFIELD ="TRANSACTIONAL_CURRENCY_CD" FROMINSTANCE ="SQ_W_DIRECT_CORPORATE_ADJUSTMENT" FROMINSTANCETYPE ="Source Qualifier" TOFIELD ="TRANSACTIONAL_CURRENCY_CD" TOINSTANCE ="N_DIRECT_CORPORATE_ADJUSTMENT" TOINSTANCETYPE ="Target Definition"/>
        <CONNECTOR FROMFIELD ="BK_COMPANY_CD" FROMINSTANCE ="SQ_W_DIRECT_CORPORATE_ADJUSTMENT" FROMINSTANCETYPE ="Source Qualifier" TOFIELD ="BK_COMPANY_CD" TOINSTANCE ="N_DIRECT_CORPORATE_ADJUSTMENT" TOINSTANCETYPE ="Target Definition"/>
        <CONNECTOR FROMFIELD ="SET_OF_BOOKS_KEY" FROMINSTANCE ="SQ_W_DIRECT_CORPORATE_ADJUSTMENT" FROMINSTANCETYPE ="Source Qualifier" TOFIELD ="SET_OF_BOOKS_KEY" TOINSTANCE ="N_DIRECT_CORPORATE_ADJUSTMENT" TOINSTANCETYPE ="Target Definition"/>
        <CONNECTOR FROMFIELD ="SK_ADJUSTMENT_ID_INT" FROMINSTANCE ="SQ_W_DIRECT_CORPORATE_ADJUSTMENT" FROMINSTANCETYPE ="Source Qualifier" TOFIELD ="SK_ADJUSTMENT_ID_INT" TOINSTANCE ="N_DIRECT_CORPORATE_ADJUSTMENT" TOINSTANCETYPE ="Target Definition"/>
        <CONNECTOR FROMFIELD ="SS_CD" FROMINSTANCE ="SQ_W_DIRECT_CORPORATE_ADJUSTMENT" FROMINSTANCETYPE ="Source Qualifier" TOFIELD ="SS_CD" TOINSTANCE ="N_DIRECT_CORPORATE_ADJUSTMENT" TOINSTANCETYPE ="Target Definition"/>
        <CONNECTOR FROMFIELD ="EDW_CREATE_USER" FROMINSTANCE ="SQ_W_DIRECT_CORPORATE_ADJUSTMENT" FROMINSTANCETYPE ="Source Qualifier" TOFIELD ="EDW_CREATE_USER" TOINSTANCE ="N_DIRECT_CORPORATE_ADJUSTMENT" TOINSTANCETYPE ="Target Definition"/>
        <CONNECTOR FROMFIELD ="EDW_CREATE_DTM" FROMINSTANCE ="SQ_W_DIRECT_CORPORATE_ADJUSTMENT" FROMINSTANCETYPE ="Source Qualifier" TOFIELD ="EDW_CREATE_DTM" TOINSTANCE ="N_DIRECT_CORPORATE_ADJUSTMENT" TOINSTANCETYPE ="Target Definition"/>
        <CONNECTOR FROMFIELD ="EDW_UPDATE_USER" FROMINSTANCE ="SQ_W_DIRECT_CORPORATE_ADJUSTMENT" FROMINSTANCETYPE ="Source Qualifier" TOFIELD ="EDW_UPDATE_USER" TOINSTANCE ="N_DIRECT_CORPORATE_ADJUSTMENT" TOINSTANCETYPE ="Target Definition"/>
        <CONNECTOR FROMFIELD ="EDW_UPDATE_DTM" FROMINSTANCE ="SQ_W_DIRECT_CORPORATE_ADJUSTMENT" FROMINSTANCETYPE ="Source Qualifier" TOFIELD ="EDW_UPDATE_DTM" TOINSTANCE ="N_DIRECT_CORPORATE_ADJUSTMENT" TOINSTANCETYPE ="Target Definition"/>
        <CONNECTOR FROMFIELD ="SALES_ORDER_KEY" FROMINSTANCE ="SQ_W_DIRECT_CORPORATE_ADJUSTMENT" FROMINSTANCETYPE ="Source Qualifier" TOFIELD ="SALES_ORDER_KEY" TOINSTANCE ="N_DIRECT_CORPORATE_ADJUSTMENT" TOINSTANCETYPE ="Target Definition"/>
        <CONNECTOR FROMFIELD ="BK_OFFER_ATRBTN_ID_INT" FROMINSTANCE ="SQ_W_DIRECT_CORPORATE_ADJUSTMENT" FROMINSTANCETYPE ="Source Qualifier" TOFIELD ="BK_OFFER_ATRBTN_ID_INT" TOINSTANCE ="N_DIRECT_CORPORATE_ADJUSTMENT" TOINSTANCETYPE ="Target Definition"/>
        <CONNECTOR FROMFIELD ="BK_ATRBTN_SOURCE_SYS_CD" FROMINSTANCE ="SQ_W_DIRECT_CORPORATE_ADJUSTMENT" FROMINSTANCETYPE ="Source Qualifier" TOFIELD ="BK_ATRBTN_SOURCE_SYS_CD" TOINSTANCE ="N_DIRECT_CORPORATE_ADJUSTMENT" TOINSTANCETYPE ="Target Definition"/>
        <CONNECTOR FROMFIELD ="PRODUCT_KEY" FROMINSTANCE ="SQ_W_DIRECT_CORPORATE_ADJUSTMENT" FROMINSTANCETYPE ="Source Qualifier" TOFIELD ="PRODUCT_KEY" TOINSTANCE ="N_DIRECT_CORPORATE_ADJUSTMENT" TOINSTANCETYPE ="Target Definition"/>
        <CONNECTOR FROMFIELD ="RU_ATTRIBUTION_PCT" FROMINSTANCE ="SQ_W_DIRECT_CORPORATE_ADJUSTMENT" FROMINSTANCETYPE ="Source Qualifier" TOFIELD ="RU_ATTRIBUTION_PCT" TOINSTANCE ="N_DIRECT_CORPORATE_ADJUSTMENT" TOINSTANCETYPE ="Target Definition"/>
        <CONNECTOR FROMFIELD ="ROL_TRX_LINE_GL_DISTRI_KEY" FROMINSTANCE ="SQ_W_DIRECT_CORPORATE_ADJUSTMENT" FROMINSTANCETYPE ="Source Qualifier" TOFIELD ="ROL_TRX_LINE_GL_DISTRI_KEY" TOINSTANCE ="N_DIRECT_CORPORATE_ADJUSTMENT" TOINSTANCETYPE ="Target Definition"/>
        <CONNECTOR FROMFIELD ="ATTRIBUTION_CD" FROMINSTANCE ="W_DIRECT_CORPORATE_ADJUSTMENT" FROMINSTANCETYPE ="Source Definition" TOFIELD ="ATTRIBUTION_CD" TOINSTANCE ="SQ_W_DIRECT_CORPORATE_ADJUSTMENT" TOINSTANCETYPE ="Source Qualifier"/>
        <CONNECTOR FROMFIELD ="DIRECT_CORP_ADJUSTMENT_KEY" FROMINSTANCE ="W_DIRECT_CORPORATE_ADJUSTMENT" FROMINSTANCETYPE ="Source Definition" TOFIELD ="DIRECT_CORP_ADJUSTMENT_KEY" TOINSTANCE ="SQ_W_DIRECT_CORPORATE_ADJUSTMENT" TOINSTANCETYPE ="Source Qualifier"/>
        <CONNECTOR FROMFIELD ="SALES_ORDER_LINE_KEY" FROMINSTANCE ="W_DIRECT_CORPORATE_ADJUSTMENT" FROMINSTANCETYPE ="Source Definition" TOFIELD ="SALES_ORDER_LINE_KEY" TOINSTANCE ="SQ_W_DIRECT_CORPORATE_ADJUSTMENT" TOINSTANCETYPE ="Source Qualifier"/>
        <CONNECTOR FROMFIELD ="DV_TRANSACTION_DT" FROMINSTANCE ="W_DIRECT_CORPORATE_ADJUSTMENT" FROMINSTANCETYPE ="Source Definition" TOFIELD ="DV_TRANSACTION_DT" TOINSTANCE ="SQ_W_DIRECT_CORPORATE_ADJUSTMENT" TOINSTANCETYPE ="Source Qualifier"/>
        <CONNECTOR FROMFIELD ="TRANSACTION_DTM" FROMINSTANCE ="W_DIRECT_CORPORATE_ADJUSTMENT" FROMINSTANCETYPE ="Source Definition" TOFIELD ="TRANSACTION_DTM" TOINSTANCE ="SQ_W_DIRECT_CORPORATE_ADJUSTMENT" TOINSTANCETYPE ="Source Qualifier"/>
        <CONNECTOR FROMFIELD ="ADJUSMENT_COGS_USD_AMT" FROMINSTANCE ="W_DIRECT_CORPORATE_ADJUSTMENT" FROMINSTANCETYPE ="Source Definition" TOFIELD ="ADJUSMENT_COGS_USD_AMT" TOINSTANCE ="SQ_W_DIRECT_CORPORATE_ADJUSTMENT" TOINSTANCETYPE ="Source Qualifier"/>
        <CONNECTOR FROMFIELD ="ADJUSMENT_COGS_FUNCTIONAL_AMT" FROMINSTANCE ="W_DIRECT_CORPORATE_ADJUSTMENT" FROMINSTANCETYPE ="Source Definition" TOFIELD ="ADJUSMENT_COGS_FUNCTIONAL_AMT" TOINSTANCE ="SQ_W_DIRECT_CORPORATE_ADJUSTMENT" TOINSTANCETYPE ="Source Qualifier"/>
        <CONNECTOR FROMFIELD ="ADJUSTMENT_REVENUE_USD_AMT" FROMINSTANCE ="W_DIRECT_CORPORATE_ADJUSTMENT" FROMINSTANCETYPE ="Source Definition" TOFIELD ="ADJUSTMENT_REVENUE_USD_AMT" TOINSTANCE ="SQ_W_DIRECT_CORPORATE_ADJUSTMENT" TOINSTANCETYPE ="Source Qualifier"/>
        <CONNECTOR FROMFIELD ="ADJUSTMENT_REVENUE_FUNCTNL_AMT" FROMINSTANCE ="W_DIRECT_CORPORATE_ADJUSTMENT" FROMINSTANCETYPE ="Source Definition" TOFIELD ="ADJUSTMENT_REVENUE_FUNCTNL_AMT" TOINSTANCE ="SQ_W_DIRECT_CORPORATE_ADJUSTMENT" TOINSTANCETYPE ="Source Qualifier"/>
        <CONNECTOR FROMFIELD ="BK_DIRECT_CORP_ADJ_TYPE_CD" FROMINSTANCE ="W_DIRECT_CORPORATE_ADJUSTMENT" FROMINSTANCETYPE ="Source Definition" TOFIELD ="BK_DIRECT_CORP_ADJ_TYPE_CD" TOINSTANCE ="SQ_W_DIRECT_CORPORATE_ADJUSTMENT" TOINSTANCETYPE ="Source Qualifier"/>
        <CONNECTOR FROMFIELD ="DIRECT_CORP_ADJUSTMENT_QTY" FROMINSTANCE ="W_DIRECT_CORPORATE_ADJUSTMENT" FROMINSTANCETYPE ="Source Definition" TOFIELD ="DIRECT_CORP_ADJUSTMENT_QTY" TOINSTANCE ="SQ_W_DIRECT_CORPORATE_ADJUSTMENT" TOINSTANCETYPE ="Source Qualifier"/>
        <CONNECTOR FROMFIELD ="TRANSACTIONAL_CURRENCY_CD" FROMINSTANCE ="W_DIRECT_CORPORATE_ADJUSTMENT" FROMINSTANCETYPE ="Source Definition" TOFIELD ="TRANSACTIONAL_CURRENCY_CD" TOINSTANCE ="SQ_W_DIRECT_CORPORATE_ADJUSTMENT" TOINSTANCETYPE ="Source Qualifier"/>
        <CONNECTOR FROMFIELD ="BK_COMPANY_CD" FROMINSTANCE ="W_DIRECT_CORPORATE_ADJUSTMENT" FROMINSTANCETYPE ="Source Definition" TOFIELD ="BK_COMPANY_CD" TOINSTANCE ="SQ_W_DIRECT_CORPORATE_ADJUSTMENT" TOINSTANCETYPE ="Source Qualifier"/>
        <CONNECTOR FROMFIELD ="SET_OF_BOOKS_KEY" FROMINSTANCE ="W_DIRECT_CORPORATE_ADJUSTMENT" FROMINSTANCETYPE ="Source Definition" TOFIELD ="SET_OF_BOOKS_KEY" TOINSTANCE ="SQ_W_DIRECT_CORPORATE_ADJUSTMENT" TOINSTANCETYPE ="Source Qualifier"/>
        <CONNECTOR FROMFIELD ="SK_ADJUSTMENT_ID_INT" FROMINSTANCE ="W_DIRECT_CORPORATE_ADJUSTMENT" FROMINSTANCETYPE ="Source Definition" TOFIELD ="SK_ADJUSTMENT_ID_INT" TOINSTANCE ="SQ_W_DIRECT_CORPORATE_ADJUSTMENT" TOINSTANCETYPE ="Source Qualifier"/>
        <CONNECTOR FROMFIELD ="SS_CD" FROMINSTANCE ="W_DIRECT_CORPORATE_ADJUSTMENT" FROMINSTANCETYPE ="Source Definition" TOFIELD ="SS_CD" TOINSTANCE ="SQ_W_DIRECT_CORPORATE_ADJUSTMENT" TOINSTANCETYPE ="Source Qualifier"/>
        <CONNECTOR FROMFIELD ="EDW_CREATE_USER" FROMINSTANCE ="W_DIRECT_CORPORATE_ADJUSTMENT" FROMINSTANCETYPE ="Source Definition" TOFIELD ="EDW_CREATE_USER" TOINSTANCE ="SQ_W_DIRECT_CORPORATE_ADJUSTMENT" TOINSTANCETYPE ="Source Qualifier"/>
        <CONNECTOR FROMFIELD ="EDW_CREATE_DTM" FROMINSTANCE ="W_DIRECT_CORPORATE_ADJUSTMENT" FROMINSTANCETYPE ="Source Definition" TOFIELD ="EDW_CREATE_DTM" TOINSTANCE ="SQ_W_DIRECT_CORPORATE_ADJUSTMENT" TOINSTANCETYPE ="Source Qualifier"/>
        <CONNECTOR FROMFIELD ="EDW_UPDATE_USER" FROMINSTANCE ="W_DIRECT_CORPORATE_ADJUSTMENT" FROMINSTANCETYPE ="Source Definition" TOFIELD ="EDW_UPDATE_USER" TOINSTANCE ="SQ_W_DIRECT_CORPORATE_ADJUSTMENT" TOINSTANCETYPE ="Source Qualifier"/>
        <CONNECTOR FROMFIELD ="EDW_UPDATE_DTM" FROMINSTANCE ="W_DIRECT_CORPORATE_ADJUSTMENT" FROMINSTANCETYPE ="Source Definition" TOFIELD ="EDW_UPDATE_DTM" TOINSTANCE ="SQ_W_DIRECT_CORPORATE_ADJUSTMENT" TOINSTANCETYPE ="Source Qualifier"/>
        <CONNECTOR FROMFIELD ="SALES_ORDER_KEY" FROMINSTANCE ="W_DIRECT_CORPORATE_ADJUSTMENT" FROMINSTANCETYPE ="Source Definition" TOFIELD ="SALES_ORDER_KEY" TOINSTANCE ="SQ_W_DIRECT_CORPORATE_ADJUSTMENT" TOINSTANCETYPE ="Source Qualifier"/>
        <CONNECTOR FROMFIELD ="BK_ATRBTN_SOURCE_SYS_CD" FROMINSTANCE ="W_DIRECT_CORPORATE_ADJUSTMENT" FROMINSTANCETYPE ="Source Definition" TOFIELD ="BK_ATRBTN_SOURCE_SYS_CD" TOINSTANCE ="SQ_W_DIRECT_CORPORATE_ADJUSTMENT" TOINSTANCETYPE ="Source Qualifier"/>
        <CONNECTOR FROMFIELD ="BK_OFFER_ATRBTN_ID_INT" FROMINSTANCE ="W_DIRECT_CORPORATE_ADJUSTMENT" FROMINSTANCETYPE ="Source Definition" TOFIELD ="BK_OFFER_ATRBTN_ID_INT" TOINSTANCE ="SQ_W_DIRECT_CORPORATE_ADJUSTMENT" TOINSTANCETYPE ="Source Qualifier"/>
        <CONNECTOR FROMFIELD ="DV_ATRBTN_PARENT_SLSORD_LN_KEY" FROMINSTANCE ="W_DIRECT_CORPORATE_ADJUSTMENT" FROMINSTANCETYPE ="Source Definition" TOFIELD ="DV_ATRBTN_PARENT_SLSORD_LN_KEY" TOINSTANCE ="SQ_W_DIRECT_CORPORATE_ADJUSTMENT" TOINSTANCETYPE ="Source Qualifier"/>
        <CONNECTOR FROMFIELD ="PRODUCT_KEY" FROMINSTANCE ="W_DIRECT_CORPORATE_ADJUSTMENT" FROMINSTANCETYPE ="Source Definition" TOFIELD ="PRODUCT_KEY" TOINSTANCE ="SQ_W_DIRECT_CORPORATE_ADJUSTMENT" TOINSTANCETYPE ="Source Qualifier"/>
        <CONNECTOR FROMFIELD ="RU_ATTRIBUTION_PCT" FROMINSTANCE ="W_DIRECT_CORPORATE_ADJUSTMENT" FROMINSTANCETYPE ="Source Definition" TOFIELD ="RU_ATTRIBUTION_PCT" TOINSTANCE ="SQ_W_DIRECT_CORPORATE_ADJUSTMENT" TOINSTANCETYPE ="Source Qualifier"/>
        <CONNECTOR FROMFIELD ="DIRECT_CORP_ADJUSTMENT_KEY" FROMINSTANCE ="W_DIRECT_CORPORATE_ADJUSTMENT" FROMINSTANCETYPE ="Source Definition" TOFIELD ="ROL_TRX_LINE_GL_DISTRI_KEY" TOINSTANCE ="SQ_W_DIRECT_CORPORATE_ADJUSTMENT" TOINSTANCETYPE ="Source Qualifier"/>
        <TARGETLOADORDER ORDER ="1" TARGETINSTANCE ="N_DIRECT_CORPORATE_ADJUSTMENT"/>
        <MAPPINGVARIABLE AGGFUNCTION ="MAX" DATATYPE ="string" DEFAULTVALUE ="WORKDB" DESCRIPTION ="" ISEXPRESSIONVARIABLE ="NO" ISPARAM ="NO" NAME ="$$WORKDB" PRECISION ="30" SCALE ="0" USERDEFINED ="YES"/>
        <MAPPINGVARIABLE AGGFUNCTION ="MAX" DATATYPE ="string" DEFAULTVALUE ="FINLGLVWDB" DESCRIPTION ="" ISEXPRESSIONVARIABLE ="NO" ISPARAM ="NO" NAME ="$$FINLGLVWDB" PRECISION ="30" SCALE ="0" USERDEFINED ="YES"/>
        <MAPPINGVARIABLE AGGFUNCTION ="MAX" DATATYPE ="string" DEFAULTVALUE ="FINLGLDB" DESCRIPTION ="" ISEXPRESSIONVARIABLE ="NO" ISPARAM ="NO" NAME ="$$FINLGLDB" PRECISION ="30" SCALE ="0" USERDEFINED ="YES"/>
        <ERPINFO/>
    </MAPPING>
    <CONFIG DESCRIPTION ="Default session configuration object" ISDEFAULT ="YES" NAME ="default_session_config" VERSIONNUMBER ="5">
        <ATTRIBUTE NAME ="Advanced" VALUE =""/>
        <ATTRIBUTE NAME ="Constraint based load ordering" VALUE ="NO"/>
        <ATTRIBUTE NAME ="Cache LOOKUP() function" VALUE ="YES"/>
        <ATTRIBUTE NAME ="Default buffer block size" VALUE ="Auto"/>
        <ATTRIBUTE NAME ="Line Sequential buffer length" VALUE ="1024"/>
        <ATTRIBUTE NAME ="Maximum Memory Allowed For Auto Memory Attributes" VALUE ="512MB"/>
        <ATTRIBUTE NAME ="Maximum Percentage of Total Memory Allowed For Auto Memory Attributes" VALUE ="5"/>
        <ATTRIBUTE NAME ="Additional Concurrent Pipelines for Lookup Cache Creation" VALUE ="Auto"/>
        <ATTRIBUTE NAME ="Custom Properties" VALUE =""/>
        <ATTRIBUTE NAME ="Pre-build lookup cache" VALUE ="Auto"/>
        <ATTRIBUTE NAME ="Optimization Level" VALUE ="Medium"/>
        <ATTRIBUTE NAME ="DateTime Format String" VALUE ="MM/DD/YYYY HH24:MI:SS"/>
        <ATTRIBUTE NAME ="Pre 85 Timestamp Compatibility" VALUE ="YES"/>
        <ATTRIBUTE NAME ="Log Options" VALUE ="0"/>
        <ATTRIBUTE NAME ="Save session log by" VALUE ="Session runs"/>
        <ATTRIBUTE NAME ="Save session log for these runs" VALUE ="5"/>
        <ATTRIBUTE NAME ="Session Log File Max Size" VALUE ="0"/>
        <ATTRIBUTE NAME ="Session Log File Max Time Period" VALUE ="0"/>
        <ATTRIBUTE NAME ="Maximum Partial Session Log Files" VALUE ="1"/>
        <ATTRIBUTE NAME ="Writer Commit Statistics Log Frequency" VALUE ="1"/>
        <ATTRIBUTE NAME ="Writer Commit Statistics Log Interval" VALUE ="0"/>
        <ATTRIBUTE NAME ="Error handling" VALUE =""/>
        <ATTRIBUTE NAME ="Stop on errors" VALUE ="1"/>
        <ATTRIBUTE NAME ="Override tracing" VALUE ="None"/>
        <ATTRIBUTE NAME ="On Stored Procedure error" VALUE ="Stop"/>
        <ATTRIBUTE NAME ="On Pre-session command task error" VALUE ="Stop"/>
        <ATTRIBUTE NAME ="On Pre-Post SQL error" VALUE ="Stop"/>
        <ATTRIBUTE NAME ="Enable Recovery" VALUE ="NO"/>
        <ATTRIBUTE NAME ="Error Log Type" VALUE ="None"/>
        <ATTRIBUTE NAME ="Error Log Table Name Prefix" VALUE =""/>
        <ATTRIBUTE NAME ="Error Log File Name" VALUE ="PMError.log"/>
        <ATTRIBUTE NAME ="Log Source Row Data" VALUE ="NO"/>
        <ATTRIBUTE NAME ="Data Column Delimiter" VALUE ="|"/>
        <ATTRIBUTE NAME ="Partitioning Options" VALUE =""/>
        <ATTRIBUTE NAME ="Dynamic Partitioning" VALUE ="Disabled"/>
        <ATTRIBUTE NAME ="Number of Partitions" VALUE ="1"/>
        <ATTRIBUTE NAME ="Multiplication Factor" VALUE ="Auto"/>
        <ATTRIBUTE NAME ="Session on Grid" VALUE =""/>
        <ATTRIBUTE NAME ="Is Enabled" VALUE ="NO"/>
    </CONFIG>
    <WORKFLOW DESCRIPTION ="" ISENABLED ="YES" ISRUNNABLESERVICE ="NO" ISSERVICE ="NO" ISVALID ="YES" NAME ="wf_N_DIRECT_CORPORATE_ADJUSTMENT" REUSABLE_SCHEDULER ="NO" SCHEDULERNAME ="Scheduler" SERVERNAME ="EDW_TS1_TEST_961_Integration_Service" SERVER_DOMAINNAME ="Domain_EDWTD_Test_961" SUSPEND_ON_ERROR ="NO" TASKS_MUST_RUN_ON_SERVER ="NO" VERSIONNUMBER ="8">
        <SCHEDULER DESCRIPTION ="" NAME ="Scheduler" REUSABLE ="NO" VERSIONNUMBER ="7">
            <SCHEDULEINFO SCHEDULETYPE ="ONDEMAND"/>
        </SCHEDULER>
        <TASK DESCRIPTION ="" NAME ="Start" REUSABLE ="NO" TYPE ="Start" VERSIONNUMBER ="7"/>
        <SESSION DESCRIPTION ="" ISVALID ="YES" MAPPINGNAME ="m_N_DIRECT_CORPORATE_ADJUSTMENT" NAME ="s_m_N_DIRECT_CORPORATE_ADJUSTMENT" REUSABLE ="NO" SORTORDER ="Binary" VERSIONNUMBER ="8">
            <SESSTRANSFORMATIONINST ISREPARTITIONPOINT ="YES" PARTITIONTYPE ="PASS THROUGH" PIPELINE ="1" SINSTANCENAME ="N_DIRECT_CORPORATE_ADJUSTMENT" STAGE ="1" TRANSFORMATIONNAME ="N_DIRECT_CORPORATE_ADJUSTMENT" TRANSFORMATIONTYPE ="Target Definition">
                <ATTRIBUTE NAME ="Table Name Prefix" VALUE ="$$FINLGLVWDB"/>
                <ATTRIBUTE NAME ="Pre SQL" VALUE ="UPDATE NDCA&#xD;&#xA; FROM $$FINLGLVWDB.N_DIRECT_CORPORATE_ADJUSTMENT NDCA, $$WORKDB.W_DIRECT_CORPORATE_ADJUSTMENT WDCA &#xD;&#xA; SET&#xD;&#xA; SALES_ORDER_LINE_KEY  =WDCA.SALES_ORDER_LINE_KEY ,&#xD;&#xA; SALES_ORDER_KEY  =WDCA.SALES_ORDER_KEY,&#xD;&#xA; TRANSACTION_DTM =WDCA.TRANSACTION_DTM,&#xD;&#xA; ADJUSMENT_COGS_USD_AMT =WDCA.ADJUSMENT_COGS_USD_AMT,&#xD;&#xA; ADJUSMENT_COGS_FUNCTIONAL_AMT = WDCA.ADJUSMENT_COGS_FUNCTIONAL_AMT,&#xD;&#xA; ADJUSTMENT_REVENUE_USD_AMT = WDCA.ADJUSTMENT_REVENUE_USD_AMT,&#xD;&#xA; ADJUSTMENT_REVENUE_FUNCTNL_AMT = WDCA.ADJUSTMENT_REVENUE_FUNCTNL_AMT,&#xD;&#xA; BK_DIRECT_CORP_ADJ_TYPE_CD = WDCA.BK_DIRECT_CORP_ADJ_TYPE_CD, &#xD;&#xA; DIRECT_CORP_ADJUSTMENT_QTY = WDCA.DIRECT_CORP_ADJUSTMENT_QTY, &#xD;&#xA; TRANSACTIONAL_CURRENCY_CD = WDCA.TRANSACTIONAL_CURRENCY_CD, &#xD;&#xA; BK_COMPANY_CD= WDCA.BK_COMPANY_CD, &#xD;&#xA; SET_OF_BOOKS_KEY = WDCA.SET_OF_BOOKS_KEY, &#xD;&#xA; EDW_UPDATE_USER  = USER,           &#xD;&#xA; EDW_UPDATE_DTM = CURRENT_TIMESTAMP(0),&#xD;&#xA; /*----Open RMA OA Q1FY15-----*/&#xD;&#xA; BK_OFFER_ATRBTN_ID_INT= WDCA.BK_OFFER_ATRBTN_ID_INT,&#xD;&#xA; BK_ATRBTN_SOURCE_SYS_CD = WDCA.BK_ATRBTN_SOURCE_SYS_CD,&#xD;&#xA; DV_ATRBTN_PARENT_SLSORD_LN_KEY = WDCA.DV_ATRBTN_PARENT_SLSORD_LN_KEY,&#xD;&#xA; ATTRIBUTION_CD= WDCA.ATTRIBUTION_CD,&#xD;&#xA; /*----Open RMA OA Q1FY15-----*/&#xD;&#xA; PRODUCT_KEY=WDCA.PRODUCT_KEY , /*PRMADDAL:ADDED AS PART OF SOT OA Q4FY17*/&#xD;&#xA; RU_ATTRIBUTION_PCT=WDCA.RU_ATTRIBUTION_PCT,&#xD;&#xA;ROL_TRX_LINE_GL_DISTRI_KEY= WDCA.ROL_TRX_LINE_GL_DISTRI_KEY    &#xD;&#xA; WHERE NDCA.DIRECT_CORP_ADJUSTMENT_KEY = WDCA.DIRECT_CORP_ADJUSTMENT_KEY"/>
                <ATTRIBUTE NAME ="Post SQL" VALUE ="CALL COLLECT_STATS_WRAP(&apos;$$FINLGLDB&apos;,&apos;N_DIRECT_CORPORATE_ADJUSTMENT&apos;,&apos;D&apos;);"/>
            </SESSTRANSFORMATIONINST>
            <SESSTRANSFORMATIONINST ISREPARTITIONPOINT ="YES" PARTITIONTYPE ="PASS THROUGH" PIPELINE ="1" SINSTANCENAME ="SQ_W_DIRECT_CORPORATE_ADJUSTMENT" STAGE ="2" TRANSFORMATIONNAME ="SQ_W_DIRECT_CORPORATE_ADJUSTMENT" TRANSFORMATIONTYPE ="Source Qualifier"/>
            <SESSTRANSFORMATIONINST ISREPARTITIONPOINT ="NO" PIPELINE ="0" SINSTANCENAME ="W_DIRECT_CORPORATE_ADJUSTMENT" STAGE ="0" TRANSFORMATIONNAME ="W_DIRECT_CORPORATE_ADJUSTMENT" TRANSFORMATIONTYPE ="Source Definition">
                <ATTRIBUTE NAME ="Owner Name" VALUE ="$$WORKDB"/>
            </SESSTRANSFORMATIONINST>
            <CONFIGREFERENCE REFOBJECTNAME ="default_session_config" TYPE ="Session config">
                <ATTRIBUTE NAME ="Pre 85 Timestamp Compatibility" VALUE ="YES"/>
                <ATTRIBUTE NAME ="Save session log for these runs" VALUE ="5"/>
                <ATTRIBUTE NAME ="Stop on errors" VALUE ="1"/>
                <ATTRIBUTE NAME ="Override tracing" VALUE ="Normal"/>
            </CONFIGREFERENCE>
            <SESSIONEXTENSION NAME ="Relational Writer" SINSTANCENAME ="N_DIRECT_CORPORATE_ADJUSTMENT" SUBTYPE ="Relational Writer" TRANSFORMATIONTYPE ="Target Definition" TYPE ="WRITER">
                <CONNECTIONREFERENCE CNXREFNAME ="DB Connection" CONNECTIONNAME ="" CONNECTIONNUMBER ="1" CONNECTIONSUBTYPE ="" CONNECTIONTYPE ="Relational" VARIABLE ="$DBConnection_Target"/>
                <ATTRIBUTE NAME ="Target load type" VALUE ="Bulk"/>
                <ATTRIBUTE NAME ="Insert" VALUE ="YES"/>
                <ATTRIBUTE NAME ="Update as Update" VALUE ="NO"/>
                <ATTRIBUTE NAME ="Update as Insert" VALUE ="NO"/>
                <ATTRIBUTE NAME ="Update else Insert" VALUE ="NO"/>
                <ATTRIBUTE NAME ="Delete" VALUE ="NO"/>
                <ATTRIBUTE NAME ="Truncate target table option" VALUE ="NO"/>
                <ATTRIBUTE NAME ="Reject file directory" VALUE ="$PMRootDir/DATA/EDWTD_AR/reject"/>
                <ATTRIBUTE NAME ="Reject filename" VALUE ="n_direct_corporate_adjustment1.bad"/>
            </SESSIONEXTENSION>
            <SESSIONEXTENSION NAME ="Relational Reader" SINSTANCENAME ="SQ_W_DIRECT_CORPORATE_ADJUSTMENT" SUBTYPE ="Relational Reader" TRANSFORMATIONTYPE ="Source Qualifier" TYPE ="READER">
                <CONNECTIONREFERENCE CNXREFNAME ="DB Connection" CONNECTIONNAME ="" CONNECTIONNUMBER ="1" CONNECTIONSUBTYPE ="" CONNECTIONTYPE ="Relational" VARIABLE ="$DBConnection_Source"/>
            </SESSIONEXTENSION>
            <SESSIONEXTENSION DSQINSTNAME ="SQ_W_DIRECT_CORPORATE_ADJUSTMENT" DSQINSTTYPE ="Source Qualifier" NAME ="Relational Reader" SINSTANCENAME ="W_DIRECT_CORPORATE_ADJUSTMENT" SUBTYPE ="Relational Reader" TRANSFORMATIONTYPE ="Source Definition" TYPE ="READER"/>
            <ATTRIBUTE NAME ="General Options" VALUE =""/>
            <ATTRIBUTE NAME ="Write Backward Compatible Session Log File" VALUE ="NO"/>
            <ATTRIBUTE NAME ="Session Log File Name" VALUE ="s_m_N_DIRECT_CORPORATE_ADJUSTMENT.log"/>
            <ATTRIBUTE NAME ="Session Log File directory" VALUE ="$PMSessionLogDir&#x5c;"/>
            <ATTRIBUTE NAME ="Parameter Filename" VALUE ="$PMRootDir/ctrl/db.parm"/>
            <ATTRIBUTE NAME ="Enable Test Load" VALUE ="NO"/>
            <ATTRIBUTE NAME ="$Source connection value" VALUE =""/>
            <ATTRIBUTE NAME ="$Target connection value" VALUE =""/>
            <ATTRIBUTE NAME ="Treat source rows as" VALUE ="Insert"/>
            <ATTRIBUTE NAME ="Commit Type" VALUE ="Target"/>
            <ATTRIBUTE NAME ="Commit Interval" VALUE ="10000"/>
            <ATTRIBUTE NAME ="Commit On End Of File" VALUE ="YES"/>
            <ATTRIBUTE NAME ="Rollback Transactions on Errors" VALUE ="NO"/>
            <ATTRIBUTE NAME ="Recovery Strategy" VALUE ="Fail task and continue workflow"/>
            <ATTRIBUTE NAME ="Java Classpath" VALUE =""/>
            <ATTRIBUTE NAME ="Performance" VALUE =""/>
            <ATTRIBUTE NAME ="DTM buffer size" VALUE ="Auto"/>
            <ATTRIBUTE NAME ="Collect performance data" VALUE ="NO"/>
            <ATTRIBUTE NAME ="Write performance data to repository" VALUE ="NO"/>
            <ATTRIBUTE NAME ="Incremental Aggregation" VALUE ="NO"/>
            <ATTRIBUTE NAME ="Enable high precision" VALUE ="NO"/>
            <ATTRIBUTE NAME ="Session retry on deadlock" VALUE ="NO"/>
            <ATTRIBUTE NAME ="Pushdown Optimization" VALUE ="Full"/>
            <ATTRIBUTE NAME ="Allow Temporary View for Pushdown" VALUE ="NO"/>
            <ATTRIBUTE NAME ="Allow Temporary Sequence for Pushdown" VALUE ="NO"/>
            <ATTRIBUTE NAME ="Allow Pushdown for User Incompatible Connections" VALUE ="NO"/>
        </SESSION>
        <TASKINSTANCE DESCRIPTION ="" FAIL_PARENT_IF_INSTANCE_DID_NOT_RUN ="YES" FAIL_PARENT_IF_INSTANCE_FAILS ="YES" ISENABLED ="YES" NAME ="s_m_N_DIRECT_CORPORATE_ADJUSTMENT" REUSABLE ="NO" TASKNAME ="s_m_N_DIRECT_CORPORATE_ADJUSTMENT" TASKTYPE ="Session" TREAT_INPUTLINK_AS_AND ="YES"/>
        <TASKINSTANCE DESCRIPTION ="" ISENABLED ="YES" NAME ="Start" REUSABLE ="NO" TASKNAME ="Start" TASKTYPE ="Start"/>
        <WORKFLOWLINK CONDITION ="" FROMTASK ="Start" TOTASK ="s_m_N_DIRECT_CORPORATE_ADJUSTMENT"/>
        <WORKFLOWVARIABLE DATATYPE ="date/time" DEFAULTVALUE ="" DESCRIPTION ="The time this task started" ISNULL ="NO" ISPERSISTENT ="NO" NAME ="$s_m_N_DIRECT_CORPORATE_ADJUSTMENT.StartTime" USERDEFINED ="NO"/>
        <WORKFLOWVARIABLE DATATYPE ="date/time" DEFAULTVALUE ="" DESCRIPTION ="The time this task completed" ISNULL ="NO" ISPERSISTENT ="NO" NAME ="$s_m_N_DIRECT_CORPORATE_ADJUSTMENT.EndTime" USERDEFINED ="NO"/>
        <WORKFLOWVARIABLE DATATYPE ="integer" DEFAULTVALUE ="" DESCRIPTION ="Status of this task&apos;s execution" ISNULL ="NO" ISPERSISTENT ="NO" NAME ="$s_m_N_DIRECT_CORPORATE_ADJUSTMENT.Status" USERDEFINED ="NO"/>
        <WORKFLOWVARIABLE DATATYPE ="integer" DEFAULTVALUE ="" DESCRIPTION ="Status of the previous task that is not disabled" ISNULL ="NO" ISPERSISTENT ="NO" NAME ="$s_m_N_DIRECT_CORPORATE_ADJUSTMENT.PrevTaskStatus" USERDEFINED ="NO"/>
        <WORKFLOWVARIABLE DATATYPE ="integer" DEFAULTVALUE ="" DESCRIPTION ="Error code for this task&apos;s execution" ISNULL ="NO" ISPERSISTENT ="NO" NAME ="$s_m_N_DIRECT_CORPORATE_ADJUSTMENT.ErrorCode" USERDEFINED ="NO"/>
        <WORKFLOWVARIABLE DATATYPE ="string" DEFAULTVALUE ="" DESCRIPTION ="Error message for this task&apos;s execution" ISNULL ="NO" ISPERSISTENT ="NO" NAME ="$s_m_N_DIRECT_CORPORATE_ADJUSTMENT.ErrorMsg" USERDEFINED ="NO"/>
        <WORKFLOWVARIABLE DATATYPE ="integer" DEFAULTVALUE ="" DESCRIPTION ="Rows successfully read" ISNULL ="NO" ISPERSISTENT ="NO" NAME ="$s_m_N_DIRECT_CORPORATE_ADJUSTMENT.SrcSuccessRows" USERDEFINED ="NO"/>
        <WORKFLOWVARIABLE DATATYPE ="integer" DEFAULTVALUE ="" DESCRIPTION ="Rows failed to read" ISNULL ="NO" ISPERSISTENT ="NO" NAME ="$s_m_N_DIRECT_CORPORATE_ADJUSTMENT.SrcFailedRows" USERDEFINED ="NO"/>
        <WORKFLOWVARIABLE DATATYPE ="integer" DEFAULTVALUE ="" DESCRIPTION ="Rows successfully loaded" ISNULL ="NO" ISPERSISTENT ="NO" NAME ="$s_m_N_DIRECT_CORPORATE_ADJUSTMENT.TgtSuccessRows" USERDEFINED ="NO"/>
        <WORKFLOWVARIABLE DATATYPE ="integer" DEFAULTVALUE ="" DESCRIPTION ="Rows failed to load" ISNULL ="NO" ISPERSISTENT ="NO" NAME ="$s_m_N_DIRECT_CORPORATE_ADJUSTMENT.TgtFailedRows" USERDEFINED ="NO"/>
        <WORKFLOWVARIABLE DATATYPE ="integer" DEFAULTVALUE ="" DESCRIPTION ="Total number of transformation errors" ISNULL ="NO" ISPERSISTENT ="NO" NAME ="$s_m_N_DIRECT_CORPORATE_ADJUSTMENT.TotalTransErrors" USERDEFINED ="NO"/>
        <WORKFLOWVARIABLE DATATYPE ="integer" DEFAULTVALUE ="" DESCRIPTION ="First error code" ISNULL ="NO" ISPERSISTENT ="NO" NAME ="$s_m_N_DIRECT_CORPORATE_ADJUSTMENT.FirstErrorCode" USERDEFINED ="NO"/>
        <WORKFLOWVARIABLE DATATYPE ="string" DEFAULTVALUE ="" DESCRIPTION ="First error message" ISNULL ="NO" ISPERSISTENT ="NO" NAME ="$s_m_N_DIRECT_CORPORATE_ADJUSTMENT.FirstErrorMsg" USERDEFINED ="NO"/>
        <WORKFLOWVARIABLE DATATYPE ="date/time" DEFAULTVALUE ="" DESCRIPTION ="The time this task started" ISNULL ="NO" ISPERSISTENT ="NO" NAME ="$Start.StartTime" USERDEFINED ="NO"/>
        <WORKFLOWVARIABLE DATATYPE ="date/time" DEFAULTVALUE ="" DESCRIPTION ="The time this task completed" ISNULL ="NO" ISPERSISTENT ="NO" NAME ="$Start.EndTime" USERDEFINED ="NO"/>
        <WORKFLOWVARIABLE DATATYPE ="integer" DEFAULTVALUE ="" DESCRIPTION ="Status of this task&apos;s execution" ISNULL ="NO" ISPERSISTENT ="NO" NAME ="$Start.Status" USERDEFINED ="NO"/>
        <WORKFLOWVARIABLE DATATYPE ="integer" DEFAULTVALUE ="" DESCRIPTION ="Status of the previous task that is not disabled" ISNULL ="NO" ISPERSISTENT ="NO" NAME ="$Start.PrevTaskStatus" USERDEFINED ="NO"/>
        <WORKFLOWVARIABLE DATATYPE ="integer" DEFAULTVALUE ="" DESCRIPTION ="Error code for this task&apos;s execution" ISNULL ="NO" ISPERSISTENT ="NO" NAME ="$Start.ErrorCode" USERDEFINED ="NO"/>
        <WORKFLOWVARIABLE DATATYPE ="string" DEFAULTVALUE ="" DESCRIPTION ="Error message for this task&apos;s execution" ISNULL ="NO" ISPERSISTENT ="NO" NAME ="$Start.ErrorMsg" USERDEFINED ="NO"/>
        <ATTRIBUTE NAME ="Parameter Filename" VALUE =""/>
        <ATTRIBUTE NAME ="Write Backward Compatible Workflow Log File" VALUE ="NO"/>
        <ATTRIBUTE NAME ="Workflow Log File Name" VALUE ="wf_N_DIRECT_CORPORATE_ADJUSTMENT.log"/>
        <ATTRIBUTE NAME ="Workflow Log File Directory" VALUE ="$PMWorkflowLogDir&#x5c;"/>
        <ATTRIBUTE NAME ="Save Workflow log by" VALUE ="By runs"/>
        <ATTRIBUTE NAME ="Save workflow log for these runs" VALUE ="0"/>
        <ATTRIBUTE NAME ="Service Name" VALUE =""/>
        <ATTRIBUTE NAME ="Service Timeout" VALUE ="0"/>
        <ATTRIBUTE NAME ="Is Service Visible" VALUE ="NO"/>
        <ATTRIBUTE NAME ="Is Service Protected" VALUE ="NO"/>
        <ATTRIBUTE NAME ="Fail task after wait time" VALUE ="0"/>
        <ATTRIBUTE NAME ="Enable HA recovery" VALUE ="NO"/>
        <ATTRIBUTE NAME ="Automatically recover terminated tasks" VALUE ="NO"/>
        <ATTRIBUTE NAME ="Service Level Name" VALUE ="Default"/>
        <ATTRIBUTE NAME ="Allow concurrent run with unique run instance name" VALUE ="NO"/>
        <ATTRIBUTE NAME ="Allow concurrent run with same run instance name" VALUE ="NO"/>
        <ATTRIBUTE NAME ="Maximum number of concurrent runs" VALUE ="0"/>
        <ATTRIBUTE NAME ="Assigned Web Services Hubs" VALUE =""/>
        <ATTRIBUTE NAME ="Maximum number of concurrent runs per Hub" VALUE ="1000"/>
        <ATTRIBUTE NAME ="Expected Service Time" VALUE ="1"/>
    </WORKFLOW>
</FOLDER>
</REPOSITORY>
</POWERMART>