<?xml version="1.0" encoding="UTF-8"?>
<!DOCTYPE POWERMART SYSTEM "powrmart.dtd">
<POWERMART CREATION_DATE="07/12/2017 02:25:59" REPOSITORY_VERSION="184.93">
<REPOSITORY NAME="EDW_TS1_TEST_961" VERSION="184" CODEPAGE="UTF-8" DATABASETYPE="Oracle">
<FOLDER NAME="EDWTD_AR" GROUP="" OWNER="infoadm" SHARED="NOTSHARED" DESCRIPTION="EDW 2B Development Team
PM:gbhakta" PERMISSIONS="rwx---r--" UUID="bf3783fb-68fa-4b64-9f93-a8fea0f835a6">
    <SOURCE BUSINESSNAME ="" DATABASETYPE ="Teradata" DBDNAME ="TDDEV" DESCRIPTION ="" NAME ="W_OFFER_ATRBTN_REV_LINE" OBJECTVERSION ="1" OWNERNAME ="WORKDB_DV1" VERSIONNUMBER ="13">
        <SOURCEFIELD BUSINESSNAME ="" DATATYPE ="integer" DESCRIPTION ="" FIELDNUMBER ="1" FIELDPROPERTY ="0" FIELDTYPE ="ELEMITEM" HIDDEN ="NO" KEYTYPE ="PRIMARY KEY" LENGTH ="11" LEVEL ="0" NAME ="XAAS_OFFER_ATRBTN_REV_LINE_KEY" NULLABLE ="NOTNULL" OCCURS ="0" OFFSET ="0" PHYSICALLENGTH ="10" PHYSICALOFFSET ="0" PICTURETEXT ="" PRECISION ="10" SCALE ="0" USAGE_FLAGS =""/>
        <SOURCEFIELD BUSINESSNAME ="" DATATYPE ="integer" DESCRIPTION ="" FIELDNUMBER ="2" FIELDPROPERTY ="0" FIELDTYPE ="ELEMITEM" HIDDEN ="NO" KEYTYPE ="NOT A KEY" LENGTH ="11" LEVEL ="0" NAME ="SK_AE_HEADER_ID_INT" NULLABLE ="NOTNULL" OCCURS ="0" OFFSET ="11" PHYSICALLENGTH ="10" PHYSICALOFFSET ="10" PICTURETEXT ="" PRECISION ="10" SCALE ="0" USAGE_FLAGS =""/>
        <SOURCEFIELD BUSINESSNAME ="" DATATYPE ="integer" DESCRIPTION ="" FIELDNUMBER ="3" FIELDPROPERTY ="0" FIELDTYPE ="ELEMITEM" HIDDEN ="NO" KEYTYPE ="NOT A KEY" LENGTH ="11" LEVEL ="0" NAME ="SK_AE_LINE_NUM_INT" NULLABLE ="NOTNULL" OCCURS ="0" OFFSET ="22" PHYSICALLENGTH ="10" PHYSICALOFFSET ="20" PICTURETEXT ="" PRECISION ="10" SCALE ="0" USAGE_FLAGS =""/>
        <SOURCEFIELD BUSINESSNAME ="" DATATYPE ="integer" DESCRIPTION ="" FIELDNUMBER ="4" FIELDPROPERTY ="0" FIELDTYPE ="ELEMITEM" HIDDEN ="NO" KEYTYPE ="NOT A KEY" LENGTH ="11" LEVEL ="0" NAME ="GENERAL_LEDGER_ACCOUNT_KEY" NULLABLE ="NOTNULL" OCCURS ="0" OFFSET ="33" PHYSICALLENGTH ="10" PHYSICALOFFSET ="30" PICTURETEXT ="" PRECISION ="10" SCALE ="0" USAGE_FLAGS =""/>
        <SOURCEFIELD BUSINESSNAME ="" DATATYPE ="integer" DESCRIPTION ="" FIELDNUMBER ="5" FIELDPROPERTY ="0" FIELDTYPE ="ELEMITEM" HIDDEN ="NO" KEYTYPE ="NOT A KEY" LENGTH ="11" LEVEL ="0" NAME ="AR_TRANSACTION_KEY" NULLABLE ="NOTNULL" OCCURS ="0" OFFSET ="44" PHYSICALLENGTH ="10" PHYSICALOFFSET ="40" PICTURETEXT ="" PRECISION ="10" SCALE ="0" USAGE_FLAGS =""/>
        <SOURCEFIELD BUSINESSNAME ="" DATATYPE ="integer" DESCRIPTION ="" FIELDNUMBER ="6" FIELDPROPERTY ="0" FIELDTYPE ="ELEMITEM" HIDDEN ="NO" KEYTYPE ="NOT A KEY" LENGTH ="11" LEVEL ="0" NAME ="SET_OF_BOOKS_KEY" NULLABLE ="NOTNULL" OCCURS ="0" OFFSET ="55" PHYSICALLENGTH ="10" PHYSICALOFFSET ="50" PICTURETEXT ="" PRECISION ="10" SCALE ="0" USAGE_FLAGS =""/>
        <SOURCEFIELD BUSINESSNAME ="" DATATYPE ="char" DESCRIPTION ="" FIELDNUMBER ="7" FIELDPROPERTY ="0" FIELDTYPE ="ELEMITEM" HIDDEN ="NO" KEYTYPE ="NOT A KEY" LENGTH ="0" LEVEL ="0" NAME ="BK_TRX_ISO_CURRENCY_CD" NULLABLE ="NOTNULL" OCCURS ="0" OFFSET ="66" PHYSICALLENGTH ="3" PHYSICALOFFSET ="60" PICTURETEXT ="" PRECISION ="3" SCALE ="0" USAGE_FLAGS =""/>
        <SOURCEFIELD BUSINESSNAME ="" DATATYPE ="integer" DESCRIPTION ="" FIELDNUMBER ="8" FIELDPROPERTY ="0" FIELDTYPE ="ELEMITEM" HIDDEN ="NO" KEYTYPE ="NOT A KEY" LENGTH ="11" LEVEL ="0" NAME ="PRODUCT_KEY" NULLABLE ="NOTNULL" OCCURS ="0" OFFSET ="66" PHYSICALLENGTH ="10" PHYSICALOFFSET ="63" PICTURETEXT ="" PRECISION ="10" SCALE ="0" USAGE_FLAGS =""/>
        <SOURCEFIELD BUSINESSNAME ="" DATATYPE ="date" DESCRIPTION ="" FIELDNUMBER ="9" FIELDPROPERTY ="0" FIELDTYPE ="ELEMITEM" HIDDEN ="NO" KEYTYPE ="NOT A KEY" LENGTH ="19" LEVEL ="0" NAME ="GL_DT" NULLABLE ="NOTNULL" OCCURS ="0" OFFSET ="77" PHYSICALLENGTH ="10" PHYSICALOFFSET ="73" PICTURETEXT ="" PRECISION ="10" SCALE ="0" USAGE_FLAGS =""/>
        <SOURCEFIELD BUSINESSNAME ="" DATATYPE ="date" DESCRIPTION ="" FIELDNUMBER ="10" FIELDPROPERTY ="0" FIELDTYPE ="ELEMITEM" HIDDEN ="NO" KEYTYPE ="NOT A KEY" LENGTH ="19" LEVEL ="0" NAME ="GL_POSTED_DT" NULLABLE ="NOTNULL" OCCURS ="0" OFFSET ="96" PHYSICALLENGTH ="10" PHYSICALOFFSET ="83" PICTURETEXT ="" PRECISION ="10" SCALE ="0" USAGE_FLAGS =""/>
        <SOURCEFIELD BUSINESSNAME ="" DATATYPE ="date" DESCRIPTION ="" FIELDNUMBER ="11" FIELDPROPERTY ="0" FIELDTYPE ="ELEMITEM" HIDDEN ="NO" KEYTYPE ="NOT A KEY" LENGTH ="19" LEVEL ="0" NAME ="TRX_FNCTNL_CURRENCY_CONV_DT" NULLABLE ="NOTNULL" OCCURS ="0" OFFSET ="115" PHYSICALLENGTH ="10" PHYSICALOFFSET ="93" PICTURETEXT ="" PRECISION ="10" SCALE ="0" USAGE_FLAGS =""/>
        <SOURCEFIELD BUSINESSNAME ="" DATATYPE ="varchar" DESCRIPTION ="" FIELDNUMBER ="12" FIELDPROPERTY ="0" FIELDTYPE ="ELEMITEM" HIDDEN ="NO" KEYTYPE ="NOT A KEY" LENGTH ="0" LEVEL ="0" NAME ="ACCOUNT_CLASS_CD" NULLABLE ="NOTNULL" OCCURS ="0" OFFSET ="134" PHYSICALLENGTH ="50" PHYSICALOFFSET ="103" PICTURETEXT ="" PRECISION ="50" SCALE ="0" USAGE_FLAGS =""/>
        <SOURCEFIELD BUSINESSNAME ="" DATATYPE ="decimal" DESCRIPTION ="" FIELDNUMBER ="13" FIELDPROPERTY ="0" FIELDTYPE ="ELEMITEM" HIDDEN ="NO" KEYTYPE ="NOT A KEY" LENGTH ="28" LEVEL ="0" NAME ="FUNCTIONAL_CREDIT_AMT" NULLABLE ="NOTNULL" OCCURS ="0" OFFSET ="134" PHYSICALLENGTH ="26" PHYSICALOFFSET ="153" PICTURETEXT ="" PRECISION ="26" SCALE ="7" USAGE_FLAGS =""/>
        <SOURCEFIELD BUSINESSNAME ="" DATATYPE ="decimal" DESCRIPTION ="" FIELDNUMBER ="14" FIELDPROPERTY ="0" FIELDTYPE ="ELEMITEM" HIDDEN ="NO" KEYTYPE ="NOT A KEY" LENGTH ="28" LEVEL ="0" NAME ="FUNCTIONAL_DEBIT_AMT" NULLABLE ="NOTNULL" OCCURS ="0" OFFSET ="162" PHYSICALLENGTH ="26" PHYSICALOFFSET ="179" PICTURETEXT ="" PRECISION ="26" SCALE ="7" USAGE_FLAGS =""/>
        <SOURCEFIELD BUSINESSNAME ="" DATATYPE ="decimal" DESCRIPTION ="" FIELDNUMBER ="15" FIELDPROPERTY ="0" FIELDTYPE ="ELEMITEM" HIDDEN ="NO" KEYTYPE ="NOT A KEY" LENGTH ="28" LEVEL ="0" NAME ="CREDIT_TRXNL_AMT" NULLABLE ="NOTNULL" OCCURS ="0" OFFSET ="190" PHYSICALLENGTH ="26" PHYSICALOFFSET ="205" PICTURETEXT ="" PRECISION ="26" SCALE ="7" USAGE_FLAGS =""/>
        <SOURCEFIELD BUSINESSNAME ="" DATATYPE ="decimal" DESCRIPTION ="" FIELDNUMBER ="16" FIELDPROPERTY ="0" FIELDTYPE ="ELEMITEM" HIDDEN ="NO" KEYTYPE ="NOT A KEY" LENGTH ="28" LEVEL ="0" NAME ="DEBIT_TRXNL_AMT" NULLABLE ="NOTNULL" OCCURS ="0" OFFSET ="218" PHYSICALLENGTH ="26" PHYSICALOFFSET ="231" PICTURETEXT ="" PRECISION ="26" SCALE ="7" USAGE_FLAGS =""/>
        <SOURCEFIELD BUSINESSNAME ="" DATATYPE ="varchar" DESCRIPTION ="" FIELDNUMBER ="17" FIELDPROPERTY ="0" FIELDTYPE ="ELEMITEM" HIDDEN ="NO" KEYTYPE ="NOT A KEY" LENGTH ="0" LEVEL ="0" NAME ="BK_ACCOUNTING_RULE_NAME" NULLABLE ="NOTNULL" OCCURS ="0" OFFSET ="246" PHYSICALLENGTH ="255" PHYSICALOFFSET ="257" PICTURETEXT ="" PRECISION ="255" SCALE ="0" USAGE_FLAGS =""/>
        <SOURCEFIELD BUSINESSNAME ="" DATATYPE ="char" DESCRIPTION ="" FIELDNUMBER ="18" FIELDPROPERTY ="0" FIELDTYPE ="ELEMITEM" HIDDEN ="NO" KEYTYPE ="NOT A KEY" LENGTH ="0" LEVEL ="0" NAME ="ATTRIBUTION_TYPE" NULLABLE ="NOTNULL" OCCURS ="0" OFFSET ="246" PHYSICALLENGTH ="10" PHYSICALOFFSET ="512" PICTURETEXT ="" PRECISION ="10" SCALE ="0" USAGE_FLAGS =""/>
        <SOURCEFIELD BUSINESSNAME ="" DATATYPE ="char" DESCRIPTION ="" FIELDNUMBER ="19" FIELDPROPERTY ="0" FIELDTYPE ="ELEMITEM" HIDDEN ="NO" KEYTYPE ="NOT A KEY" LENGTH ="0" LEVEL ="0" NAME ="BK_COMPANY_CD" NULLABLE ="NOTNULL" OCCURS ="0" OFFSET ="246" PHYSICALLENGTH ="3" PHYSICALOFFSET ="522" PICTURETEXT ="" PRECISION ="3" SCALE ="0" USAGE_FLAGS =""/>
        <SOURCEFIELD BUSINESSNAME ="" DATATYPE ="date" DESCRIPTION ="" FIELDNUMBER ="20" FIELDPROPERTY ="0" FIELDTYPE ="ELEMITEM" HIDDEN ="NO" KEYTYPE ="NOT A KEY" LENGTH ="19" LEVEL ="0" NAME ="ACCOUNTING_RULE_START_DT" NULLABLE ="NOTNULL" OCCURS ="0" OFFSET ="246" PHYSICALLENGTH ="10" PHYSICALOFFSET ="525" PICTURETEXT ="" PRECISION ="10" SCALE ="0" USAGE_FLAGS =""/>
        <SOURCEFIELD BUSINESSNAME ="" DATATYPE ="date" DESCRIPTION ="" FIELDNUMBER ="21" FIELDPROPERTY ="0" FIELDTYPE ="ELEMITEM" HIDDEN ="NO" KEYTYPE ="NOT A KEY" LENGTH ="19" LEVEL ="0" NAME ="ACCOUNTING_RULE_END_DT" NULLABLE ="NOTNULL" OCCURS ="0" OFFSET ="265" PHYSICALLENGTH ="10" PHYSICALOFFSET ="535" PICTURETEXT ="" PRECISION ="10" SCALE ="0" USAGE_FLAGS =""/>
        <SOURCEFIELD BUSINESSNAME ="" DATATYPE ="integer" DESCRIPTION ="" FIELDNUMBER ="22" FIELDPROPERTY ="0" FIELDTYPE ="ELEMITEM" HIDDEN ="NO" KEYTYPE ="NOT A KEY" LENGTH ="11" LEVEL ="0" NAME ="ACCOUNTING_RULE_DURATION_CNT" NULLABLE ="NOTNULL" OCCURS ="0" OFFSET ="284" PHYSICALLENGTH ="10" PHYSICALOFFSET ="545" PICTURETEXT ="" PRECISION ="10" SCALE ="0" USAGE_FLAGS =""/>
        <SOURCEFIELD BUSINESSNAME ="" DATATYPE ="integer" DESCRIPTION ="" FIELDNUMBER ="23" FIELDPROPERTY ="0" FIELDTYPE ="ELEMITEM" HIDDEN ="NO" KEYTYPE ="NOT A KEY" LENGTH ="11" LEVEL ="0" NAME ="OFFER_ATTRIBUTION_ID_INT" NULLABLE ="NOTNULL" OCCURS ="0" OFFSET ="295" PHYSICALLENGTH ="10" PHYSICALOFFSET ="555" PICTURETEXT ="" PRECISION ="10" SCALE ="0" USAGE_FLAGS =""/>
        <SOURCEFIELD BUSINESSNAME ="" DATATYPE ="integer" DESCRIPTION ="" FIELDNUMBER ="24" FIELDPROPERTY ="0" FIELDTYPE ="ELEMITEM" HIDDEN ="NO" KEYTYPE ="NOT A KEY" LENGTH ="11" LEVEL ="0" NAME ="SALES_TERRITORY_KEY" NULLABLE ="NOTNULL" OCCURS ="0" OFFSET ="306" PHYSICALLENGTH ="10" PHYSICALOFFSET ="565" PICTURETEXT ="" PRECISION ="10" SCALE ="0" USAGE_FLAGS =""/>
        <SOURCEFIELD BUSINESSNAME ="" DATATYPE ="integer" DESCRIPTION ="" FIELDNUMBER ="25" FIELDPROPERTY ="0" FIELDTYPE ="ELEMITEM" HIDDEN ="NO" KEYTYPE ="NOT A KEY" LENGTH ="11" LEVEL ="0" NAME ="SK_TRX_ID_INT" NULLABLE ="NOTNULL" OCCURS ="0" OFFSET ="317" PHYSICALLENGTH ="10" PHYSICALOFFSET ="575" PICTURETEXT ="" PRECISION ="10" SCALE ="0" USAGE_FLAGS =""/>
        <SOURCEFIELD BUSINESSNAME ="" DATATYPE ="integer" DESCRIPTION ="" FIELDNUMBER ="26" FIELDPROPERTY ="0" FIELDTYPE ="ELEMITEM" HIDDEN ="NO" KEYTYPE ="NOT A KEY" LENGTH ="11" LEVEL ="0" NAME ="SK_PREVIOUS_TRX_ID_INT" NULLABLE ="NOTNULL" OCCURS ="0" OFFSET ="328" PHYSICALLENGTH ="10" PHYSICALOFFSET ="585" PICTURETEXT ="" PRECISION ="10" SCALE ="0" USAGE_FLAGS =""/>
        <SOURCEFIELD BUSINESSNAME ="" DATATYPE ="integer" DESCRIPTION ="" FIELDNUMBER ="27" FIELDPROPERTY ="0" FIELDTYPE ="ELEMITEM" HIDDEN ="NO" KEYTYPE ="NOT A KEY" LENGTH ="11" LEVEL ="0" NAME ="PARENT_AR_TRX_LINE_KEY" NULLABLE ="NOTNULL" OCCURS ="0" OFFSET ="339" PHYSICALLENGTH ="10" PHYSICALOFFSET ="595" PICTURETEXT ="" PRECISION ="10" SCALE ="0" USAGE_FLAGS =""/>
        <SOURCEFIELD BUSINESSNAME ="" DATATYPE ="varchar" DESCRIPTION ="" FIELDNUMBER ="28" FIELDPROPERTY ="0" FIELDTYPE ="ELEMITEM" HIDDEN ="NO" KEYTYPE ="NOT A KEY" LENGTH ="0" LEVEL ="0" NAME ="SOURCE_REPORTED_DEAL_ID" NULLABLE ="NOTNULL" OCCURS ="0" OFFSET ="350" PHYSICALLENGTH ="50" PHYSICALOFFSET ="605" PICTURETEXT ="" PRECISION ="50" SCALE ="0" USAGE_FLAGS =""/>
        <SOURCEFIELD BUSINESSNAME ="" DATATYPE ="integer" DESCRIPTION ="" FIELDNUMBER ="29" FIELDPROPERTY ="0" FIELDTYPE ="ELEMITEM" HIDDEN ="NO" KEYTYPE ="NOT A KEY" LENGTH ="11" LEVEL ="0" NAME ="AR_BATCH_SOURCE_KEY" NULLABLE ="NOTNULL" OCCURS ="0" OFFSET ="350" PHYSICALLENGTH ="10" PHYSICALOFFSET ="655" PICTURETEXT ="" PRECISION ="10" SCALE ="0" USAGE_FLAGS =""/>
        <SOURCEFIELD BUSINESSNAME ="" DATATYPE ="varchar" DESCRIPTION ="" FIELDNUMBER ="30" FIELDPROPERTY ="0" FIELDTYPE ="ELEMITEM" HIDDEN ="NO" KEYTYPE ="NOT A KEY" LENGTH ="0" LEVEL ="0" NAME ="TRX_CLASS_CD" NULLABLE ="NOTNULL" OCCURS ="0" OFFSET ="361" PHYSICALLENGTH ="3" PHYSICALOFFSET ="665" PICTURETEXT ="" PRECISION ="3" SCALE ="0" USAGE_FLAGS =""/>
        <SOURCEFIELD BUSINESSNAME ="" DATATYPE ="varchar" DESCRIPTION ="" FIELDNUMBER ="31" FIELDPROPERTY ="0" FIELDTYPE ="ELEMITEM" HIDDEN ="NO" KEYTYPE ="NOT A KEY" LENGTH ="0" LEVEL ="0" NAME ="SS_CD" NULLABLE ="NOTNULL" OCCURS ="0" OFFSET ="361" PHYSICALLENGTH ="8" PHYSICALOFFSET ="668" PICTURETEXT ="" PRECISION ="8" SCALE ="0" USAGE_FLAGS =""/>
        <SOURCEFIELD BUSINESSNAME ="" DATATYPE ="varchar" DESCRIPTION ="" FIELDNUMBER ="32" FIELDPROPERTY ="0" FIELDTYPE ="ELEMITEM" HIDDEN ="NO" KEYTYPE ="NOT A KEY" LENGTH ="0" LEVEL ="0" NAME ="REVENUE_DISTRIBUTION_TYPE_CD" NULLABLE ="NOTNULL" OCCURS ="0" OFFSET ="361" PHYSICALLENGTH ="25" PHYSICALOFFSET ="676" PICTURETEXT ="" PRECISION ="25" SCALE ="0" USAGE_FLAGS =""/>
        <SOURCEFIELD BUSINESSNAME ="" DATATYPE ="integer" DESCRIPTION ="" FIELDNUMBER ="33" FIELDPROPERTY ="0" FIELDTYPE ="ELEMITEM" HIDDEN ="NO" KEYTYPE ="NOT A KEY" LENGTH ="11" LEVEL ="0" NAME ="RU_AR_TRX_LINE_KEY" NULLABLE ="NOTNULL" OCCURS ="0" OFFSET ="361" PHYSICALLENGTH ="10" PHYSICALOFFSET ="701" PICTURETEXT ="" PRECISION ="10" SCALE ="0" USAGE_FLAGS =""/>
        <SOURCEFIELD BUSINESSNAME ="" DATATYPE ="varchar" DESCRIPTION ="" FIELDNUMBER ="34" FIELDPROPERTY ="0" FIELDTYPE ="ELEMITEM" HIDDEN ="NO" KEYTYPE ="NOT A KEY" LENGTH ="0" LEVEL ="0" NAME ="RU_SUBSCRIPTION_CD" NULLABLE ="NOTNULL" OCCURS ="0" OFFSET ="372" PHYSICALLENGTH ="50" PHYSICALOFFSET ="711" PICTURETEXT ="" PRECISION ="50" SCALE ="0" USAGE_FLAGS =""/>
        <SOURCEFIELD BUSINESSNAME ="" DATATYPE ="decimal" DESCRIPTION ="" FIELDNUMBER ="35" FIELDPROPERTY ="0" FIELDTYPE ="ELEMITEM" HIDDEN ="NO" KEYTYPE ="NOT A KEY" LENGTH ="20" LEVEL ="0" NAME ="ATTRIBUTION_PCT" NULLABLE ="NOTNULL" OCCURS ="0" OFFSET ="372" PHYSICALLENGTH ="18" PHYSICALOFFSET ="761" PICTURETEXT ="" PRECISION ="18" SCALE ="8" USAGE_FLAGS =""/>
        <SOURCEFIELD BUSINESSNAME ="" DATATYPE ="integer" DESCRIPTION ="" FIELDNUMBER ="36" FIELDPROPERTY ="0" FIELDTYPE ="ELEMITEM" HIDDEN ="NO" KEYTYPE ="NOT A KEY" LENGTH ="11" LEVEL ="0" NAME ="PRODUCT_QTY" NULLABLE ="NOTNULL" OCCURS ="0" OFFSET ="392" PHYSICALLENGTH ="10" PHYSICALOFFSET ="779" PICTURETEXT ="" PRECISION ="10" SCALE ="0" USAGE_FLAGS =""/>
        <SOURCEFIELD BUSINESSNAME ="" DATATYPE ="timestamp" DESCRIPTION ="" FIELDNUMBER ="37" FIELDPROPERTY ="0" FIELDTYPE ="ELEMITEM" HIDDEN ="NO" KEYTYPE ="NOT A KEY" LENGTH ="19" LEVEL ="0" NAME ="EDW_CREATE_DTM" NULLABLE ="NOTNULL" OCCURS ="0" OFFSET ="403" PHYSICALLENGTH ="19" PHYSICALOFFSET ="789" PICTURETEXT ="" PRECISION ="19" SCALE ="0" USAGE_FLAGS =""/>
        <SOURCEFIELD BUSINESSNAME ="" DATATYPE ="char" DESCRIPTION ="" FIELDNUMBER ="38" FIELDPROPERTY ="0" FIELDTYPE ="ELEMITEM" HIDDEN ="NO" KEYTYPE ="NOT A KEY" LENGTH ="0" LEVEL ="0" NAME ="EDW_CREATE_USER" NULLABLE ="NOTNULL" OCCURS ="0" OFFSET ="422" PHYSICALLENGTH ="30" PHYSICALOFFSET ="808" PICTURETEXT ="" PRECISION ="30" SCALE ="0" USAGE_FLAGS =""/>
        <SOURCEFIELD BUSINESSNAME ="" DATATYPE ="timestamp" DESCRIPTION ="" FIELDNUMBER ="39" FIELDPROPERTY ="0" FIELDTYPE ="ELEMITEM" HIDDEN ="NO" KEYTYPE ="NOT A KEY" LENGTH ="19" LEVEL ="0" NAME ="EDW_UPDATE_DTM" NULLABLE ="NOTNULL" OCCURS ="0" OFFSET ="422" PHYSICALLENGTH ="19" PHYSICALOFFSET ="838" PICTURETEXT ="" PRECISION ="19" SCALE ="0" USAGE_FLAGS =""/>
        <SOURCEFIELD BUSINESSNAME ="" DATATYPE ="char" DESCRIPTION ="" FIELDNUMBER ="40" FIELDPROPERTY ="0" FIELDTYPE ="ELEMITEM" HIDDEN ="NO" KEYTYPE ="NOT A KEY" LENGTH ="0" LEVEL ="0" NAME ="EDW_UPDATE_USER" NULLABLE ="NOTNULL" OCCURS ="0" OFFSET ="441" PHYSICALLENGTH ="30" PHYSICALOFFSET ="857" PICTURETEXT ="" PRECISION ="30" SCALE ="0" USAGE_FLAGS =""/>
        <SOURCEFIELD BUSINESSNAME ="" DATATYPE ="varchar" DESCRIPTION ="" FIELDNUMBER ="41" FIELDPROPERTY ="0" FIELDTYPE ="ELEMITEM" HIDDEN ="NO" KEYTYPE ="NOT A KEY" LENGTH ="0" LEVEL ="0" NAME ="TRX_SRC_CD" NULLABLE ="NOTNULL" OCCURS ="0" OFFSET ="441" PHYSICALLENGTH ="10" PHYSICALOFFSET ="887" PICTURETEXT ="" PRECISION ="10" SCALE ="0" USAGE_FLAGS =""/>
        <SOURCEFIELD BUSINESSNAME ="" DATATYPE ="char" DESCRIPTION ="" FIELDNUMBER ="42" FIELDPROPERTY ="0" FIELDTYPE ="ELEMITEM" HIDDEN ="NO" KEYTYPE ="NOT A KEY" LENGTH ="0" LEVEL ="0" NAME ="ACTION_CODE" NULLABLE ="NULL" OCCURS ="0" OFFSET ="441" PHYSICALLENGTH ="1" PHYSICALOFFSET ="897" PICTURETEXT ="" PRECISION ="1" SCALE ="0" USAGE_FLAGS =""/>
        <SOURCEFIELD BUSINESSNAME ="" DATATYPE ="char" DESCRIPTION ="" FIELDNUMBER ="43" FIELDPROPERTY ="0" FIELDTYPE ="ELEMITEM" HIDDEN ="NO" KEYTYPE ="NOT A KEY" LENGTH ="0" LEVEL ="0" NAME ="DML_TYPE" NULLABLE ="NOTNULL" OCCURS ="0" OFFSET ="441" PHYSICALLENGTH ="1" PHYSICALOFFSET ="898" PICTURETEXT ="" PRECISION ="1" SCALE ="0" USAGE_FLAGS =""/>
    </SOURCE>
    <TARGET BUSINESSNAME ="" CONSTRAINT ="" DATABASETYPE ="Teradata" DESCRIPTION ="" NAME ="N_OFFER_ATRBTN_REV_LINE" OBJECTVERSION ="1" TABLEOPTIONS ="" VERSIONNUMBER ="6">
        <TARGETFIELD BUSINESSNAME ="" DATATYPE ="integer" DESCRIPTION ="" FIELDNUMBER ="1" KEYTYPE ="PRIMARY KEY" NAME ="XAAS_OFFER_ATRBTN_REV_LINE_KEY" NULLABLE ="NOTNULL" PICTURETEXT ="" PRECISION ="10" SCALE ="0"/>
        <TARGETFIELD BUSINESSNAME ="" DATATYPE ="integer" DESCRIPTION ="" FIELDNUMBER ="2" KEYTYPE ="NOT A KEY" NAME ="SK_AE_HEADER_ID_INT" NULLABLE ="NOTNULL" PICTURETEXT ="" PRECISION ="10" SCALE ="0"/>
        <TARGETFIELD BUSINESSNAME ="" DATATYPE ="integer" DESCRIPTION ="" FIELDNUMBER ="3" KEYTYPE ="NOT A KEY" NAME ="SK_AE_LINE_NUM_INT" NULLABLE ="NOTNULL" PICTURETEXT ="" PRECISION ="10" SCALE ="0"/>
        <TARGETFIELD BUSINESSNAME ="" DATATYPE ="integer" DESCRIPTION ="" FIELDNUMBER ="4" KEYTYPE ="NOT A KEY" NAME ="GENERAL_LEDGER_ACCOUNT_KEY" NULLABLE ="NOTNULL" PICTURETEXT ="" PRECISION ="10" SCALE ="0"/>
        <TARGETFIELD BUSINESSNAME ="" DATATYPE ="integer" DESCRIPTION ="" FIELDNUMBER ="5" KEYTYPE ="NOT A KEY" NAME ="AR_TRANSACTION_KEY" NULLABLE ="NOTNULL" PICTURETEXT ="" PRECISION ="10" SCALE ="0"/>
        <TARGETFIELD BUSINESSNAME ="" DATATYPE ="integer" DESCRIPTION ="" FIELDNUMBER ="6" KEYTYPE ="NOT A KEY" NAME ="SET_OF_BOOKS_KEY" NULLABLE ="NOTNULL" PICTURETEXT ="" PRECISION ="10" SCALE ="0"/>
        <TARGETFIELD BUSINESSNAME ="" DATATYPE ="char" DESCRIPTION ="" FIELDNUMBER ="7" KEYTYPE ="NOT A KEY" NAME ="BK_TRX_ISO_CURRENCY_CD" NULLABLE ="NOTNULL" PICTURETEXT ="" PRECISION ="3" SCALE ="0"/>
        <TARGETFIELD BUSINESSNAME ="" DATATYPE ="integer" DESCRIPTION ="" FIELDNUMBER ="8" KEYTYPE ="NOT A KEY" NAME ="PRODUCT_KEY" NULLABLE ="NOTNULL" PICTURETEXT ="" PRECISION ="10" SCALE ="0"/>
        <TARGETFIELD BUSINESSNAME ="" DATATYPE ="date" DESCRIPTION ="" FIELDNUMBER ="9" KEYTYPE ="NOT A KEY" NAME ="GL_DT" NULLABLE ="NOTNULL" PICTURETEXT ="" PRECISION ="10" SCALE ="0"/>
        <TARGETFIELD BUSINESSNAME ="" DATATYPE ="date" DESCRIPTION ="" FIELDNUMBER ="10" KEYTYPE ="NOT A KEY" NAME ="GL_POSTED_DT" NULLABLE ="NOTNULL" PICTURETEXT ="" PRECISION ="10" SCALE ="0"/>
        <TARGETFIELD BUSINESSNAME ="" DATATYPE ="date" DESCRIPTION ="" FIELDNUMBER ="11" KEYTYPE ="NOT A KEY" NAME ="TRX_FNCTNL_CURRENCY_CONV_DT" NULLABLE ="NOTNULL" PICTURETEXT ="" PRECISION ="10" SCALE ="0"/>
        <TARGETFIELD BUSINESSNAME ="" DATATYPE ="varchar" DESCRIPTION ="" FIELDNUMBER ="12" KEYTYPE ="NOT A KEY" NAME ="ACCOUNT_CLASS_CD" NULLABLE ="NOTNULL" PICTURETEXT ="" PRECISION ="50" SCALE ="0"/>
        <TARGETFIELD BUSINESSNAME ="" DATATYPE ="decimal" DESCRIPTION ="" FIELDNUMBER ="13" KEYTYPE ="NOT A KEY" NAME ="FUNCTIONAL_CREDIT_AMT" NULLABLE ="NOTNULL" PICTURETEXT ="" PRECISION ="26" SCALE ="7"/>
        <TARGETFIELD BUSINESSNAME ="" DATATYPE ="decimal" DESCRIPTION ="" FIELDNUMBER ="14" KEYTYPE ="NOT A KEY" NAME ="FUNCTIONAL_DEBIT_AMT" NULLABLE ="NOTNULL" PICTURETEXT ="" PRECISION ="26" SCALE ="7"/>
        <TARGETFIELD BUSINESSNAME ="" DATATYPE ="decimal" DESCRIPTION ="" FIELDNUMBER ="15" KEYTYPE ="NOT A KEY" NAME ="CREDIT_TRXNL_AMT" NULLABLE ="NOTNULL" PICTURETEXT ="" PRECISION ="26" SCALE ="7"/>
        <TARGETFIELD BUSINESSNAME ="" DATATYPE ="decimal" DESCRIPTION ="" FIELDNUMBER ="16" KEYTYPE ="NOT A KEY" NAME ="DEBIT_TRXNL_AMT" NULLABLE ="NOTNULL" PICTURETEXT ="" PRECISION ="26" SCALE ="7"/>
        <TARGETFIELD BUSINESSNAME ="" DATATYPE ="varchar" DESCRIPTION ="" FIELDNUMBER ="17" KEYTYPE ="NOT A KEY" NAME ="BK_ACCOUNTING_RULE_NAME" NULLABLE ="NOTNULL" PICTURETEXT ="" PRECISION ="255" SCALE ="0"/>
        <TARGETFIELD BUSINESSNAME ="" DATATYPE ="char" DESCRIPTION ="" FIELDNUMBER ="18" KEYTYPE ="NOT A KEY" NAME ="ATTRIBUTION_TYPE" NULLABLE ="NOTNULL" PICTURETEXT ="" PRECISION ="10" SCALE ="0"/>
        <TARGETFIELD BUSINESSNAME ="" DATATYPE ="char" DESCRIPTION ="" FIELDNUMBER ="19" KEYTYPE ="NOT A KEY" NAME ="BK_COMPANY_CD" NULLABLE ="NOTNULL" PICTURETEXT ="" PRECISION ="3" SCALE ="0"/>
        <TARGETFIELD BUSINESSNAME ="" DATATYPE ="date" DESCRIPTION ="" FIELDNUMBER ="20" KEYTYPE ="NOT A KEY" NAME ="ACCOUNTING_RULE_START_DT" NULLABLE ="NOTNULL" PICTURETEXT ="" PRECISION ="10" SCALE ="0"/>
        <TARGETFIELD BUSINESSNAME ="" DATATYPE ="date" DESCRIPTION ="" FIELDNUMBER ="21" KEYTYPE ="NOT A KEY" NAME ="ACCOUNTING_RULE_END_DT" NULLABLE ="NOTNULL" PICTURETEXT ="" PRECISION ="10" SCALE ="0"/>
        <TARGETFIELD BUSINESSNAME ="" DATATYPE ="integer" DESCRIPTION ="" FIELDNUMBER ="22" KEYTYPE ="NOT A KEY" NAME ="ACCOUNTING_RULE_DURATION_CNT" NULLABLE ="NOTNULL" PICTURETEXT ="" PRECISION ="10" SCALE ="0"/>
        <TARGETFIELD BUSINESSNAME ="" DATATYPE ="integer" DESCRIPTION ="" FIELDNUMBER ="23" KEYTYPE ="NOT A KEY" NAME ="OFFER_ATTRIBUTION_ID_INT" NULLABLE ="NOTNULL" PICTURETEXT ="" PRECISION ="10" SCALE ="0"/>
        <TARGETFIELD BUSINESSNAME ="" DATATYPE ="integer" DESCRIPTION ="" FIELDNUMBER ="24" KEYTYPE ="NOT A KEY" NAME ="SALES_TERRITORY_KEY" NULLABLE ="NOTNULL" PICTURETEXT ="" PRECISION ="10" SCALE ="0"/>
        <TARGETFIELD BUSINESSNAME ="" DATATYPE ="integer" DESCRIPTION ="" FIELDNUMBER ="25" KEYTYPE ="NOT A KEY" NAME ="SK_TRX_ID_INT" NULLABLE ="NOTNULL" PICTURETEXT ="" PRECISION ="10" SCALE ="0"/>
        <TARGETFIELD BUSINESSNAME ="" DATATYPE ="integer" DESCRIPTION ="" FIELDNUMBER ="26" KEYTYPE ="NOT A KEY" NAME ="SK_PREVIOUS_TRX_ID_INT" NULLABLE ="NOTNULL" PICTURETEXT ="" PRECISION ="10" SCALE ="0"/>
        <TARGETFIELD BUSINESSNAME ="" DATATYPE ="integer" DESCRIPTION ="" FIELDNUMBER ="27" KEYTYPE ="NOT A KEY" NAME ="PARENT_AR_TRX_LINE_KEY" NULLABLE ="NOTNULL" PICTURETEXT ="" PRECISION ="10" SCALE ="0"/>
        <TARGETFIELD BUSINESSNAME ="" DATATYPE ="varchar" DESCRIPTION ="" FIELDNUMBER ="28" KEYTYPE ="NOT A KEY" NAME ="SOURCE_REPORTED_DEAL_ID" NULLABLE ="NOTNULL" PICTURETEXT ="" PRECISION ="50" SCALE ="0"/>
        <TARGETFIELD BUSINESSNAME ="" DATATYPE ="integer" DESCRIPTION ="" FIELDNUMBER ="29" KEYTYPE ="NOT A KEY" NAME ="AR_BATCH_SOURCE_KEY" NULLABLE ="NOTNULL" PICTURETEXT ="" PRECISION ="10" SCALE ="0"/>
        <TARGETFIELD BUSINESSNAME ="" DATATYPE ="varchar" DESCRIPTION ="" FIELDNUMBER ="30" KEYTYPE ="NOT A KEY" NAME ="TRX_CLASS_CD" NULLABLE ="NOTNULL" PICTURETEXT ="" PRECISION ="3" SCALE ="0"/>
        <TARGETFIELD BUSINESSNAME ="" DATATYPE ="varchar" DESCRIPTION ="" FIELDNUMBER ="31" KEYTYPE ="NOT A KEY" NAME ="SS_CD" NULLABLE ="NOTNULL" PICTURETEXT ="" PRECISION ="8" SCALE ="0"/>
        <TARGETFIELD BUSINESSNAME ="" DATATYPE ="varchar" DESCRIPTION ="" FIELDNUMBER ="32" KEYTYPE ="NOT A KEY" NAME ="REVENUE_DISTRIBUTION_TYPE_CD" NULLABLE ="NOTNULL" PICTURETEXT ="" PRECISION ="25" SCALE ="0"/>
        <TARGETFIELD BUSINESSNAME ="" DATATYPE ="integer" DESCRIPTION ="" FIELDNUMBER ="33" KEYTYPE ="NOT A KEY" NAME ="RU_AR_TRX_LINE_KEY" NULLABLE ="NOTNULL" PICTURETEXT ="" PRECISION ="10" SCALE ="0"/>
        <TARGETFIELD BUSINESSNAME ="" DATATYPE ="varchar" DESCRIPTION ="" FIELDNUMBER ="34" KEYTYPE ="NOT A KEY" NAME ="RU_SUBSCRIPTION_CD" NULLABLE ="NOTNULL" PICTURETEXT ="" PRECISION ="50" SCALE ="0"/>
        <TARGETFIELD BUSINESSNAME ="" DATATYPE ="decimal" DESCRIPTION ="" FIELDNUMBER ="35" KEYTYPE ="NOT A KEY" NAME ="ATTRIBUTION_PCT" NULLABLE ="NOTNULL" PICTURETEXT ="" PRECISION ="18" SCALE ="8"/>
        <TARGETFIELD BUSINESSNAME ="" DATATYPE ="integer" DESCRIPTION ="" FIELDNUMBER ="36" KEYTYPE ="NOT A KEY" NAME ="PRODUCT_QTY" NULLABLE ="NOTNULL" PICTURETEXT ="" PRECISION ="10" SCALE ="0"/>
        <TARGETFIELD BUSINESSNAME ="" DATATYPE ="timestamp" DESCRIPTION ="" FIELDNUMBER ="37" KEYTYPE ="NOT A KEY" NAME ="EDW_CREATE_DTM" NULLABLE ="NOTNULL" PICTURETEXT ="" PRECISION ="19" SCALE ="0"/>
        <TARGETFIELD BUSINESSNAME ="" DATATYPE ="char" DESCRIPTION ="" FIELDNUMBER ="38" KEYTYPE ="NOT A KEY" NAME ="EDW_CREATE_USER" NULLABLE ="NOTNULL" PICTURETEXT ="" PRECISION ="30" SCALE ="0"/>
        <TARGETFIELD BUSINESSNAME ="" DATATYPE ="timestamp" DESCRIPTION ="" FIELDNUMBER ="39" KEYTYPE ="NOT A KEY" NAME ="EDW_UPDATE_DTM" NULLABLE ="NOTNULL" PICTURETEXT ="" PRECISION ="19" SCALE ="0"/>
        <TARGETFIELD BUSINESSNAME ="" DATATYPE ="char" DESCRIPTION ="" FIELDNUMBER ="40" KEYTYPE ="NOT A KEY" NAME ="EDW_UPDATE_USER" NULLABLE ="NOTNULL" PICTURETEXT ="" PRECISION ="30" SCALE ="0"/>
        <TARGETFIELD BUSINESSNAME ="" DATATYPE ="varchar" DESCRIPTION ="" FIELDNUMBER ="41" KEYTYPE ="NOT A KEY" NAME ="TRX_SRC_CD" NULLABLE ="NOTNULL" PICTURETEXT ="" PRECISION ="10" SCALE ="0"/>
        <TARGETFIELD BUSINESSNAME ="" DATATYPE ="integer" DESCRIPTION ="" FIELDNUMBER ="42" KEYTYPE ="NOT A KEY" NAME ="SK_TRX_DISTRI_ID_INT" NULLABLE ="NULL" PICTURETEXT ="" PRECISION ="10" SCALE ="0"/>
        <TARGETFIELD BUSINESSNAME ="" DATATYPE ="integer" DESCRIPTION ="" FIELDNUMBER ="43" KEYTYPE ="NOT A KEY" NAME ="ROL_TRX_LINE_GL_DISTRI_KEY" NULLABLE ="NULL" PICTURETEXT ="" PRECISION ="10" SCALE ="0"/>
        <TARGETFIELD BUSINESSNAME ="" DATATYPE ="integer" DESCRIPTION ="" FIELDNUMBER ="44" KEYTYPE ="NOT A KEY" NAME ="PARENT_OFFER_ATTRIB_ID_INT" NULLABLE ="NULL" PICTURETEXT ="" PRECISION ="10" SCALE ="0"/>
        <TARGETFIELD BUSINESSNAME ="" DATATYPE ="varchar" DESCRIPTION ="" FIELDNUMBER ="45" KEYTYPE ="NOT A KEY" NAME ="POB_TYPE_CD" NULLABLE ="NULL" PICTURETEXT ="" PRECISION ="10" SCALE ="0"/>
        <TARGETFIELD BUSINESSNAME ="" DATATYPE ="integer" DESCRIPTION ="" FIELDNUMBER ="46" KEYTYPE ="NOT A KEY" NAME ="DV_POB_TOP_PRDT_KEY" NULLABLE ="NULL" PICTURETEXT ="" PRECISION ="10" SCALE ="0"/>
    </TARGET>
    <MAPPING DESCRIPTION ="" ISVALID ="YES" NAME ="m_N_OFFER_ATRBTN_REV_LINE" OBJECTVERSION ="1" VERSIONNUMBER ="6">
        <TRANSFORMATION DESCRIPTION ="" NAME ="SQ_W_OFFER_ATRBTN_REV_LINE" OBJECTVERSION ="1" REUSABLE ="NO" TYPE ="Source Qualifier" VERSIONNUMBER ="6">
            <TRANSFORMFIELD DATATYPE ="integer" DEFAULTVALUE ="" DESCRIPTION ="" NAME ="XAAS_OFFER_ATRBTN_REV_LINE_KEY" PICTURETEXT ="" PORTTYPE ="INPUT/OUTPUT" PRECISION ="10" SCALE ="0"/>
            <TRANSFORMFIELD DATATYPE ="integer" DEFAULTVALUE ="" DESCRIPTION ="" NAME ="SK_AE_HEADER_ID_INT" PICTURETEXT ="" PORTTYPE ="INPUT/OUTPUT" PRECISION ="10" SCALE ="0"/>
            <TRANSFORMFIELD DATATYPE ="integer" DEFAULTVALUE ="" DESCRIPTION ="" NAME ="SK_AE_LINE_NUM_INT" PICTURETEXT ="" PORTTYPE ="INPUT/OUTPUT" PRECISION ="10" SCALE ="0"/>
            <TRANSFORMFIELD DATATYPE ="integer" DEFAULTVALUE ="" DESCRIPTION ="" NAME ="GENERAL_LEDGER_ACCOUNT_KEY" PICTURETEXT ="" PORTTYPE ="INPUT/OUTPUT" PRECISION ="10" SCALE ="0"/>
            <TRANSFORMFIELD DATATYPE ="integer" DEFAULTVALUE ="" DESCRIPTION ="" NAME ="AR_TRANSACTION_KEY" PICTURETEXT ="" PORTTYPE ="INPUT/OUTPUT" PRECISION ="10" SCALE ="0"/>
            <TRANSFORMFIELD DATATYPE ="integer" DEFAULTVALUE ="" DESCRIPTION ="" NAME ="SET_OF_BOOKS_KEY" PICTURETEXT ="" PORTTYPE ="INPUT/OUTPUT" PRECISION ="10" SCALE ="0"/>
            <TRANSFORMFIELD DATATYPE ="string" DEFAULTVALUE ="" DESCRIPTION ="" NAME ="BK_TRX_ISO_CURRENCY_CD" PICTURETEXT ="" PORTTYPE ="INPUT/OUTPUT" PRECISION ="3" SCALE ="0"/>
            <TRANSFORMFIELD DATATYPE ="integer" DEFAULTVALUE ="" DESCRIPTION ="" NAME ="PRODUCT_KEY" PICTURETEXT ="" PORTTYPE ="INPUT/OUTPUT" PRECISION ="10" SCALE ="0"/>
            <TRANSFORMFIELD DATATYPE ="date/time" DEFAULTVALUE ="" DESCRIPTION ="" NAME ="GL_DT" PICTURETEXT ="" PORTTYPE ="INPUT/OUTPUT" PRECISION ="29" SCALE ="9"/>
            <TRANSFORMFIELD DATATYPE ="date/time" DEFAULTVALUE ="" DESCRIPTION ="" NAME ="GL_POSTED_DT" PICTURETEXT ="" PORTTYPE ="INPUT/OUTPUT" PRECISION ="29" SCALE ="9"/>
            <TRANSFORMFIELD DATATYPE ="date/time" DEFAULTVALUE ="" DESCRIPTION ="" NAME ="TRX_FNCTNL_CURRENCY_CONV_DT" PICTURETEXT ="" PORTTYPE ="INPUT/OUTPUT" PRECISION ="29" SCALE ="9"/>
            <TRANSFORMFIELD DATATYPE ="string" DEFAULTVALUE ="" DESCRIPTION ="" NAME ="ACCOUNT_CLASS_CD" PICTURETEXT ="" PORTTYPE ="INPUT/OUTPUT" PRECISION ="50" SCALE ="0"/>
            <TRANSFORMFIELD DATATYPE ="decimal" DEFAULTVALUE ="" DESCRIPTION ="" NAME ="FUNCTIONAL_CREDIT_AMT" PICTURETEXT ="" PORTTYPE ="INPUT/OUTPUT" PRECISION ="26" SCALE ="7"/>
            <TRANSFORMFIELD DATATYPE ="decimal" DEFAULTVALUE ="" DESCRIPTION ="" NAME ="FUNCTIONAL_DEBIT_AMT" PICTURETEXT ="" PORTTYPE ="INPUT/OUTPUT" PRECISION ="26" SCALE ="7"/>
            <TRANSFORMFIELD DATATYPE ="decimal" DEFAULTVALUE ="" DESCRIPTION ="" NAME ="CREDIT_TRXNL_AMT" PICTURETEXT ="" PORTTYPE ="INPUT/OUTPUT" PRECISION ="26" SCALE ="7"/>
            <TRANSFORMFIELD DATATYPE ="decimal" DEFAULTVALUE ="" DESCRIPTION ="" NAME ="DEBIT_TRXNL_AMT" PICTURETEXT ="" PORTTYPE ="INPUT/OUTPUT" PRECISION ="26" SCALE ="7"/>
            <TRANSFORMFIELD DATATYPE ="string" DEFAULTVALUE ="" DESCRIPTION ="" NAME ="BK_ACCOUNTING_RULE_NAME" PICTURETEXT ="" PORTTYPE ="INPUT/OUTPUT" PRECISION ="255" SCALE ="0"/>
            <TRANSFORMFIELD DATATYPE ="string" DEFAULTVALUE ="" DESCRIPTION ="" NAME ="ATTRIBUTION_TYPE" PICTURETEXT ="" PORTTYPE ="INPUT/OUTPUT" PRECISION ="10" SCALE ="0"/>
            <TRANSFORMFIELD DATATYPE ="string" DEFAULTVALUE ="" DESCRIPTION ="" NAME ="BK_COMPANY_CD" PICTURETEXT ="" PORTTYPE ="INPUT/OUTPUT" PRECISION ="3" SCALE ="0"/>
            <TRANSFORMFIELD DATATYPE ="date/time" DEFAULTVALUE ="" DESCRIPTION ="" NAME ="ACCOUNTING_RULE_START_DT" PICTURETEXT ="" PORTTYPE ="INPUT/OUTPUT" PRECISION ="29" SCALE ="9"/>
            <TRANSFORMFIELD DATATYPE ="date/time" DEFAULTVALUE ="" DESCRIPTION ="" NAME ="ACCOUNTING_RULE_END_DT" PICTURETEXT ="" PORTTYPE ="INPUT/OUTPUT" PRECISION ="29" SCALE ="9"/>
            <TRANSFORMFIELD DATATYPE ="integer" DEFAULTVALUE ="" DESCRIPTION ="" NAME ="ACCOUNTING_RULE_DURATION_CNT" PICTURETEXT ="" PORTTYPE ="INPUT/OUTPUT" PRECISION ="10" SCALE ="0"/>
            <TRANSFORMFIELD DATATYPE ="integer" DEFAULTVALUE ="" DESCRIPTION ="" NAME ="OFFER_ATTRIBUTION_ID_INT" PICTURETEXT ="" PORTTYPE ="INPUT/OUTPUT" PRECISION ="10" SCALE ="0"/>
            <TRANSFORMFIELD DATATYPE ="integer" DEFAULTVALUE ="" DESCRIPTION ="" NAME ="SALES_TERRITORY_KEY" PICTURETEXT ="" PORTTYPE ="INPUT/OUTPUT" PRECISION ="10" SCALE ="0"/>
            <TRANSFORMFIELD DATATYPE ="integer" DEFAULTVALUE ="" DESCRIPTION ="" NAME ="SK_TRX_ID_INT" PICTURETEXT ="" PORTTYPE ="INPUT/OUTPUT" PRECISION ="10" SCALE ="0"/>
            <TRANSFORMFIELD DATATYPE ="integer" DEFAULTVALUE ="" DESCRIPTION ="" NAME ="SK_PREVIOUS_TRX_ID_INT" PICTURETEXT ="" PORTTYPE ="INPUT/OUTPUT" PRECISION ="10" SCALE ="0"/>
            <TRANSFORMFIELD DATATYPE ="integer" DEFAULTVALUE ="" DESCRIPTION ="" NAME ="PARENT_AR_TRX_LINE_KEY" PICTURETEXT ="" PORTTYPE ="INPUT/OUTPUT" PRECISION ="10" SCALE ="0"/>
            <TRANSFORMFIELD DATATYPE ="string" DEFAULTVALUE ="" DESCRIPTION ="" NAME ="SOURCE_REPORTED_DEAL_ID" PICTURETEXT ="" PORTTYPE ="INPUT/OUTPUT" PRECISION ="50" SCALE ="0"/>
            <TRANSFORMFIELD DATATYPE ="integer" DEFAULTVALUE ="" DESCRIPTION ="" NAME ="AR_BATCH_SOURCE_KEY" PICTURETEXT ="" PORTTYPE ="INPUT/OUTPUT" PRECISION ="10" SCALE ="0"/>
            <TRANSFORMFIELD DATATYPE ="string" DEFAULTVALUE ="" DESCRIPTION ="" NAME ="TRX_CLASS_CD" PICTURETEXT ="" PORTTYPE ="INPUT/OUTPUT" PRECISION ="3" SCALE ="0"/>
            <TRANSFORMFIELD DATATYPE ="string" DEFAULTVALUE ="" DESCRIPTION ="" NAME ="SS_CD" PICTURETEXT ="" PORTTYPE ="INPUT/OUTPUT" PRECISION ="8" SCALE ="0"/>
            <TRANSFORMFIELD DATATYPE ="string" DEFAULTVALUE ="" DESCRIPTION ="" NAME ="REVENUE_DISTRIBUTION_TYPE_CD" PICTURETEXT ="" PORTTYPE ="INPUT/OUTPUT" PRECISION ="25" SCALE ="0"/>
            <TRANSFORMFIELD DATATYPE ="integer" DEFAULTVALUE ="" DESCRIPTION ="" NAME ="RU_AR_TRX_LINE_KEY" PICTURETEXT ="" PORTTYPE ="INPUT/OUTPUT" PRECISION ="10" SCALE ="0"/>
            <TRANSFORMFIELD DATATYPE ="string" DEFAULTVALUE ="" DESCRIPTION ="" NAME ="RU_SUBSCRIPTION_CD" PICTURETEXT ="" PORTTYPE ="INPUT/OUTPUT" PRECISION ="50" SCALE ="0"/>
            <TRANSFORMFIELD DATATYPE ="decimal" DEFAULTVALUE ="" DESCRIPTION ="" NAME ="ATTRIBUTION_PCT" PICTURETEXT ="" PORTTYPE ="INPUT/OUTPUT" PRECISION ="18" SCALE ="8"/>
            <TRANSFORMFIELD DATATYPE ="integer" DEFAULTVALUE ="" DESCRIPTION ="" NAME ="PRODUCT_QTY" PICTURETEXT ="" PORTTYPE ="INPUT/OUTPUT" PRECISION ="10" SCALE ="0"/>
            <TRANSFORMFIELD DATATYPE ="date/time" DEFAULTVALUE ="" DESCRIPTION ="" NAME ="EDW_CREATE_DTM" PICTURETEXT ="" PORTTYPE ="INPUT/OUTPUT" PRECISION ="29" SCALE ="9"/>
            <TRANSFORMFIELD DATATYPE ="string" DEFAULTVALUE ="" DESCRIPTION ="" NAME ="EDW_CREATE_USER" PICTURETEXT ="" PORTTYPE ="INPUT/OUTPUT" PRECISION ="30" SCALE ="0"/>
            <TRANSFORMFIELD DATATYPE ="date/time" DEFAULTVALUE ="" DESCRIPTION ="" NAME ="EDW_UPDATE_DTM" PICTURETEXT ="" PORTTYPE ="INPUT/OUTPUT" PRECISION ="29" SCALE ="9"/>
            <TRANSFORMFIELD DATATYPE ="string" DEFAULTVALUE ="" DESCRIPTION ="" NAME ="EDW_UPDATE_USER" PICTURETEXT ="" PORTTYPE ="INPUT/OUTPUT" PRECISION ="30" SCALE ="0"/>
            <TRANSFORMFIELD DATATYPE ="string" DEFAULTVALUE ="" DESCRIPTION ="" NAME ="TRX_SRC_CD" PICTURETEXT ="" PORTTYPE ="INPUT/OUTPUT" PRECISION ="10" SCALE ="0"/>
            <TRANSFORMFIELD DATATYPE ="integer" DEFAULTVALUE ="" DESCRIPTION ="" NAME ="SK_TRX_DISTRI_ID_INT" PICTURETEXT ="" PORTTYPE ="INPUT/OUTPUT" PRECISION ="10" SCALE ="0"/>
            <TRANSFORMFIELD DATATYPE ="integer" DEFAULTVALUE ="" DESCRIPTION ="" NAME ="ROL_TRX_LINE_GL_DISTRI_KEY" PICTURETEXT ="" PORTTYPE ="INPUT/OUTPUT" PRECISION ="10" SCALE ="0"/>
            <TRANSFORMFIELD DATATYPE ="integer" DEFAULTVALUE ="" DESCRIPTION ="" NAME ="PARENT_OFFER_ATTRIB_ID_INT" PICTURETEXT ="" PORTTYPE ="INPUT/OUTPUT" PRECISION ="10" SCALE ="0"/>
            <TRANSFORMFIELD DATATYPE ="string" DEFAULTVALUE ="" DESCRIPTION ="" NAME ="POB_TYPE_CD" PICTURETEXT ="" PORTTYPE ="INPUT/OUTPUT" PRECISION ="10" SCALE ="0"/>
            <TRANSFORMFIELD DATATYPE ="integer" DEFAULTVALUE ="" DESCRIPTION ="" NAME ="DV_POB_TOP_PRDT_KEY" PICTURETEXT ="" PORTTYPE ="INPUT/OUTPUT" PRECISION ="10" SCALE ="0"/>
            <TABLEATTRIBUTE NAME ="Sql Query" VALUE ="SELECT&#xD;&#xA; XAAS_OFFER_ATRBTN_REV_LINE_KEY&#xD;&#xA; ,SK_AE_HEADER_ID_INT           &#xD;&#xA; ,SK_AE_LINE_NUM_INT            &#xD;&#xA; ,GENERAL_LEDGER_ACCOUNT_KEY    &#xD;&#xA; ,AR_TRANSACTION_KEY            &#xD;&#xA; ,SET_OF_BOOKS_KEY              &#xD;&#xA; ,BK_TRX_ISO_CURRENCY_CD        &#xD;&#xA; ,PRODUCT_KEY                   &#xD;&#xA; ,GL_DT                         &#xD;&#xA; ,GL_POSTED_DT                  &#xD;&#xA; ,TRX_FNCTNL_CURRENCY_CONV_DT   &#xD;&#xA; ,ACCOUNT_CLASS_CD              &#xD;&#xA; ,FUNCTIONAL_CREDIT_AMT         &#xD;&#xA; ,FUNCTIONAL_DEBIT_AMT          &#xD;&#xA; ,CREDIT_TRXNL_AMT              &#xD;&#xA; ,DEBIT_TRXNL_AMT               &#xD;&#xA; ,BK_ACCOUNTING_RULE_NAME       &#xD;&#xA; ,ATTRIBUTION_TYPE              &#xD;&#xA; ,BK_COMPANY_CD                 &#xD;&#xA; ,ACCOUNTING_RULE_START_DT      &#xD;&#xA; ,ACCOUNTING_RULE_END_DT        &#xD;&#xA; ,ACCOUNTING_RULE_DURATION_CNT  &#xD;&#xA; ,OFFER_ATTRIBUTION_ID_INT      &#xD;&#xA; ,SALES_TERRITORY_KEY           &#xD;&#xA; ,SK_TRX_ID_INT                 &#xD;&#xA; ,SK_PREVIOUS_TRX_ID_INT        &#xD;&#xA; ,PARENT_AR_TRX_LINE_KEY        &#xD;&#xA; ,SOURCE_REPORTED_DEAL_ID       &#xD;&#xA; ,AR_BATCH_SOURCE_KEY           &#xD;&#xA; ,TRX_CLASS_CD                  &#xD;&#xA; ,SS_CD                         &#xD;&#xA; ,REVENUE_DISTRIBUTION_TYPE_CD  &#xD;&#xA; ,RU_AR_TRX_LINE_KEY &#xD;&#xA; ,RU_SUBSCRIPTION_CD&#xD;&#xA; ,ATTRIBUTION_PCT &#xD;&#xA; ,PRODUCT_QTY     &#xD;&#xA; ,EDW_CREATE_DTM                &#xD;&#xA; ,EDW_CREATE_USER               &#xD;&#xA; ,EDW_UPDATE_DTM                &#xD;&#xA; ,EDW_UPDATE_USER&#xD;&#xA; ,TRX_SRC_CD /* Added as part of Q3FY16-Offer Attribution OM*/&#x9;&#xD;&#xA; ,SK_TRX_DISTRI_ID_INT          &#xD;&#xA; ,ROL_TRX_LINE_GL_DISTRI_KEY    &#xD;&#xA; ,PARENT_OFFER_ATTRIB_ID_INT    &#xD;&#xA; ,POB_TYPE_CD                   &#xD;&#xA; ,DV_POB_TOP_PRDT_KEY           &#xD;&#xA; FROM  $$WORKDB.W_OFFER_ATRBTN_REV_LINE WRTA  &#xD;&#xA; WHERE &#xD;&#xA; DML_TYPE=&apos;I&apos; AND &#xD;&#xA; NOT EXISTS  (SELECT 1 FROM $$FINLGLVWDB.N_OFFER_ATRBTN_REV_LINE NRTA  &#xD;&#xA; WHERE NRTA.XAAS_OFFER_ATRBTN_REV_LINE_KEY = WRTA.XAAS_OFFER_ATRBTN_REV_LINE_KEY)"/>
            <TABLEATTRIBUTE NAME ="User Defined Join" VALUE =""/>
            <TABLEATTRIBUTE NAME ="Source Filter" VALUE =""/>
            <TABLEATTRIBUTE NAME ="Number Of Sorted Ports" VALUE ="0"/>
            <TABLEATTRIBUTE NAME ="Tracing Level" VALUE ="Normal"/>
            <TABLEATTRIBUTE NAME ="Select Distinct" VALUE ="NO"/>
            <TABLEATTRIBUTE NAME ="Is Partitionable" VALUE ="NO"/>
            <TABLEATTRIBUTE NAME ="Pre SQL" VALUE =""/>
            <TABLEATTRIBUTE NAME ="Post SQL" VALUE =""/>
            <TABLEATTRIBUTE NAME ="Output is deterministic" VALUE ="NO"/>
            <TABLEATTRIBUTE NAME ="Output is repeatable" VALUE ="Never"/>
        </TRANSFORMATION>
        <INSTANCE DESCRIPTION ="" NAME ="N_OFFER_ATRBTN_REV_LINE" TRANSFORMATION_NAME ="N_OFFER_ATRBTN_REV_LINE" TRANSFORMATION_TYPE ="Target Definition" TYPE ="TARGET"/>
        <INSTANCE DESCRIPTION ="" NAME ="SQ_W_OFFER_ATRBTN_REV_LINE" REUSABLE ="NO" TRANSFORMATION_NAME ="SQ_W_OFFER_ATRBTN_REV_LINE" TRANSFORMATION_TYPE ="Source Qualifier" TYPE ="TRANSFORMATION">
            <ASSOCIATED_SOURCE_INSTANCE NAME ="W_OFFER_ATRBTN_REV_LINE"/>
        </INSTANCE>
        <INSTANCE DBDNAME ="TDDEV" DESCRIPTION ="" NAME ="W_OFFER_ATRBTN_REV_LINE" TRANSFORMATION_NAME ="W_OFFER_ATRBTN_REV_LINE" TRANSFORMATION_TYPE ="Source Definition" TYPE ="SOURCE"/>
        <CONNECTOR FROMFIELD ="ATTRIBUTION_PCT" FROMINSTANCE ="SQ_W_OFFER_ATRBTN_REV_LINE" FROMINSTANCETYPE ="Source Qualifier" TOFIELD ="ATTRIBUTION_PCT" TOINSTANCE ="N_OFFER_ATRBTN_REV_LINE" TOINSTANCETYPE ="Target Definition"/>
        <CONNECTOR FROMFIELD ="PRODUCT_QTY" FROMINSTANCE ="SQ_W_OFFER_ATRBTN_REV_LINE" FROMINSTANCETYPE ="Source Qualifier" TOFIELD ="PRODUCT_QTY" TOINSTANCE ="N_OFFER_ATRBTN_REV_LINE" TOINSTANCETYPE ="Target Definition"/>
        <CONNECTOR FROMFIELD ="EDW_CREATE_DTM" FROMINSTANCE ="SQ_W_OFFER_ATRBTN_REV_LINE" FROMINSTANCETYPE ="Source Qualifier" TOFIELD ="EDW_CREATE_DTM" TOINSTANCE ="N_OFFER_ATRBTN_REV_LINE" TOINSTANCETYPE ="Target Definition"/>
        <CONNECTOR FROMFIELD ="EDW_CREATE_USER" FROMINSTANCE ="SQ_W_OFFER_ATRBTN_REV_LINE" FROMINSTANCETYPE ="Source Qualifier" TOFIELD ="EDW_CREATE_USER" TOINSTANCE ="N_OFFER_ATRBTN_REV_LINE" TOINSTANCETYPE ="Target Definition"/>
        <CONNECTOR FROMFIELD ="EDW_UPDATE_DTM" FROMINSTANCE ="SQ_W_OFFER_ATRBTN_REV_LINE" FROMINSTANCETYPE ="Source Qualifier" TOFIELD ="EDW_UPDATE_DTM" TOINSTANCE ="N_OFFER_ATRBTN_REV_LINE" TOINSTANCETYPE ="Target Definition"/>
        <CONNECTOR FROMFIELD ="EDW_UPDATE_USER" FROMINSTANCE ="SQ_W_OFFER_ATRBTN_REV_LINE" FROMINSTANCETYPE ="Source Qualifier" TOFIELD ="EDW_UPDATE_USER" TOINSTANCE ="N_OFFER_ATRBTN_REV_LINE" TOINSTANCETYPE ="Target Definition"/>
        <CONNECTOR FROMFIELD ="TRX_SRC_CD" FROMINSTANCE ="SQ_W_OFFER_ATRBTN_REV_LINE" FROMINSTANCETYPE ="Source Qualifier" TOFIELD ="TRX_SRC_CD" TOINSTANCE ="N_OFFER_ATRBTN_REV_LINE" TOINSTANCETYPE ="Target Definition"/>
        <CONNECTOR FROMFIELD ="SK_TRX_DISTRI_ID_INT" FROMINSTANCE ="SQ_W_OFFER_ATRBTN_REV_LINE" FROMINSTANCETYPE ="Source Qualifier" TOFIELD ="SK_TRX_DISTRI_ID_INT" TOINSTANCE ="N_OFFER_ATRBTN_REV_LINE" TOINSTANCETYPE ="Target Definition"/>
        <CONNECTOR FROMFIELD ="ROL_TRX_LINE_GL_DISTRI_KEY" FROMINSTANCE ="SQ_W_OFFER_ATRBTN_REV_LINE" FROMINSTANCETYPE ="Source Qualifier" TOFIELD ="ROL_TRX_LINE_GL_DISTRI_KEY" TOINSTANCE ="N_OFFER_ATRBTN_REV_LINE" TOINSTANCETYPE ="Target Definition"/>
        <CONNECTOR FROMFIELD ="XAAS_OFFER_ATRBTN_REV_LINE_KEY" FROMINSTANCE ="SQ_W_OFFER_ATRBTN_REV_LINE" FROMINSTANCETYPE ="Source Qualifier" TOFIELD ="XAAS_OFFER_ATRBTN_REV_LINE_KEY" TOINSTANCE ="N_OFFER_ATRBTN_REV_LINE" TOINSTANCETYPE ="Target Definition"/>
        <CONNECTOR FROMFIELD ="SK_AE_HEADER_ID_INT" FROMINSTANCE ="SQ_W_OFFER_ATRBTN_REV_LINE" FROMINSTANCETYPE ="Source Qualifier" TOFIELD ="SK_AE_HEADER_ID_INT" TOINSTANCE ="N_OFFER_ATRBTN_REV_LINE" TOINSTANCETYPE ="Target Definition"/>
        <CONNECTOR FROMFIELD ="SK_AE_LINE_NUM_INT" FROMINSTANCE ="SQ_W_OFFER_ATRBTN_REV_LINE" FROMINSTANCETYPE ="Source Qualifier" TOFIELD ="SK_AE_LINE_NUM_INT" TOINSTANCE ="N_OFFER_ATRBTN_REV_LINE" TOINSTANCETYPE ="Target Definition"/>
        <CONNECTOR FROMFIELD ="GENERAL_LEDGER_ACCOUNT_KEY" FROMINSTANCE ="SQ_W_OFFER_ATRBTN_REV_LINE" FROMINSTANCETYPE ="Source Qualifier" TOFIELD ="GENERAL_LEDGER_ACCOUNT_KEY" TOINSTANCE ="N_OFFER_ATRBTN_REV_LINE" TOINSTANCETYPE ="Target Definition"/>
        <CONNECTOR FROMFIELD ="AR_TRANSACTION_KEY" FROMINSTANCE ="SQ_W_OFFER_ATRBTN_REV_LINE" FROMINSTANCETYPE ="Source Qualifier" TOFIELD ="AR_TRANSACTION_KEY" TOINSTANCE ="N_OFFER_ATRBTN_REV_LINE" TOINSTANCETYPE ="Target Definition"/>
        <CONNECTOR FROMFIELD ="SET_OF_BOOKS_KEY" FROMINSTANCE ="SQ_W_OFFER_ATRBTN_REV_LINE" FROMINSTANCETYPE ="Source Qualifier" TOFIELD ="SET_OF_BOOKS_KEY" TOINSTANCE ="N_OFFER_ATRBTN_REV_LINE" TOINSTANCETYPE ="Target Definition"/>
        <CONNECTOR FROMFIELD ="BK_TRX_ISO_CURRENCY_CD" FROMINSTANCE ="SQ_W_OFFER_ATRBTN_REV_LINE" FROMINSTANCETYPE ="Source Qualifier" TOFIELD ="BK_TRX_ISO_CURRENCY_CD" TOINSTANCE ="N_OFFER_ATRBTN_REV_LINE" TOINSTANCETYPE ="Target Definition"/>
        <CONNECTOR FROMFIELD ="PRODUCT_KEY" FROMINSTANCE ="SQ_W_OFFER_ATRBTN_REV_LINE" FROMINSTANCETYPE ="Source Qualifier" TOFIELD ="PRODUCT_KEY" TOINSTANCE ="N_OFFER_ATRBTN_REV_LINE" TOINSTANCETYPE ="Target Definition"/>
        <CONNECTOR FROMFIELD ="GL_DT" FROMINSTANCE ="SQ_W_OFFER_ATRBTN_REV_LINE" FROMINSTANCETYPE ="Source Qualifier" TOFIELD ="GL_DT" TOINSTANCE ="N_OFFER_ATRBTN_REV_LINE" TOINSTANCETYPE ="Target Definition"/>
        <CONNECTOR FROMFIELD ="GL_POSTED_DT" FROMINSTANCE ="SQ_W_OFFER_ATRBTN_REV_LINE" FROMINSTANCETYPE ="Source Qualifier" TOFIELD ="GL_POSTED_DT" TOINSTANCE ="N_OFFER_ATRBTN_REV_LINE" TOINSTANCETYPE ="Target Definition"/>
        <CONNECTOR FROMFIELD ="TRX_FNCTNL_CURRENCY_CONV_DT" FROMINSTANCE ="SQ_W_OFFER_ATRBTN_REV_LINE" FROMINSTANCETYPE ="Source Qualifier" TOFIELD ="TRX_FNCTNL_CURRENCY_CONV_DT" TOINSTANCE ="N_OFFER_ATRBTN_REV_LINE" TOINSTANCETYPE ="Target Definition"/>
        <CONNECTOR FROMFIELD ="ACCOUNT_CLASS_CD" FROMINSTANCE ="SQ_W_OFFER_ATRBTN_REV_LINE" FROMINSTANCETYPE ="Source Qualifier" TOFIELD ="ACCOUNT_CLASS_CD" TOINSTANCE ="N_OFFER_ATRBTN_REV_LINE" TOINSTANCETYPE ="Target Definition"/>
        <CONNECTOR FROMFIELD ="FUNCTIONAL_CREDIT_AMT" FROMINSTANCE ="SQ_W_OFFER_ATRBTN_REV_LINE" FROMINSTANCETYPE ="Source Qualifier" TOFIELD ="FUNCTIONAL_CREDIT_AMT" TOINSTANCE ="N_OFFER_ATRBTN_REV_LINE" TOINSTANCETYPE ="Target Definition"/>
        <CONNECTOR FROMFIELD ="FUNCTIONAL_DEBIT_AMT" FROMINSTANCE ="SQ_W_OFFER_ATRBTN_REV_LINE" FROMINSTANCETYPE ="Source Qualifier" TOFIELD ="FUNCTIONAL_DEBIT_AMT" TOINSTANCE ="N_OFFER_ATRBTN_REV_LINE" TOINSTANCETYPE ="Target Definition"/>
        <CONNECTOR FROMFIELD ="CREDIT_TRXNL_AMT" FROMINSTANCE ="SQ_W_OFFER_ATRBTN_REV_LINE" FROMINSTANCETYPE ="Source Qualifier" TOFIELD ="CREDIT_TRXNL_AMT" TOINSTANCE ="N_OFFER_ATRBTN_REV_LINE" TOINSTANCETYPE ="Target Definition"/>
        <CONNECTOR FROMFIELD ="DEBIT_TRXNL_AMT" FROMINSTANCE ="SQ_W_OFFER_ATRBTN_REV_LINE" FROMINSTANCETYPE ="Source Qualifier" TOFIELD ="DEBIT_TRXNL_AMT" TOINSTANCE ="N_OFFER_ATRBTN_REV_LINE" TOINSTANCETYPE ="Target Definition"/>
        <CONNECTOR FROMFIELD ="BK_ACCOUNTING_RULE_NAME" FROMINSTANCE ="SQ_W_OFFER_ATRBTN_REV_LINE" FROMINSTANCETYPE ="Source Qualifier" TOFIELD ="BK_ACCOUNTING_RULE_NAME" TOINSTANCE ="N_OFFER_ATRBTN_REV_LINE" TOINSTANCETYPE ="Target Definition"/>
        <CONNECTOR FROMFIELD ="ATTRIBUTION_TYPE" FROMINSTANCE ="SQ_W_OFFER_ATRBTN_REV_LINE" FROMINSTANCETYPE ="Source Qualifier" TOFIELD ="ATTRIBUTION_TYPE" TOINSTANCE ="N_OFFER_ATRBTN_REV_LINE" TOINSTANCETYPE ="Target Definition"/>
        <CONNECTOR FROMFIELD ="BK_COMPANY_CD" FROMINSTANCE ="SQ_W_OFFER_ATRBTN_REV_LINE" FROMINSTANCETYPE ="Source Qualifier" TOFIELD ="BK_COMPANY_CD" TOINSTANCE ="N_OFFER_ATRBTN_REV_LINE" TOINSTANCETYPE ="Target Definition"/>
        <CONNECTOR FROMFIELD ="ACCOUNTING_RULE_START_DT" FROMINSTANCE ="SQ_W_OFFER_ATRBTN_REV_LINE" FROMINSTANCETYPE ="Source Qualifier" TOFIELD ="ACCOUNTING_RULE_START_DT" TOINSTANCE ="N_OFFER_ATRBTN_REV_LINE" TOINSTANCETYPE ="Target Definition"/>
        <CONNECTOR FROMFIELD ="ACCOUNTING_RULE_END_DT" FROMINSTANCE ="SQ_W_OFFER_ATRBTN_REV_LINE" FROMINSTANCETYPE ="Source Qualifier" TOFIELD ="ACCOUNTING_RULE_END_DT" TOINSTANCE ="N_OFFER_ATRBTN_REV_LINE" TOINSTANCETYPE ="Target Definition"/>
        <CONNECTOR FROMFIELD ="ACCOUNTING_RULE_DURATION_CNT" FROMINSTANCE ="SQ_W_OFFER_ATRBTN_REV_LINE" FROMINSTANCETYPE ="Source Qualifier" TOFIELD ="ACCOUNTING_RULE_DURATION_CNT" TOINSTANCE ="N_OFFER_ATRBTN_REV_LINE" TOINSTANCETYPE ="Target Definition"/>
        <CONNECTOR FROMFIELD ="OFFER_ATTRIBUTION_ID_INT" FROMINSTANCE ="SQ_W_OFFER_ATRBTN_REV_LINE" FROMINSTANCETYPE ="Source Qualifier" TOFIELD ="OFFER_ATTRIBUTION_ID_INT" TOINSTANCE ="N_OFFER_ATRBTN_REV_LINE" TOINSTANCETYPE ="Target Definition"/>
        <CONNECTOR FROMFIELD ="SALES_TERRITORY_KEY" FROMINSTANCE ="SQ_W_OFFER_ATRBTN_REV_LINE" FROMINSTANCETYPE ="Source Qualifier" TOFIELD ="SALES_TERRITORY_KEY" TOINSTANCE ="N_OFFER_ATRBTN_REV_LINE" TOINSTANCETYPE ="Target Definition"/>
        <CONNECTOR FROMFIELD ="SK_TRX_ID_INT" FROMINSTANCE ="SQ_W_OFFER_ATRBTN_REV_LINE" FROMINSTANCETYPE ="Source Qualifier" TOFIELD ="SK_TRX_ID_INT" TOINSTANCE ="N_OFFER_ATRBTN_REV_LINE" TOINSTANCETYPE ="Target Definition"/>
        <CONNECTOR FROMFIELD ="SK_PREVIOUS_TRX_ID_INT" FROMINSTANCE ="SQ_W_OFFER_ATRBTN_REV_LINE" FROMINSTANCETYPE ="Source Qualifier" TOFIELD ="SK_PREVIOUS_TRX_ID_INT" TOINSTANCE ="N_OFFER_ATRBTN_REV_LINE" TOINSTANCETYPE ="Target Definition"/>
        <CONNECTOR FROMFIELD ="PARENT_AR_TRX_LINE_KEY" FROMINSTANCE ="SQ_W_OFFER_ATRBTN_REV_LINE" FROMINSTANCETYPE ="Source Qualifier" TOFIELD ="PARENT_AR_TRX_LINE_KEY" TOINSTANCE ="N_OFFER_ATRBTN_REV_LINE" TOINSTANCETYPE ="Target Definition"/>
        <CONNECTOR FROMFIELD ="SOURCE_REPORTED_DEAL_ID" FROMINSTANCE ="SQ_W_OFFER_ATRBTN_REV_LINE" FROMINSTANCETYPE ="Source Qualifier" TOFIELD ="SOURCE_REPORTED_DEAL_ID" TOINSTANCE ="N_OFFER_ATRBTN_REV_LINE" TOINSTANCETYPE ="Target Definition"/>
        <CONNECTOR FROMFIELD ="AR_BATCH_SOURCE_KEY" FROMINSTANCE ="SQ_W_OFFER_ATRBTN_REV_LINE" FROMINSTANCETYPE ="Source Qualifier" TOFIELD ="AR_BATCH_SOURCE_KEY" TOINSTANCE ="N_OFFER_ATRBTN_REV_LINE" TOINSTANCETYPE ="Target Definition"/>
        <CONNECTOR FROMFIELD ="TRX_CLASS_CD" FROMINSTANCE ="SQ_W_OFFER_ATRBTN_REV_LINE" FROMINSTANCETYPE ="Source Qualifier" TOFIELD ="TRX_CLASS_CD" TOINSTANCE ="N_OFFER_ATRBTN_REV_LINE" TOINSTANCETYPE ="Target Definition"/>
        <CONNECTOR FROMFIELD ="SS_CD" FROMINSTANCE ="SQ_W_OFFER_ATRBTN_REV_LINE" FROMINSTANCETYPE ="Source Qualifier" TOFIELD ="SS_CD" TOINSTANCE ="N_OFFER_ATRBTN_REV_LINE" TOINSTANCETYPE ="Target Definition"/>
        <CONNECTOR FROMFIELD ="REVENUE_DISTRIBUTION_TYPE_CD" FROMINSTANCE ="SQ_W_OFFER_ATRBTN_REV_LINE" FROMINSTANCETYPE ="Source Qualifier" TOFIELD ="REVENUE_DISTRIBUTION_TYPE_CD" TOINSTANCE ="N_OFFER_ATRBTN_REV_LINE" TOINSTANCETYPE ="Target Definition"/>
        <CONNECTOR FROMFIELD ="RU_AR_TRX_LINE_KEY" FROMINSTANCE ="SQ_W_OFFER_ATRBTN_REV_LINE" FROMINSTANCETYPE ="Source Qualifier" TOFIELD ="RU_AR_TRX_LINE_KEY" TOINSTANCE ="N_OFFER_ATRBTN_REV_LINE" TOINSTANCETYPE ="Target Definition"/>
        <CONNECTOR FROMFIELD ="RU_SUBSCRIPTION_CD" FROMINSTANCE ="SQ_W_OFFER_ATRBTN_REV_LINE" FROMINSTANCETYPE ="Source Qualifier" TOFIELD ="RU_SUBSCRIPTION_CD" TOINSTANCE ="N_OFFER_ATRBTN_REV_LINE" TOINSTANCETYPE ="Target Definition"/>
        <CONNECTOR FROMFIELD ="POB_TYPE_CD" FROMINSTANCE ="SQ_W_OFFER_ATRBTN_REV_LINE" FROMINSTANCETYPE ="Source Qualifier" TOFIELD ="POB_TYPE_CD" TOINSTANCE ="N_OFFER_ATRBTN_REV_LINE" TOINSTANCETYPE ="Target Definition"/>
        <CONNECTOR FROMFIELD ="DV_POB_TOP_PRDT_KEY" FROMINSTANCE ="SQ_W_OFFER_ATRBTN_REV_LINE" FROMINSTANCETYPE ="Source Qualifier" TOFIELD ="DV_POB_TOP_PRDT_KEY" TOINSTANCE ="N_OFFER_ATRBTN_REV_LINE" TOINSTANCETYPE ="Target Definition"/>
        <CONNECTOR FROMFIELD ="PARENT_OFFER_ATTRIB_ID_INT" FROMINSTANCE ="SQ_W_OFFER_ATRBTN_REV_LINE" FROMINSTANCETYPE ="Source Qualifier" TOFIELD ="PARENT_OFFER_ATTRIB_ID_INT" TOINSTANCE ="N_OFFER_ATRBTN_REV_LINE" TOINSTANCETYPE ="Target Definition"/>
        <CONNECTOR FROMFIELD ="XAAS_OFFER_ATRBTN_REV_LINE_KEY" FROMINSTANCE ="W_OFFER_ATRBTN_REV_LINE" FROMINSTANCETYPE ="Source Definition" TOFIELD ="XAAS_OFFER_ATRBTN_REV_LINE_KEY" TOINSTANCE ="SQ_W_OFFER_ATRBTN_REV_LINE" TOINSTANCETYPE ="Source Qualifier"/>
        <CONNECTOR FROMFIELD ="SK_AE_HEADER_ID_INT" FROMINSTANCE ="W_OFFER_ATRBTN_REV_LINE" FROMINSTANCETYPE ="Source Definition" TOFIELD ="SK_AE_HEADER_ID_INT" TOINSTANCE ="SQ_W_OFFER_ATRBTN_REV_LINE" TOINSTANCETYPE ="Source Qualifier"/>
        <CONNECTOR FROMFIELD ="SK_AE_LINE_NUM_INT" FROMINSTANCE ="W_OFFER_ATRBTN_REV_LINE" FROMINSTANCETYPE ="Source Definition" TOFIELD ="SK_AE_LINE_NUM_INT" TOINSTANCE ="SQ_W_OFFER_ATRBTN_REV_LINE" TOINSTANCETYPE ="Source Qualifier"/>
        <CONNECTOR FROMFIELD ="GENERAL_LEDGER_ACCOUNT_KEY" FROMINSTANCE ="W_OFFER_ATRBTN_REV_LINE" FROMINSTANCETYPE ="Source Definition" TOFIELD ="GENERAL_LEDGER_ACCOUNT_KEY" TOINSTANCE ="SQ_W_OFFER_ATRBTN_REV_LINE" TOINSTANCETYPE ="Source Qualifier"/>
        <CONNECTOR FROMFIELD ="AR_TRANSACTION_KEY" FROMINSTANCE ="W_OFFER_ATRBTN_REV_LINE" FROMINSTANCETYPE ="Source Definition" TOFIELD ="AR_TRANSACTION_KEY" TOINSTANCE ="SQ_W_OFFER_ATRBTN_REV_LINE" TOINSTANCETYPE ="Source Qualifier"/>
        <CONNECTOR FROMFIELD ="SET_OF_BOOKS_KEY" FROMINSTANCE ="W_OFFER_ATRBTN_REV_LINE" FROMINSTANCETYPE ="Source Definition" TOFIELD ="SET_OF_BOOKS_KEY" TOINSTANCE ="SQ_W_OFFER_ATRBTN_REV_LINE" TOINSTANCETYPE ="Source Qualifier"/>
        <CONNECTOR FROMFIELD ="BK_TRX_ISO_CURRENCY_CD" FROMINSTANCE ="W_OFFER_ATRBTN_REV_LINE" FROMINSTANCETYPE ="Source Definition" TOFIELD ="BK_TRX_ISO_CURRENCY_CD" TOINSTANCE ="SQ_W_OFFER_ATRBTN_REV_LINE" TOINSTANCETYPE ="Source Qualifier"/>
        <CONNECTOR FROMFIELD ="PRODUCT_KEY" FROMINSTANCE ="W_OFFER_ATRBTN_REV_LINE" FROMINSTANCETYPE ="Source Definition" TOFIELD ="PRODUCT_KEY" TOINSTANCE ="SQ_W_OFFER_ATRBTN_REV_LINE" TOINSTANCETYPE ="Source Qualifier"/>
        <CONNECTOR FROMFIELD ="GL_DT" FROMINSTANCE ="W_OFFER_ATRBTN_REV_LINE" FROMINSTANCETYPE ="Source Definition" TOFIELD ="GL_DT" TOINSTANCE ="SQ_W_OFFER_ATRBTN_REV_LINE" TOINSTANCETYPE ="Source Qualifier"/>
        <CONNECTOR FROMFIELD ="GL_POSTED_DT" FROMINSTANCE ="W_OFFER_ATRBTN_REV_LINE" FROMINSTANCETYPE ="Source Definition" TOFIELD ="GL_POSTED_DT" TOINSTANCE ="SQ_W_OFFER_ATRBTN_REV_LINE" TOINSTANCETYPE ="Source Qualifier"/>
        <CONNECTOR FROMFIELD ="TRX_FNCTNL_CURRENCY_CONV_DT" FROMINSTANCE ="W_OFFER_ATRBTN_REV_LINE" FROMINSTANCETYPE ="Source Definition" TOFIELD ="TRX_FNCTNL_CURRENCY_CONV_DT" TOINSTANCE ="SQ_W_OFFER_ATRBTN_REV_LINE" TOINSTANCETYPE ="Source Qualifier"/>
        <CONNECTOR FROMFIELD ="ACCOUNT_CLASS_CD" FROMINSTANCE ="W_OFFER_ATRBTN_REV_LINE" FROMINSTANCETYPE ="Source Definition" TOFIELD ="ACCOUNT_CLASS_CD" TOINSTANCE ="SQ_W_OFFER_ATRBTN_REV_LINE" TOINSTANCETYPE ="Source Qualifier"/>
        <CONNECTOR FROMFIELD ="FUNCTIONAL_CREDIT_AMT" FROMINSTANCE ="W_OFFER_ATRBTN_REV_LINE" FROMINSTANCETYPE ="Source Definition" TOFIELD ="FUNCTIONAL_CREDIT_AMT" TOINSTANCE ="SQ_W_OFFER_ATRBTN_REV_LINE" TOINSTANCETYPE ="Source Qualifier"/>
        <CONNECTOR FROMFIELD ="FUNCTIONAL_DEBIT_AMT" FROMINSTANCE ="W_OFFER_ATRBTN_REV_LINE" FROMINSTANCETYPE ="Source Definition" TOFIELD ="FUNCTIONAL_DEBIT_AMT" TOINSTANCE ="SQ_W_OFFER_ATRBTN_REV_LINE" TOINSTANCETYPE ="Source Qualifier"/>
        <CONNECTOR FROMFIELD ="CREDIT_TRXNL_AMT" FROMINSTANCE ="W_OFFER_ATRBTN_REV_LINE" FROMINSTANCETYPE ="Source Definition" TOFIELD ="CREDIT_TRXNL_AMT" TOINSTANCE ="SQ_W_OFFER_ATRBTN_REV_LINE" TOINSTANCETYPE ="Source Qualifier"/>
        <CONNECTOR FROMFIELD ="DEBIT_TRXNL_AMT" FROMINSTANCE ="W_OFFER_ATRBTN_REV_LINE" FROMINSTANCETYPE ="Source Definition" TOFIELD ="DEBIT_TRXNL_AMT" TOINSTANCE ="SQ_W_OFFER_ATRBTN_REV_LINE" TOINSTANCETYPE ="Source Qualifier"/>
        <CONNECTOR FROMFIELD ="BK_ACCOUNTING_RULE_NAME" FROMINSTANCE ="W_OFFER_ATRBTN_REV_LINE" FROMINSTANCETYPE ="Source Definition" TOFIELD ="BK_ACCOUNTING_RULE_NAME" TOINSTANCE ="SQ_W_OFFER_ATRBTN_REV_LINE" TOINSTANCETYPE ="Source Qualifier"/>
        <CONNECTOR FROMFIELD ="ATTRIBUTION_TYPE" FROMINSTANCE ="W_OFFER_ATRBTN_REV_LINE" FROMINSTANCETYPE ="Source Definition" TOFIELD ="ATTRIBUTION_TYPE" TOINSTANCE ="SQ_W_OFFER_ATRBTN_REV_LINE" TOINSTANCETYPE ="Source Qualifier"/>
        <CONNECTOR FROMFIELD ="BK_COMPANY_CD" FROMINSTANCE ="W_OFFER_ATRBTN_REV_LINE" FROMINSTANCETYPE ="Source Definition" TOFIELD ="BK_COMPANY_CD" TOINSTANCE ="SQ_W_OFFER_ATRBTN_REV_LINE" TOINSTANCETYPE ="Source Qualifier"/>
        <CONNECTOR FROMFIELD ="ACCOUNTING_RULE_START_DT" FROMINSTANCE ="W_OFFER_ATRBTN_REV_LINE" FROMINSTANCETYPE ="Source Definition" TOFIELD ="ACCOUNTING_RULE_START_DT" TOINSTANCE ="SQ_W_OFFER_ATRBTN_REV_LINE" TOINSTANCETYPE ="Source Qualifier"/>
        <CONNECTOR FROMFIELD ="ACCOUNTING_RULE_END_DT" FROMINSTANCE ="W_OFFER_ATRBTN_REV_LINE" FROMINSTANCETYPE ="Source Definition" TOFIELD ="ACCOUNTING_RULE_END_DT" TOINSTANCE ="SQ_W_OFFER_ATRBTN_REV_LINE" TOINSTANCETYPE ="Source Qualifier"/>
        <CONNECTOR FROMFIELD ="ACCOUNTING_RULE_DURATION_CNT" FROMINSTANCE ="W_OFFER_ATRBTN_REV_LINE" FROMINSTANCETYPE ="Source Definition" TOFIELD ="ACCOUNTING_RULE_DURATION_CNT" TOINSTANCE ="SQ_W_OFFER_ATRBTN_REV_LINE" TOINSTANCETYPE ="Source Qualifier"/>
        <CONNECTOR FROMFIELD ="OFFER_ATTRIBUTION_ID_INT" FROMINSTANCE ="W_OFFER_ATRBTN_REV_LINE" FROMINSTANCETYPE ="Source Definition" TOFIELD ="OFFER_ATTRIBUTION_ID_INT" TOINSTANCE ="SQ_W_OFFER_ATRBTN_REV_LINE" TOINSTANCETYPE ="Source Qualifier"/>
        <CONNECTOR FROMFIELD ="SALES_TERRITORY_KEY" FROMINSTANCE ="W_OFFER_ATRBTN_REV_LINE" FROMINSTANCETYPE ="Source Definition" TOFIELD ="SALES_TERRITORY_KEY" TOINSTANCE ="SQ_W_OFFER_ATRBTN_REV_LINE" TOINSTANCETYPE ="Source Qualifier"/>
        <CONNECTOR FROMFIELD ="SK_TRX_ID_INT" FROMINSTANCE ="W_OFFER_ATRBTN_REV_LINE" FROMINSTANCETYPE ="Source Definition" TOFIELD ="SK_TRX_ID_INT" TOINSTANCE ="SQ_W_OFFER_ATRBTN_REV_LINE" TOINSTANCETYPE ="Source Qualifier"/>
        <CONNECTOR FROMFIELD ="SK_PREVIOUS_TRX_ID_INT" FROMINSTANCE ="W_OFFER_ATRBTN_REV_LINE" FROMINSTANCETYPE ="Source Definition" TOFIELD ="SK_PREVIOUS_TRX_ID_INT" TOINSTANCE ="SQ_W_OFFER_ATRBTN_REV_LINE" TOINSTANCETYPE ="Source Qualifier"/>
        <CONNECTOR FROMFIELD ="PARENT_AR_TRX_LINE_KEY" FROMINSTANCE ="W_OFFER_ATRBTN_REV_LINE" FROMINSTANCETYPE ="Source Definition" TOFIELD ="PARENT_AR_TRX_LINE_KEY" TOINSTANCE ="SQ_W_OFFER_ATRBTN_REV_LINE" TOINSTANCETYPE ="Source Qualifier"/>
        <CONNECTOR FROMFIELD ="SOURCE_REPORTED_DEAL_ID" FROMINSTANCE ="W_OFFER_ATRBTN_REV_LINE" FROMINSTANCETYPE ="Source Definition" TOFIELD ="SOURCE_REPORTED_DEAL_ID" TOINSTANCE ="SQ_W_OFFER_ATRBTN_REV_LINE" TOINSTANCETYPE ="Source Qualifier"/>
        <CONNECTOR FROMFIELD ="AR_BATCH_SOURCE_KEY" FROMINSTANCE ="W_OFFER_ATRBTN_REV_LINE" FROMINSTANCETYPE ="Source Definition" TOFIELD ="AR_BATCH_SOURCE_KEY" TOINSTANCE ="SQ_W_OFFER_ATRBTN_REV_LINE" TOINSTANCETYPE ="Source Qualifier"/>
        <CONNECTOR FROMFIELD ="TRX_CLASS_CD" FROMINSTANCE ="W_OFFER_ATRBTN_REV_LINE" FROMINSTANCETYPE ="Source Definition" TOFIELD ="TRX_CLASS_CD" TOINSTANCE ="SQ_W_OFFER_ATRBTN_REV_LINE" TOINSTANCETYPE ="Source Qualifier"/>
        <CONNECTOR FROMFIELD ="SS_CD" FROMINSTANCE ="W_OFFER_ATRBTN_REV_LINE" FROMINSTANCETYPE ="Source Definition" TOFIELD ="SS_CD" TOINSTANCE ="SQ_W_OFFER_ATRBTN_REV_LINE" TOINSTANCETYPE ="Source Qualifier"/>
        <CONNECTOR FROMFIELD ="REVENUE_DISTRIBUTION_TYPE_CD" FROMINSTANCE ="W_OFFER_ATRBTN_REV_LINE" FROMINSTANCETYPE ="Source Definition" TOFIELD ="REVENUE_DISTRIBUTION_TYPE_CD" TOINSTANCE ="SQ_W_OFFER_ATRBTN_REV_LINE" TOINSTANCETYPE ="Source Qualifier"/>
        <CONNECTOR FROMFIELD ="RU_AR_TRX_LINE_KEY" FROMINSTANCE ="W_OFFER_ATRBTN_REV_LINE" FROMINSTANCETYPE ="Source Definition" TOFIELD ="RU_AR_TRX_LINE_KEY" TOINSTANCE ="SQ_W_OFFER_ATRBTN_REV_LINE" TOINSTANCETYPE ="Source Qualifier"/>
        <CONNECTOR FROMFIELD ="RU_SUBSCRIPTION_CD" FROMINSTANCE ="W_OFFER_ATRBTN_REV_LINE" FROMINSTANCETYPE ="Source Definition" TOFIELD ="RU_SUBSCRIPTION_CD" TOINSTANCE ="SQ_W_OFFER_ATRBTN_REV_LINE" TOINSTANCETYPE ="Source Qualifier"/>
        <CONNECTOR FROMFIELD ="ATTRIBUTION_PCT" FROMINSTANCE ="W_OFFER_ATRBTN_REV_LINE" FROMINSTANCETYPE ="Source Definition" TOFIELD ="ATTRIBUTION_PCT" TOINSTANCE ="SQ_W_OFFER_ATRBTN_REV_LINE" TOINSTANCETYPE ="Source Qualifier"/>
        <CONNECTOR FROMFIELD ="PRODUCT_QTY" FROMINSTANCE ="W_OFFER_ATRBTN_REV_LINE" FROMINSTANCETYPE ="Source Definition" TOFIELD ="PRODUCT_QTY" TOINSTANCE ="SQ_W_OFFER_ATRBTN_REV_LINE" TOINSTANCETYPE ="Source Qualifier"/>
        <CONNECTOR FROMFIELD ="EDW_CREATE_DTM" FROMINSTANCE ="W_OFFER_ATRBTN_REV_LINE" FROMINSTANCETYPE ="Source Definition" TOFIELD ="EDW_CREATE_DTM" TOINSTANCE ="SQ_W_OFFER_ATRBTN_REV_LINE" TOINSTANCETYPE ="Source Qualifier"/>
        <CONNECTOR FROMFIELD ="EDW_CREATE_USER" FROMINSTANCE ="W_OFFER_ATRBTN_REV_LINE" FROMINSTANCETYPE ="Source Definition" TOFIELD ="EDW_CREATE_USER" TOINSTANCE ="SQ_W_OFFER_ATRBTN_REV_LINE" TOINSTANCETYPE ="Source Qualifier"/>
        <CONNECTOR FROMFIELD ="EDW_UPDATE_DTM" FROMINSTANCE ="W_OFFER_ATRBTN_REV_LINE" FROMINSTANCETYPE ="Source Definition" TOFIELD ="EDW_UPDATE_DTM" TOINSTANCE ="SQ_W_OFFER_ATRBTN_REV_LINE" TOINSTANCETYPE ="Source Qualifier"/>
        <CONNECTOR FROMFIELD ="EDW_UPDATE_USER" FROMINSTANCE ="W_OFFER_ATRBTN_REV_LINE" FROMINSTANCETYPE ="Source Definition" TOFIELD ="EDW_UPDATE_USER" TOINSTANCE ="SQ_W_OFFER_ATRBTN_REV_LINE" TOINSTANCETYPE ="Source Qualifier"/>
        <CONNECTOR FROMFIELD ="TRX_SRC_CD" FROMINSTANCE ="W_OFFER_ATRBTN_REV_LINE" FROMINSTANCETYPE ="Source Definition" TOFIELD ="TRX_SRC_CD" TOINSTANCE ="SQ_W_OFFER_ATRBTN_REV_LINE" TOINSTANCETYPE ="Source Qualifier"/>
        <CONNECTOR FROMFIELD ="XAAS_OFFER_ATRBTN_REV_LINE_KEY" FROMINSTANCE ="W_OFFER_ATRBTN_REV_LINE" FROMINSTANCETYPE ="Source Definition" TOFIELD ="SK_TRX_DISTRI_ID_INT" TOINSTANCE ="SQ_W_OFFER_ATRBTN_REV_LINE" TOINSTANCETYPE ="Source Qualifier"/>
        <CONNECTOR FROMFIELD ="XAAS_OFFER_ATRBTN_REV_LINE_KEY" FROMINSTANCE ="W_OFFER_ATRBTN_REV_LINE" FROMINSTANCETYPE ="Source Definition" TOFIELD ="ROL_TRX_LINE_GL_DISTRI_KEY" TOINSTANCE ="SQ_W_OFFER_ATRBTN_REV_LINE" TOINSTANCETYPE ="Source Qualifier"/>
        <CONNECTOR FROMFIELD ="TRX_SRC_CD" FROMINSTANCE ="W_OFFER_ATRBTN_REV_LINE" FROMINSTANCETYPE ="Source Definition" TOFIELD ="POB_TYPE_CD" TOINSTANCE ="SQ_W_OFFER_ATRBTN_REV_LINE" TOINSTANCETYPE ="Source Qualifier"/>
        <CONNECTOR FROMFIELD ="PRODUCT_QTY" FROMINSTANCE ="W_OFFER_ATRBTN_REV_LINE" FROMINSTANCETYPE ="Source Definition" TOFIELD ="DV_POB_TOP_PRDT_KEY" TOINSTANCE ="SQ_W_OFFER_ATRBTN_REV_LINE" TOINSTANCETYPE ="Source Qualifier"/>
        <CONNECTOR FROMFIELD ="AR_TRANSACTION_KEY" FROMINSTANCE ="W_OFFER_ATRBTN_REV_LINE" FROMINSTANCETYPE ="Source Definition" TOFIELD ="PARENT_OFFER_ATTRIB_ID_INT" TOINSTANCE ="SQ_W_OFFER_ATRBTN_REV_LINE" TOINSTANCETYPE ="Source Qualifier"/>
        <TARGETLOADORDER ORDER ="1" TARGETINSTANCE ="N_OFFER_ATRBTN_REV_LINE"/>
        <MAPPINGVARIABLE DATATYPE ="string" DEFAULTVALUE ="" DESCRIPTION ="" ISEXPRESSIONVARIABLE ="NO" ISPARAM ="YES" NAME ="$$WORKDB" PRECISION ="30" SCALE ="0" USERDEFINED ="YES"/>
        <MAPPINGVARIABLE DATATYPE ="string" DEFAULTVALUE ="" DESCRIPTION ="" ISEXPRESSIONVARIABLE ="NO" ISPARAM ="YES" NAME ="$$FINLGLDB" PRECISION ="30" SCALE ="0" USERDEFINED ="YES"/>
        <MAPPINGVARIABLE DATATYPE ="string" DEFAULTVALUE ="" DESCRIPTION ="" ISEXPRESSIONVARIABLE ="NO" ISPARAM ="YES" NAME ="$$FINLGLVWDB" PRECISION ="30" SCALE ="0" USERDEFINED ="YES"/>
        <MAPPINGVARIABLE DATATYPE ="string" DEFAULTVALUE ="" DESCRIPTION ="" ISEXPRESSIONVARIABLE ="NO" ISPARAM ="YES" NAME ="$$STGDB" PRECISION ="30" SCALE ="0" USERDEFINED ="YES"/>
        <ERPINFO/>
    </MAPPING>
    <CONFIG DESCRIPTION ="Default session configuration object" ISDEFAULT ="YES" NAME ="default_session_config" VERSIONNUMBER ="5">
        <ATTRIBUTE NAME ="Advanced" VALUE =""/>
        <ATTRIBUTE NAME ="Constraint based load ordering" VALUE ="NO"/>
        <ATTRIBUTE NAME ="Cache LOOKUP() function" VALUE ="YES"/>
        <ATTRIBUTE NAME ="Default buffer block size" VALUE ="Auto"/>
        <ATTRIBUTE NAME ="Line Sequential buffer length" VALUE ="1024"/>
        <ATTRIBUTE NAME ="Maximum Memory Allowed For Auto Memory Attributes" VALUE ="512MB"/>
        <ATTRIBUTE NAME ="Maximum Percentage of Total Memory Allowed For Auto Memory Attributes" VALUE ="5"/>
        <ATTRIBUTE NAME ="Additional Concurrent Pipelines for Lookup Cache Creation" VALUE ="Auto"/>
        <ATTRIBUTE NAME ="Custom Properties" VALUE =""/>
        <ATTRIBUTE NAME ="Pre-build lookup cache" VALUE ="Auto"/>
        <ATTRIBUTE NAME ="Optimization Level" VALUE ="Medium"/>
        <ATTRIBUTE NAME ="DateTime Format String" VALUE ="MM/DD/YYYY HH24:MI:SS"/>
        <ATTRIBUTE NAME ="Pre 85 Timestamp Compatibility" VALUE ="YES"/>
        <ATTRIBUTE NAME ="Log Options" VALUE ="0"/>
        <ATTRIBUTE NAME ="Save session log by" VALUE ="Session runs"/>
        <ATTRIBUTE NAME ="Save session log for these runs" VALUE ="5"/>
        <ATTRIBUTE NAME ="Session Log File Max Size" VALUE ="0"/>
        <ATTRIBUTE NAME ="Session Log File Max Time Period" VALUE ="0"/>
        <ATTRIBUTE NAME ="Maximum Partial Session Log Files" VALUE ="1"/>
        <ATTRIBUTE NAME ="Writer Commit Statistics Log Frequency" VALUE ="1"/>
        <ATTRIBUTE NAME ="Writer Commit Statistics Log Interval" VALUE ="0"/>
        <ATTRIBUTE NAME ="Error handling" VALUE =""/>
        <ATTRIBUTE NAME ="Stop on errors" VALUE ="1"/>
        <ATTRIBUTE NAME ="Override tracing" VALUE ="None"/>
        <ATTRIBUTE NAME ="On Stored Procedure error" VALUE ="Stop"/>
        <ATTRIBUTE NAME ="On Pre-session command task error" VALUE ="Stop"/>
        <ATTRIBUTE NAME ="On Pre-Post SQL error" VALUE ="Stop"/>
        <ATTRIBUTE NAME ="Enable Recovery" VALUE ="NO"/>
        <ATTRIBUTE NAME ="Error Log Type" VALUE ="None"/>
        <ATTRIBUTE NAME ="Error Log Table Name Prefix" VALUE =""/>
        <ATTRIBUTE NAME ="Error Log File Name" VALUE ="PMError.log"/>
        <ATTRIBUTE NAME ="Log Source Row Data" VALUE ="NO"/>
        <ATTRIBUTE NAME ="Data Column Delimiter" VALUE ="|"/>
        <ATTRIBUTE NAME ="Partitioning Options" VALUE =""/>
        <ATTRIBUTE NAME ="Dynamic Partitioning" VALUE ="Disabled"/>
        <ATTRIBUTE NAME ="Number of Partitions" VALUE ="1"/>
        <ATTRIBUTE NAME ="Multiplication Factor" VALUE ="Auto"/>
        <ATTRIBUTE NAME ="Session on Grid" VALUE =""/>
        <ATTRIBUTE NAME ="Is Enabled" VALUE ="NO"/>
    </CONFIG>
    <WORKFLOW DESCRIPTION ="" ISENABLED ="YES" ISRUNNABLESERVICE ="NO" ISSERVICE ="NO" ISVALID ="YES" NAME ="wf_N_OFFER_ATRBTN_REV_LINE" REUSABLE_SCHEDULER ="NO" SCHEDULERNAME ="Scheduler" SERVERNAME ="EDW_TS1_TEST_961_Integration_Service" SERVER_DOMAINNAME ="Domain_EDWTD_Test_961" SUSPEND_ON_ERROR ="NO" TASKS_MUST_RUN_ON_SERVER ="NO" VERSIONNUMBER ="6">
        <SCHEDULER DESCRIPTION ="" NAME ="Scheduler" REUSABLE ="NO" VERSIONNUMBER ="6">
            <SCHEDULEINFO SCHEDULETYPE ="ONDEMAND"/>
        </SCHEDULER>
        <TASK DESCRIPTION ="" NAME ="Start" REUSABLE ="NO" TYPE ="Start" VERSIONNUMBER ="6"/>
        <SESSION DESCRIPTION ="" ISVALID ="YES" MAPPINGNAME ="m_N_OFFER_ATRBTN_REV_LINE" NAME ="s_m_N_OFFER_ATRBTN_REV_LINE" REUSABLE ="NO" SORTORDER ="Binary" VERSIONNUMBER ="6">
            <SESSTRANSFORMATIONINST ISREPARTITIONPOINT ="YES" PARTITIONTYPE ="PASS THROUGH" PIPELINE ="1" SINSTANCENAME ="N_OFFER_ATRBTN_REV_LINE" STAGE ="1" TRANSFORMATIONNAME ="N_OFFER_ATRBTN_REV_LINE" TRANSFORMATIONTYPE ="Target Definition">
                <ATTRIBUTE NAME ="Table Name Prefix" VALUE ="$$FINLGLVWDB"/>
                <ATTRIBUTE NAME ="Pre SQL" VALUE ="UPDATE NXOA FROM  $$FINLGLVWDB.N_OFFER_ATRBTN_REV_LINE NXOA,&#xD;&#xA;  $$WORKDB.W_OFFER_ATRBTN_REV_LINE  WXOA &#xD;&#xA;  SET&#xD;&#xA;  GENERAL_LEDGER_ACCOUNT_KEY    =WXOA.GENERAL_LEDGER_ACCOUNT_KEY    ,&#xD;&#xA;  AR_TRANSACTION_KEY            =WXOA.AR_TRANSACTION_KEY            ,&#xD;&#xA;  SET_OF_BOOKS_KEY              =WXOA.SET_OF_BOOKS_KEY              ,&#xD;&#xA;  BK_TRX_ISO_CURRENCY_CD        =WXOA.BK_TRX_ISO_CURRENCY_CD        ,&#xD;&#xA;  PRODUCT_KEY                   =WXOA.PRODUCT_KEY                   ,&#xD;&#xA;  GL_DT                         =WXOA.GL_DT                         ,&#xD;&#xA;  GL_POSTED_DT                  =WXOA.GL_POSTED_DT                  ,&#xD;&#xA;  TRX_FNCTNL_CURRENCY_CONV_DT   =WXOA.TRX_FNCTNL_CURRENCY_CONV_DT   ,&#xD;&#xA;  ACCOUNT_CLASS_CD              =WXOA.ACCOUNT_CLASS_CD              ,&#xD;&#xA;  FUNCTIONAL_CREDIT_AMT         =WXOA.FUNCTIONAL_CREDIT_AMT         ,&#xD;&#xA;  FUNCTIONAL_DEBIT_AMT          =WXOA.FUNCTIONAL_DEBIT_AMT          ,&#xD;&#xA;  CREDIT_TRXNL_AMT              =WXOA.CREDIT_TRXNL_AMT              ,&#xD;&#xA;  DEBIT_TRXNL_AMT               =WXOA.DEBIT_TRXNL_AMT               ,&#xD;&#xA;  BK_ACCOUNTING_RULE_NAME       =WXOA.BK_ACCOUNTING_RULE_NAME       ,&#xD;&#xA;  ATTRIBUTION_TYPE              =WXOA.ATTRIBUTION_TYPE              ,&#xD;&#xA;  BK_COMPANY_CD                 =WXOA.BK_COMPANY_CD                 ,&#xD;&#xA;  ACCOUNTING_RULE_START_DT      =WXOA.ACCOUNTING_RULE_START_DT      ,&#xD;&#xA;  ACCOUNTING_RULE_END_DT        =WXOA.ACCOUNTING_RULE_END_DT        ,&#xD;&#xA;  ACCOUNTING_RULE_DURATION_CNT  =WXOA.ACCOUNTING_RULE_DURATION_CNT  ,&#xD;&#xA;  OFFER_ATTRIBUTION_ID_INT      =WXOA.OFFER_ATTRIBUTION_ID_INT      ,&#xD;&#xA;  SALES_TERRITORY_KEY           =WXOA.SALES_TERRITORY_KEY           ,&#xD;&#xA;  SK_TRX_ID_INT                 =WXOA.SK_TRX_ID_INT                 ,&#xD;&#xA;  SK_PREVIOUS_TRX_ID_INT        =WXOA.SK_PREVIOUS_TRX_ID_INT        ,&#xD;&#xA;  PARENT_AR_TRX_LINE_KEY        =WXOA.PARENT_AR_TRX_LINE_KEY        ,&#xD;&#xA;  SOURCE_REPORTED_DEAL_ID       =WXOA.SOURCE_REPORTED_DEAL_ID       ,&#xD;&#xA;  AR_BATCH_SOURCE_KEY           =WXOA.AR_BATCH_SOURCE_KEY           ,&#xD;&#xA;  TRX_CLASS_CD                  =WXOA.TRX_CLASS_CD                  ,&#xD;&#xA;  SS_CD                         =WXOA.SS_CD                         ,&#xD;&#xA;  REVENUE_DISTRIBUTION_TYPE_CD  =WXOA.REVENUE_DISTRIBUTION_TYPE_CD  ,&#xD;&#xA;  RU_AR_TRX_LINE_KEY            =WXOA.RU_AR_TRX_LINE_KEY            ,&#xD;&#xA;  RU_SUBSCRIPTION_CD           =WXOA.RU_SUBSCRIPTION_CD        ,&#xD;&#xA;  ATTRIBUTION_PCT               =WXOA.ATTRIBUTION_PCT,&#xD;&#xA;  PRODUCT_QTY                   =WXOA.PRODUCT_QTY ,&#xD;&#xA;  EDW_UPDATE_DTM                =CURRENT_TIMESTAMP(0)              ,        &#xD;&#xA;  EDW_UPDATE_USER               =USER  &#x9;&#x9;&#x9;&#x9;&#x9;   ,&#xD;&#xA;  SK_TRX_DISTRI_ID_INT=WXOA.SK_TRX_DISTRI_ID_INT,&#xD;&#xA;  ROL_TRX_LINE_GL_DISTRI_KEY=WXOA.ROL_TRX_LINE_GL_DISTRI_KEY&#xD;&#xA; ,PARENT_OFFER_ATTRIB_ID_INT   =WXOA.PARENT_OFFER_ATTRIB_ID_INT    /* 3 NRS MPOB columns added*/&#xD;&#xA; ,POB_TYPE_CD                  =WXOA.POB_TYPE_CD                   &#xD;&#xA; ,DV_POB_TOP_PRDT_KEY          =WXOA.DV_POB_TOP_PRDT_KEY            &#xD;&#xA;  WHERE &#xD;&#xA;  NXOA.XAAS_OFFER_ATRBTN_REV_LINE_KEY=  WXOA.XAAS_OFFER_ATRBTN_REV_LINE_KEY&#xD;&#xA;  AND WXOA.DML_TYPE=&apos;U&apos;; &#xD;&#xA;  &#xD;&#xA;  &#xD;&#xA;  UPDATE NXOA FROM $$FINLGLVWDB.N_OFFER_ATRBTN_REV_LINE NXOA, &#xD;&#xA;  $$STGDB.ST_CG_XLA_AE_HEADERS_OA_S  ST&#xD;&#xA;  SET   TRX_FNCTNL_CURRENCY_CONV_DT = COALESCE(CAST (ST.ACCOUNTING_DATE  AS  DATE), DATE &apos;3500-01-01&apos;), &#xD;&#xA;  GL_POSTED_DT  =COALESCE(CAST(ST.GL_TRANSFER_DATE AS DATE),DATE &apos;3500-01-01&apos;),&#xD;&#xA;  EDW_UPDATE_DTM     =CURRENT_TIMESTAMP(0),&#xD;&#xA;  EDW_UPDATE_USER=USER&#xD;&#xA;  WHERE NXOA.SK_AE_HEADER_ID_INT =ST.AE_HEADER_ID ;&#xD;&#xA;  &#xD;&#xA;  &#xD;&#xA;  UPDATE NXOA FROM $$FINLGLVWDB.N_OFFER_ATRBTN_REV_LINE NXOA, &#xD;&#xA;  $$STGDB.ST_CG_XXCFIR_REV_EXTRACT_OA_S  ST&#xD;&#xA;  SET   &#xD;&#xA;  SOURCE_REPORTED_DEAL_ID         =COALESCE(ST.ATTRIBUTE3,&apos;UNKNOWN&apos;),&#xD;&#xA;  RU_SUBSCRIPTION_CD=COALESCE(ST.ATTRIBUTE4,&apos;UNKNOWN&apos;),&#xD;&#xA;  EDW_UPDATE_DTM     =CURRENT_TIMESTAMP(0),&#xD;&#xA;  EDW_UPDATE_USER=USER&#xD;&#xA;  WHERE NXOA.SK_TRX_ID_INT =ST.TRANSACTION_ID and ATTRIBUTION_TYPE=&apos;ATTRIBUTED&apos;;&#xD;&#xA;  &#xD;&#xA;  &#xD;&#xA;  UPDATE NXOA FROM $$FINLGLVWDB.N_OFFER_ATRBTN_REV_LINE NXOA, &#xD;&#xA;  $$STGDB.ST_CG_XXCFIR_REV_EXTRACT_OA_S  ST&#xD;&#xA;  SET   &#xD;&#xA;  ACCOUNTING_RULE_DURATION_CNT=COALESCE(ST.ACCOUNTING_RULE_DURATION,0),&#xD;&#xA;  BK_ACCOUNTING_RULE_NAME=COALESCE(ST.ACCOUNTING_RULE_NAME,&apos;UNKNOWN&apos;),&#xD;&#xA;  ACCOUNTING_RULE_START_DT=COALESCE(ST.RULE_START_DATE,DATE &apos;3500-01-01&apos;),&#xD;&#xA;  ACCOUNTING_RULE_END_DT=COALESCE(ST.RULE_END_DATE,DATE &apos;3500-01-01&apos;),&#xD;&#xA;  PRODUCT_QTY=ST.QUANTITY_INVOICED,&#xD;&#xA;  TRX_CLASS_CD=ST.TRX_CLASS,&#xD;&#xA;  RU_SUBSCRIPTION_CD=COALESCE(ST.ATTRIBUTE4,&apos;UNKNOWN&apos;),&#xD;&#xA;  EDW_UPDATE_DTM     =CURRENT_TIMESTAMP(0),&#xD;&#xA;  EDW_UPDATE_USER=USER&#xD;&#xA;  WHERE NXOA.SK_TRX_ID_INT =ST.TRANSACTION_ID and ATTRIBUTION_TYPE=&apos;OFFSET&apos;;&#xD;&#xA;  &#xD;&#xA;  &#xD;&#xA;  UPDATE NXOA FROM $$FINLGLVWDB.N_OFFER_ATRBTN_REV_LINE NXOA, &#xD;&#xA;  $$STGDB.ST_CG_XXCFIR_REV_EXT_SUB_OA_S  ST&#xD;&#xA;  SET   &#xD;&#xA;  ACCOUNTING_RULE_DURATION_CNT=COALESCE(ST.ACCOUNTING_RULE_DURATION,0),&#xD;&#xA;  BK_ACCOUNTING_RULE_NAME=COALESCE(ST.ACCOUNTING_RULE_NAME,&apos;UNKNOWN&apos;),&#xD;&#xA;  ACCOUNTING_RULE_START_DT=COALESCE(ST.RULE_START_DATE,DATE &apos;3500-01-01&apos;),&#xD;&#xA;  ACCOUNTING_RULE_END_DT=COALESCE(ST.RULE_END_DATE,DATE &apos;3500-01-01&apos;),&#xD;&#xA;  PRODUCT_QTY=ST.QUANTITY_INVOICED,&#xD;&#xA;  ATTRIBUTION_PCT=ST.ATTRIBUTE1,&#xD;&#xA;  TRX_CLASS_CD=ST.TRX_CLASS,&#xD;&#xA;  EDW_UPDATE_DTM     =CURRENT_TIMESTAMP(0),&#xD;&#xA;  EDW_UPDATE_USER=USER&#xD;&#xA;  WHERE NXOA.SK_TRX_ID_INT =ST.ATTRIBUTE2 AND ATTRIBUTION_TYPE=&apos;ATTRIBUTED&apos;;"/>
                <ATTRIBUTE NAME ="Post SQL" VALUE ="CALL COLLECT_STATS_WRAP(&apos;$$FINLGLDB&apos;,&apos;N_OFFER_ATRBTN_REV_LINE&apos;,&apos;D&apos;);"/>
            </SESSTRANSFORMATIONINST>
            <SESSTRANSFORMATIONINST ISREPARTITIONPOINT ="YES" PARTITIONTYPE ="PASS THROUGH" PIPELINE ="1" SINSTANCENAME ="SQ_W_OFFER_ATRBTN_REV_LINE" STAGE ="2" TRANSFORMATIONNAME ="SQ_W_OFFER_ATRBTN_REV_LINE" TRANSFORMATIONTYPE ="Source Qualifier"/>
            <SESSTRANSFORMATIONINST ISREPARTITIONPOINT ="NO" PIPELINE ="0" SINSTANCENAME ="W_OFFER_ATRBTN_REV_LINE" STAGE ="0" TRANSFORMATIONNAME ="W_OFFER_ATRBTN_REV_LINE" TRANSFORMATIONTYPE ="Source Definition"/>
            <CONFIGREFERENCE REFOBJECTNAME ="default_session_config" TYPE ="Session config">
                <ATTRIBUTE NAME ="Pre 85 Timestamp Compatibility" VALUE ="YES"/>
                <ATTRIBUTE NAME ="Save session log for these runs" VALUE ="5"/>
                <ATTRIBUTE NAME ="Stop on errors" VALUE ="1"/>
                <ATTRIBUTE NAME ="Override tracing" VALUE ="Normal"/>
            </CONFIGREFERENCE>
            <SESSIONEXTENSION NAME ="Relational Writer" SINSTANCENAME ="N_OFFER_ATRBTN_REV_LINE" SUBTYPE ="Relational Writer" TRANSFORMATIONTYPE ="Target Definition" TYPE ="WRITER">
                <CONNECTIONREFERENCE CNXREFNAME ="DB Connection" CONNECTIONNAME ="" CONNECTIONNUMBER ="1" CONNECTIONSUBTYPE ="" CONNECTIONTYPE ="Relational" VARIABLE ="$DBConnection_Target"/>
                <ATTRIBUTE NAME ="Target load type" VALUE ="Normal"/>
                <ATTRIBUTE NAME ="Insert" VALUE ="YES"/>
                <ATTRIBUTE NAME ="Update as Update" VALUE ="NO"/>
                <ATTRIBUTE NAME ="Update as Insert" VALUE ="NO"/>
                <ATTRIBUTE NAME ="Update else Insert" VALUE ="NO"/>
                <ATTRIBUTE NAME ="Delete" VALUE ="NO"/>
                <ATTRIBUTE NAME ="Truncate target table option" VALUE ="NO"/>
                <ATTRIBUTE NAME ="Reject file directory" VALUE ="$PMRootDir/DATA/EDWTD_AR/reject"/>
                <ATTRIBUTE NAME ="Reject filename" VALUE ="n_offer_atrbtn_rev_line1.bad"/>
            </SESSIONEXTENSION>
            <SESSIONEXTENSION NAME ="Relational Reader" SINSTANCENAME ="SQ_W_OFFER_ATRBTN_REV_LINE" SUBTYPE ="Relational Reader" TRANSFORMATIONTYPE ="Source Qualifier" TYPE ="READER">
                <CONNECTIONREFERENCE CNXREFNAME ="DB Connection" CONNECTIONNAME ="" CONNECTIONNUMBER ="1" CONNECTIONSUBTYPE ="" CONNECTIONTYPE ="Relational" VARIABLE ="$DBConnection_Source"/>
            </SESSIONEXTENSION>
            <SESSIONEXTENSION DSQINSTNAME ="SQ_W_OFFER_ATRBTN_REV_LINE" DSQINSTTYPE ="Source Qualifier" NAME ="Relational Reader" SINSTANCENAME ="W_OFFER_ATRBTN_REV_LINE" SUBTYPE ="Relational Reader" TRANSFORMATIONTYPE ="Source Definition" TYPE ="READER"/>
            <ATTRIBUTE NAME ="General Options" VALUE =""/>
            <ATTRIBUTE NAME ="Write Backward Compatible Session Log File" VALUE ="NO"/>
            <ATTRIBUTE NAME ="Session Log File Name" VALUE ="s_m_N_XAAS_OFFER_ATRBTN_REV_LINE.log"/>
            <ATTRIBUTE NAME ="Session Log File directory" VALUE ="$PMSessionLogDir&#x5c;"/>
            <ATTRIBUTE NAME ="Parameter Filename" VALUE ="$PMRootDir/ctrl/db.parm"/>
            <ATTRIBUTE NAME ="Enable Test Load" VALUE ="NO"/>
            <ATTRIBUTE NAME ="$Source connection value" VALUE =""/>
            <ATTRIBUTE NAME ="$Target connection value" VALUE =""/>
            <ATTRIBUTE NAME ="Treat source rows as" VALUE ="Insert"/>
            <ATTRIBUTE NAME ="Commit Type" VALUE ="Target"/>
            <ATTRIBUTE NAME ="Commit Interval" VALUE ="10000"/>
            <ATTRIBUTE NAME ="Commit On End Of File" VALUE ="YES"/>
            <ATTRIBUTE NAME ="Rollback Transactions on Errors" VALUE ="NO"/>
            <ATTRIBUTE NAME ="Recovery Strategy" VALUE ="Fail task and continue workflow"/>
            <ATTRIBUTE NAME ="Java Classpath" VALUE =""/>
            <ATTRIBUTE NAME ="Performance" VALUE =""/>
            <ATTRIBUTE NAME ="DTM buffer size" VALUE ="Auto"/>
            <ATTRIBUTE NAME ="Collect performance data" VALUE ="NO"/>
            <ATTRIBUTE NAME ="Write performance data to repository" VALUE ="NO"/>
            <ATTRIBUTE NAME ="Incremental Aggregation" VALUE ="NO"/>
            <ATTRIBUTE NAME ="Enable high precision" VALUE ="NO"/>
            <ATTRIBUTE NAME ="Session retry on deadlock" VALUE ="NO"/>
            <ATTRIBUTE NAME ="Pushdown Optimization" VALUE ="Full"/>
            <ATTRIBUTE NAME ="Allow Temporary View for Pushdown" VALUE ="NO"/>
            <ATTRIBUTE NAME ="Allow Temporary Sequence for Pushdown" VALUE ="NO"/>
            <ATTRIBUTE NAME ="Allow Pushdown for User Incompatible Connections" VALUE ="NO"/>
        </SESSION>
        <TASKINSTANCE DESCRIPTION ="" ISENABLED ="YES" NAME ="Start" REUSABLE ="NO" TASKNAME ="Start" TASKTYPE ="Start"/>
        <TASKINSTANCE DESCRIPTION ="" FAIL_PARENT_IF_INSTANCE_DID_NOT_RUN ="YES" FAIL_PARENT_IF_INSTANCE_FAILS ="YES" ISENABLED ="YES" NAME ="s_m_N_OFFER_ATRBTN_REV_LINE" REUSABLE ="NO" TASKNAME ="s_m_N_OFFER_ATRBTN_REV_LINE" TASKTYPE ="Session" TREAT_INPUTLINK_AS_AND ="YES"/>
        <WORKFLOWLINK CONDITION ="" FROMTASK ="Start" TOTASK ="s_m_N_OFFER_ATRBTN_REV_LINE"/>
        <WORKFLOWVARIABLE DATATYPE ="date/time" DEFAULTVALUE ="" DESCRIPTION ="The time this task started" ISNULL ="NO" ISPERSISTENT ="NO" NAME ="$Start.StartTime" USERDEFINED ="NO"/>
        <WORKFLOWVARIABLE DATATYPE ="date/time" DEFAULTVALUE ="" DESCRIPTION ="The time this task completed" ISNULL ="NO" ISPERSISTENT ="NO" NAME ="$Start.EndTime" USERDEFINED ="NO"/>
        <WORKFLOWVARIABLE DATATYPE ="integer" DEFAULTVALUE ="" DESCRIPTION ="Status of this task&apos;s execution" ISNULL ="NO" ISPERSISTENT ="NO" NAME ="$Start.Status" USERDEFINED ="NO"/>
        <WORKFLOWVARIABLE DATATYPE ="integer" DEFAULTVALUE ="" DESCRIPTION ="Status of the previous task that is not disabled" ISNULL ="NO" ISPERSISTENT ="NO" NAME ="$Start.PrevTaskStatus" USERDEFINED ="NO"/>
        <WORKFLOWVARIABLE DATATYPE ="integer" DEFAULTVALUE ="" DESCRIPTION ="Error code for this task&apos;s execution" ISNULL ="NO" ISPERSISTENT ="NO" NAME ="$Start.ErrorCode" USERDEFINED ="NO"/>
        <WORKFLOWVARIABLE DATATYPE ="string" DEFAULTVALUE ="" DESCRIPTION ="Error message for this task&apos;s execution" ISNULL ="NO" ISPERSISTENT ="NO" NAME ="$Start.ErrorMsg" USERDEFINED ="NO"/>
        <WORKFLOWVARIABLE DATATYPE ="date/time" DEFAULTVALUE ="" DESCRIPTION ="The time this task started" ISNULL ="NO" ISPERSISTENT ="NO" NAME ="$s_m_N_OFFER_ATRBTN_REV_LINE.StartTime" USERDEFINED ="NO"/>
        <WORKFLOWVARIABLE DATATYPE ="date/time" DEFAULTVALUE ="" DESCRIPTION ="The time this task completed" ISNULL ="NO" ISPERSISTENT ="NO" NAME ="$s_m_N_OFFER_ATRBTN_REV_LINE.EndTime" USERDEFINED ="NO"/>
        <WORKFLOWVARIABLE DATATYPE ="integer" DEFAULTVALUE ="" DESCRIPTION ="Status of this task&apos;s execution" ISNULL ="NO" ISPERSISTENT ="NO" NAME ="$s_m_N_OFFER_ATRBTN_REV_LINE.Status" USERDEFINED ="NO"/>
        <WORKFLOWVARIABLE DATATYPE ="integer" DEFAULTVALUE ="" DESCRIPTION ="Status of the previous task that is not disabled" ISNULL ="NO" ISPERSISTENT ="NO" NAME ="$s_m_N_OFFER_ATRBTN_REV_LINE.PrevTaskStatus" USERDEFINED ="NO"/>
        <WORKFLOWVARIABLE DATATYPE ="integer" DEFAULTVALUE ="" DESCRIPTION ="Error code for this task&apos;s execution" ISNULL ="NO" ISPERSISTENT ="NO" NAME ="$s_m_N_OFFER_ATRBTN_REV_LINE.ErrorCode" USERDEFINED ="NO"/>
        <WORKFLOWVARIABLE DATATYPE ="string" DEFAULTVALUE ="" DESCRIPTION ="Error message for this task&apos;s execution" ISNULL ="NO" ISPERSISTENT ="NO" NAME ="$s_m_N_OFFER_ATRBTN_REV_LINE.ErrorMsg" USERDEFINED ="NO"/>
        <WORKFLOWVARIABLE DATATYPE ="integer" DEFAULTVALUE ="" DESCRIPTION ="Rows successfully read" ISNULL ="NO" ISPERSISTENT ="NO" NAME ="$s_m_N_OFFER_ATRBTN_REV_LINE.SrcSuccessRows" USERDEFINED ="NO"/>
        <WORKFLOWVARIABLE DATATYPE ="integer" DEFAULTVALUE ="" DESCRIPTION ="Rows failed to read" ISNULL ="NO" ISPERSISTENT ="NO" NAME ="$s_m_N_OFFER_ATRBTN_REV_LINE.SrcFailedRows" USERDEFINED ="NO"/>
        <WORKFLOWVARIABLE DATATYPE ="integer" DEFAULTVALUE ="" DESCRIPTION ="Rows successfully loaded" ISNULL ="NO" ISPERSISTENT ="NO" NAME ="$s_m_N_OFFER_ATRBTN_REV_LINE.TgtSuccessRows" USERDEFINED ="NO"/>
        <WORKFLOWVARIABLE DATATYPE ="integer" DEFAULTVALUE ="" DESCRIPTION ="Rows failed to load" ISNULL ="NO" ISPERSISTENT ="NO" NAME ="$s_m_N_OFFER_ATRBTN_REV_LINE.TgtFailedRows" USERDEFINED ="NO"/>
        <WORKFLOWVARIABLE DATATYPE ="integer" DEFAULTVALUE ="" DESCRIPTION ="Total number of transformation errors" ISNULL ="NO" ISPERSISTENT ="NO" NAME ="$s_m_N_OFFER_ATRBTN_REV_LINE.TotalTransErrors" USERDEFINED ="NO"/>
        <WORKFLOWVARIABLE DATATYPE ="integer" DEFAULTVALUE ="" DESCRIPTION ="First error code" ISNULL ="NO" ISPERSISTENT ="NO" NAME ="$s_m_N_OFFER_ATRBTN_REV_LINE.FirstErrorCode" USERDEFINED ="NO"/>
        <WORKFLOWVARIABLE DATATYPE ="string" DEFAULTVALUE ="" DESCRIPTION ="First error message" ISNULL ="NO" ISPERSISTENT ="NO" NAME ="$s_m_N_OFFER_ATRBTN_REV_LINE.FirstErrorMsg" USERDEFINED ="NO"/>
        <ATTRIBUTE NAME ="Parameter Filename" VALUE =""/>
        <ATTRIBUTE NAME ="Write Backward Compatible Workflow Log File" VALUE ="NO"/>
        <ATTRIBUTE NAME ="Workflow Log File Name" VALUE ="wf_N_XAAS_OFFER_ATRBTN_REV_LINE.log"/>
        <ATTRIBUTE NAME ="Workflow Log File Directory" VALUE ="$PMWorkflowLogDir&#x5c;"/>
        <ATTRIBUTE NAME ="Save Workflow log by" VALUE ="By runs"/>
        <ATTRIBUTE NAME ="Save workflow log for these runs" VALUE ="0"/>
        <ATTRIBUTE NAME ="Service Name" VALUE =""/>
        <ATTRIBUTE NAME ="Service Timeout" VALUE ="0"/>
        <ATTRIBUTE NAME ="Is Service Visible" VALUE ="NO"/>
        <ATTRIBUTE NAME ="Is Service Protected" VALUE ="NO"/>
        <ATTRIBUTE NAME ="Fail task after wait time" VALUE ="0"/>
        <ATTRIBUTE NAME ="Enable HA recovery" VALUE ="NO"/>
        <ATTRIBUTE NAME ="Automatically recover terminated tasks" VALUE ="NO"/>
        <ATTRIBUTE NAME ="Service Level Name" VALUE ="Default"/>
        <ATTRIBUTE NAME ="Allow concurrent run with unique run instance name" VALUE ="NO"/>
        <ATTRIBUTE NAME ="Allow concurrent run with same run instance name" VALUE ="NO"/>
        <ATTRIBUTE NAME ="Maximum number of concurrent runs" VALUE ="0"/>
        <ATTRIBUTE NAME ="Assigned Web Services Hubs" VALUE =""/>
        <ATTRIBUTE NAME ="Maximum number of concurrent runs per Hub" VALUE ="1000"/>
        <ATTRIBUTE NAME ="Expected Service Time" VALUE ="1"/>
    </WORKFLOW>
</FOLDER>
</REPOSITORY>
</POWERMART>