<?xml version="1.0" encoding="UTF-8"?>
<!DOCTYPE POWERMART SYSTEM "powrmart.dtd">
<POWERMART CREATION_DATE="07/12/2017 02:25:09" REPOSITORY_VERSION="184.93">
<REPOSITORY NAME="EDW_TS1_TEST_961" VERSION="184" CODEPAGE="UTF-8" DATABASETYPE="Oracle">
<FOLDER NAME="EDWTD_2TIER" GROUP="" OWNER="infoadm" SHARED="NOTSHARED" DESCRIPTION="Folder Name : EDWTD_2Tier" PERMISSIONS="rwx---r-x" UUID="4c600d03-bd8b-4d27-92a6-bec26459227e">
    <SOURCE BUSINESSNAME ="" DATABASETYPE ="Teradata" DBDNAME ="TDDEV" DESCRIPTION ="" NAME ="WI_XLA_AE_LINE_2TIER_INCR" OBJECTVERSION ="1" OWNERNAME ="STGDB_DV1" VERSIONNUMBER ="4">
        <SOURCEFIELD BUSINESSNAME ="" DATATYPE ="decimal" DESCRIPTION ="" FIELDNUMBER ="1" FIELDPROPERTY ="0" FIELDTYPE ="ELEMITEM" HIDDEN ="NO" KEYTYPE ="NOT A KEY" LENGTH ="17" LEVEL ="0" NAME ="AE_HEADER_ID" NULLABLE ="NOTNULL" OCCURS ="0" OFFSET ="0" PHYSICALLENGTH ="15" PHYSICALOFFSET ="0" PICTURETEXT ="" PRECISION ="15" SCALE ="0" USAGE_FLAGS =""/>
        <SOURCEFIELD BUSINESSNAME ="" DATATYPE ="decimal" DESCRIPTION ="" FIELDNUMBER ="2" FIELDPROPERTY ="0" FIELDTYPE ="ELEMITEM" HIDDEN ="NO" KEYTYPE ="NOT A KEY" LENGTH ="17" LEVEL ="0" NAME ="AE_LINE_NUM" NULLABLE ="NOTNULL" OCCURS ="0" OFFSET ="17" PHYSICALLENGTH ="15" PHYSICALOFFSET ="15" PICTURETEXT ="" PRECISION ="15" SCALE ="0" USAGE_FLAGS =""/>
        <SOURCEFIELD BUSINESSNAME ="" DATATYPE ="decimal" DESCRIPTION ="" FIELDNUMBER ="3" FIELDPROPERTY ="0" FIELDTYPE ="ELEMITEM" HIDDEN ="NO" KEYTYPE ="NOT A KEY" LENGTH ="17" LEVEL ="0" NAME ="APPLICATION_ID" NULLABLE ="NOTNULL" OCCURS ="0" OFFSET ="34" PHYSICALLENGTH ="15" PHYSICALOFFSET ="30" PICTURETEXT ="" PRECISION ="15" SCALE ="0" USAGE_FLAGS =""/>
        <SOURCEFIELD BUSINESSNAME ="" DATATYPE ="decimal" DESCRIPTION ="" FIELDNUMBER ="4" FIELDPROPERTY ="0" FIELDTYPE ="ELEMITEM" HIDDEN ="NO" KEYTYPE ="NOT A KEY" LENGTH ="17" LEVEL ="0" NAME ="CODE_COMBINATION_ID" NULLABLE ="NOTNULL" OCCURS ="0" OFFSET ="51" PHYSICALLENGTH ="15" PHYSICALOFFSET ="45" PICTURETEXT ="" PRECISION ="15" SCALE ="0" USAGE_FLAGS =""/>
        <SOURCEFIELD BUSINESSNAME ="" DATATYPE ="decimal" DESCRIPTION ="" FIELDNUMBER ="5" FIELDPROPERTY ="0" FIELDTYPE ="ELEMITEM" HIDDEN ="NO" KEYTYPE ="NOT A KEY" LENGTH ="17" LEVEL ="0" NAME ="GL_SL_LINK_ID" NULLABLE ="NULL" OCCURS ="0" OFFSET ="68" PHYSICALLENGTH ="15" PHYSICALOFFSET ="60" PICTURETEXT ="" PRECISION ="15" SCALE ="0" USAGE_FLAGS =""/>
        <SOURCEFIELD BUSINESSNAME ="" DATATYPE ="varchar" DESCRIPTION ="" FIELDNUMBER ="6" FIELDPROPERTY ="0" FIELDTYPE ="ELEMITEM" HIDDEN ="NO" KEYTYPE ="NOT A KEY" LENGTH ="0" LEVEL ="0" NAME ="ACCOUNT_CLASS" NULLABLE ="NOTNULL" OCCURS ="0" OFFSET ="85" PHYSICALLENGTH ="30" PHYSICALOFFSET ="75" PICTURETEXT ="" PRECISION ="30" SCALE ="0" USAGE_FLAGS =""/>
        <SOURCEFIELD BUSINESSNAME ="" DATATYPE ="decimal" DESCRIPTION ="" FIELDNUMBER ="7" FIELDPROPERTY ="0" FIELDTYPE ="ELEMITEM" HIDDEN ="NO" KEYTYPE ="NOT A KEY" LENGTH ="17" LEVEL ="0" NAME ="PARTY_ID" NULLABLE ="NULL" OCCURS ="0" OFFSET ="85" PHYSICALLENGTH ="15" PHYSICALOFFSET ="105" PICTURETEXT ="" PRECISION ="15" SCALE ="0" USAGE_FLAGS =""/>
        <SOURCEFIELD BUSINESSNAME ="" DATATYPE ="decimal" DESCRIPTION ="" FIELDNUMBER ="8" FIELDPROPERTY ="0" FIELDTYPE ="ELEMITEM" HIDDEN ="NO" KEYTYPE ="NOT A KEY" LENGTH ="17" LEVEL ="0" NAME ="PARTY_SITE_ID" NULLABLE ="NULL" OCCURS ="0" OFFSET ="102" PHYSICALLENGTH ="15" PHYSICALOFFSET ="120" PICTURETEXT ="" PRECISION ="15" SCALE ="0" USAGE_FLAGS =""/>
        <SOURCEFIELD BUSINESSNAME ="" DATATYPE ="varchar" DESCRIPTION ="" FIELDNUMBER ="9" FIELDPROPERTY ="0" FIELDTYPE ="ELEMITEM" HIDDEN ="NO" KEYTYPE ="NOT A KEY" LENGTH ="0" LEVEL ="0" NAME ="PARTY_TYPE_CODE" NULLABLE ="NULL" OCCURS ="0" OFFSET ="119" PHYSICALLENGTH ="1" PHYSICALOFFSET ="135" PICTURETEXT ="" PRECISION ="1" SCALE ="0" USAGE_FLAGS =""/>
        <SOURCEFIELD BUSINESSNAME ="" DATATYPE ="decimal" DESCRIPTION ="" FIELDNUMBER ="10" FIELDPROPERTY ="0" FIELDTYPE ="ELEMITEM" HIDDEN ="NO" KEYTYPE ="NOT A KEY" LENGTH ="28" LEVEL ="0" NAME ="ENTERED_DR" NULLABLE ="NULL" OCCURS ="0" OFFSET ="119" PHYSICALLENGTH ="26" PHYSICALOFFSET ="136" PICTURETEXT ="" PRECISION ="26" SCALE ="7" USAGE_FLAGS =""/>
        <SOURCEFIELD BUSINESSNAME ="" DATATYPE ="decimal" DESCRIPTION ="" FIELDNUMBER ="11" FIELDPROPERTY ="0" FIELDTYPE ="ELEMITEM" HIDDEN ="NO" KEYTYPE ="NOT A KEY" LENGTH ="28" LEVEL ="0" NAME ="ENTERED_CR" NULLABLE ="NULL" OCCURS ="0" OFFSET ="147" PHYSICALLENGTH ="26" PHYSICALOFFSET ="162" PICTURETEXT ="" PRECISION ="26" SCALE ="7" USAGE_FLAGS =""/>
        <SOURCEFIELD BUSINESSNAME ="" DATATYPE ="decimal" DESCRIPTION ="" FIELDNUMBER ="12" FIELDPROPERTY ="0" FIELDTYPE ="ELEMITEM" HIDDEN ="NO" KEYTYPE ="NOT A KEY" LENGTH ="28" LEVEL ="0" NAME ="ACCOUNTED_DR" NULLABLE ="NULL" OCCURS ="0" OFFSET ="175" PHYSICALLENGTH ="26" PHYSICALOFFSET ="188" PICTURETEXT ="" PRECISION ="26" SCALE ="7" USAGE_FLAGS =""/>
        <SOURCEFIELD BUSINESSNAME ="" DATATYPE ="decimal" DESCRIPTION ="" FIELDNUMBER ="13" FIELDPROPERTY ="0" FIELDTYPE ="ELEMITEM" HIDDEN ="NO" KEYTYPE ="NOT A KEY" LENGTH ="28" LEVEL ="0" NAME ="ACCOUNTED_CR" NULLABLE ="NULL" OCCURS ="0" OFFSET ="203" PHYSICALLENGTH ="26" PHYSICALOFFSET ="214" PICTURETEXT ="" PRECISION ="26" SCALE ="7" USAGE_FLAGS =""/>
        <SOURCEFIELD BUSINESSNAME ="" DATATYPE ="varchar" DESCRIPTION ="" FIELDNUMBER ="14" FIELDPROPERTY ="0" FIELDTYPE ="ELEMITEM" HIDDEN ="NO" KEYTYPE ="NOT A KEY" LENGTH ="0" LEVEL ="0" NAME ="CURRENCY_CODE" NULLABLE ="NOTNULL" OCCURS ="0" OFFSET ="231" PHYSICALLENGTH ="15" PHYSICALOFFSET ="240" PICTURETEXT ="" PRECISION ="15" SCALE ="0" USAGE_FLAGS =""/>
        <SOURCEFIELD BUSINESSNAME ="" DATATYPE ="varchar" DESCRIPTION ="" FIELDNUMBER ="15" FIELDPROPERTY ="0" FIELDTYPE ="ELEMITEM" HIDDEN ="NO" KEYTYPE ="NOT A KEY" LENGTH ="0" LEVEL ="0" NAME ="ATTRIBUTE_CATEGORY" NULLABLE ="NULL" OCCURS ="0" OFFSET ="231" PHYSICALLENGTH ="30" PHYSICALOFFSET ="255" PICTURETEXT ="" PRECISION ="30" SCALE ="0" USAGE_FLAGS =""/>
        <SOURCEFIELD BUSINESSNAME ="" DATATYPE ="decimal" DESCRIPTION ="" FIELDNUMBER ="16" FIELDPROPERTY ="0" FIELDTYPE ="ELEMITEM" HIDDEN ="NO" KEYTYPE ="NOT A KEY" LENGTH ="17" LEVEL ="0" NAME ="ORDER_NUMBER" NULLABLE ="NULL" OCCURS ="0" OFFSET ="231" PHYSICALLENGTH ="15" PHYSICALOFFSET ="285" PICTURETEXT ="" PRECISION ="15" SCALE ="0" USAGE_FLAGS =""/>
        <SOURCEFIELD BUSINESSNAME ="" DATATYPE ="decimal" DESCRIPTION ="" FIELDNUMBER ="17" FIELDPROPERTY ="0" FIELDTYPE ="ELEMITEM" HIDDEN ="NO" KEYTYPE ="NOT A KEY" LENGTH ="17" LEVEL ="0" NAME ="ORDER_LINE_ID" NULLABLE ="NULL" OCCURS ="0" OFFSET ="248" PHYSICALLENGTH ="15" PHYSICALOFFSET ="300" PICTURETEXT ="" PRECISION ="15" SCALE ="0" USAGE_FLAGS =""/>
        <SOURCEFIELD BUSINESSNAME ="" DATATYPE ="decimal" DESCRIPTION ="" FIELDNUMBER ="18" FIELDPROPERTY ="0" FIELDTYPE ="ELEMITEM" HIDDEN ="NO" KEYTYPE ="NOT A KEY" LENGTH ="17" LEVEL ="0" NAME ="TRX_NUMBER" NULLABLE ="NULL" OCCURS ="0" OFFSET ="265" PHYSICALLENGTH ="15" PHYSICALOFFSET ="315" PICTURETEXT ="" PRECISION ="15" SCALE ="0" USAGE_FLAGS =""/>
        <SOURCEFIELD BUSINESSNAME ="" DATATYPE ="decimal" DESCRIPTION ="" FIELDNUMBER ="19" FIELDPROPERTY ="0" FIELDTYPE ="ELEMITEM" HIDDEN ="NO" KEYTYPE ="NOT A KEY" LENGTH ="17" LEVEL ="0" NAME ="TRX_LINE_ID" NULLABLE ="NULL" OCCURS ="0" OFFSET ="282" PHYSICALLENGTH ="15" PHYSICALOFFSET ="330" PICTURETEXT ="" PRECISION ="15" SCALE ="0" USAGE_FLAGS =""/>
        <SOURCEFIELD BUSINESSNAME ="" DATATYPE ="timestamp" DESCRIPTION ="" FIELDNUMBER ="20" FIELDPROPERTY ="0" FIELDTYPE ="ELEMITEM" HIDDEN ="NO" KEYTYPE ="NOT A KEY" LENGTH ="19" LEVEL ="0" NAME ="TRX_DATE" NULLABLE ="NULL" OCCURS ="0" OFFSET ="299" PHYSICALLENGTH ="19" PHYSICALOFFSET ="345" PICTURETEXT ="" PRECISION ="19" SCALE ="0" USAGE_FLAGS =""/>
        <SOURCEFIELD BUSINESSNAME ="" DATATYPE ="decimal" DESCRIPTION ="" FIELDNUMBER ="21" FIELDPROPERTY ="0" FIELDTYPE ="ELEMITEM" HIDDEN ="NO" KEYTYPE ="NOT A KEY" LENGTH ="17" LEVEL ="0" NAME ="TRANSACTION_DIST_ID" NULLABLE ="NULL" OCCURS ="0" OFFSET ="318" PHYSICALLENGTH ="15" PHYSICALOFFSET ="364" PICTURETEXT ="" PRECISION ="15" SCALE ="0" USAGE_FLAGS =""/>
        <SOURCEFIELD BUSINESSNAME ="" DATATYPE ="varchar" DESCRIPTION ="" FIELDNUMBER ="22" FIELDPROPERTY ="0" FIELDTYPE ="ELEMITEM" HIDDEN ="NO" KEYTYPE ="NOT A KEY" LENGTH ="0" LEVEL ="0" NAME ="DIST_TYPE" NULLABLE ="NULL" OCCURS ="0" OFFSET ="335" PHYSICALLENGTH ="100" PHYSICALOFFSET ="379" PICTURETEXT ="" PRECISION ="100" SCALE ="0" USAGE_FLAGS =""/>
        <SOURCEFIELD BUSINESSNAME ="" DATATYPE ="decimal" DESCRIPTION ="" FIELDNUMBER ="23" FIELDPROPERTY ="0" FIELDTYPE ="ELEMITEM" HIDDEN ="NO" KEYTYPE ="NOT A KEY" LENGTH ="17" LEVEL ="0" NAME ="QUANTITY_INVOICED" NULLABLE ="NULL" OCCURS ="0" OFFSET ="335" PHYSICALLENGTH ="15" PHYSICALOFFSET ="479" PICTURETEXT ="" PRECISION ="15" SCALE ="0" USAGE_FLAGS =""/>
        <SOURCEFIELD BUSINESSNAME ="" DATATYPE ="decimal" DESCRIPTION ="" FIELDNUMBER ="24" FIELDPROPERTY ="0" FIELDTYPE ="ELEMITEM" HIDDEN ="NO" KEYTYPE ="NOT A KEY" LENGTH ="17" LEVEL ="0" NAME ="TRANSACTION_ID" NULLABLE ="NULL" OCCURS ="0" OFFSET ="352" PHYSICALLENGTH ="15" PHYSICALOFFSET ="494" PICTURETEXT ="" PRECISION ="15" SCALE ="0" USAGE_FLAGS =""/>
        <SOURCEFIELD BUSINESSNAME ="" DATATYPE ="varchar" DESCRIPTION ="" FIELDNUMBER ="25" FIELDPROPERTY ="0" FIELDTYPE ="ELEMITEM" HIDDEN ="NO" KEYTYPE ="NOT A KEY" LENGTH ="0" LEVEL ="0" NAME ="GL_SL_LINK_TABLE" NULLABLE ="NULL" OCCURS ="0" OFFSET ="369" PHYSICALLENGTH ="30" PHYSICALOFFSET ="509" PICTURETEXT ="" PRECISION ="30" SCALE ="0" USAGE_FLAGS =""/>
        <SOURCEFIELD BUSINESSNAME ="" DATATYPE ="decimal" DESCRIPTION ="" FIELDNUMBER ="26" FIELDPROPERTY ="0" FIELDTYPE ="ELEMITEM" HIDDEN ="NO" KEYTYPE ="NOT A KEY" LENGTH ="28" LEVEL ="0" NAME ="UNROUNDED_ACCOUNTED_DR" NULLABLE ="NULL" OCCURS ="0" OFFSET ="369" PHYSICALLENGTH ="26" PHYSICALOFFSET ="539" PICTURETEXT ="" PRECISION ="26" SCALE ="7" USAGE_FLAGS =""/>
        <SOURCEFIELD BUSINESSNAME ="" DATATYPE ="decimal" DESCRIPTION ="" FIELDNUMBER ="27" FIELDPROPERTY ="0" FIELDTYPE ="ELEMITEM" HIDDEN ="NO" KEYTYPE ="NOT A KEY" LENGTH ="28" LEVEL ="0" NAME ="UNROUNDED_ACCOUNTED_CR" NULLABLE ="NULL" OCCURS ="0" OFFSET ="397" PHYSICALLENGTH ="26" PHYSICALOFFSET ="565" PICTURETEXT ="" PRECISION ="26" SCALE ="7" USAGE_FLAGS =""/>
        <SOURCEFIELD BUSINESSNAME ="" DATATYPE ="decimal" DESCRIPTION ="" FIELDNUMBER ="28" FIELDPROPERTY ="0" FIELDTYPE ="ELEMITEM" HIDDEN ="NO" KEYTYPE ="NOT A KEY" LENGTH ="28" LEVEL ="0" NAME ="UNROUNDED_ENTERED_DR" NULLABLE ="NULL" OCCURS ="0" OFFSET ="425" PHYSICALLENGTH ="26" PHYSICALOFFSET ="591" PICTURETEXT ="" PRECISION ="26" SCALE ="7" USAGE_FLAGS =""/>
        <SOURCEFIELD BUSINESSNAME ="" DATATYPE ="decimal" DESCRIPTION ="" FIELDNUMBER ="29" FIELDPROPERTY ="0" FIELDTYPE ="ELEMITEM" HIDDEN ="NO" KEYTYPE ="NOT A KEY" LENGTH ="28" LEVEL ="0" NAME ="UNROUNDED_ENTERED_CR" NULLABLE ="NULL" OCCURS ="0" OFFSET ="453" PHYSICALLENGTH ="26" PHYSICALOFFSET ="617" PICTURETEXT ="" PRECISION ="26" SCALE ="7" USAGE_FLAGS =""/>
        <SOURCEFIELD BUSINESSNAME ="" DATATYPE ="timestamp" DESCRIPTION ="" FIELDNUMBER ="30" FIELDPROPERTY ="0" FIELDTYPE ="ELEMITEM" HIDDEN ="NO" KEYTYPE ="NOT A KEY" LENGTH ="19" LEVEL ="0" NAME ="ACCOUNTING_DATE" NULLABLE ="NOTNULL" OCCURS ="0" OFFSET ="481" PHYSICALLENGTH ="19" PHYSICALOFFSET ="643" PICTURETEXT ="" PRECISION ="19" SCALE ="0" USAGE_FLAGS =""/>
        <SOURCEFIELD BUSINESSNAME ="" DATATYPE ="decimal" DESCRIPTION ="" FIELDNUMBER ="31" FIELDPROPERTY ="0" FIELDTYPE ="ELEMITEM" HIDDEN ="NO" KEYTYPE ="NOT A KEY" LENGTH ="17" LEVEL ="0" NAME ="LEDGER_ID" NULLABLE ="NOTNULL" OCCURS ="0" OFFSET ="500" PHYSICALLENGTH ="15" PHYSICALOFFSET ="662" PICTURETEXT ="" PRECISION ="15" SCALE ="0" USAGE_FLAGS =""/>
        <SOURCEFIELD BUSINESSNAME ="" DATATYPE ="varchar" DESCRIPTION ="" FIELDNUMBER ="32" FIELDPROPERTY ="0" FIELDTYPE ="ELEMITEM" HIDDEN ="NO" KEYTYPE ="NOT A KEY" LENGTH ="0" LEVEL ="0" NAME ="SOURCE_TABLE" NULLABLE ="NULL" OCCURS ="0" OFFSET ="517" PHYSICALLENGTH ="30" PHYSICALOFFSET ="677" PICTURETEXT ="" PRECISION ="30" SCALE ="0" USAGE_FLAGS =""/>
        <SOURCEFIELD BUSINESSNAME ="" DATATYPE ="decimal" DESCRIPTION ="" FIELDNUMBER ="33" FIELDPROPERTY ="0" FIELDTYPE ="ELEMITEM" HIDDEN ="NO" KEYTYPE ="NOT A KEY" LENGTH ="17" LEVEL ="0" NAME ="SOURCE_ID" NULLABLE ="NULL" OCCURS ="0" OFFSET ="517" PHYSICALLENGTH ="15" PHYSICALOFFSET ="707" PICTURETEXT ="" PRECISION ="15" SCALE ="0" USAGE_FLAGS =""/>
        <SOURCEFIELD BUSINESSNAME ="" DATATYPE ="timestamp" DESCRIPTION ="" FIELDNUMBER ="34" FIELDPROPERTY ="0" FIELDTYPE ="ELEMITEM" HIDDEN ="NO" KEYTYPE ="NOT A KEY" LENGTH ="19" LEVEL ="0" NAME ="CREATION_DATE" NULLABLE ="NOTNULL" OCCURS ="0" OFFSET ="534" PHYSICALLENGTH ="19" PHYSICALOFFSET ="722" PICTURETEXT ="" PRECISION ="19" SCALE ="0" USAGE_FLAGS =""/>
        <SOURCEFIELD BUSINESSNAME ="" DATATYPE ="timestamp" DESCRIPTION ="" FIELDNUMBER ="35" FIELDPROPERTY ="0" FIELDTYPE ="ELEMITEM" HIDDEN ="NO" KEYTYPE ="NOT A KEY" LENGTH ="19" LEVEL ="0" NAME ="LAST_UPDATE_DATE" NULLABLE ="NOTNULL" OCCURS ="0" OFFSET ="553" PHYSICALLENGTH ="19" PHYSICALOFFSET ="741" PICTURETEXT ="" PRECISION ="19" SCALE ="0" USAGE_FLAGS =""/>
        <SOURCEFIELD BUSINESSNAME ="" DATATYPE ="varchar" DESCRIPTION ="" FIELDNUMBER ="36" FIELDPROPERTY ="0" FIELDTYPE ="ELEMITEM" HIDDEN ="NO" KEYTYPE ="NOT A KEY" LENGTH ="0" LEVEL ="0" NAME ="GLOBAL_NAME" NULLABLE ="NULL" OCCURS ="0" OFFSET ="572" PHYSICALLENGTH ="8" PHYSICALOFFSET ="760" PICTURETEXT ="" PRECISION ="8" SCALE ="0" USAGE_FLAGS =""/>
        <SOURCEFIELD BUSINESSNAME ="" DATATYPE ="timestamp" DESCRIPTION ="" FIELDNUMBER ="37" FIELDPROPERTY ="0" FIELDTYPE ="ELEMITEM" HIDDEN ="NO" KEYTYPE ="NOT A KEY" LENGTH ="19" LEVEL ="0" NAME ="EDW_CREATE_DATETIME" NULLABLE ="NOTNULL" OCCURS ="0" OFFSET ="572" PHYSICALLENGTH ="19" PHYSICALOFFSET ="768" PICTURETEXT ="" PRECISION ="19" SCALE ="0" USAGE_FLAGS =""/>
        <SOURCEFIELD BUSINESSNAME ="" DATATYPE ="char" DESCRIPTION ="" FIELDNUMBER ="38" FIELDPROPERTY ="0" FIELDTYPE ="ELEMITEM" HIDDEN ="NO" KEYTYPE ="NOT A KEY" LENGTH ="0" LEVEL ="0" NAME ="EDW_CREATE_USER" NULLABLE ="NOTNULL" OCCURS ="0" OFFSET ="591" PHYSICALLENGTH ="30" PHYSICALOFFSET ="787" PICTURETEXT ="" PRECISION ="30" SCALE ="0" USAGE_FLAGS =""/>
        <SOURCEFIELD BUSINESSNAME ="" DATATYPE ="timestamp" DESCRIPTION ="" FIELDNUMBER ="39" FIELDPROPERTY ="0" FIELDTYPE ="ELEMITEM" HIDDEN ="NO" KEYTYPE ="NOT A KEY" LENGTH ="19" LEVEL ="0" NAME ="EDW_UPDATE_DATETIME" NULLABLE ="NOTNULL" OCCURS ="0" OFFSET ="591" PHYSICALLENGTH ="19" PHYSICALOFFSET ="817" PICTURETEXT ="" PRECISION ="19" SCALE ="0" USAGE_FLAGS =""/>
        <SOURCEFIELD BUSINESSNAME ="" DATATYPE ="char" DESCRIPTION ="" FIELDNUMBER ="40" FIELDPROPERTY ="0" FIELDTYPE ="ELEMITEM" HIDDEN ="NO" KEYTYPE ="NOT A KEY" LENGTH ="0" LEVEL ="0" NAME ="EDW_UPDATE_USER" NULLABLE ="NOTNULL" OCCURS ="0" OFFSET ="610" PHYSICALLENGTH ="30" PHYSICALOFFSET ="836" PICTURETEXT ="" PRECISION ="30" SCALE ="0" USAGE_FLAGS =""/>
    </SOURCE>
    <TARGET BUSINESSNAME ="" CONSTRAINT ="" DATABASETYPE ="Teradata" DESCRIPTION ="" NAME ="WI_XLA_AE_LINE_2TIER_INCR" OBJECTVERSION ="1" TABLEOPTIONS ="" VERSIONNUMBER ="4">
        <TARGETFIELD BUSINESSNAME ="" DATATYPE ="decimal" DESCRIPTION ="" FIELDNUMBER ="1" KEYTYPE ="NOT A KEY" NAME ="AE_HEADER_ID" NULLABLE ="NOTNULL" PICTURETEXT ="" PRECISION ="15" SCALE ="0"/>
        <TARGETFIELD BUSINESSNAME ="" DATATYPE ="decimal" DESCRIPTION ="" FIELDNUMBER ="2" KEYTYPE ="NOT A KEY" NAME ="AE_LINE_NUM" NULLABLE ="NOTNULL" PICTURETEXT ="" PRECISION ="15" SCALE ="0"/>
        <TARGETFIELD BUSINESSNAME ="" DATATYPE ="decimal" DESCRIPTION ="" FIELDNUMBER ="3" KEYTYPE ="NOT A KEY" NAME ="APPLICATION_ID" NULLABLE ="NOTNULL" PICTURETEXT ="" PRECISION ="15" SCALE ="0"/>
        <TARGETFIELD BUSINESSNAME ="" DATATYPE ="decimal" DESCRIPTION ="" FIELDNUMBER ="4" KEYTYPE ="NOT A KEY" NAME ="CODE_COMBINATION_ID" NULLABLE ="NOTNULL" PICTURETEXT ="" PRECISION ="15" SCALE ="0"/>
        <TARGETFIELD BUSINESSNAME ="" DATATYPE ="decimal" DESCRIPTION ="" FIELDNUMBER ="5" KEYTYPE ="NOT A KEY" NAME ="GL_SL_LINK_ID" NULLABLE ="NULL" PICTURETEXT ="" PRECISION ="15" SCALE ="0"/>
        <TARGETFIELD BUSINESSNAME ="" DATATYPE ="varchar" DESCRIPTION ="" FIELDNUMBER ="6" KEYTYPE ="NOT A KEY" NAME ="ACCOUNT_CLASS" NULLABLE ="NOTNULL" PICTURETEXT ="" PRECISION ="30" SCALE ="0"/>
        <TARGETFIELD BUSINESSNAME ="" DATATYPE ="decimal" DESCRIPTION ="" FIELDNUMBER ="7" KEYTYPE ="NOT A KEY" NAME ="PARTY_ID" NULLABLE ="NULL" PICTURETEXT ="" PRECISION ="15" SCALE ="0"/>
        <TARGETFIELD BUSINESSNAME ="" DATATYPE ="decimal" DESCRIPTION ="" FIELDNUMBER ="8" KEYTYPE ="NOT A KEY" NAME ="PARTY_SITE_ID" NULLABLE ="NULL" PICTURETEXT ="" PRECISION ="15" SCALE ="0"/>
        <TARGETFIELD BUSINESSNAME ="" DATATYPE ="varchar" DESCRIPTION ="" FIELDNUMBER ="9" KEYTYPE ="NOT A KEY" NAME ="PARTY_TYPE_CODE" NULLABLE ="NULL" PICTURETEXT ="" PRECISION ="1" SCALE ="0"/>
        <TARGETFIELD BUSINESSNAME ="" DATATYPE ="decimal" DESCRIPTION ="" FIELDNUMBER ="10" KEYTYPE ="NOT A KEY" NAME ="ENTERED_DR" NULLABLE ="NULL" PICTURETEXT ="" PRECISION ="26" SCALE ="7"/>
        <TARGETFIELD BUSINESSNAME ="" DATATYPE ="decimal" DESCRIPTION ="" FIELDNUMBER ="11" KEYTYPE ="NOT A KEY" NAME ="ENTERED_CR" NULLABLE ="NULL" PICTURETEXT ="" PRECISION ="26" SCALE ="7"/>
        <TARGETFIELD BUSINESSNAME ="" DATATYPE ="decimal" DESCRIPTION ="" FIELDNUMBER ="12" KEYTYPE ="NOT A KEY" NAME ="ACCOUNTED_DR" NULLABLE ="NULL" PICTURETEXT ="" PRECISION ="26" SCALE ="7"/>
        <TARGETFIELD BUSINESSNAME ="" DATATYPE ="decimal" DESCRIPTION ="" FIELDNUMBER ="13" KEYTYPE ="NOT A KEY" NAME ="ACCOUNTED_CR" NULLABLE ="NULL" PICTURETEXT ="" PRECISION ="26" SCALE ="7"/>
        <TARGETFIELD BUSINESSNAME ="" DATATYPE ="varchar" DESCRIPTION ="" FIELDNUMBER ="14" KEYTYPE ="NOT A KEY" NAME ="CURRENCY_CODE" NULLABLE ="NOTNULL" PICTURETEXT ="" PRECISION ="15" SCALE ="0"/>
        <TARGETFIELD BUSINESSNAME ="" DATATYPE ="varchar" DESCRIPTION ="" FIELDNUMBER ="15" KEYTYPE ="NOT A KEY" NAME ="ATTRIBUTE_CATEGORY" NULLABLE ="NULL" PICTURETEXT ="" PRECISION ="30" SCALE ="0"/>
        <TARGETFIELD BUSINESSNAME ="" DATATYPE ="decimal" DESCRIPTION ="" FIELDNUMBER ="16" KEYTYPE ="NOT A KEY" NAME ="ORDER_NUMBER" NULLABLE ="NULL" PICTURETEXT ="" PRECISION ="15" SCALE ="0"/>
        <TARGETFIELD BUSINESSNAME ="" DATATYPE ="decimal" DESCRIPTION ="" FIELDNUMBER ="17" KEYTYPE ="NOT A KEY" NAME ="ORDER_LINE_ID" NULLABLE ="NULL" PICTURETEXT ="" PRECISION ="15" SCALE ="0"/>
        <TARGETFIELD BUSINESSNAME ="" DATATYPE ="decimal" DESCRIPTION ="" FIELDNUMBER ="18" KEYTYPE ="NOT A KEY" NAME ="TRX_NUMBER" NULLABLE ="NULL" PICTURETEXT ="" PRECISION ="15" SCALE ="0"/>
        <TARGETFIELD BUSINESSNAME ="" DATATYPE ="decimal" DESCRIPTION ="" FIELDNUMBER ="19" KEYTYPE ="NOT A KEY" NAME ="TRX_LINE_ID" NULLABLE ="NULL" PICTURETEXT ="" PRECISION ="15" SCALE ="0"/>
        <TARGETFIELD BUSINESSNAME ="" DATATYPE ="timestamp" DESCRIPTION ="" FIELDNUMBER ="20" KEYTYPE ="NOT A KEY" NAME ="TRX_DATE" NULLABLE ="NULL" PICTURETEXT ="" PRECISION ="19" SCALE ="0"/>
        <TARGETFIELD BUSINESSNAME ="" DATATYPE ="decimal" DESCRIPTION ="" FIELDNUMBER ="21" KEYTYPE ="NOT A KEY" NAME ="TRANSACTION_DIST_ID" NULLABLE ="NULL" PICTURETEXT ="" PRECISION ="15" SCALE ="0"/>
        <TARGETFIELD BUSINESSNAME ="" DATATYPE ="varchar" DESCRIPTION ="" FIELDNUMBER ="22" KEYTYPE ="NOT A KEY" NAME ="DIST_TYPE" NULLABLE ="NULL" PICTURETEXT ="" PRECISION ="100" SCALE ="0"/>
        <TARGETFIELD BUSINESSNAME ="" DATATYPE ="decimal" DESCRIPTION ="" FIELDNUMBER ="23" KEYTYPE ="NOT A KEY" NAME ="QUANTITY_INVOICED" NULLABLE ="NULL" PICTURETEXT ="" PRECISION ="15" SCALE ="0"/>
        <TARGETFIELD BUSINESSNAME ="" DATATYPE ="decimal" DESCRIPTION ="" FIELDNUMBER ="24" KEYTYPE ="NOT A KEY" NAME ="TRANSACTION_ID" NULLABLE ="NULL" PICTURETEXT ="" PRECISION ="15" SCALE ="0"/>
        <TARGETFIELD BUSINESSNAME ="" DATATYPE ="varchar" DESCRIPTION ="" FIELDNUMBER ="25" KEYTYPE ="NOT A KEY" NAME ="GL_SL_LINK_TABLE" NULLABLE ="NULL" PICTURETEXT ="" PRECISION ="30" SCALE ="0"/>
        <TARGETFIELD BUSINESSNAME ="" DATATYPE ="decimal" DESCRIPTION ="" FIELDNUMBER ="26" KEYTYPE ="NOT A KEY" NAME ="UNROUNDED_ACCOUNTED_DR" NULLABLE ="NULL" PICTURETEXT ="" PRECISION ="26" SCALE ="7"/>
        <TARGETFIELD BUSINESSNAME ="" DATATYPE ="decimal" DESCRIPTION ="" FIELDNUMBER ="27" KEYTYPE ="NOT A KEY" NAME ="UNROUNDED_ACCOUNTED_CR" NULLABLE ="NULL" PICTURETEXT ="" PRECISION ="26" SCALE ="7"/>
        <TARGETFIELD BUSINESSNAME ="" DATATYPE ="decimal" DESCRIPTION ="" FIELDNUMBER ="28" KEYTYPE ="NOT A KEY" NAME ="UNROUNDED_ENTERED_DR" NULLABLE ="NULL" PICTURETEXT ="" PRECISION ="26" SCALE ="7"/>
        <TARGETFIELD BUSINESSNAME ="" DATATYPE ="decimal" DESCRIPTION ="" FIELDNUMBER ="29" KEYTYPE ="NOT A KEY" NAME ="UNROUNDED_ENTERED_CR" NULLABLE ="NULL" PICTURETEXT ="" PRECISION ="26" SCALE ="7"/>
        <TARGETFIELD BUSINESSNAME ="" DATATYPE ="timestamp" DESCRIPTION ="" FIELDNUMBER ="30" KEYTYPE ="NOT A KEY" NAME ="ACCOUNTING_DATE" NULLABLE ="NOTNULL" PICTURETEXT ="" PRECISION ="19" SCALE ="0"/>
        <TARGETFIELD BUSINESSNAME ="" DATATYPE ="decimal" DESCRIPTION ="" FIELDNUMBER ="31" KEYTYPE ="NOT A KEY" NAME ="LEDGER_ID" NULLABLE ="NOTNULL" PICTURETEXT ="" PRECISION ="15" SCALE ="0"/>
        <TARGETFIELD BUSINESSNAME ="" DATATYPE ="varchar" DESCRIPTION ="" FIELDNUMBER ="32" KEYTYPE ="NOT A KEY" NAME ="SOURCE_TABLE" NULLABLE ="NULL" PICTURETEXT ="" PRECISION ="30" SCALE ="0"/>
        <TARGETFIELD BUSINESSNAME ="" DATATYPE ="decimal" DESCRIPTION ="" FIELDNUMBER ="33" KEYTYPE ="NOT A KEY" NAME ="SOURCE_ID" NULLABLE ="NULL" PICTURETEXT ="" PRECISION ="15" SCALE ="0"/>
        <TARGETFIELD BUSINESSNAME ="" DATATYPE ="timestamp" DESCRIPTION ="" FIELDNUMBER ="34" KEYTYPE ="NOT A KEY" NAME ="CREATION_DATE" NULLABLE ="NOTNULL" PICTURETEXT ="" PRECISION ="19" SCALE ="0"/>
        <TARGETFIELD BUSINESSNAME ="" DATATYPE ="timestamp" DESCRIPTION ="" FIELDNUMBER ="35" KEYTYPE ="NOT A KEY" NAME ="LAST_UPDATE_DATE" NULLABLE ="NOTNULL" PICTURETEXT ="" PRECISION ="19" SCALE ="0"/>
        <TARGETFIELD BUSINESSNAME ="" DATATYPE ="varchar" DESCRIPTION ="" FIELDNUMBER ="36" KEYTYPE ="NOT A KEY" NAME ="GLOBAL_NAME" NULLABLE ="NULL" PICTURETEXT ="" PRECISION ="8" SCALE ="0"/>
        <TARGETFIELD BUSINESSNAME ="" DATATYPE ="timestamp" DESCRIPTION ="" FIELDNUMBER ="37" KEYTYPE ="NOT A KEY" NAME ="EDW_CREATE_DATETIME" NULLABLE ="NOTNULL" PICTURETEXT ="" PRECISION ="19" SCALE ="0"/>
        <TARGETFIELD BUSINESSNAME ="" DATATYPE ="char" DESCRIPTION ="" FIELDNUMBER ="38" KEYTYPE ="NOT A KEY" NAME ="EDW_CREATE_USER" NULLABLE ="NOTNULL" PICTURETEXT ="" PRECISION ="30" SCALE ="0"/>
        <TARGETFIELD BUSINESSNAME ="" DATATYPE ="timestamp" DESCRIPTION ="" FIELDNUMBER ="39" KEYTYPE ="NOT A KEY" NAME ="EDW_UPDATE_DATETIME" NULLABLE ="NOTNULL" PICTURETEXT ="" PRECISION ="19" SCALE ="0"/>
        <TARGETFIELD BUSINESSNAME ="" DATATYPE ="char" DESCRIPTION ="" FIELDNUMBER ="40" KEYTYPE ="NOT A KEY" NAME ="EDW_UPDATE_USER" NULLABLE ="NOTNULL" PICTURETEXT ="" PRECISION ="30" SCALE ="0"/>
    </TARGET>
    <MAPPING DESCRIPTION ="" ISVALID ="YES" NAME ="m_WI_XLA_AE_LINE_2TIER_INCR" OBJECTVERSION ="1" VERSIONNUMBER ="4">
        <TRANSFORMATION DESCRIPTION ="" NAME ="SQ_WI_XLA_AE_LINE_2TIER_INCR" OBJECTVERSION ="1" REUSABLE ="NO" TYPE ="Source Qualifier" VERSIONNUMBER ="4">
            <TRANSFORMFIELD DATATYPE ="decimal" DEFAULTVALUE ="" DESCRIPTION ="" NAME ="AE_HEADER_ID" PICTURETEXT ="" PORTTYPE ="INPUT/OUTPUT" PRECISION ="15" SCALE ="0"/>
            <TRANSFORMFIELD DATATYPE ="decimal" DEFAULTVALUE ="" DESCRIPTION ="" NAME ="AE_LINE_NUM" PICTURETEXT ="" PORTTYPE ="INPUT/OUTPUT" PRECISION ="15" SCALE ="0"/>
            <TRANSFORMFIELD DATATYPE ="decimal" DEFAULTVALUE ="" DESCRIPTION ="" NAME ="APPLICATION_ID" PICTURETEXT ="" PORTTYPE ="INPUT/OUTPUT" PRECISION ="15" SCALE ="0"/>
            <TRANSFORMFIELD DATATYPE ="decimal" DEFAULTVALUE ="" DESCRIPTION ="" NAME ="CODE_COMBINATION_ID" PICTURETEXT ="" PORTTYPE ="INPUT/OUTPUT" PRECISION ="15" SCALE ="0"/>
            <TRANSFORMFIELD DATATYPE ="decimal" DEFAULTVALUE ="" DESCRIPTION ="" NAME ="GL_SL_LINK_ID" PICTURETEXT ="" PORTTYPE ="INPUT/OUTPUT" PRECISION ="15" SCALE ="0"/>
            <TRANSFORMFIELD DATATYPE ="string" DEFAULTVALUE ="" DESCRIPTION ="" NAME ="ACCOUNT_CODE" PICTURETEXT ="" PORTTYPE ="INPUT/OUTPUT" PRECISION ="30" SCALE ="0"/>
            <TRANSFORMFIELD DATATYPE ="decimal" DEFAULTVALUE ="" DESCRIPTION ="" NAME ="PARTY_ID" PICTURETEXT ="" PORTTYPE ="INPUT/OUTPUT" PRECISION ="15" SCALE ="0"/>
            <TRANSFORMFIELD DATATYPE ="decimal" DEFAULTVALUE ="" DESCRIPTION ="" NAME ="PARTY_SITE_ID" PICTURETEXT ="" PORTTYPE ="INPUT/OUTPUT" PRECISION ="15" SCALE ="0"/>
            <TRANSFORMFIELD DATATYPE ="string" DEFAULTVALUE ="" DESCRIPTION ="" NAME ="PARTY_TYPE_CODE" PICTURETEXT ="" PORTTYPE ="INPUT/OUTPUT" PRECISION ="1" SCALE ="0"/>
            <TRANSFORMFIELD DATATYPE ="decimal" DEFAULTVALUE ="" DESCRIPTION ="" NAME ="ENTERED_DR" PICTURETEXT ="" PORTTYPE ="INPUT/OUTPUT" PRECISION ="26" SCALE ="7"/>
            <TRANSFORMFIELD DATATYPE ="decimal" DEFAULTVALUE ="" DESCRIPTION ="" NAME ="ENTERED_CR" PICTURETEXT ="" PORTTYPE ="INPUT/OUTPUT" PRECISION ="26" SCALE ="7"/>
            <TRANSFORMFIELD DATATYPE ="decimal" DEFAULTVALUE ="" DESCRIPTION ="" NAME ="ACCOUNTED_DR" PICTURETEXT ="" PORTTYPE ="INPUT/OUTPUT" PRECISION ="26" SCALE ="7"/>
            <TRANSFORMFIELD DATATYPE ="decimal" DEFAULTVALUE ="" DESCRIPTION ="" NAME ="ACCOUNTED_CR" PICTURETEXT ="" PORTTYPE ="INPUT/OUTPUT" PRECISION ="26" SCALE ="7"/>
            <TRANSFORMFIELD DATATYPE ="string" DEFAULTVALUE ="" DESCRIPTION ="" NAME ="CURRENCY_CODE" PICTURETEXT ="" PORTTYPE ="INPUT/OUTPUT" PRECISION ="15" SCALE ="0"/>
            <TRANSFORMFIELD DATATYPE ="string" DEFAULTVALUE ="" DESCRIPTION ="" NAME ="ATTRIBUTE_CATEGORY" PICTURETEXT ="" PORTTYPE ="INPUT/OUTPUT" PRECISION ="30" SCALE ="0"/>
            <TRANSFORMFIELD DATATYPE ="decimal" DEFAULTVALUE ="" DESCRIPTION ="" NAME ="ORDER_NUMBER" PICTURETEXT ="" PORTTYPE ="INPUT/OUTPUT" PRECISION ="15" SCALE ="0"/>
            <TRANSFORMFIELD DATATYPE ="decimal" DEFAULTVALUE ="" DESCRIPTION ="" NAME ="ORDER_LINE_ID" PICTURETEXT ="" PORTTYPE ="INPUT/OUTPUT" PRECISION ="15" SCALE ="0"/>
            <TRANSFORMFIELD DATATYPE ="decimal" DEFAULTVALUE ="" DESCRIPTION ="" NAME ="TRX_NUMBER" PICTURETEXT ="" PORTTYPE ="INPUT/OUTPUT" PRECISION ="15" SCALE ="0"/>
            <TRANSFORMFIELD DATATYPE ="decimal" DEFAULTVALUE ="" DESCRIPTION ="" NAME ="TRX_LINE_ID" PICTURETEXT ="" PORTTYPE ="INPUT/OUTPUT" PRECISION ="15" SCALE ="0"/>
            <TRANSFORMFIELD DATATYPE ="date/time" DEFAULTVALUE ="" DESCRIPTION ="" NAME ="TRX_DATE" PICTURETEXT ="" PORTTYPE ="INPUT/OUTPUT" PRECISION ="29" SCALE ="9"/>
            <TRANSFORMFIELD DATATYPE ="decimal" DEFAULTVALUE ="" DESCRIPTION ="" NAME ="TRANSACTION_DIST_ID" PICTURETEXT ="" PORTTYPE ="INPUT/OUTPUT" PRECISION ="15" SCALE ="0"/>
            <TRANSFORMFIELD DATATYPE ="string" DEFAULTVALUE ="" DESCRIPTION ="" NAME ="DIST_TYPE" PICTURETEXT ="" PORTTYPE ="INPUT/OUTPUT" PRECISION ="100" SCALE ="0"/>
            <TRANSFORMFIELD DATATYPE ="decimal" DEFAULTVALUE ="" DESCRIPTION ="" NAME ="QUANTITY_INVOICED" PICTURETEXT ="" PORTTYPE ="INPUT/OUTPUT" PRECISION ="15" SCALE ="0"/>
            <TRANSFORMFIELD DATATYPE ="decimal" DEFAULTVALUE ="" DESCRIPTION ="" NAME ="TRANSACTION_ID" PICTURETEXT ="" PORTTYPE ="INPUT/OUTPUT" PRECISION ="15" SCALE ="0"/>
            <TRANSFORMFIELD DATATYPE ="string" DEFAULTVALUE ="" DESCRIPTION ="" NAME ="GL_SL_LINK_TABLE" PICTURETEXT ="" PORTTYPE ="INPUT/OUTPUT" PRECISION ="30" SCALE ="0"/>
            <TRANSFORMFIELD DATATYPE ="decimal" DEFAULTVALUE ="" DESCRIPTION ="" NAME ="UNROUNDED_ACCOUNTED_DR" PICTURETEXT ="" PORTTYPE ="INPUT/OUTPUT" PRECISION ="26" SCALE ="7"/>
            <TRANSFORMFIELD DATATYPE ="decimal" DEFAULTVALUE ="" DESCRIPTION ="" NAME ="UNROUNDED_ACCOUNTED_CR" PICTURETEXT ="" PORTTYPE ="INPUT/OUTPUT" PRECISION ="26" SCALE ="7"/>
            <TRANSFORMFIELD DATATYPE ="decimal" DEFAULTVALUE ="" DESCRIPTION ="" NAME ="UNROUNDED_ENTERED_DR" PICTURETEXT ="" PORTTYPE ="INPUT/OUTPUT" PRECISION ="26" SCALE ="7"/>
            <TRANSFORMFIELD DATATYPE ="decimal" DEFAULTVALUE ="" DESCRIPTION ="" NAME ="UNROUNDED_ENTERED_CR" PICTURETEXT ="" PORTTYPE ="INPUT/OUTPUT" PRECISION ="26" SCALE ="7"/>
            <TRANSFORMFIELD DATATYPE ="date/time" DEFAULTVALUE ="" DESCRIPTION ="" NAME ="ACCOUNTING_DATE" PICTURETEXT ="" PORTTYPE ="INPUT/OUTPUT" PRECISION ="29" SCALE ="9"/>
            <TRANSFORMFIELD DATATYPE ="decimal" DEFAULTVALUE ="" DESCRIPTION ="" NAME ="LEDGER_ID" PICTURETEXT ="" PORTTYPE ="INPUT/OUTPUT" PRECISION ="15" SCALE ="0"/>
            <TRANSFORMFIELD DATATYPE ="string" DEFAULTVALUE ="" DESCRIPTION ="" NAME ="SOURCE_TABLE" PICTURETEXT ="" PORTTYPE ="INPUT/OUTPUT" PRECISION ="30" SCALE ="0"/>
            <TRANSFORMFIELD DATATYPE ="decimal" DEFAULTVALUE ="" DESCRIPTION ="" NAME ="SOURCE_ID" PICTURETEXT ="" PORTTYPE ="INPUT/OUTPUT" PRECISION ="15" SCALE ="0"/>
            <TRANSFORMFIELD DATATYPE ="date/time" DEFAULTVALUE ="" DESCRIPTION ="" NAME ="CREATION_DATE" PICTURETEXT ="" PORTTYPE ="INPUT/OUTPUT" PRECISION ="29" SCALE ="9"/>
            <TRANSFORMFIELD DATATYPE ="date/time" DEFAULTVALUE ="" DESCRIPTION ="" NAME ="LAST_UPDATE_DATE" PICTURETEXT ="" PORTTYPE ="INPUT/OUTPUT" PRECISION ="29" SCALE ="9"/>
            <TRANSFORMFIELD DATATYPE ="string" DEFAULTVALUE ="" DESCRIPTION ="" NAME ="GLOBAL_NAME" PICTURETEXT ="" PORTTYPE ="INPUT/OUTPUT" PRECISION ="8" SCALE ="0"/>
            <TRANSFORMFIELD DATATYPE ="date/time" DEFAULTVALUE ="" DESCRIPTION ="" NAME ="EDW_CREATE_DATETIME" PICTURETEXT ="" PORTTYPE ="INPUT/OUTPUT" PRECISION ="29" SCALE ="9"/>
            <TRANSFORMFIELD DATATYPE ="string" DEFAULTVALUE ="" DESCRIPTION ="" NAME ="EDW_CREATE_USER" PICTURETEXT ="" PORTTYPE ="INPUT/OUTPUT" PRECISION ="30" SCALE ="0"/>
            <TRANSFORMFIELD DATATYPE ="date/time" DEFAULTVALUE ="" DESCRIPTION ="" NAME ="EDW_UPDATE_DATETIME" PICTURETEXT ="" PORTTYPE ="INPUT/OUTPUT" PRECISION ="29" SCALE ="9"/>
            <TRANSFORMFIELD DATATYPE ="string" DEFAULTVALUE ="" DESCRIPTION ="" NAME ="EDW_UPDATE_USER" PICTURETEXT ="" PORTTYPE ="INPUT/OUTPUT" PRECISION ="30" SCALE ="0"/>
            <TABLEATTRIBUTE NAME ="Sql Query" VALUE ="SELECT &#xD;&#xA;EXALA.AE_HEADER_ID                  ,&#xD;&#xA;EXALA.AE_LINE_NUM                   ,&#xD;&#xA;EXALA.APPLICATION_ID                ,&#xD;&#xA;EXALA.CCID           ,&#xD;&#xA;EXALA.GL_SL_LINK_ID                 ,&#xD;&#xA;EXALA.ACCOUNT_CLASS        ,&#x9;&#x9;&#x9;&#x9;&#x9;&#x9;&#x9;/*MODIFIED AS PART OF Q1FY18 ROL REL BY PJAMPANA*/&#xD;&#xA;EXALA.PARTY_ID                      ,&#xD;&#xA;EXALA.PARTY_SITE_ID                 ,&#xD;&#xA;EXALA.PARTY_TYPE_CODE              ,&#xD;&#xA;EXALA.ENTERED_DR                    ,&#xD;&#xA;EXALA.ENTERED_CR                    ,&#xD;&#xA;EXALA.ACCOUNTED_DR                  ,&#xD;&#xA;EXALA.ACCOUNTED_CR                  ,&#xD;&#xA;EXALA.CURRENCY_CODE                 ,&#xD;&#xA;EXALA.ATTRIBUTE_CATEGORY            ,&#xD;&#xA;EXALA.ORDER_NUMBER                    ,                 /*MODIFIED AS PART OF Q1FY18 ROL REL BY PJAMPANA*/&#xD;&#xA;EXALA.ORDER_LINE_ID                    ,&#x9;&#x9;&#x9;&#x9;/*MODIFIED AS PART OF Q1FY18 ROL REL BY PJAMPANA*/&#xD;&#xA;EXALA.TRX_NUMBER                    ,&#x9;&#x9;&#x9;&#x9;&#x9;/*MODIFIED AS PART OF Q1FY18 ROL REL BY PJAMPANA*/&#xD;&#xA;EXALA.TRX_LINE_ID                    ,&#x9;&#x9;&#x9;&#x9;&#x9;/*MODIFIED AS PART OF Q1FY18 ROL REL BY PJAMPANA*/&#xD;&#xA;&apos;3500-01-01 00:00:00&apos; AS TRX_DATE                    ,&#x9;&#x9;&#x9;&#x9;&#x9;/*MODIFIED AS PART OF Q1FY18 ROL REL BY PJAMPANA*/&#xD;&#xA;EXALA.TRANSACTION_DIST_ID                    ,&#x9;&#x9;&#x9;/*MODIFIED AS PART OF Q1FY18 ROL REL BY PJAMPANA*/&#xD;&#xA;EXALA.DIST_TYPE                    ,&#x9;&#x9;&#x9;&#x9;&#x9;/*MODIFIED AS PART OF Q1FY18 ROL REL BY PJAMPANA*/&#xD;&#xA;EXALA.QUANTITY_INVOICED                    ,&#x9;&#x9;&#x9;/*MODIFIED AS PART OF Q1FY18 ROL REL BY PJAMPANA*/&#xD;&#xA;EXALA.TRANSACTION_ID  ,&#x9;&#x9;&#x9;&#x9;&#x9;&#x9;&#x9;&#x9;&#x9;/*MODIFIED AS PART OF Q1FY18 ROL REL BY PJAMPANA*/&#xD;&#xA;EXALA.GL_SL_LINK_TABLE              ,&#x9;&#x9;&#x9;&#x9;&#x9;&#xD;&#xA;EXALA.UNROUNDED_ACCOUNTED_DR        ,&#xD;&#xA;EXALA.UNROUNDED_ACCOUNTED_CR        ,&#xD;&#xA;EXALA.UNROUNDED_ENTERED_DR          ,&#xD;&#xA;EXALA.UNROUNDED_ENTERED_CR          ,&#xD;&#xA;EXALA.ACCOUNTING_DATE               ,&#xD;&#xA;EXALA.LEDGER_ID                     ,&#xD;&#xA;EXALA.SOURCE_TABLE                  ,&#xD;&#xA;EXALA.SOURCE_ID                     ,&#xD;&#xA;EXALA.CREATION_DATE                 ,&#xD;&#xA;EXALA.LAST_UPDATE_DATE              ,&#xD;&#xA;EXALA.GLOBAL_NAME                   ,&#xD;&#xA;EXALA.EDW_CREATE_DATETIME           ,&#xD;&#xA;EXALA.EDW_CREATE_USER               ,&#xD;&#xA;EXALA.EDW_UPDATE_DATETIME           ,&#xD;&#xA;EXALA.EDW_UPDATE_USER               &#xD;&#xA;FROM (SELECT * FROM $$ETLVWDB.EL_XXCFIR_REVENUE_DIST_ALL WHERE APPLICATION_ID=20167) EXALA&#xD;&#xA;INNER JOIN $$ETLVWDB.EL_FND_APPLICATION_AR EFAA &#xD;&#xA;ON EFAA.APPLICATION_ID = EXALA.APPLICATION_ID&#xD;&#xA;INNER JOIN $$ETLVWDB.EL_XLA_AE_HEADERS_AR EXAHA&#xD;&#xA;ON EXAHA.AE_HEADER_ID = EXALA.AE_HEADER_ID&#xD;&#xA;AND EXAHA.APPLICATION_ID = EXALA.APPLICATION_ID&#xD;&#xA;AND EXAHA.GLOBAL_NAME = EXALA.GLOBAL_NAME&#xD;&#xA;WHERE &#xD;&#xA;UPPER(EFAA.APPLICATION_NAME) =  &apos;CISCO TWO TIER&apos; &#xD;&#xA;/*AND EXALA.EDW_UPDATE_DATETIME &gt;=  &apos;LastExtractDate&apos;*/&#xD;&#xA;AND EXAHA.EDW_UPDATE_DATETIME &gt;=  &apos;$$LastExtractDate&apos;&#xD;&#xA;AND EXISTS (SELECT 1 FROM $$ETLVWDB.EL_AR_LEDGER EAL WHERE EXALA.LEDGER_ID = EAL.LEDGER_ID)&#xD;&#xA;AND  (CASE WHEN UPPER (TRIM (EXALA.TRANSACTION_DIST_ID))(CASESPECIFIC ) = LOWER (TRIM (EXALA.TRANSACTION_DIST_ID) )(CASESPECIFIC) THEN &apos;NUMERIC&apos; ELSE &apos;NON_NUMERIC&apos; END) = &apos;NUMERIC&apos;&#xD;&#xA;AND CAST(EXALA.TRANSACTION_DIST_ID   AS INTEGER) &gt; 0&#xD;&#xA;AND EXAHA.GL_TRANSFER_DATE IS NOT NULL&#xD;&#xA;AND COALESCE(EXAHA.GL_TRANSFER_STATUS_CODE, &apos;N&apos;) = &apos;Y&apos;"/>
            <TABLEATTRIBUTE NAME ="User Defined Join" VALUE =""/>
            <TABLEATTRIBUTE NAME ="Source Filter" VALUE =""/>
            <TABLEATTRIBUTE NAME ="Number Of Sorted Ports" VALUE ="0"/>
            <TABLEATTRIBUTE NAME ="Tracing Level" VALUE ="Normal"/>
            <TABLEATTRIBUTE NAME ="Select Distinct" VALUE ="NO"/>
            <TABLEATTRIBUTE NAME ="Is Partitionable" VALUE ="NO"/>
            <TABLEATTRIBUTE NAME ="Pre SQL" VALUE =""/>
            <TABLEATTRIBUTE NAME ="Post SQL" VALUE =""/>
            <TABLEATTRIBUTE NAME ="Output is deterministic" VALUE ="NO"/>
            <TABLEATTRIBUTE NAME ="Output is repeatable" VALUE ="Never"/>
        </TRANSFORMATION>
        <INSTANCE DESCRIPTION ="" NAME ="WI_XLA_AE_LINE_2TIER_INCR1" TRANSFORMATION_NAME ="WI_XLA_AE_LINE_2TIER_INCR" TRANSFORMATION_TYPE ="Target Definition" TYPE ="TARGET"/>
        <INSTANCE DESCRIPTION ="" NAME ="SQ_WI_XLA_AE_LINE_2TIER_INCR" REUSABLE ="NO" TRANSFORMATION_NAME ="SQ_WI_XLA_AE_LINE_2TIER_INCR" TRANSFORMATION_TYPE ="Source Qualifier" TYPE ="TRANSFORMATION">
            <ASSOCIATED_SOURCE_INSTANCE NAME ="WI_XLA_AE_LINE_2TIER_INCR"/>
        </INSTANCE>
        <INSTANCE DBDNAME ="TDDEV" DESCRIPTION ="" NAME ="WI_XLA_AE_LINE_2TIER_INCR" TRANSFORMATION_NAME ="WI_XLA_AE_LINE_2TIER_INCR" TRANSFORMATION_TYPE ="Source Definition" TYPE ="SOURCE"/>
        <CONNECTOR FROMFIELD ="ACCOUNT_CODE" FROMINSTANCE ="SQ_WI_XLA_AE_LINE_2TIER_INCR" FROMINSTANCETYPE ="Source Qualifier" TOFIELD ="ACCOUNT_CLASS" TOINSTANCE ="WI_XLA_AE_LINE_2TIER_INCR1" TOINSTANCETYPE ="Target Definition"/>
        <CONNECTOR FROMFIELD ="ACCOUNTED_CR" FROMINSTANCE ="SQ_WI_XLA_AE_LINE_2TIER_INCR" FROMINSTANCETYPE ="Source Qualifier" TOFIELD ="ACCOUNTED_CR" TOINSTANCE ="WI_XLA_AE_LINE_2TIER_INCR1" TOINSTANCETYPE ="Target Definition"/>
        <CONNECTOR FROMFIELD ="CURRENCY_CODE" FROMINSTANCE ="SQ_WI_XLA_AE_LINE_2TIER_INCR" FROMINSTANCETYPE ="Source Qualifier" TOFIELD ="CURRENCY_CODE" TOINSTANCE ="WI_XLA_AE_LINE_2TIER_INCR1" TOINSTANCETYPE ="Target Definition"/>
        <CONNECTOR FROMFIELD ="ATTRIBUTE_CATEGORY" FROMINSTANCE ="SQ_WI_XLA_AE_LINE_2TIER_INCR" FROMINSTANCETYPE ="Source Qualifier" TOFIELD ="ATTRIBUTE_CATEGORY" TOINSTANCE ="WI_XLA_AE_LINE_2TIER_INCR1" TOINSTANCETYPE ="Target Definition"/>
        <CONNECTOR FROMFIELD ="GL_SL_LINK_TABLE" FROMINSTANCE ="SQ_WI_XLA_AE_LINE_2TIER_INCR" FROMINSTANCETYPE ="Source Qualifier" TOFIELD ="GL_SL_LINK_TABLE" TOINSTANCE ="WI_XLA_AE_LINE_2TIER_INCR1" TOINSTANCETYPE ="Target Definition"/>
        <CONNECTOR FROMFIELD ="UNROUNDED_ACCOUNTED_DR" FROMINSTANCE ="SQ_WI_XLA_AE_LINE_2TIER_INCR" FROMINSTANCETYPE ="Source Qualifier" TOFIELD ="UNROUNDED_ACCOUNTED_DR" TOINSTANCE ="WI_XLA_AE_LINE_2TIER_INCR1" TOINSTANCETYPE ="Target Definition"/>
        <CONNECTOR FROMFIELD ="UNROUNDED_ACCOUNTED_CR" FROMINSTANCE ="SQ_WI_XLA_AE_LINE_2TIER_INCR" FROMINSTANCETYPE ="Source Qualifier" TOFIELD ="UNROUNDED_ACCOUNTED_CR" TOINSTANCE ="WI_XLA_AE_LINE_2TIER_INCR1" TOINSTANCETYPE ="Target Definition"/>
        <CONNECTOR FROMFIELD ="UNROUNDED_ENTERED_DR" FROMINSTANCE ="SQ_WI_XLA_AE_LINE_2TIER_INCR" FROMINSTANCETYPE ="Source Qualifier" TOFIELD ="UNROUNDED_ENTERED_DR" TOINSTANCE ="WI_XLA_AE_LINE_2TIER_INCR1" TOINSTANCETYPE ="Target Definition"/>
        <CONNECTOR FROMFIELD ="UNROUNDED_ENTERED_CR" FROMINSTANCE ="SQ_WI_XLA_AE_LINE_2TIER_INCR" FROMINSTANCETYPE ="Source Qualifier" TOFIELD ="UNROUNDED_ENTERED_CR" TOINSTANCE ="WI_XLA_AE_LINE_2TIER_INCR1" TOINSTANCETYPE ="Target Definition"/>
        <CONNECTOR FROMFIELD ="ACCOUNTING_DATE" FROMINSTANCE ="SQ_WI_XLA_AE_LINE_2TIER_INCR" FROMINSTANCETYPE ="Source Qualifier" TOFIELD ="ACCOUNTING_DATE" TOINSTANCE ="WI_XLA_AE_LINE_2TIER_INCR1" TOINSTANCETYPE ="Target Definition"/>
        <CONNECTOR FROMFIELD ="LEDGER_ID" FROMINSTANCE ="SQ_WI_XLA_AE_LINE_2TIER_INCR" FROMINSTANCETYPE ="Source Qualifier" TOFIELD ="LEDGER_ID" TOINSTANCE ="WI_XLA_AE_LINE_2TIER_INCR1" TOINSTANCETYPE ="Target Definition"/>
        <CONNECTOR FROMFIELD ="SOURCE_TABLE" FROMINSTANCE ="SQ_WI_XLA_AE_LINE_2TIER_INCR" FROMINSTANCETYPE ="Source Qualifier" TOFIELD ="SOURCE_TABLE" TOINSTANCE ="WI_XLA_AE_LINE_2TIER_INCR1" TOINSTANCETYPE ="Target Definition"/>
        <CONNECTOR FROMFIELD ="SOURCE_ID" FROMINSTANCE ="SQ_WI_XLA_AE_LINE_2TIER_INCR" FROMINSTANCETYPE ="Source Qualifier" TOFIELD ="SOURCE_ID" TOINSTANCE ="WI_XLA_AE_LINE_2TIER_INCR1" TOINSTANCETYPE ="Target Definition"/>
        <CONNECTOR FROMFIELD ="CREATION_DATE" FROMINSTANCE ="SQ_WI_XLA_AE_LINE_2TIER_INCR" FROMINSTANCETYPE ="Source Qualifier" TOFIELD ="CREATION_DATE" TOINSTANCE ="WI_XLA_AE_LINE_2TIER_INCR1" TOINSTANCETYPE ="Target Definition"/>
        <CONNECTOR FROMFIELD ="LAST_UPDATE_DATE" FROMINSTANCE ="SQ_WI_XLA_AE_LINE_2TIER_INCR" FROMINSTANCETYPE ="Source Qualifier" TOFIELD ="LAST_UPDATE_DATE" TOINSTANCE ="WI_XLA_AE_LINE_2TIER_INCR1" TOINSTANCETYPE ="Target Definition"/>
        <CONNECTOR FROMFIELD ="GLOBAL_NAME" FROMINSTANCE ="SQ_WI_XLA_AE_LINE_2TIER_INCR" FROMINSTANCETYPE ="Source Qualifier" TOFIELD ="GLOBAL_NAME" TOINSTANCE ="WI_XLA_AE_LINE_2TIER_INCR1" TOINSTANCETYPE ="Target Definition"/>
        <CONNECTOR FROMFIELD ="EDW_CREATE_DATETIME" FROMINSTANCE ="SQ_WI_XLA_AE_LINE_2TIER_INCR" FROMINSTANCETYPE ="Source Qualifier" TOFIELD ="EDW_CREATE_DATETIME" TOINSTANCE ="WI_XLA_AE_LINE_2TIER_INCR1" TOINSTANCETYPE ="Target Definition"/>
        <CONNECTOR FROMFIELD ="EDW_CREATE_USER" FROMINSTANCE ="SQ_WI_XLA_AE_LINE_2TIER_INCR" FROMINSTANCETYPE ="Source Qualifier" TOFIELD ="EDW_CREATE_USER" TOINSTANCE ="WI_XLA_AE_LINE_2TIER_INCR1" TOINSTANCETYPE ="Target Definition"/>
        <CONNECTOR FROMFIELD ="AE_HEADER_ID" FROMINSTANCE ="SQ_WI_XLA_AE_LINE_2TIER_INCR" FROMINSTANCETYPE ="Source Qualifier" TOFIELD ="AE_HEADER_ID" TOINSTANCE ="WI_XLA_AE_LINE_2TIER_INCR1" TOINSTANCETYPE ="Target Definition"/>
        <CONNECTOR FROMFIELD ="AE_LINE_NUM" FROMINSTANCE ="SQ_WI_XLA_AE_LINE_2TIER_INCR" FROMINSTANCETYPE ="Source Qualifier" TOFIELD ="AE_LINE_NUM" TOINSTANCE ="WI_XLA_AE_LINE_2TIER_INCR1" TOINSTANCETYPE ="Target Definition"/>
        <CONNECTOR FROMFIELD ="APPLICATION_ID" FROMINSTANCE ="SQ_WI_XLA_AE_LINE_2TIER_INCR" FROMINSTANCETYPE ="Source Qualifier" TOFIELD ="APPLICATION_ID" TOINSTANCE ="WI_XLA_AE_LINE_2TIER_INCR1" TOINSTANCETYPE ="Target Definition"/>
        <CONNECTOR FROMFIELD ="CODE_COMBINATION_ID" FROMINSTANCE ="SQ_WI_XLA_AE_LINE_2TIER_INCR" FROMINSTANCETYPE ="Source Qualifier" TOFIELD ="CODE_COMBINATION_ID" TOINSTANCE ="WI_XLA_AE_LINE_2TIER_INCR1" TOINSTANCETYPE ="Target Definition"/>
        <CONNECTOR FROMFIELD ="GL_SL_LINK_ID" FROMINSTANCE ="SQ_WI_XLA_AE_LINE_2TIER_INCR" FROMINSTANCETYPE ="Source Qualifier" TOFIELD ="GL_SL_LINK_ID" TOINSTANCE ="WI_XLA_AE_LINE_2TIER_INCR1" TOINSTANCETYPE ="Target Definition"/>
        <CONNECTOR FROMFIELD ="PARTY_ID" FROMINSTANCE ="SQ_WI_XLA_AE_LINE_2TIER_INCR" FROMINSTANCETYPE ="Source Qualifier" TOFIELD ="PARTY_ID" TOINSTANCE ="WI_XLA_AE_LINE_2TIER_INCR1" TOINSTANCETYPE ="Target Definition"/>
        <CONNECTOR FROMFIELD ="PARTY_SITE_ID" FROMINSTANCE ="SQ_WI_XLA_AE_LINE_2TIER_INCR" FROMINSTANCETYPE ="Source Qualifier" TOFIELD ="PARTY_SITE_ID" TOINSTANCE ="WI_XLA_AE_LINE_2TIER_INCR1" TOINSTANCETYPE ="Target Definition"/>
        <CONNECTOR FROMFIELD ="PARTY_TYPE_CODE" FROMINSTANCE ="SQ_WI_XLA_AE_LINE_2TIER_INCR" FROMINSTANCETYPE ="Source Qualifier" TOFIELD ="PARTY_TYPE_CODE" TOINSTANCE ="WI_XLA_AE_LINE_2TIER_INCR1" TOINSTANCETYPE ="Target Definition"/>
        <CONNECTOR FROMFIELD ="ENTERED_DR" FROMINSTANCE ="SQ_WI_XLA_AE_LINE_2TIER_INCR" FROMINSTANCETYPE ="Source Qualifier" TOFIELD ="ENTERED_DR" TOINSTANCE ="WI_XLA_AE_LINE_2TIER_INCR1" TOINSTANCETYPE ="Target Definition"/>
        <CONNECTOR FROMFIELD ="ENTERED_CR" FROMINSTANCE ="SQ_WI_XLA_AE_LINE_2TIER_INCR" FROMINSTANCETYPE ="Source Qualifier" TOFIELD ="ENTERED_CR" TOINSTANCE ="WI_XLA_AE_LINE_2TIER_INCR1" TOINSTANCETYPE ="Target Definition"/>
        <CONNECTOR FROMFIELD ="ACCOUNTED_DR" FROMINSTANCE ="SQ_WI_XLA_AE_LINE_2TIER_INCR" FROMINSTANCETYPE ="Source Qualifier" TOFIELD ="ACCOUNTED_DR" TOINSTANCE ="WI_XLA_AE_LINE_2TIER_INCR1" TOINSTANCETYPE ="Target Definition"/>
        <CONNECTOR FROMFIELD ="EDW_UPDATE_DATETIME" FROMINSTANCE ="SQ_WI_XLA_AE_LINE_2TIER_INCR" FROMINSTANCETYPE ="Source Qualifier" TOFIELD ="EDW_UPDATE_DATETIME" TOINSTANCE ="WI_XLA_AE_LINE_2TIER_INCR1" TOINSTANCETYPE ="Target Definition"/>
        <CONNECTOR FROMFIELD ="EDW_UPDATE_USER" FROMINSTANCE ="SQ_WI_XLA_AE_LINE_2TIER_INCR" FROMINSTANCETYPE ="Source Qualifier" TOFIELD ="EDW_UPDATE_USER" TOINSTANCE ="WI_XLA_AE_LINE_2TIER_INCR1" TOINSTANCETYPE ="Target Definition"/>
        <CONNECTOR FROMFIELD ="ORDER_NUMBER" FROMINSTANCE ="SQ_WI_XLA_AE_LINE_2TIER_INCR" FROMINSTANCETYPE ="Source Qualifier" TOFIELD ="ORDER_NUMBER" TOINSTANCE ="WI_XLA_AE_LINE_2TIER_INCR1" TOINSTANCETYPE ="Target Definition"/>
        <CONNECTOR FROMFIELD ="ORDER_LINE_ID" FROMINSTANCE ="SQ_WI_XLA_AE_LINE_2TIER_INCR" FROMINSTANCETYPE ="Source Qualifier" TOFIELD ="ORDER_LINE_ID" TOINSTANCE ="WI_XLA_AE_LINE_2TIER_INCR1" TOINSTANCETYPE ="Target Definition"/>
        <CONNECTOR FROMFIELD ="TRX_NUMBER" FROMINSTANCE ="SQ_WI_XLA_AE_LINE_2TIER_INCR" FROMINSTANCETYPE ="Source Qualifier" TOFIELD ="TRX_NUMBER" TOINSTANCE ="WI_XLA_AE_LINE_2TIER_INCR1" TOINSTANCETYPE ="Target Definition"/>
        <CONNECTOR FROMFIELD ="TRX_LINE_ID" FROMINSTANCE ="SQ_WI_XLA_AE_LINE_2TIER_INCR" FROMINSTANCETYPE ="Source Qualifier" TOFIELD ="TRX_LINE_ID" TOINSTANCE ="WI_XLA_AE_LINE_2TIER_INCR1" TOINSTANCETYPE ="Target Definition"/>
        <CONNECTOR FROMFIELD ="TRX_DATE" FROMINSTANCE ="SQ_WI_XLA_AE_LINE_2TIER_INCR" FROMINSTANCETYPE ="Source Qualifier" TOFIELD ="TRX_DATE" TOINSTANCE ="WI_XLA_AE_LINE_2TIER_INCR1" TOINSTANCETYPE ="Target Definition"/>
        <CONNECTOR FROMFIELD ="TRANSACTION_DIST_ID" FROMINSTANCE ="SQ_WI_XLA_AE_LINE_2TIER_INCR" FROMINSTANCETYPE ="Source Qualifier" TOFIELD ="TRANSACTION_DIST_ID" TOINSTANCE ="WI_XLA_AE_LINE_2TIER_INCR1" TOINSTANCETYPE ="Target Definition"/>
        <CONNECTOR FROMFIELD ="DIST_TYPE" FROMINSTANCE ="SQ_WI_XLA_AE_LINE_2TIER_INCR" FROMINSTANCETYPE ="Source Qualifier" TOFIELD ="DIST_TYPE" TOINSTANCE ="WI_XLA_AE_LINE_2TIER_INCR1" TOINSTANCETYPE ="Target Definition"/>
        <CONNECTOR FROMFIELD ="QUANTITY_INVOICED" FROMINSTANCE ="SQ_WI_XLA_AE_LINE_2TIER_INCR" FROMINSTANCETYPE ="Source Qualifier" TOFIELD ="QUANTITY_INVOICED" TOINSTANCE ="WI_XLA_AE_LINE_2TIER_INCR1" TOINSTANCETYPE ="Target Definition"/>
        <CONNECTOR FROMFIELD ="TRANSACTION_ID" FROMINSTANCE ="SQ_WI_XLA_AE_LINE_2TIER_INCR" FROMINSTANCETYPE ="Source Qualifier" TOFIELD ="TRANSACTION_ID" TOINSTANCE ="WI_XLA_AE_LINE_2TIER_INCR1" TOINSTANCETYPE ="Target Definition"/>
        <CONNECTOR FROMFIELD ="CODE_COMBINATION_ID" FROMINSTANCE ="WI_XLA_AE_LINE_2TIER_INCR" FROMINSTANCETYPE ="Source Definition" TOFIELD ="CODE_COMBINATION_ID" TOINSTANCE ="SQ_WI_XLA_AE_LINE_2TIER_INCR" TOINSTANCETYPE ="Source Qualifier"/>
        <CONNECTOR FROMFIELD ="ACCOUNTED_DR" FROMINSTANCE ="WI_XLA_AE_LINE_2TIER_INCR" FROMINSTANCETYPE ="Source Definition" TOFIELD ="ACCOUNTED_DR" TOINSTANCE ="SQ_WI_XLA_AE_LINE_2TIER_INCR" TOINSTANCETYPE ="Source Qualifier"/>
        <CONNECTOR FROMFIELD ="ACCOUNTED_CR" FROMINSTANCE ="WI_XLA_AE_LINE_2TIER_INCR" FROMINSTANCETYPE ="Source Definition" TOFIELD ="ACCOUNTED_CR" TOINSTANCE ="SQ_WI_XLA_AE_LINE_2TIER_INCR" TOINSTANCETYPE ="Source Qualifier"/>
        <CONNECTOR FROMFIELD ="CURRENCY_CODE" FROMINSTANCE ="WI_XLA_AE_LINE_2TIER_INCR" FROMINSTANCETYPE ="Source Definition" TOFIELD ="CURRENCY_CODE" TOINSTANCE ="SQ_WI_XLA_AE_LINE_2TIER_INCR" TOINSTANCETYPE ="Source Qualifier"/>
        <CONNECTOR FROMFIELD ="GL_SL_LINK_TABLE" FROMINSTANCE ="WI_XLA_AE_LINE_2TIER_INCR" FROMINSTANCETYPE ="Source Definition" TOFIELD ="GL_SL_LINK_TABLE" TOINSTANCE ="SQ_WI_XLA_AE_LINE_2TIER_INCR" TOINSTANCETYPE ="Source Qualifier"/>
        <CONNECTOR FROMFIELD ="SOURCE_TABLE" FROMINSTANCE ="WI_XLA_AE_LINE_2TIER_INCR" FROMINSTANCETYPE ="Source Definition" TOFIELD ="SOURCE_TABLE" TOINSTANCE ="SQ_WI_XLA_AE_LINE_2TIER_INCR" TOINSTANCETYPE ="Source Qualifier"/>
        <CONNECTOR FROMFIELD ="SOURCE_ID" FROMINSTANCE ="WI_XLA_AE_LINE_2TIER_INCR" FROMINSTANCETYPE ="Source Definition" TOFIELD ="SOURCE_ID" TOINSTANCE ="SQ_WI_XLA_AE_LINE_2TIER_INCR" TOINSTANCETYPE ="Source Qualifier"/>
        <CONNECTOR FROMFIELD ="CREATION_DATE" FROMINSTANCE ="WI_XLA_AE_LINE_2TIER_INCR" FROMINSTANCETYPE ="Source Definition" TOFIELD ="CREATION_DATE" TOINSTANCE ="SQ_WI_XLA_AE_LINE_2TIER_INCR" TOINSTANCETYPE ="Source Qualifier"/>
        <CONNECTOR FROMFIELD ="LAST_UPDATE_DATE" FROMINSTANCE ="WI_XLA_AE_LINE_2TIER_INCR" FROMINSTANCETYPE ="Source Definition" TOFIELD ="LAST_UPDATE_DATE" TOINSTANCE ="SQ_WI_XLA_AE_LINE_2TIER_INCR" TOINSTANCETYPE ="Source Qualifier"/>
        <CONNECTOR FROMFIELD ="GLOBAL_NAME" FROMINSTANCE ="WI_XLA_AE_LINE_2TIER_INCR" FROMINSTANCETYPE ="Source Definition" TOFIELD ="GLOBAL_NAME" TOINSTANCE ="SQ_WI_XLA_AE_LINE_2TIER_INCR" TOINSTANCETYPE ="Source Qualifier"/>
        <CONNECTOR FROMFIELD ="EDW_CREATE_DATETIME" FROMINSTANCE ="WI_XLA_AE_LINE_2TIER_INCR" FROMINSTANCETYPE ="Source Definition" TOFIELD ="EDW_CREATE_DATETIME" TOINSTANCE ="SQ_WI_XLA_AE_LINE_2TIER_INCR" TOINSTANCETYPE ="Source Qualifier"/>
        <CONNECTOR FROMFIELD ="EDW_CREATE_USER" FROMINSTANCE ="WI_XLA_AE_LINE_2TIER_INCR" FROMINSTANCETYPE ="Source Definition" TOFIELD ="EDW_CREATE_USER" TOINSTANCE ="SQ_WI_XLA_AE_LINE_2TIER_INCR" TOINSTANCETYPE ="Source Qualifier"/>
        <CONNECTOR FROMFIELD ="EDW_UPDATE_DATETIME" FROMINSTANCE ="WI_XLA_AE_LINE_2TIER_INCR" FROMINSTANCETYPE ="Source Definition" TOFIELD ="EDW_UPDATE_DATETIME" TOINSTANCE ="SQ_WI_XLA_AE_LINE_2TIER_INCR" TOINSTANCETYPE ="Source Qualifier"/>
        <CONNECTOR FROMFIELD ="EDW_UPDATE_USER" FROMINSTANCE ="WI_XLA_AE_LINE_2TIER_INCR" FROMINSTANCETYPE ="Source Definition" TOFIELD ="EDW_UPDATE_USER" TOINSTANCE ="SQ_WI_XLA_AE_LINE_2TIER_INCR" TOINSTANCETYPE ="Source Qualifier"/>
        <CONNECTOR FROMFIELD ="UNROUNDED_ACCOUNTED_DR" FROMINSTANCE ="WI_XLA_AE_LINE_2TIER_INCR" FROMINSTANCETYPE ="Source Definition" TOFIELD ="UNROUNDED_ACCOUNTED_DR" TOINSTANCE ="SQ_WI_XLA_AE_LINE_2TIER_INCR" TOINSTANCETYPE ="Source Qualifier"/>
        <CONNECTOR FROMFIELD ="UNROUNDED_ACCOUNTED_CR" FROMINSTANCE ="WI_XLA_AE_LINE_2TIER_INCR" FROMINSTANCETYPE ="Source Definition" TOFIELD ="UNROUNDED_ACCOUNTED_CR" TOINSTANCE ="SQ_WI_XLA_AE_LINE_2TIER_INCR" TOINSTANCETYPE ="Source Qualifier"/>
        <CONNECTOR FROMFIELD ="UNROUNDED_ENTERED_DR" FROMINSTANCE ="WI_XLA_AE_LINE_2TIER_INCR" FROMINSTANCETYPE ="Source Definition" TOFIELD ="UNROUNDED_ENTERED_DR" TOINSTANCE ="SQ_WI_XLA_AE_LINE_2TIER_INCR" TOINSTANCETYPE ="Source Qualifier"/>
        <CONNECTOR FROMFIELD ="UNROUNDED_ENTERED_CR" FROMINSTANCE ="WI_XLA_AE_LINE_2TIER_INCR" FROMINSTANCETYPE ="Source Definition" TOFIELD ="UNROUNDED_ENTERED_CR" TOINSTANCE ="SQ_WI_XLA_AE_LINE_2TIER_INCR" TOINSTANCETYPE ="Source Qualifier"/>
        <CONNECTOR FROMFIELD ="ACCOUNTING_DATE" FROMINSTANCE ="WI_XLA_AE_LINE_2TIER_INCR" FROMINSTANCETYPE ="Source Definition" TOFIELD ="ACCOUNTING_DATE" TOINSTANCE ="SQ_WI_XLA_AE_LINE_2TIER_INCR" TOINSTANCETYPE ="Source Qualifier"/>
        <CONNECTOR FROMFIELD ="LEDGER_ID" FROMINSTANCE ="WI_XLA_AE_LINE_2TIER_INCR" FROMINSTANCETYPE ="Source Definition" TOFIELD ="LEDGER_ID" TOINSTANCE ="SQ_WI_XLA_AE_LINE_2TIER_INCR" TOINSTANCETYPE ="Source Qualifier"/>
        <CONNECTOR FROMFIELD ="GL_SL_LINK_ID" FROMINSTANCE ="WI_XLA_AE_LINE_2TIER_INCR" FROMINSTANCETYPE ="Source Definition" TOFIELD ="GL_SL_LINK_ID" TOINSTANCE ="SQ_WI_XLA_AE_LINE_2TIER_INCR" TOINSTANCETYPE ="Source Qualifier"/>
        <CONNECTOR FROMFIELD ="PARTY_ID" FROMINSTANCE ="WI_XLA_AE_LINE_2TIER_INCR" FROMINSTANCETYPE ="Source Definition" TOFIELD ="PARTY_ID" TOINSTANCE ="SQ_WI_XLA_AE_LINE_2TIER_INCR" TOINSTANCETYPE ="Source Qualifier"/>
        <CONNECTOR FROMFIELD ="PARTY_SITE_ID" FROMINSTANCE ="WI_XLA_AE_LINE_2TIER_INCR" FROMINSTANCETYPE ="Source Definition" TOFIELD ="PARTY_SITE_ID" TOINSTANCE ="SQ_WI_XLA_AE_LINE_2TIER_INCR" TOINSTANCETYPE ="Source Qualifier"/>
        <CONNECTOR FROMFIELD ="PARTY_TYPE_CODE" FROMINSTANCE ="WI_XLA_AE_LINE_2TIER_INCR" FROMINSTANCETYPE ="Source Definition" TOFIELD ="PARTY_TYPE_CODE" TOINSTANCE ="SQ_WI_XLA_AE_LINE_2TIER_INCR" TOINSTANCETYPE ="Source Qualifier"/>
        <CONNECTOR FROMFIELD ="ENTERED_DR" FROMINSTANCE ="WI_XLA_AE_LINE_2TIER_INCR" FROMINSTANCETYPE ="Source Definition" TOFIELD ="ENTERED_DR" TOINSTANCE ="SQ_WI_XLA_AE_LINE_2TIER_INCR" TOINSTANCETYPE ="Source Qualifier"/>
        <CONNECTOR FROMFIELD ="ENTERED_CR" FROMINSTANCE ="WI_XLA_AE_LINE_2TIER_INCR" FROMINSTANCETYPE ="Source Definition" TOFIELD ="ENTERED_CR" TOINSTANCE ="SQ_WI_XLA_AE_LINE_2TIER_INCR" TOINSTANCETYPE ="Source Qualifier"/>
        <CONNECTOR FROMFIELD ="AE_HEADER_ID" FROMINSTANCE ="WI_XLA_AE_LINE_2TIER_INCR" FROMINSTANCETYPE ="Source Definition" TOFIELD ="AE_HEADER_ID" TOINSTANCE ="SQ_WI_XLA_AE_LINE_2TIER_INCR" TOINSTANCETYPE ="Source Qualifier"/>
        <CONNECTOR FROMFIELD ="AE_LINE_NUM" FROMINSTANCE ="WI_XLA_AE_LINE_2TIER_INCR" FROMINSTANCETYPE ="Source Definition" TOFIELD ="AE_LINE_NUM" TOINSTANCE ="SQ_WI_XLA_AE_LINE_2TIER_INCR" TOINSTANCETYPE ="Source Qualifier"/>
        <CONNECTOR FROMFIELD ="APPLICATION_ID" FROMINSTANCE ="WI_XLA_AE_LINE_2TIER_INCR" FROMINSTANCETYPE ="Source Definition" TOFIELD ="APPLICATION_ID" TOINSTANCE ="SQ_WI_XLA_AE_LINE_2TIER_INCR" TOINSTANCETYPE ="Source Qualifier"/>
        <CONNECTOR FROMFIELD ="ATTRIBUTE_CATEGORY" FROMINSTANCE ="WI_XLA_AE_LINE_2TIER_INCR" FROMINSTANCETYPE ="Source Definition" TOFIELD ="ATTRIBUTE_CATEGORY" TOINSTANCE ="SQ_WI_XLA_AE_LINE_2TIER_INCR" TOINSTANCETYPE ="Source Qualifier"/>
        <CONNECTOR FROMFIELD ="ACCOUNT_CLASS" FROMINSTANCE ="WI_XLA_AE_LINE_2TIER_INCR" FROMINSTANCETYPE ="Source Definition" TOFIELD ="ACCOUNT_CODE" TOINSTANCE ="SQ_WI_XLA_AE_LINE_2TIER_INCR" TOINSTANCETYPE ="Source Qualifier"/>
        <CONNECTOR FROMFIELD ="ORDER_NUMBER" FROMINSTANCE ="WI_XLA_AE_LINE_2TIER_INCR" FROMINSTANCETYPE ="Source Definition" TOFIELD ="ORDER_NUMBER" TOINSTANCE ="SQ_WI_XLA_AE_LINE_2TIER_INCR" TOINSTANCETYPE ="Source Qualifier"/>
        <CONNECTOR FROMFIELD ="ORDER_LINE_ID" FROMINSTANCE ="WI_XLA_AE_LINE_2TIER_INCR" FROMINSTANCETYPE ="Source Definition" TOFIELD ="ORDER_LINE_ID" TOINSTANCE ="SQ_WI_XLA_AE_LINE_2TIER_INCR" TOINSTANCETYPE ="Source Qualifier"/>
        <CONNECTOR FROMFIELD ="TRX_NUMBER" FROMINSTANCE ="WI_XLA_AE_LINE_2TIER_INCR" FROMINSTANCETYPE ="Source Definition" TOFIELD ="TRX_NUMBER" TOINSTANCE ="SQ_WI_XLA_AE_LINE_2TIER_INCR" TOINSTANCETYPE ="Source Qualifier"/>
        <CONNECTOR FROMFIELD ="TRX_LINE_ID" FROMINSTANCE ="WI_XLA_AE_LINE_2TIER_INCR" FROMINSTANCETYPE ="Source Definition" TOFIELD ="TRX_LINE_ID" TOINSTANCE ="SQ_WI_XLA_AE_LINE_2TIER_INCR" TOINSTANCETYPE ="Source Qualifier"/>
        <CONNECTOR FROMFIELD ="TRX_DATE" FROMINSTANCE ="WI_XLA_AE_LINE_2TIER_INCR" FROMINSTANCETYPE ="Source Definition" TOFIELD ="TRX_DATE" TOINSTANCE ="SQ_WI_XLA_AE_LINE_2TIER_INCR" TOINSTANCETYPE ="Source Qualifier"/>
        <CONNECTOR FROMFIELD ="TRANSACTION_DIST_ID" FROMINSTANCE ="WI_XLA_AE_LINE_2TIER_INCR" FROMINSTANCETYPE ="Source Definition" TOFIELD ="TRANSACTION_DIST_ID" TOINSTANCE ="SQ_WI_XLA_AE_LINE_2TIER_INCR" TOINSTANCETYPE ="Source Qualifier"/>
        <CONNECTOR FROMFIELD ="DIST_TYPE" FROMINSTANCE ="WI_XLA_AE_LINE_2TIER_INCR" FROMINSTANCETYPE ="Source Definition" TOFIELD ="DIST_TYPE" TOINSTANCE ="SQ_WI_XLA_AE_LINE_2TIER_INCR" TOINSTANCETYPE ="Source Qualifier"/>
        <CONNECTOR FROMFIELD ="QUANTITY_INVOICED" FROMINSTANCE ="WI_XLA_AE_LINE_2TIER_INCR" FROMINSTANCETYPE ="Source Definition" TOFIELD ="QUANTITY_INVOICED" TOINSTANCE ="SQ_WI_XLA_AE_LINE_2TIER_INCR" TOINSTANCETYPE ="Source Qualifier"/>
        <CONNECTOR FROMFIELD ="TRANSACTION_ID" FROMINSTANCE ="WI_XLA_AE_LINE_2TIER_INCR" FROMINSTANCETYPE ="Source Definition" TOFIELD ="TRANSACTION_ID" TOINSTANCE ="SQ_WI_XLA_AE_LINE_2TIER_INCR" TOINSTANCETYPE ="Source Qualifier"/>
        <TARGETLOADORDER ORDER ="1" TARGETINSTANCE ="WI_XLA_AE_LINE_2TIER_INCR1"/>
        <MAPPINGVARIABLE DATATYPE ="string" DEFAULTVALUE ="" DESCRIPTION ="" ISEXPRESSIONVARIABLE ="NO" ISPARAM ="YES" NAME ="$$ETLVWDB" PRECISION ="30" SCALE ="0" USERDEFINED ="YES"/>
        <MAPPINGVARIABLE DATATYPE ="string" DEFAULTVALUE ="" DESCRIPTION ="" ISEXPRESSIONVARIABLE ="NO" ISPARAM ="YES" NAME ="$$STGDB" PRECISION ="30" SCALE ="0" USERDEFINED ="YES"/>
        <MAPPINGVARIABLE DATATYPE ="string" DEFAULTVALUE ="" DESCRIPTION ="" ISEXPRESSIONVARIABLE ="NO" ISPARAM ="YES" NAME ="$$LastExtractDate" PRECISION ="30" SCALE ="0" USERDEFINED ="YES"/>
        <ERPINFO/>
    </MAPPING>
    <CONFIG DESCRIPTION ="Default session configuration object" ISDEFAULT ="YES" NAME ="default_session_config" VERSIONNUMBER ="2">
        <ATTRIBUTE NAME ="Advanced" VALUE =""/>
        <ATTRIBUTE NAME ="Constraint based load ordering" VALUE ="NO"/>
        <ATTRIBUTE NAME ="Cache LOOKUP() function" VALUE ="YES"/>
        <ATTRIBUTE NAME ="Default buffer block size" VALUE ="Auto"/>
        <ATTRIBUTE NAME ="Line Sequential buffer length" VALUE ="1024"/>
        <ATTRIBUTE NAME ="Maximum Memory Allowed For Auto Memory Attributes" VALUE ="512MB"/>
        <ATTRIBUTE NAME ="Maximum Percentage of Total Memory Allowed For Auto Memory Attributes" VALUE ="5"/>
        <ATTRIBUTE NAME ="Additional Concurrent Pipelines for Lookup Cache Creation" VALUE ="Auto"/>
        <ATTRIBUTE NAME ="Custom Properties" VALUE =""/>
        <ATTRIBUTE NAME ="Pre-build lookup cache" VALUE ="Auto"/>
        <ATTRIBUTE NAME ="Optimization Level" VALUE ="Medium"/>
        <ATTRIBUTE NAME ="DateTime Format String" VALUE ="MM/DD/YYYY HH24:MI:SS"/>
        <ATTRIBUTE NAME ="Pre 85 Timestamp Compatibility" VALUE ="YES"/>
        <ATTRIBUTE NAME ="Log Options" VALUE ="0"/>
        <ATTRIBUTE NAME ="Save session log by" VALUE ="Session runs"/>
        <ATTRIBUTE NAME ="Save session log for these runs" VALUE ="5"/>
        <ATTRIBUTE NAME ="Session Log File Max Size" VALUE ="0"/>
        <ATTRIBUTE NAME ="Session Log File Max Time Period" VALUE ="0"/>
        <ATTRIBUTE NAME ="Maximum Partial Session Log Files" VALUE ="1"/>
        <ATTRIBUTE NAME ="Writer Commit Statistics Log Frequency" VALUE ="1"/>
        <ATTRIBUTE NAME ="Writer Commit Statistics Log Interval" VALUE ="0"/>
        <ATTRIBUTE NAME ="Error handling" VALUE =""/>
        <ATTRIBUTE NAME ="Stop on errors" VALUE ="1"/>
        <ATTRIBUTE NAME ="Override tracing" VALUE ="None"/>
        <ATTRIBUTE NAME ="On Stored Procedure error" VALUE ="Stop"/>
        <ATTRIBUTE NAME ="On Pre-session command task error" VALUE ="Stop"/>
        <ATTRIBUTE NAME ="On Pre-Post SQL error" VALUE ="Stop"/>
        <ATTRIBUTE NAME ="Enable Recovery" VALUE ="NO"/>
        <ATTRIBUTE NAME ="Error Log Type" VALUE ="None"/>
        <ATTRIBUTE NAME ="Error Log Table Name Prefix" VALUE =""/>
        <ATTRIBUTE NAME ="Error Log File Name" VALUE ="PMError.log"/>
        <ATTRIBUTE NAME ="Log Source Row Data" VALUE ="NO"/>
        <ATTRIBUTE NAME ="Data Column Delimiter" VALUE ="|"/>
        <ATTRIBUTE NAME ="Partitioning Options" VALUE =""/>
        <ATTRIBUTE NAME ="Dynamic Partitioning" VALUE ="Disabled"/>
        <ATTRIBUTE NAME ="Number of Partitions" VALUE ="1"/>
        <ATTRIBUTE NAME ="Multiplication Factor" VALUE ="Auto"/>
        <ATTRIBUTE NAME ="Session on Grid" VALUE =""/>
        <ATTRIBUTE NAME ="Is Enabled" VALUE ="NO"/>
    </CONFIG>
    <WORKFLOW DESCRIPTION ="" ISENABLED ="YES" ISRUNNABLESERVICE ="NO" ISSERVICE ="NO" ISVALID ="YES" NAME ="wf_WI_XLA_AE_LINE_2TIER_INCR" REUSABLE_SCHEDULER ="NO" SCHEDULERNAME ="Scheduler" SERVERNAME ="EDW_TS1_TEST_961_Integration_Service" SERVER_DOMAINNAME ="Domain_EDWTD_Test_961" SUSPEND_ON_ERROR ="NO" TASKS_MUST_RUN_ON_SERVER ="NO" VERSIONNUMBER ="4">
        <SCHEDULER DESCRIPTION ="" NAME ="Scheduler" REUSABLE ="NO" VERSIONNUMBER ="4">
            <SCHEDULEINFO SCHEDULETYPE ="ONDEMAND"/>
        </SCHEDULER>
        <TASK DESCRIPTION ="" NAME ="Start" REUSABLE ="NO" TYPE ="Start" VERSIONNUMBER ="4"/>
        <SESSION DESCRIPTION ="" ISVALID ="YES" MAPPINGNAME ="m_WI_XLA_AE_LINE_2TIER_INCR" NAME ="s_m_WI_XLA_AE_LINE_2TIER_INCR" REUSABLE ="NO" SORTORDER ="Binary" VERSIONNUMBER ="4">
            <SESSTRANSFORMATIONINST ISREPARTITIONPOINT ="YES" PARTITIONTYPE ="PASS THROUGH" PIPELINE ="1" SINSTANCENAME ="WI_XLA_AE_LINE_2TIER_INCR1" STAGE ="1" TRANSFORMATIONNAME ="WI_XLA_AE_LINE_2TIER_INCR1" TRANSFORMATIONTYPE ="Target Definition">
                <ATTRIBUTE NAME ="Table Name Prefix" VALUE ="$$STGDB"/>
                <ATTRIBUTE NAME ="Post SQL" VALUE ="COLLECT STATS ON $$STGDB.WI_XLA_AE_LINE_2TIER_INCR;"/>
            </SESSTRANSFORMATIONINST>
            <SESSTRANSFORMATIONINST ISREPARTITIONPOINT ="NO" PIPELINE ="0" SINSTANCENAME ="WI_XLA_AE_LINE_2TIER_INCR" STAGE ="0" TRANSFORMATIONNAME ="WI_XLA_AE_LINE_2TIER_INCR" TRANSFORMATIONTYPE ="Source Definition">
                <ATTRIBUTE NAME ="Owner Name" VALUE ="$$STGDB"/>
            </SESSTRANSFORMATIONINST>
            <SESSTRANSFORMATIONINST ISREPARTITIONPOINT ="YES" PARTITIONTYPE ="PASS THROUGH" PIPELINE ="1" SINSTANCENAME ="SQ_WI_XLA_AE_LINE_2TIER_INCR" STAGE ="2" TRANSFORMATIONNAME ="SQ_WI_XLA_AE_LINE_2TIER_INCR" TRANSFORMATIONTYPE ="Source Qualifier">
                <ATTRIBUTE NAME ="Pre SQL" VALUE ="DELETE FROM $$STGDB.WI_XLA_AE_LINE_2TIER_INCR  ALL;"/>
            </SESSTRANSFORMATIONINST>
            <CONFIGREFERENCE REFOBJECTNAME ="default_session_config" TYPE ="Session config">
                <ATTRIBUTE NAME ="Pre 85 Timestamp Compatibility" VALUE ="YES"/>
                <ATTRIBUTE NAME ="Stop on errors" VALUE ="1"/>
            </CONFIGREFERENCE>
            <SESSIONEXTENSION NAME ="Relational Writer" SINSTANCENAME ="WI_XLA_AE_LINE_2TIER_INCR1" SUBTYPE ="Relational Writer" TRANSFORMATIONTYPE ="Target Definition" TYPE ="WRITER">
                <CONNECTIONREFERENCE CNXREFNAME ="DB Connection" CONNECTIONNAME ="" CONNECTIONNUMBER ="1" CONNECTIONSUBTYPE ="" CONNECTIONTYPE ="Relational" VARIABLE ="$DBConnection_Target"/>
                <ATTRIBUTE NAME ="Target load type" VALUE ="Bulk"/>
                <ATTRIBUTE NAME ="Insert" VALUE ="YES"/>
                <ATTRIBUTE NAME ="Update as Update" VALUE ="NO"/>
                <ATTRIBUTE NAME ="Update as Insert" VALUE ="NO"/>
                <ATTRIBUTE NAME ="Update else Insert" VALUE ="NO"/>
                <ATTRIBUTE NAME ="Delete" VALUE ="NO"/>
                <ATTRIBUTE NAME ="Truncate target table option" VALUE ="NO"/>
                <ATTRIBUTE NAME ="Reject file directory" VALUE ="$PMRootDir/DATA/EDWTD_2TIER/reject"/>
                <ATTRIBUTE NAME ="Reject filename" VALUE ="wi_xla_ae_line_2tier_incr11.bad"/>
            </SESSIONEXTENSION>
            <SESSIONEXTENSION DSQINSTNAME ="SQ_WI_XLA_AE_LINE_2TIER_INCR" DSQINSTTYPE ="Source Qualifier" NAME ="Relational Reader" SINSTANCENAME ="WI_XLA_AE_LINE_2TIER_INCR" SUBTYPE ="Relational Reader" TRANSFORMATIONTYPE ="Source Definition" TYPE ="READER"/>
            <SESSIONEXTENSION NAME ="Relational Reader" SINSTANCENAME ="SQ_WI_XLA_AE_LINE_2TIER_INCR" SUBTYPE ="Relational Reader" TRANSFORMATIONTYPE ="Source Qualifier" TYPE ="READER">
                <CONNECTIONREFERENCE CNXREFNAME ="DB Connection" CONNECTIONNAME ="" CONNECTIONNUMBER ="1" CONNECTIONSUBTYPE ="" CONNECTIONTYPE ="Relational" VARIABLE ="$DBConnection_Source"/>
            </SESSIONEXTENSION>
            <ATTRIBUTE NAME ="General Options" VALUE =""/>
            <ATTRIBUTE NAME ="Write Backward Compatible Session Log File" VALUE ="NO"/>
            <ATTRIBUTE NAME ="Session Log File Name" VALUE ="s_m_WI_XLA_AE_LINE_2TIER_INCR.log"/>
            <ATTRIBUTE NAME ="Session Log File directory" VALUE ="$PMSessionLogDir&#x5c;"/>
            <ATTRIBUTE NAME ="Parameter Filename" VALUE =""/>
            <ATTRIBUTE NAME ="Enable Test Load" VALUE ="NO"/>
            <ATTRIBUTE NAME ="$Source connection value" VALUE =""/>
            <ATTRIBUTE NAME ="$Target connection value" VALUE =""/>
            <ATTRIBUTE NAME ="Treat source rows as" VALUE ="Insert"/>
            <ATTRIBUTE NAME ="Commit Type" VALUE ="Target"/>
            <ATTRIBUTE NAME ="Commit Interval" VALUE ="10000"/>
            <ATTRIBUTE NAME ="Commit On End Of File" VALUE ="YES"/>
            <ATTRIBUTE NAME ="Rollback Transactions on Errors" VALUE ="NO"/>
            <ATTRIBUTE NAME ="Recovery Strategy" VALUE ="Fail task and continue workflow"/>
            <ATTRIBUTE NAME ="Java Classpath" VALUE =""/>
            <ATTRIBUTE NAME ="Performance" VALUE =""/>
            <ATTRIBUTE NAME ="DTM buffer size" VALUE ="Auto"/>
            <ATTRIBUTE NAME ="Collect performance data" VALUE ="NO"/>
            <ATTRIBUTE NAME ="Write performance data to repository" VALUE ="NO"/>
            <ATTRIBUTE NAME ="Incremental Aggregation" VALUE ="NO"/>
            <ATTRIBUTE NAME ="Enable high precision" VALUE ="NO"/>
            <ATTRIBUTE NAME ="Session retry on deadlock" VALUE ="NO"/>
            <ATTRIBUTE NAME ="Pushdown Optimization" VALUE ="Full"/>
            <ATTRIBUTE NAME ="Allow Temporary View for Pushdown" VALUE ="NO"/>
            <ATTRIBUTE NAME ="Allow Temporary Sequence for Pushdown" VALUE ="NO"/>
            <ATTRIBUTE NAME ="Allow Pushdown for User Incompatible Connections" VALUE ="NO"/>
        </SESSION>
        <TASKINSTANCE DESCRIPTION ="" ISENABLED ="YES" NAME ="Start" REUSABLE ="NO" TASKNAME ="Start" TASKTYPE ="Start"/>
        <TASKINSTANCE DESCRIPTION ="" FAIL_PARENT_IF_INSTANCE_DID_NOT_RUN ="YES" FAIL_PARENT_IF_INSTANCE_FAILS ="YES" ISENABLED ="YES" NAME ="s_m_WI_XLA_AE_LINE_2TIER_INCR" REUSABLE ="NO" TASKNAME ="s_m_WI_XLA_AE_LINE_2TIER_INCR" TASKTYPE ="Session" TREAT_INPUTLINK_AS_AND ="YES"/>
        <WORKFLOWLINK CONDITION ="" FROMTASK ="Start" TOTASK ="s_m_WI_XLA_AE_LINE_2TIER_INCR"/>
        <WORKFLOWVARIABLE DATATYPE ="date/time" DEFAULTVALUE ="" DESCRIPTION ="The time this task started" ISNULL ="NO" ISPERSISTENT ="NO" NAME ="$Start.StartTime" USERDEFINED ="NO"/>
        <WORKFLOWVARIABLE DATATYPE ="date/time" DEFAULTVALUE ="" DESCRIPTION ="The time this task completed" ISNULL ="NO" ISPERSISTENT ="NO" NAME ="$Start.EndTime" USERDEFINED ="NO"/>
        <WORKFLOWVARIABLE DATATYPE ="integer" DEFAULTVALUE ="" DESCRIPTION ="Status of this task&apos;s execution" ISNULL ="NO" ISPERSISTENT ="NO" NAME ="$Start.Status" USERDEFINED ="NO"/>
        <WORKFLOWVARIABLE DATATYPE ="integer" DEFAULTVALUE ="" DESCRIPTION ="Status of the previous task that is not disabled" ISNULL ="NO" ISPERSISTENT ="NO" NAME ="$Start.PrevTaskStatus" USERDEFINED ="NO"/>
        <WORKFLOWVARIABLE DATATYPE ="integer" DEFAULTVALUE ="" DESCRIPTION ="Error code for this task&apos;s execution" ISNULL ="NO" ISPERSISTENT ="NO" NAME ="$Start.ErrorCode" USERDEFINED ="NO"/>
        <WORKFLOWVARIABLE DATATYPE ="string" DEFAULTVALUE ="" DESCRIPTION ="Error message for this task&apos;s execution" ISNULL ="NO" ISPERSISTENT ="NO" NAME ="$Start.ErrorMsg" USERDEFINED ="NO"/>
        <WORKFLOWVARIABLE DATATYPE ="date/time" DEFAULTVALUE ="" DESCRIPTION ="The time this task started" ISNULL ="NO" ISPERSISTENT ="NO" NAME ="$s_m_WI_XLA_AE_LINE_2TIER_INCR.StartTime" USERDEFINED ="NO"/>
        <WORKFLOWVARIABLE DATATYPE ="date/time" DEFAULTVALUE ="" DESCRIPTION ="The time this task completed" ISNULL ="NO" ISPERSISTENT ="NO" NAME ="$s_m_WI_XLA_AE_LINE_2TIER_INCR.EndTime" USERDEFINED ="NO"/>
        <WORKFLOWVARIABLE DATATYPE ="integer" DEFAULTVALUE ="" DESCRIPTION ="Status of this task&apos;s execution" ISNULL ="NO" ISPERSISTENT ="NO" NAME ="$s_m_WI_XLA_AE_LINE_2TIER_INCR.Status" USERDEFINED ="NO"/>
        <WORKFLOWVARIABLE DATATYPE ="integer" DEFAULTVALUE ="" DESCRIPTION ="Status of the previous task that is not disabled" ISNULL ="NO" ISPERSISTENT ="NO" NAME ="$s_m_WI_XLA_AE_LINE_2TIER_INCR.PrevTaskStatus" USERDEFINED ="NO"/>
        <WORKFLOWVARIABLE DATATYPE ="integer" DEFAULTVALUE ="" DESCRIPTION ="Error code for this task&apos;s execution" ISNULL ="NO" ISPERSISTENT ="NO" NAME ="$s_m_WI_XLA_AE_LINE_2TIER_INCR.ErrorCode" USERDEFINED ="NO"/>
        <WORKFLOWVARIABLE DATATYPE ="string" DEFAULTVALUE ="" DESCRIPTION ="Error message for this task&apos;s execution" ISNULL ="NO" ISPERSISTENT ="NO" NAME ="$s_m_WI_XLA_AE_LINE_2TIER_INCR.ErrorMsg" USERDEFINED ="NO"/>
        <WORKFLOWVARIABLE DATATYPE ="integer" DEFAULTVALUE ="" DESCRIPTION ="Rows successfully read" ISNULL ="NO" ISPERSISTENT ="NO" NAME ="$s_m_WI_XLA_AE_LINE_2TIER_INCR.SrcSuccessRows" USERDEFINED ="NO"/>
        <WORKFLOWVARIABLE DATATYPE ="integer" DEFAULTVALUE ="" DESCRIPTION ="Rows failed to read" ISNULL ="NO" ISPERSISTENT ="NO" NAME ="$s_m_WI_XLA_AE_LINE_2TIER_INCR.SrcFailedRows" USERDEFINED ="NO"/>
        <WORKFLOWVARIABLE DATATYPE ="integer" DEFAULTVALUE ="" DESCRIPTION ="Rows successfully loaded" ISNULL ="NO" ISPERSISTENT ="NO" NAME ="$s_m_WI_XLA_AE_LINE_2TIER_INCR.TgtSuccessRows" USERDEFINED ="NO"/>
        <WORKFLOWVARIABLE DATATYPE ="integer" DEFAULTVALUE ="" DESCRIPTION ="Rows failed to load" ISNULL ="NO" ISPERSISTENT ="NO" NAME ="$s_m_WI_XLA_AE_LINE_2TIER_INCR.TgtFailedRows" USERDEFINED ="NO"/>
        <WORKFLOWVARIABLE DATATYPE ="integer" DEFAULTVALUE ="" DESCRIPTION ="Total number of transformation errors" ISNULL ="NO" ISPERSISTENT ="NO" NAME ="$s_m_WI_XLA_AE_LINE_2TIER_INCR.TotalTransErrors" USERDEFINED ="NO"/>
        <WORKFLOWVARIABLE DATATYPE ="integer" DEFAULTVALUE ="" DESCRIPTION ="First error code" ISNULL ="NO" ISPERSISTENT ="NO" NAME ="$s_m_WI_XLA_AE_LINE_2TIER_INCR.FirstErrorCode" USERDEFINED ="NO"/>
        <WORKFLOWVARIABLE DATATYPE ="string" DEFAULTVALUE ="" DESCRIPTION ="First error message" ISNULL ="NO" ISPERSISTENT ="NO" NAME ="$s_m_WI_XLA_AE_LINE_2TIER_INCR.FirstErrorMsg" USERDEFINED ="NO"/>
        <ATTRIBUTE NAME ="Parameter Filename" VALUE =""/>
        <ATTRIBUTE NAME ="Write Backward Compatible Workflow Log File" VALUE ="NO"/>
        <ATTRIBUTE NAME ="Workflow Log File Name" VALUE ="wf_WI_XLA_AE_LINE_2TIER_INCR.log"/>
        <ATTRIBUTE NAME ="Workflow Log File Directory" VALUE ="$PMWorkflowLogDir&#x5c;"/>
        <ATTRIBUTE NAME ="Save Workflow log by" VALUE ="By runs"/>
        <ATTRIBUTE NAME ="Save workflow log for these runs" VALUE ="0"/>
        <ATTRIBUTE NAME ="Service Name" VALUE =""/>
        <ATTRIBUTE NAME ="Service Timeout" VALUE ="0"/>
        <ATTRIBUTE NAME ="Is Service Visible" VALUE ="NO"/>
        <ATTRIBUTE NAME ="Is Service Protected" VALUE ="NO"/>
        <ATTRIBUTE NAME ="Fail task after wait time" VALUE ="0"/>
        <ATTRIBUTE NAME ="Enable HA recovery" VALUE ="NO"/>
        <ATTRIBUTE NAME ="Automatically recover terminated tasks" VALUE ="NO"/>
        <ATTRIBUTE NAME ="Service Level Name" VALUE ="Default"/>
        <ATTRIBUTE NAME ="Allow concurrent run with unique run instance name" VALUE ="NO"/>
        <ATTRIBUTE NAME ="Allow concurrent run with same run instance name" VALUE ="NO"/>
        <ATTRIBUTE NAME ="Maximum number of concurrent runs" VALUE ="0"/>
        <ATTRIBUTE NAME ="Assigned Web Services Hubs" VALUE =""/>
        <ATTRIBUTE NAME ="Maximum number of concurrent runs per Hub" VALUE ="1000"/>
        <ATTRIBUTE NAME ="Expected Service Time" VALUE ="1"/>
    </WORKFLOW>
</FOLDER>
</REPOSITORY>
</POWERMART>