ETL Name,Session Name,Session Seq,Mapping Name,Mapping Seq,Source Name,Source Seq,Target Name,Target Seq,Query Type,Tables Referred
wf_DRR_FA_PARTY_SAV_FNL,s_m_DRR_FA_PARTY_SAV_FNL,1,m_DRR_FA_PARTY_SAV_FNL,1,SQ_WI_DRR_BOOKINGS_PARTY_ENRICH,1,WI_DRR_FIN_ADJ_RULE3_PARTY_SAV1,1,Sq Query,$$STGDB.WI_DRR_BOOKINGS_PARTY_ENRICH
wf_DRR_FA_PARTY_SAV_FNL,s_m_DRR_FA_PARTY_SAV_FNL,1,m_DRR_FA_PARTY_SAV_FNL,1,SQ_WI_DRR_BOOKINGS_PARTY_ENRICH,1,WI_DRR_FIN_ADJ_RULE3_PARTY_SAV1,1,Sq Query,$$STGDB.WI_FIN_ADJ_BOOKINGS_ALL
wf_DRR_FA_PARTY_SAV_FNL,s_m_DRR_FA_PARTY_SAV_FNL,1,m_DRR_FA_PARTY_SAV_FNL,1,SQ_WI_DRR_BOOKINGS_PARTY_ENRICH,1,WI_DRR_FIN_ADJ_RULE3_PARTY_SAV1,1,Sq Query,$$STGDB.WI_DRR_SYSVIEW_PARTY
wf_DRR_FA_PARTY_SAV_FNL,s_m_DRR_FA_PARTY_SAV_FNL,1,m_DRR_FA_PARTY_SAV_FNL,1,SQ_WI_DRR_BOOKINGS_PARTY_ENRICH,1,WI_DRR_FIN_ADJ_RULE3_PARTY_SAV1,1,TgtPre SQL,$$STGDB.WI_DRR_FIN_ADJ_RULE3_PARTY_SAV
wf_DRR_FA_PARTY_SAV_FNL,s_m_DRR_FA_PARTY_SAV_FNL,1,m_DRR_FA_PARTY_SAV_FNL,1,SQ_WI_DRR_FIN_ADJ_RULE3_PARTY_SAV,2,WI_DRR_SALES_ACNT_MEASURE_FNL,2,Sq Query,$$STGDB.WI_DRR_FIN_ADJ_RULE3_PARTY_SAV
wf_DRR_FA_PARTY_SAV_FNL,s_m_DRR_FA_PARTY_SAV_FNL,1,m_DRR_FA_PARTY_SAV_FNL,1,SQ_WI_DRR_FIN_ADJ_RULE3_PARTY_SAV,2,WI_DRR_SALES_ACNT_MEASURE_FNL,2,TgtPre SQL,$$STGDB.WI_DRR_SALES_ACNT_MEASURE_FNL
wf_DRR_FA_PARTY_SAV_FNL,s_m_DRR_FA_PARTY_SAV_FNL,1,m_DRR_FA_PARTY_SAV_FNL,1,SQ_WI_DRR_FIN_ADJ_RULE3_PARTY_SAV,2,WI_DRR_SALES_ACNT_MEASURE_FNL,2,TgtPost SQL,$$STGDB.WI_DRR_BOOKINGS_PARTY_ENRICH
wf_DRR_FA_PARTY_SAV_FNL,s_m_DRR_FA_PARTY_SAV_FNL,1,m_DRR_FA_PARTY_SAV_FNL,1,SQ_WI_DRR_FIN_ADJ_RULE3_PARTY_SAV,2,WI_DRR_SALES_ACNT_MEASURE_FNL,2,TgtPost SQL,$$STGDB.WI_DRR_SALES_ACNT_MEASURE_FNL
wf_DRR_FA_R14_SHR_DNR_FNL_F,s_m_DRR_FA_R14_SHR_DNR_FNL_F,1,m_DRR_FA_R14_SHR_DNR_FNL_F,1,SQ_N_DYN_RESTMT_SLS_ADJSTMT,1,WI_FIN_ADJ_BOOKINGS_ACTIVE_R141,1,Sq Query,$$SLSORDVWDB.N_DYN_RESTMT_SLS_ADJSTMT
wf_DRR_FA_R14_SHR_DNR_FNL_F,s_m_DRR_FA_R14_SHR_DNR_FNL_F,1,m_DRR_FA_R14_SHR_DNR_FNL_F,1,SQ_N_DYN_RESTMT_SLS_ADJSTMT,1,WI_FIN_ADJ_BOOKINGS_ACTIVE_R141,1,Sq Query,$$ETLVWDB.WI_DRR_PROCESS_CONTROL
wf_DRR_FA_R14_SHR_DNR_FNL_F,s_m_DRR_FA_R14_SHR_DNR_FNL_F,1,m_DRR_FA_R14_SHR_DNR_FNL_F,1,SQ_N_DYN_RESTMT_SLS_ADJSTMT,1,WI_FIN_ADJ_BOOKINGS_ACTIVE_R141,1,TgtPre SQL,$$STGDB.WI_FIN_ADJ_BOOKINGS_ACTIVE_R14
wf_DRR_FA_R14_SHR_DNR_FNL_F,s_m_DRR_FA_R14_SHR_DNR_FNL_F,1,m_DRR_FA_R14_SHR_DNR_FNL_F,1,SQ_WI_FIN_ADJ_BOOKINGS_ACTIVE_R14,2,WI_FIN_ADJ_BOOKINGS_R14_ALL1,2,Sq Query,$$STGDB.WI_FIN_ADJ_BOOKINGS_ACTIVE_R14
wf_DRR_FA_R14_SHR_DNR_FNL_F,s_m_DRR_FA_R14_SHR_DNR_FNL_F,1,m_DRR_FA_R14_SHR_DNR_FNL_F,1,SQ_WI_FIN_ADJ_BOOKINGS_ACTIVE_R14,2,WI_FIN_ADJ_BOOKINGS_R14_ALL1,2,Sq Query,$$ETLVWDB.WI_DRR_PROCESS_CONTROL
wf_DRR_FA_R14_SHR_DNR_FNL_F,s_m_DRR_FA_R14_SHR_DNR_FNL_F,1,m_DRR_FA_R14_SHR_DNR_FNL_F,1,SQ_WI_FIN_ADJ_BOOKINGS_ACTIVE_R14,2,WI_FIN_ADJ_BOOKINGS_R14_ALL1,2,Sq Query,$$SLSORDVWDB.N_BOOKINGS_MEASURE
wf_DRR_FA_R14_SHR_DNR_FNL_F,s_m_DRR_FA_R14_SHR_DNR_FNL_F,1,m_DRR_FA_R14_SHR_DNR_FNL_F,1,SQ_WI_FIN_ADJ_BOOKINGS_ACTIVE_R14,2,WI_FIN_ADJ_BOOKINGS_R14_ALL1,2,Sq Query,$$COMREFVWDB.R_FISCAL_DAY_TO_YEAR
wf_DRR_FA_R14_SHR_DNR_FNL_F,s_m_DRR_FA_R14_SHR_DNR_FNL_F,1,m_DRR_FA_R14_SHR_DNR_FNL_F,1,SQ_WI_FIN_ADJ_BOOKINGS_ACTIVE_R14,2,WI_FIN_ADJ_BOOKINGS_R14_ALL1,2,TgtPre SQL,$$STGDB.WI_FIN_ADJ_BOOKINGS_R14_ALL
wf_DRR_FA_R14_SHR_DNR_FNL_F,s_m_DRR_FA_R14_SHR_DNR_FNL_F,1,m_DRR_FA_R14_SHR_DNR_FNL_F,1,SQ_WI_FIN_ADJ_BOOKINGS_R14_ALL,3,WI_DRR_FA_R14_SHR_DNR_FNL_F,3,Sq Query,$$STGDB.WI_FIN_ADJ_BOOKINGS_R14_ALL
wf_DRR_FA_R14_SHR_DNR_FNL_F,s_m_DRR_FA_R14_SHR_DNR_FNL_F,1,m_DRR_FA_R14_SHR_DNR_FNL_F,1,SQ_WI_FIN_ADJ_BOOKINGS_R14_ALL,3,WI_DRR_FA_R14_SHR_DNR_FNL_F,3,Sq Query,$$SLSORDVWDB.MT_SLS_ACNT_RSTD_MSR_DRR_NG
wf_DRR_FA_R14_SHR_DNR_FNL_F,s_m_DRR_FA_R14_SHR_DNR_FNL_F,1,m_DRR_FA_R14_SHR_DNR_FNL_F,1,SQ_WI_FIN_ADJ_BOOKINGS_R14_ALL,3,WI_DRR_FA_R14_SHR_DNR_FNL_F,3,TgtPre SQL,$$STGDB.WI_DRR_FA_R14_SHR_DNR_FNL_F
wf_DRR_FA_R14_SHR_DNR_FNL_F,s_m_DRR_FA_R14_SHR_DNR_FNL_F,1,m_DRR_FA_R14_SHR_DNR_FNL_F,1,SQ_R_SALES_HIERARCHY,4,WI_DRR_FA_R14_SHR_DNR_FNL_F1,4,Sq Query,$$COMREFVWDB.R_SALES_HIERARCHY
wf_DRR_FA_R14_SHR_DNR_FNL_F,s_m_DRR_FA_R14_SHR_DNR_FNL_F,1,m_DRR_FA_R14_SHR_DNR_FNL_F,1,SQ_R_SALES_HIERARCHY,4,WI_DRR_FA_R14_SHR_DNR_FNL_F1,4,Sq Query,$$ETLVWDB.WI_DRR_PROCESS_CONTROL
wf_DRR_FA_R14_SHR_DNR_FNL_F,s_m_DRR_FA_R14_SHR_DNR_FNL_F,1,m_DRR_FA_R14_SHR_DNR_FNL_F,1,SQ_R_SALES_HIERARCHY,4,WI_DRR_FA_R14_SHR_DNR_FNL_F1,4,Sq Query,$$SLSORDVWDB.N_BOOKINGS_MEASURE
wf_DRR_FA_R14_SHR_DNR_FNL_F,s_m_DRR_FA_R14_SHR_DNR_FNL_F,1,m_DRR_FA_R14_SHR_DNR_FNL_F,1,SQ_R_SALES_HIERARCHY,4,WI_DRR_FA_R14_SHR_DNR_FNL_F1,4,Sq Query,$$COMREFVWDB.R_FISCAL_DAY_TO_YEAR
wf_DRR_FA_R14_SHR_DNR_FNL_F,s_m_DRR_FA_R14_SHR_DNR_FNL_F,1,m_DRR_FA_R14_SHR_DNR_FNL_F,1,SQ_R_SALES_HIERARCHY,4,WI_DRR_FA_R14_SHR_DNR_FNL_F1,4,Sq Query,$$SLSORDVWDB.MT_SLS_ACNT_RSTD_MSR_DRR_NG
wf_DRR_FA_R14_SHR_DNR_FNL_F,s_m_DRR_FA_R14_SHR_DNR_FNL_F,1,m_DRR_FA_R14_SHR_DNR_FNL_F,1,SQ_R_SALES_HIERARCHY,4,WI_DRR_FA_R14_SHR_DNR_FNL_F1,4,Sq Query,$$STGDB.WI_DRR_FA_R14_SHR_DNR_FNL_F
wf_EL_ACT_INACT_NODE_MAP_DRR,s_m_EL_ACT_INACT_NODE_MAP_DRR,1,m_EL_ACTIVE_INACT_NODE_MAP_DRR,1,SQ_EL_ACT_INACT_NODE_MAP_DRR,1,EL_ACT_INACT_NODE_MAP_DRR,1,Sq Query,$$STGDB.ST_ACT_INACT_NODE_MAP_DRR
wf_EL_ACT_INACT_NODE_MAP_DRR,s_m_EL_ACT_INACT_NODE_MAP_DRR,1,m_EL_ACTIVE_INACT_NODE_MAP_DRR,1,SQ_EL_ACT_INACT_NODE_MAP_DRR,1,EL_ACT_INACT_NODE_MAP_DRR,1,Sq Query,$$COMREFVWDB.R_SALES_HIERARCHY
wf_EL_ACT_INACT_NODE_MAP_DRR,s_m_EL_ACT_INACT_NODE_MAP_DRR,1,m_EL_ACTIVE_INACT_NODE_MAP_DRR,1,SQ_EL_ACT_INACT_NODE_MAP_DRR,1,EL_ACT_INACT_NODE_MAP_DRR,1,TgtPre SQL,$$ETLVWDB.EL_ACT_INACT_NODE_MAP_DRR
wf_MT_SLS_ACNT_RSTD_MSR_DRRNG_D,s_m_MT_SLS_ACNT_RSTD_MSR_DRRNG_D,1,m_MT_SLS_ACNT_RSTD_MSR_DRRNG_D,1,SQ_MT_NAMD_ACNT_BKGS_MEASURE,1,WI_SLS_ACNT_RSTD_MSR_DRRNG_D,1,Sq Query,$$SLSORDVWDB.N_BOOKINGS_MEASURE
wf_MT_SLS_ACNT_RSTD_MSR_DRRNG_D,s_m_MT_SLS_ACNT_RSTD_MSR_DRRNG_D,1,m_MT_SLS_ACNT_RSTD_MSR_DRRNG_D,1,SQ_MT_NAMD_ACNT_BKGS_MEASURE,1,WI_SLS_ACNT_RSTD_MSR_DRRNG_D,1,Sq Query,$$SLSORDVWDB.MT_NAMD_ACNT_BKGS_MEASURE
wf_MT_SLS_ACNT_RSTD_MSR_DRRNG_D,s_m_MT_SLS_ACNT_RSTD_MSR_DRRNG_D,1,m_MT_SLS_ACNT_RSTD_MSR_DRRNG_D,1,SQ_MT_NAMD_ACNT_BKGS_MEASURE,1,WI_SLS_ACNT_RSTD_MSR_DRRNG_D,1,TgtPre SQL,$$STGDB.WI_SLS_ACNT_RSTD_MSR_DRRNG_D
wf_MT_SLS_ACNT_RSTD_MSR_DRRNG_D,s_m_MT_SLS_ACNT_RSTD_MSR_DRRNG_D,1,m_MT_SLS_ACNT_RSTD_MSR_DRRNG_D,1,SQ_MT_NAMD_ACNT_BKGS_MEASURE,1,WI_SLS_ACNT_RSTD_MSR_DRRNG_D,1,TgtPost SQL,$$SLSORDVWDB.MT_SLS_ACNT_RSTD_MSR_DRRNG_DEL
wf_MT_SLS_ACNT_RSTD_MSR_DRRNG_D,s_m_MT_SLS_ACNT_RSTD_MSR_DRRNG_D,1,m_MT_SLS_ACNT_RSTD_MSR_DRRNG_D,1,SQ_MT_NAMD_ACNT_BKGS_MEASURE,1,WI_SLS_ACNT_RSTD_MSR_DRRNG_D,1,TgtPost SQL,$$SLSORDVWDB.MT_SLS_ACNT_RSTD_MSR_DRR_NG
wf_MT_SLS_ACNT_RSTD_MSR_DRRNG_D,s_m_MT_SLS_ACNT_RSTD_MSR_DRRNG_D,1,m_MT_SLS_ACNT_RSTD_MSR_DRRNG_D,1,SQ_MT_NAMD_ACNT_BKGS_MEASURE,1,WI_SLS_ACNT_RSTD_MSR_DRRNG_D,1,TgtPost SQL,$$STGDB.WI_SLS_ACNT_RSTD_MSR_DRRNG_D
wf_MT_SLS_ACNT_RSTD_MSR_DRRNG_D,s_m_MT_SLS_ACNT_RSTD_MSR_DRRNG_D,1,m_MT_SLS_ACNT_RSTD_MSR_DRRNG_D,1,SQ_WI_SLS_ACNT_RSTD_MSR_DRRNG_D,2,WI_SLS_ACNT_RSTD_MSR_DRRNG_D1,2,Sq Query,$$STGDB.WI_SLS_ACNT_RSTD_MSR_DRRNG_D
wf_MT_SLS_ACNT_RSTD_MSR_DRRNG_D,s_m_MT_SLS_ACNT_RSTD_MSR_DRRNG_D,1,m_MT_SLS_ACNT_RSTD_MSR_DRRNG_D,1,SQ_WI_SLS_ACNT_RSTD_MSR_DRRNG_D,2,WI_SLS_ACNT_RSTD_MSR_DRRNG_D1,2,Sq Query,$$ETLVWDB.EL_ACT_INACT_NODE_MAP_DRR
wf_MT_SLS_ACNT_RSTD_MSR_DRRNG_D,s_m_MT_SLS_ACNT_RSTD_MSR_DRRNG_D,1,m_MT_SLS_ACNT_RSTD_MSR_DRRNG_D,1,SQ_WI_SLS_ACNT_RSTD_MSR_DRRNG_D,2,WI_SLS_ACNT_RSTD_MSR_DRRNG_D1,2,Sq Query,$$COMREFVWDB.R_SALES_HIERARCHY
wf_MT_SLS_ACNT_RSTD_MSR_DRRNG_D,s_m_MT_SLS_ACNT_RSTD_MSR_DRRNG_D,1,m_MT_SLS_ACNT_RSTD_MSR_DRRNG_D,1,SQ_WI_SLS_ACNT_RSTD_MSR_DRRNG_D,2,WI_SLS_ACNT_RSTD_MSR_DRRNG_D1,2,TgtPre SQL,$$STGDB.WI_SLS_ACNT_RSTD_MSR_DRRNG_D1
wf_MT_SLS_ACNT_RSTD_MSR_DRRNG_D,s_m_MT_SLS_ACNT_RSTD_MSR_DRRNG_D,1,m_MT_SLS_ACNT_RSTD_MSR_DRRNG_D,1,SQ_WI_SLS_ACNT_RSTD_MSR_DRRNG_D1,3,MT_SLS_ACNT_RSTD_MSR_DRR_NG,3,Sq Query,$$STGDB.WI_SLS_ACNT_RSTD_MSR_DRRNG_D1
wf_MT_SLS_ACNT_RSTD_MSR_DRRNG_D,s_m_MT_SLS_ACNT_RSTD_MSR_DRRNG_D,1,m_MT_SLS_ACNT_RSTD_MSR_DRRNG_D,1,SQ_WI_SLS_ACNT_RSTD_MSR_DRRNG_D1,3,MT_SLS_ACNT_RSTD_MSR_DRR_NG,3,Sq Query,$$SLSORDVWDB.N_DYN_RESTMT_ENRICH_REASON
wf_MT_SLS_ACNT_RSTD_MSR_DRRNG_D,s_m_MT_SLS_ACNT_RSTD_MSR_DRRNG_D,1,m_MT_SLS_ACNT_RSTD_MSR_DRRNG_D,1,SQ_WI_SLS_ACNT_RSTD_MSR_DRRNG_D1,3,MT_SLS_ACNT_RSTD_MSR_DRR_NG,3,Sq Query,$$SLSORDVWDB.MT_SLS_ACNT_RSTD_MSR_DRR_NG
wf_MT_SLS_ACNT_RSTD_MSR_DRRNG_D,s_m_MT_SLS_ACNT_RSTD_MSR_DRRNG_D,1,m_MT_SLS_ACNT_RSTD_MSR_DRRNG_D,1,SQ_WI_SLS_ACNT_RSTD_MSR_DRRNG_D1,3,MT_SLS_ACNT_RSTD_MSR_DRR_NG,3,Sq Query,$$SLSORDVWDB.MT_SLS_ACNT_RSTD_MSR_DRRNG_DEL
wf_MT_SLS_ACNT_RSTD_MSR_DRRNG_D,s_m_MT_SLS_ACNT_RSTD_MSR_DRRNG_D,1,m_MT_SLS_ACNT_RSTD_MSR_DRRNG_D,1,SQ_WI_SLS_ACNT_RSTD_MSR_DRRNG_D1,3,MT_SLS_ACNT_RSTD_MSR_DRR_NG,3,TgtPost SQL,$$ETLVWDB.DW_JOB_STREAMS
wf_MT_SLS_ACNT_RSTD_MSR_DRRNG_D,s_m_MT_SLS_ACNT_RSTD_MSR_DRRNG_D,1,m_MT_SLS_ACNT_RSTD_MSR_DRRNG_D,1,SQ_WI_SLS_ACNT_RSTD_MSR_DRRNG_D1,3,MT_SLS_ACNT_RSTD_MSR_DRR_NG,3,TgtPost SQL,$$SLSORDVWDB.MT_SLS_ACNT_RSTD_MSR_DRR_NG
wf_MT_SLS_ACNT_RSTD_MSR_DRRNG_D,s_m_MT_SLS_ACNT_RSTD_MSR_DRRNG_D,1,m_MT_SLS_ACNT_RSTD_MSR_DRRNG_D,1,SQ_WI_SLS_ACNT_RSTD_MSR_DRRNG_D1,3,MT_SLS_ACNT_RSTD_MSR_DRR_NG,3,TgtPost SQL,$$COMREFVWDB.R_FISCAL_DAY_TO_YEAR
wf_MT_SLS_ACNT_RSTD_MSR_DRR_NG,s_m_MT_SALES_ACNT_RSTD_MSR_DRR_NG,1,m_MT_SLS_ACNT_RSTD_MSR_DRR_NG,1,SQ_WI_DRR_SALES_ACNT_MEASURE_FNL,1,WI_DRR_SALES_ACNT_MSRE_FNL_DEL,1,Sq Query,$$STGDB.WI_DRR_SALES_ACNT_MEASURE_FNL
wf_MT_SLS_ACNT_RSTD_MSR_DRR_NG,s_m_MT_SALES_ACNT_RSTD_MSR_DRR_NG,1,m_MT_SLS_ACNT_RSTD_MSR_DRR_NG,1,SQ_WI_DRR_SALES_ACNT_MEASURE_FNL,1,WI_DRR_SALES_ACNT_MSRE_FNL_DEL,1,Sq Query,$$ETLVWDB.EL_ACT_INACT_NODE_MAP_DRR
wf_MT_SLS_ACNT_RSTD_MSR_DRR_NG,s_m_MT_SALES_ACNT_RSTD_MSR_DRR_NG,1,m_MT_SLS_ACNT_RSTD_MSR_DRR_NG,1,SQ_WI_DRR_SALES_ACNT_MEASURE_FNL,1,WI_DRR_SALES_ACNT_MSRE_FNL_DEL,1,Sq Query,$$SLSORDVWDB.N_BOOKINGS_MEASURE
wf_MT_SLS_ACNT_RSTD_MSR_DRR_NG,s_m_MT_SALES_ACNT_RSTD_MSR_DRR_NG,1,m_MT_SLS_ACNT_RSTD_MSR_DRR_NG,1,SQ_WI_DRR_SALES_ACNT_MEASURE_FNL,1,WI_DRR_SALES_ACNT_MSRE_FNL_DEL,1,Sq Query,$$COMREFVWDB.R_SALES_HIERARCHY
wf_MT_SLS_ACNT_RSTD_MSR_DRR_NG,s_m_MT_SALES_ACNT_RSTD_MSR_DRR_NG,1,m_MT_SLS_ACNT_RSTD_MSR_DRR_NG,1,SQ_WI_DRR_SALES_ACNT_MEASURE_FNL,1,WI_DRR_SALES_ACNT_MSRE_FNL_DEL,1,Sq Query,$$COMREFVWDB.R_FISCAL_DAY_TO_YEAR
wf_MT_SLS_ACNT_RSTD_MSR_DRR_NG,s_m_MT_SALES_ACNT_RSTD_MSR_DRR_NG,1,m_MT_SLS_ACNT_RSTD_MSR_DRR_NG,1,SQ_WI_DRR_SALES_ACNT_MEASURE_FNL,1,WI_DRR_SALES_ACNT_MSRE_FNL_DEL,1,Sq Query,$$SLSORDVWDB.MT_SLS_ACNT_RSTD_MSR_DRR_NG
wf_MT_SLS_ACNT_RSTD_MSR_DRR_NG,s_m_MT_SALES_ACNT_RSTD_MSR_DRR_NG,1,m_MT_SLS_ACNT_RSTD_MSR_DRR_NG,1,SQ_WI_DRR_SALES_ACNT_MEASURE_FNL,1,WI_DRR_SALES_ACNT_MSRE_FNL_DEL,1,TgtPre SQL,$$STGDB.WI_DRR_SALES_ACNT_MSRE_FNL_DEL
wf_MT_SLS_ACNT_RSTD_MSR_DRR_NG,s_m_MT_SALES_ACNT_RSTD_MSR_DRR_NG,1,m_MT_SLS_ACNT_RSTD_MSR_DRR_NG,1,SQ_WI_DRR_SALES_ACNT_MEASURE_FNL,1,WI_DRR_SALES_ACNT_MSRE_FNL_DEL,1,TgtPost SQL,$$STGDB.WI_DRR_SALES_ACNT_MSRE_FNL_DEL
wf_MT_SLS_ACNT_RSTD_MSR_DRR_NG,s_m_MT_SALES_ACNT_RSTD_MSR_DRR_NG,1,m_MT_SLS_ACNT_RSTD_MSR_DRR_NG,1,SQ_WI_DRR_SALES_ACNT_MEASURE_FNL,1,WI_DRR_SALES_ACNT_MSRE_FNL_DEL,1,TgtPost SQL,$$STGDB.WI_DRR_SALES_ACNT_MEASURE_FNL
wf_MT_SLS_ACNT_RSTD_MSR_DRR_NG,s_m_MT_SALES_ACNT_RSTD_MSR_DRR_NG,1,m_MT_SLS_ACNT_RSTD_MSR_DRR_NG,1,SQ_WI_DRR_SALES_ACNT_MEASURE_FNL1,2,MT_SLS_ACNT_RSTD_MSR_DRR_NG,2,Sq Query,$$STGDB.WI_DRR_SALES_ACNT_MEASURE_FNL
wf_MT_SLS_ACNT_RSTD_MSR_DRR_NG,s_m_MT_SALES_ACNT_RSTD_MSR_DRR_NG,1,m_MT_SLS_ACNT_RSTD_MSR_DRR_NG,1,SQ_WI_DRR_SALES_ACNT_MEASURE_FNL1,2,MT_SLS_ACNT_RSTD_MSR_DRR_NG,2,Sq Query,$$ETLVWDB.EL_ACT_INACT_NODE_MAP_DRR
wf_MT_SLS_ACNT_RSTD_MSR_DRR_NG,s_m_MT_SALES_ACNT_RSTD_MSR_DRR_NG,1,m_MT_SLS_ACNT_RSTD_MSR_DRR_NG,1,SQ_WI_DRR_SALES_ACNT_MEASURE_FNL1,2,MT_SLS_ACNT_RSTD_MSR_DRR_NG,2,Sq Query,$$SLSORDVWDB.N_BOOKINGS_MEASURE
wf_MT_SLS_ACNT_RSTD_MSR_DRR_NG,s_m_MT_SALES_ACNT_RSTD_MSR_DRR_NG,1,m_MT_SLS_ACNT_RSTD_MSR_DRR_NG,1,SQ_WI_DRR_SALES_ACNT_MEASURE_FNL1,2,MT_SLS_ACNT_RSTD_MSR_DRR_NG,2,Sq Query,$$COMREFVWDB.R_SALES_HIERARCHY
wf_MT_SLS_ACNT_RSTD_MSR_DRR_NG,s_m_MT_SALES_ACNT_RSTD_MSR_DRR_NG,1,m_MT_SLS_ACNT_RSTD_MSR_DRR_NG,1,SQ_WI_DRR_SALES_ACNT_MEASURE_FNL1,2,MT_SLS_ACNT_RSTD_MSR_DRR_NG,2,Sq Query,$$COMREFVWDB.R_FISCAL_DAY_TO_YEAR
wf_MT_SLS_ACNT_RSTD_MSR_DRR_NG,s_m_MT_SALES_ACNT_RSTD_MSR_DRR_NG,1,m_MT_SLS_ACNT_RSTD_MSR_DRR_NG,1,SQ_WI_DRR_SALES_ACNT_MEASURE_FNL1,2,MT_SLS_ACNT_RSTD_MSR_DRR_NG,2,Sq Query,$$SLSORDVWDB.N_DYN_RESTMT_ENRICH_REASON
wf_MT_SLS_ACNT_RSTD_MSR_DRR_NG,s_m_MT_SALES_ACNT_RSTD_MSR_DRR_NG,1,m_MT_SLS_ACNT_RSTD_MSR_DRR_NG,1,SQ_WI_DRR_SALES_ACNT_MEASURE_FNL1,2,MT_SLS_ACNT_RSTD_MSR_DRR_NG,2,Sq Query,$$SLSORDVWDB.MT_SLS_ACNT_RSTD_MSR_DRR_NG
wf_MT_SLS_ACNT_RSTD_MSR_DRR_NG,s_m_MT_SALES_ACNT_RSTD_MSR_DRR_NG,1,m_MT_SLS_ACNT_RSTD_MSR_DRR_NG,1,SQ_WI_DRR_SALES_ACNT_MEASURE_FNL1,2,MT_SLS_ACNT_RSTD_MSR_DRR_NG,2,Sq Query,$$SLSORDVWDB.MT_SLS_ACNT_RSTD_MSR_DRRNG_DEL
wf_MT_SLS_ACNT_RSTD_MSR_DRR_NG,s_m_MT_SALES_ACNT_RSTD_MSR_DRR_NG,1,m_MT_SLS_ACNT_RSTD_MSR_DRR_NG,1,SQ_WI_DRR_SALES_ACNT_MEASURE_FNL1,2,MT_SLS_ACNT_RSTD_MSR_DRR_NG,2,TgtPre SQL,$$SLSORDVWDB.MT_SLS_ACNT_RSTD_MSR_DRRNG_DEL
wf_MT_SLS_ACNT_RSTD_MSR_DRR_NG,s_m_MT_SALES_ACNT_RSTD_MSR_DRR_NG,1,m_MT_SLS_ACNT_RSTD_MSR_DRR_NG,1,SQ_WI_DRR_SALES_ACNT_MEASURE_FNL1,2,MT_SLS_ACNT_RSTD_MSR_DRR_NG,2,TgtPre SQL,$$SLSORDVWDB.MT_SLS_ACNT_RSTD_MSR_DRR_NG
wf_MT_SLS_ACNT_RSTD_MSR_DRR_NG,s_m_MT_SALES_ACNT_RSTD_MSR_DRR_NG,1,m_MT_SLS_ACNT_RSTD_MSR_DRR_NG,1,SQ_WI_DRR_SALES_ACNT_MEASURE_FNL1,2,MT_SLS_ACNT_RSTD_MSR_DRR_NG,2,TgtPre SQL,$$STGDB.WI_DRR_SALES_ACNT_MEASURE_FNL
wf_MT_SLS_ACNT_RSTD_MSR_DRR_NG,s_m_MT_SALES_ACNT_RSTD_MSR_DRR_NG,1,m_MT_SLS_ACNT_RSTD_MSR_DRR_NG,1,SQ_WI_DRR_SALES_ACNT_MEASURE_FNL1,2,MT_SLS_ACNT_RSTD_MSR_DRR_NG,2,TgtPost SQL,$$ETLVWDB.DW_JOB_STREAMS
wf_MT_SLS_ACNT_RSTD_MSR_DRR_NG,s_m_MT_SALES_ACNT_RSTD_MSR_DRR_NG,1,m_MT_SLS_ACNT_RSTD_MSR_DRR_NG,1,SQ_WI_DRR_SALES_ACNT_MEASURE_FNL1,2,MT_SLS_ACNT_RSTD_MSR_DRR_NG,2,TgtPost SQL,$$SLSORDVWDB.MT_SLS_ACNT_RSTD_MSR_DRR_NG
wf_MT_SLS_ACNT_RSTD_MSR_DRR_NG,s_m_MT_SALES_ACNT_RSTD_MSR_DRR_NG,1,m_MT_SLS_ACNT_RSTD_MSR_DRR_NG,1,SQ_WI_DRR_SALES_ACNT_MEASURE_FNL1,2,MT_SLS_ACNT_RSTD_MSR_DRR_NG,2,TgtPost SQL,$$ETLVWDB.WI_DRR_PROCESS_CONTROL
wf_MT_SLS_ACNT_RSTD_MSR_DRR_NG,s_m_MT_SALES_ACNT_RSTD_MSR_DRR_NG,1,m_MT_SLS_ACNT_RSTD_MSR_DRR_NG,1,SQ_WI_DRR_SALES_ACNT_MEASURE_FNL1,2,MT_SLS_ACNT_RSTD_MSR_DRR_NG,2,TgtPost SQL,$$STGDB.WI_PARTNER_CHANGE
wf_MT_SLS_ACNT_RSTD_MSR_DRR_NG,s_m_MT_SALES_ACNT_RSTD_MSR_DRR_NG,1,m_MT_SLS_ACNT_RSTD_MSR_DRR_NG,1,SQ_WI_DRR_SALES_ACNT_MEASURE_FNL1,2,MT_SLS_ACNT_RSTD_MSR_DRR_NG,2,TgtPost SQL,$$SLSORDVWDB.N_BOOKINGS_MEASURE
wf_MT_SLS_ACNT_RSTD_MSR_DRR_NG,s_m_MT_SALES_ACNT_RSTD_MSR_DRR_NG,1,m_MT_SLS_ACNT_RSTD_MSR_DRR_NG,1,SQ_WI_DRR_SALES_ACNT_MEASURE_FNL1,2,MT_SLS_ACNT_RSTD_MSR_DRR_NG,2,TgtPost SQL,$$SLSORDVWDB.N_BOOKINGS_CHANNEL_MEASURE
wf_MT_SLS_ACNT_RSTD_MSR_DRR_NG,s_m_MT_SALES_ACNT_RSTD_MSR_DRR_NG,1,m_MT_SLS_ACNT_RSTD_MSR_DRR_NG,1,SQ_WI_DRR_SALES_ACNT_MEASURE_FNL1,2,MT_SLS_ACNT_RSTD_MSR_DRR_NG,2,TgtPost SQL,$$COMREFVWDB.MT_PARTNER_HIERARCHY
wf_N_DYN_RESTMT_SLS_ADJSTMT,s_m_N_DYN_RESTMT_SLS_ADJSTMT,1,m_N_DYN_RESTMT_SLS_ADJSTMT,1,SQ_W_DYN_RESTMT_SLS_ADJSTMT,1,N_DYN_RESTMT_SLS_ADJSTMT,1,Sq Query,$$WORKDB.W_DYN_RESTMT_SLS_ADJSTMT
wf_N_DYN_RESTMT_SLS_ADJSTMT,s_m_N_DYN_RESTMT_SLS_ADJSTMT,1,m_N_DYN_RESTMT_SLS_ADJSTMT,1,SQ_W_DYN_RESTMT_SLS_ADJSTMT,1,N_DYN_RESTMT_SLS_ADJSTMT,1,Sq Query,$$SLSORDVWDB.N_DYN_RESTMT_SLS_ADJSTMT
wf_N_DYN_RESTMT_SLS_ADJSTMT,s_m_N_DYN_RESTMT_SLS_ADJSTMT,1,m_N_DYN_RESTMT_SLS_ADJSTMT,1,SQ_W_DYN_RESTMT_SLS_ADJSTMT,1,N_DYN_RESTMT_SLS_ADJSTMT,1,TgtPost SQL,$$SLSORDVWDB.N_DYN_RESTMT_SLS_ADJSTMT
wf_N_DYN_RESTMT_SLS_ADJSTMT,s_m_N_DYN_RESTMT_SLS_ADJSTMT,1,m_N_DYN_RESTMT_SLS_ADJSTMT,1,SQ_W_DYN_RESTMT_SLS_ADJSTMT,1,N_DYN_RESTMT_SLS_ADJSTMT,1,TgtPost SQL,$$WORKDB.W_DYN_RESTMT_SLS_ADJSTMT
wf_N_DYN_RESTMT_SLS_ADJSTMT,s_m_N_DYN_RESTMT_SLS_ADJSTMT,1,m_N_DYN_RESTMT_SLS_ADJSTMT,1,SQ_W_DYN_RESTMT_SLS_ADJSTMT,1,N_DYN_RESTMT_SLS_ADJSTMT,1,TgtPost SQL,$$ETLVWDB.DW_JOB_STREAMS
wf_N_DYN_RESTMT_SLS_ADJSTMT,s_m_N_DYN_RESTMT_SLS_ADJSTMT,1,m_N_DYN_RESTMT_SLS_ADJSTMT,1,SQ_W_DYN_RESTMT_SLS_ADJSTMT,1,N_DYN_RESTMT_SLS_ADJSTMT,1,TgtPost SQL,$$SLSORDVWDB.N_DYN_RESTMT_SLS_ADJ_UPLD
wf_N_DYN_RESTMT_SLS_ADJ_UPLD,s_m_N_DYN_RESTMT_SLS_ADJ_UPLD,1,m_N_DYN_RESTMT_SLS_ADJ_UPLD,1,SQ_W_DYN_RESTMT_SLS_ADJ_UPLD,1,N_DYN_RESTMT_SLS_ADJ_UPLD,1,Sq Query,$$WORKDB.W_DYN_RESTMT_SLS_ADJ_UPLD
wf_N_DYN_RESTMT_SLS_ADJ_UPLD,s_m_N_DYN_RESTMT_SLS_ADJ_UPLD,1,m_N_DYN_RESTMT_SLS_ADJ_UPLD,1,SQ_W_DYN_RESTMT_SLS_ADJ_UPLD,1,N_DYN_RESTMT_SLS_ADJ_UPLD,1,Sq Query,$$SLSORDVWDB.N_DYN_RESTMT_SLS_ADJ_UPLD
wf_N_DYN_RESTMT_SLS_ADJ_UPLD,s_m_N_DYN_RESTMT_SLS_ADJ_UPLD,1,m_N_DYN_RESTMT_SLS_ADJ_UPLD,1,SQ_W_DYN_RESTMT_SLS_ADJ_UPLD,1,N_DYN_RESTMT_SLS_ADJ_UPLD,1,TgtPost SQL,$$STGDB.ST_FIN_ADJ_UPLOAD_AUD
wf_WI_DRR_BOOKINGS_INCRMENTAL,s_m_WI_DRR_BOOKINGS_INCRMENTAL,1,m_WI_DRR_BOOKINGS_INCRMENTAL,1,SQ_N_DYN_RESTMT_SLS_ADJSTMT,1,WI_FIN_ADJ_BOOKINGS_ACTIVE1,1,Sq Query,$$SLSORDVWDB.N_DYN_RESTMT_SLS_ADJSTMT
wf_WI_DRR_BOOKINGS_INCRMENTAL,s_m_WI_DRR_BOOKINGS_INCRMENTAL,1,m_WI_DRR_BOOKINGS_INCRMENTAL,1,SQ_N_DYN_RESTMT_SLS_ADJSTMT,1,WI_FIN_ADJ_BOOKINGS_ACTIVE1,1,Sq Query,$$ETLVWDB.WI_DRR_PROCESS_CONTROL
wf_WI_DRR_BOOKINGS_INCRMENTAL,s_m_WI_DRR_BOOKINGS_INCRMENTAL,1,m_WI_DRR_BOOKINGS_INCRMENTAL,1,SQ_N_DYN_RESTMT_SLS_ADJSTMT,1,WI_FIN_ADJ_BOOKINGS_ACTIVE1,1,Sq Query,$$COMREFVWDB.N_SLS_ACCT_GROUP_SAV_PARTY_TV
wf_WI_DRR_BOOKINGS_INCRMENTAL,s_m_WI_DRR_BOOKINGS_INCRMENTAL,1,m_WI_DRR_BOOKINGS_INCRMENTAL,1,SQ_N_DYN_RESTMT_SLS_ADJSTMT,1,WI_FIN_ADJ_BOOKINGS_ACTIVE1,1,Sq Query,$$COMREFVWDB.N_SA_GRPCSTPTY_LNKSYSVW_TV
wf_WI_DRR_BOOKINGS_INCRMENTAL,s_m_WI_DRR_BOOKINGS_INCRMENTAL,1,m_WI_DRR_BOOKINGS_INCRMENTAL,1,SQ_N_DYN_RESTMT_SLS_ADJSTMT,1,WI_FIN_ADJ_BOOKINGS_ACTIVE1,1,TgtPre SQL,$$STGDB.WI_FIN_ADJ_BOOKINGS_ACTIVE
wf_WI_DRR_BOOKINGS_INCRMENTAL,s_m_WI_DRR_BOOKINGS_INCRMENTAL,1,m_WI_DRR_BOOKINGS_INCRMENTAL,1,SQ_WI_FIN_ADJ_BOOKINGS_ACTIVE,2,WI_FIN_ADJ_BOOKINGS_ALL1,2,Sq Query,$$STGDB.WI_FIN_ADJ_BOOKINGS_ACTIVE
wf_WI_DRR_BOOKINGS_INCRMENTAL,s_m_WI_DRR_BOOKINGS_INCRMENTAL,1,m_WI_DRR_BOOKINGS_INCRMENTAL,1,SQ_WI_FIN_ADJ_BOOKINGS_ACTIVE,2,WI_FIN_ADJ_BOOKINGS_ALL1,2,Sq Query,$$ETLVWDB.WI_DRR_PROCESS_CONTROL
wf_WI_DRR_BOOKINGS_INCRMENTAL,s_m_WI_DRR_BOOKINGS_INCRMENTAL,1,m_WI_DRR_BOOKINGS_INCRMENTAL,1,SQ_WI_FIN_ADJ_BOOKINGS_ACTIVE,2,WI_FIN_ADJ_BOOKINGS_ALL1,2,Sq Query,$$SLSORDVWDB.N_BOOKINGS_MEASURE
wf_WI_DRR_BOOKINGS_INCRMENTAL,s_m_WI_DRR_BOOKINGS_INCRMENTAL,1,m_WI_DRR_BOOKINGS_INCRMENTAL,1,SQ_WI_FIN_ADJ_BOOKINGS_ACTIVE,2,WI_FIN_ADJ_BOOKINGS_ALL1,2,Sq Query,$$COMREFVWDB.R_FISCAL_DAY_TO_YEAR
wf_WI_DRR_BOOKINGS_INCRMENTAL,s_m_WI_DRR_BOOKINGS_INCRMENTAL,1,m_WI_DRR_BOOKINGS_INCRMENTAL,1,SQ_WI_FIN_ADJ_BOOKINGS_ACTIVE,2,WI_FIN_ADJ_BOOKINGS_ALL1,2,Sq Query,$$COMREFVWDB.R_SALES_HIERARCHY
wf_WI_DRR_BOOKINGS_INCRMENTAL,s_m_WI_DRR_BOOKINGS_INCRMENTAL,1,m_WI_DRR_BOOKINGS_INCRMENTAL,1,SQ_WI_FIN_ADJ_BOOKINGS_ACTIVE,2,WI_FIN_ADJ_BOOKINGS_ALL1,2,TgtPre SQL,$$STGDB.WI_FIN_ADJ_BOOKINGS_ALL
wf_WI_DRR_BOOKINGS_INCRMENTAL,s_m_WI_DRR_BOOKINGS_INCRMENTAL,1,m_WI_DRR_BOOKINGS_INCRMENTAL,1,SQ_N_BOOKINGS_MEASURE,3,WI_DRR_BOOKINGS_MEASURE_INCR1,3,Sq Query,$$SLSORDVWDB.N_BOOKINGS_MEASURE
wf_WI_DRR_BOOKINGS_INCRMENTAL,s_m_WI_DRR_BOOKINGS_INCRMENTAL,1,m_WI_DRR_BOOKINGS_INCRMENTAL,1,SQ_N_BOOKINGS_MEASURE,3,WI_DRR_BOOKINGS_MEASURE_INCR1,3,Sq Query,$$ETLVWDB.WI_DRR_PROCESS_CONTROL
wf_WI_DRR_BOOKINGS_INCRMENTAL,s_m_WI_DRR_BOOKINGS_INCRMENTAL,1,m_WI_DRR_BOOKINGS_INCRMENTAL,1,SQ_N_BOOKINGS_MEASURE,3,WI_DRR_BOOKINGS_MEASURE_INCR1,3,TgtPre SQL,$$STGDB.WI_DRR_BOOKINGS_MEASURE_INCR
wf_WI_DRR_BOOKINGS_INCRMENTAL,s_m_WI_DRR_BOOKINGS_INCRMENTAL,1,m_WI_DRR_BOOKINGS_INCRMENTAL,1,SQ_MT_SLS_ACNT_RSTD_MSR_DRR_NG,4,WI_DRR_MT_SLS_ACNT_RSTD_INCR1,4,Sq Query,$$SLSORDVWDB.MT_SLS_ACNT_RSTD_MSR_DRR_NG
wf_WI_DRR_BOOKINGS_INCRMENTAL,s_m_WI_DRR_BOOKINGS_INCRMENTAL,1,m_WI_DRR_BOOKINGS_INCRMENTAL,1,SQ_MT_SLS_ACNT_RSTD_MSR_DRR_NG,4,WI_DRR_MT_SLS_ACNT_RSTD_INCR1,4,Sq Query,$$STGDB.WI_DRR_SYSVIEW_PARTY
wf_WI_DRR_BOOKINGS_INCRMENTAL,s_m_WI_DRR_BOOKINGS_INCRMENTAL,1,m_WI_DRR_BOOKINGS_INCRMENTAL,1,SQ_MT_SLS_ACNT_RSTD_MSR_DRR_NG,4,WI_DRR_MT_SLS_ACNT_RSTD_INCR1,4,Sq Query,$$COMREFVWDB.N_REPLACEMENT_CUST_PARTY
wf_WI_DRR_BOOKINGS_INCRMENTAL,s_m_WI_DRR_BOOKINGS_INCRMENTAL,1,m_WI_DRR_BOOKINGS_INCRMENTAL,1,SQ_MT_SLS_ACNT_RSTD_MSR_DRR_NG,4,WI_DRR_MT_SLS_ACNT_RSTD_INCR1,4,Sq Query,$$STGDB.WI_DRR_SYSVW_PARTY_OWN_TER_CHK
wf_WI_DRR_BOOKINGS_INCRMENTAL,s_m_WI_DRR_BOOKINGS_INCRMENTAL,1,m_WI_DRR_BOOKINGS_INCRMENTAL,1,SQ_MT_SLS_ACNT_RSTD_MSR_DRR_NG,4,WI_DRR_MT_SLS_ACNT_RSTD_INCR1,4,Sq Query,$$STGDB.WI_DRR_PL_DELTA
wf_WI_DRR_BOOKINGS_INCRMENTAL,s_m_WI_DRR_BOOKINGS_INCRMENTAL,1,m_WI_DRR_BOOKINGS_INCRMENTAL,1,SQ_MT_SLS_ACNT_RSTD_MSR_DRR_NG,4,WI_DRR_MT_SLS_ACNT_RSTD_INCR1,4,Sq Query,$$COMREFVWDB.R_SALES_HIERARCHY
wf_WI_DRR_BOOKINGS_INCRMENTAL,s_m_WI_DRR_BOOKINGS_INCRMENTAL,1,m_WI_DRR_BOOKINGS_INCRMENTAL,1,SQ_MT_SLS_ACNT_RSTD_MSR_DRR_NG,4,WI_DRR_MT_SLS_ACNT_RSTD_INCR1,4,Sq Query,$$STGDB.WI_DRR_SYSVIEW_PARTY_BKP
wf_WI_DRR_BOOKINGS_INCRMENTAL,s_m_WI_DRR_BOOKINGS_INCRMENTAL,1,m_WI_DRR_BOOKINGS_INCRMENTAL,1,SQ_MT_SLS_ACNT_RSTD_MSR_DRR_NG,4,WI_DRR_MT_SLS_ACNT_RSTD_INCR1,4,Sq Query,$$STGDB.WI_PARTNER_CHANGE
wf_WI_DRR_BOOKINGS_INCRMENTAL,s_m_WI_DRR_BOOKINGS_INCRMENTAL,1,m_WI_DRR_BOOKINGS_INCRMENTAL,1,SQ_MT_SLS_ACNT_RSTD_MSR_DRR_NG,4,WI_DRR_MT_SLS_ACNT_RSTD_INCR1,4,Sq Query,$$SLSORDVWDB.N_BOOKINGS_MEASURE
wf_WI_DRR_BOOKINGS_INCRMENTAL,s_m_WI_DRR_BOOKINGS_INCRMENTAL,1,m_WI_DRR_BOOKINGS_INCRMENTAL,1,SQ_MT_SLS_ACNT_RSTD_MSR_DRR_NG,4,WI_DRR_MT_SLS_ACNT_RSTD_INCR1,4,Sq Query,$$SLSORDVWDB.N_BOOKINGS_CHANNEL_MEASURE
wf_WI_DRR_BOOKINGS_INCRMENTAL,s_m_WI_DRR_BOOKINGS_INCRMENTAL,1,m_WI_DRR_BOOKINGS_INCRMENTAL,1,SQ_MT_SLS_ACNT_RSTD_MSR_DRR_NG,4,WI_DRR_MT_SLS_ACNT_RSTD_INCR1,4,Sq Query,$$COMREFVWDB.MT_PARTNER_HIERARCHY
wf_WI_DRR_BOOKINGS_INCRMENTAL,s_m_WI_DRR_BOOKINGS_INCRMENTAL,1,m_WI_DRR_BOOKINGS_INCRMENTAL,1,SQ_MT_SLS_ACNT_RSTD_MSR_DRR_NG,4,WI_DRR_MT_SLS_ACNT_RSTD_INCR1,4,Sq Query,$$COMREFVWDB.MT_ERP_POS_ENDCUST
wf_WI_DRR_BOOKINGS_INCRMENTAL,s_m_WI_DRR_BOOKINGS_INCRMENTAL,1,m_WI_DRR_BOOKINGS_INCRMENTAL,1,SQ_MT_SLS_ACNT_RSTD_MSR_DRR_NG,4,WI_DRR_MT_SLS_ACNT_RSTD_INCR1,4,Sq Query,$$COMREFVWDB.R_FISCAL_DAY_TO_YEAR
wf_WI_DRR_BOOKINGS_INCRMENTAL,s_m_WI_DRR_BOOKINGS_INCRMENTAL,1,m_WI_DRR_BOOKINGS_INCRMENTAL,1,SQ_MT_SLS_ACNT_RSTD_MSR_DRR_NG,4,WI_DRR_MT_SLS_ACNT_RSTD_INCR1,4,Sq Query,$$COMREFVWDB.MT_ERP_POS_SHIPTO
wf_WI_DRR_BOOKINGS_INCRMENTAL,s_m_WI_DRR_BOOKINGS_INCRMENTAL,1,m_WI_DRR_BOOKINGS_INCRMENTAL,1,SQ_MT_SLS_ACNT_RSTD_MSR_DRR_NG,4,WI_DRR_MT_SLS_ACNT_RSTD_INCR1,4,Sq Query,$$COMREFVWDB.R_SALES_HIERARCHY_TV
wf_WI_DRR_BOOKINGS_INCRMENTAL,s_m_WI_DRR_BOOKINGS_INCRMENTAL,1,m_WI_DRR_BOOKINGS_INCRMENTAL,1,SQ_MT_SLS_ACNT_RSTD_MSR_DRR_NG,4,WI_DRR_MT_SLS_ACNT_RSTD_INCR1,4,TgtPre SQL,$$STGDB.WI_DRR_MT_SLS_ACNT_RSTD_INCR
wf_WI_DRR_BOOKINGS_INCRMENTAL,s_m_WI_DRR_BOOKINGS_INCRMENTAL,1,m_WI_DRR_BOOKINGS_INCRMENTAL,1,SQ_MT_NAMD_ACNT_BKGS_MEASURE,5,WI_DRR_BOOKINGS_INCRMENTAL,5,Sq Query,$$SLSORDVWDB.MT_NAMD_ACNT_BKGS_MEASURE
wf_WI_DRR_BOOKINGS_INCRMENTAL,s_m_WI_DRR_BOOKINGS_INCRMENTAL,1,m_WI_DRR_BOOKINGS_INCRMENTAL,1,SQ_MT_NAMD_ACNT_BKGS_MEASURE,5,WI_DRR_BOOKINGS_INCRMENTAL,5,Sq Query,$$ETLVWDB.WI_DRR_PROCESS_CONTROL
wf_WI_DRR_BOOKINGS_INCRMENTAL,s_m_WI_DRR_BOOKINGS_INCRMENTAL,1,m_WI_DRR_BOOKINGS_INCRMENTAL,1,SQ_MT_NAMD_ACNT_BKGS_MEASURE,5,WI_DRR_BOOKINGS_INCRMENTAL,5,Sq Query,$$SLSORDVWDB.N_BOOKINGS_MEASURE
wf_WI_DRR_BOOKINGS_INCRMENTAL,s_m_WI_DRR_BOOKINGS_INCRMENTAL,1,m_WI_DRR_BOOKINGS_INCRMENTAL,1,SQ_MT_NAMD_ACNT_BKGS_MEASURE,5,WI_DRR_BOOKINGS_INCRMENTAL,5,Sq Query,$$COMREFVWDB.R_SALES_HIERARCHY
wf_WI_DRR_BOOKINGS_INCRMENTAL,s_m_WI_DRR_BOOKINGS_INCRMENTAL,1,m_WI_DRR_BOOKINGS_INCRMENTAL,1,SQ_MT_NAMD_ACNT_BKGS_MEASURE,5,WI_DRR_BOOKINGS_INCRMENTAL,5,TgtPre SQL,$$STGDB.WI_DRR_BOOKINGS_INCRMENTAL
wf_WI_DRR_BOOKINGS_INCRMENTAL,s_m_WI_DRR_BOOKINGS_INCRMENTAL,1,m_WI_DRR_BOOKINGS_INCRMENTAL,1,SQ_WI_DRR_BOOKINGS_MEASURE_INCR,6,WI_DRR_BOOKINGS_INCRMENTAL1,6,Sq Query,$$STGDB.WI_DRR_BOOKINGS_MEASURE_INCR
wf_WI_DRR_BOOKINGS_INCRMENTAL,s_m_WI_DRR_BOOKINGS_INCRMENTAL,1,m_WI_DRR_BOOKINGS_INCRMENTAL,1,SQ_WI_DRR_BOOKINGS_MEASURE_INCR,6,WI_DRR_BOOKINGS_INCRMENTAL1,6,Sq Query,$$SLSORDVWDB.MT_NAMD_ACNT_BKGS_MEASURE
wf_WI_DRR_BOOKINGS_INCRMENTAL,s_m_WI_DRR_BOOKINGS_INCRMENTAL,1,m_WI_DRR_BOOKINGS_INCRMENTAL,1,SQ_WI_DRR_BOOKINGS_MEASURE_INCR,6,WI_DRR_BOOKINGS_INCRMENTAL1,6,Sq Query,$$COMREFVWDB.R_SALES_HIERARCHY
wf_WI_DRR_BOOKINGS_INCRMENTAL,s_m_WI_DRR_BOOKINGS_INCRMENTAL,1,m_WI_DRR_BOOKINGS_INCRMENTAL,1,SQ_WI_DRR_BOOKINGS_MEASURE_INCR,6,WI_DRR_BOOKINGS_INCRMENTAL1,6,TgtPre SQL,$$STGDB.WI_DRR_BOOKINGS_MEASURE_INCR
wf_WI_DRR_BOOKINGS_INCRMENTAL,s_m_WI_DRR_BOOKINGS_INCRMENTAL,1,m_WI_DRR_BOOKINGS_INCRMENTAL,1,SQ_WI_DRR_BOOKINGS_MEASURE_INCR,6,WI_DRR_BOOKINGS_INCRMENTAL1,6,TgtPre SQL,$$STGDB.WI_DRR_BOOKINGS_INCRMENTAL
wf_WI_DRR_BOOKINGS_INCRMENTAL,s_m_WI_DRR_BOOKINGS_INCRMENTAL,1,m_WI_DRR_BOOKINGS_INCRMENTAL,1,SQ_WI_DRR_MT_SLS_ACNT_RSTD_INCR,7,WI_DRR_BOOKINGS_INCRMENTAL2,7,Sq Query,$$STGDB.WI_DRR_MT_SLS_ACNT_RSTD_INCR
wf_WI_DRR_BOOKINGS_INCRMENTAL,s_m_WI_DRR_BOOKINGS_INCRMENTAL,1,m_WI_DRR_BOOKINGS_INCRMENTAL,1,SQ_WI_DRR_MT_SLS_ACNT_RSTD_INCR,7,WI_DRR_BOOKINGS_INCRMENTAL2,7,Sq Query,$$ETLVWDB.WI_DRR_PROCESS_CONTROL
wf_WI_DRR_BOOKINGS_INCRMENTAL,s_m_WI_DRR_BOOKINGS_INCRMENTAL,1,m_WI_DRR_BOOKINGS_INCRMENTAL,1,SQ_WI_DRR_MT_SLS_ACNT_RSTD_INCR,7,WI_DRR_BOOKINGS_INCRMENTAL2,7,Sq Query,$$SLSORDVWDB.N_BOOKINGS_MEASURE
wf_WI_DRR_BOOKINGS_INCRMENTAL,s_m_WI_DRR_BOOKINGS_INCRMENTAL,1,m_WI_DRR_BOOKINGS_INCRMENTAL,1,SQ_WI_DRR_MT_SLS_ACNT_RSTD_INCR,7,WI_DRR_BOOKINGS_INCRMENTAL2,7,Sq Query,$$SLSORDVWDB.MT_NAMD_ACNT_BKGS_MEASURE
wf_WI_DRR_BOOKINGS_INCRMENTAL,s_m_WI_DRR_BOOKINGS_INCRMENTAL,1,m_WI_DRR_BOOKINGS_INCRMENTAL,1,SQ_WI_DRR_MT_SLS_ACNT_RSTD_INCR,7,WI_DRR_BOOKINGS_INCRMENTAL2,7,Sq Query,$$COMREFVWDB.R_SALES_HIERARCHY
wf_WI_DRR_BOOKINGS_INCRMENTAL,s_m_WI_DRR_BOOKINGS_INCRMENTAL,1,m_WI_DRR_BOOKINGS_INCRMENTAL,1,SQ_WI_DRR_MT_SLS_ACNT_RSTD_INCR,7,WI_DRR_BOOKINGS_INCRMENTAL2,7,Sq Query,$$COMREFVWDB.R_FISCAL_DAY_TO_YEAR
wf_WI_DRR_BOOKINGS_INCRMENTAL,s_m_WI_DRR_BOOKINGS_INCRMENTAL,1,m_WI_DRR_BOOKINGS_INCRMENTAL,1,SQ_WI_DRR_MT_SLS_ACNT_RSTD_INCR,7,WI_DRR_BOOKINGS_INCRMENTAL2,7,TgtPre SQL,$$STGDB.WI_DRR_MT_SLS_ACNT_RSTD_INCR
wf_WI_DRR_BOOKINGS_INCRMENTAL,s_m_WI_DRR_BOOKINGS_INCRMENTAL,1,m_WI_DRR_BOOKINGS_INCRMENTAL,1,SQ_WI_DRR_MT_SLS_ACNT_RSTD_INCR,7,WI_DRR_BOOKINGS_INCRMENTAL2,7,TgtPre SQL,$$STGDB.WI_DRR_BOOKINGS_INCRMENTAL
wf_WI_DRR_BOOKINGS_INCRMENTAL,s_m_WI_DRR_BOOKINGS_INCRMENTAL,1,m_WI_DRR_BOOKINGS_INCRMENTAL,1,SQ_WI_FIN_ADJ_BOOKINGS_ALL,8,WI_DRR_BOOKINGS_INCRMENTAL3,8,Sq Query,$$STGDB.WI_FIN_ADJ_BOOKINGS_ALL
wf_WI_DRR_BOOKINGS_INCRMENTAL,s_m_WI_DRR_BOOKINGS_INCRMENTAL,1,m_WI_DRR_BOOKINGS_INCRMENTAL,1,SQ_WI_FIN_ADJ_BOOKINGS_ALL,8,WI_DRR_BOOKINGS_INCRMENTAL3,8,TgtPre SQL,$$STGDB.WI_DRR_BOOKINGS_INCRMENTAL
wf_WI_DRR_BOOKINGS_INCRMENTAL,s_m_WI_DRR_BOOKINGS_INCRMENTAL,1,m_WI_DRR_BOOKINGS_INCRMENTAL,1,SQ_WI_FIN_ADJ_BOOKINGS_ALL,8,WI_DRR_BOOKINGS_INCRMENTAL3,8,TgtPre SQL,$$STGDB.WI_FIN_ADJ_BOOKINGS_ALL
wf_WI_FIN_ADJ_DRR,s_m_WI_FIN_ADJ_DRR,1,m_WI_FIN_ADJ_DRR,1,SQ_ST_FIN_ADJ_DRR_UPLOAD,1,WI_FIN_ADJ_DRR,1,SrcPre SQL,$$STGDB.WI_FIN_ADJ_DRR
wf_WI_FIN_ADJ_DRR,s_m_WI_FIN_ADJ_DRR,1,m_WI_FIN_ADJ_DRR,1,SQ_ST_FIN_ADJ_DRR_UPLOAD,1,WI_FIN_ADJ_DRR,1,SrcPre SQL,$$STGDB.ST_FIN_ADJ_DRR_UPLOAD
wf_WI_FIN_ADJ_DRR,s_m_WI_FIN_ADJ_DRR,1,m_WI_FIN_ADJ_DRR,1,SQ_ST_FIN_ADJ_DRR_UPLOAD,1,WI_FIN_ADJ_DRR,1,Sq Query,$$STGDB.ST_FIN_ADJ_DRR_UPLOAD
wf_WI_FIN_ADJ_DRR,s_m_WI_FIN_ADJ_DRR,1,m_WI_FIN_ADJ_DRR,1,SQ_ST_FIN_ADJ_DRR_UPLOAD,1,WI_FIN_ADJ_DRR,1,Sq Query,$$STGDB.ST_FIN_ADJ_UPLOAD_AUD
wf_WI_FIN_ADJ_DRR,s_m_WI_FIN_ADJ_DRR,1,m_WI_FIN_ADJ_DRR,1,SQ_ST_FIN_ADJ_DRR_UPLOAD,1,WI_FIN_ADJ_DRR,1,TgtPost SQL,$$STGDB.ST_FIN_ADJ_UPLOAD_AUD
wf_WI_FIN_ADJ_DRR,s_m_WI_FIN_ADJ_DRR,1,m_WI_FIN_ADJ_DRR,1,SQ_ST_FIN_ADJ_DRR_UPLOAD,1,WI_FIN_ADJ_DRR,1,TgtPost SQL,$$STGDB.WI_FIN_ADJ_DRR
wf_WI_FIN_ADJ_DRR_NG_1,s_m_WI_FIN_ADJ_DRR_NG_1,1,m_WI_FIN_ADJ_DRR_NG_1,1,SQ_WI_FIN_ADJ_DRR_NG_1,1,WI_FIN_ADJ_DRR_NG_1,1,SrcPre SQL,$$STGDB.WI_FIN_ADJ_DRR_NG_1
wf_WI_FIN_ADJ_DRR_NG_1,s_m_WI_FIN_ADJ_DRR_NG_1,1,m_WI_FIN_ADJ_DRR_NG_1,1,SQ_WI_FIN_ADJ_DRR_NG_1,1,WI_FIN_ADJ_DRR_NG_1,1,Sq Query,$$STGDB.WI_FIN_ADJ_DRR
wf_WI_FIN_ADJ_DRR_NG_1,s_m_WI_FIN_ADJ_DRR_NG_1,1,m_WI_FIN_ADJ_DRR_NG_1,1,SQ_WI_FIN_ADJ_DRR_NG_1,1,WI_FIN_ADJ_DRR_NG_1,1,Sq Query,$$COMREFVWDB.N_CISCO_WORKER_PARTY
wf_WI_FIN_ADJ_DRR_NG_1,s_m_WI_FIN_ADJ_DRR_NG_1,1,m_WI_FIN_ADJ_DRR_NG_1,1,SQ_WI_FIN_ADJ_DRR_NG_1,1,WI_FIN_ADJ_DRR_NG_1,1,Sq Query,$$STGDB.WI_DRR_FIN_ADJ_RULE
wf_WI_FIN_ADJ_DRR_NG_1,s_m_WI_FIN_ADJ_DRR_NG_1,1,m_WI_FIN_ADJ_DRR_NG_1,1,SQ_WI_FIN_ADJ_DRR_NG_1,1,WI_FIN_ADJ_DRR_NG_1,1,Sq Query,$$SLSORDVWDB.N_DYN_RESTMT_SLS_ADJ_UPLD
wf_WI_FIN_ADJ_DRR_NG_3,s_m_WI_FIN_ADJ_DRR_NG_3,1,m_WI_FIN_ADJ_DRR_NG_3,1,SQ_WI_FIN_ADJ_DRR_NG_2_EPXA,1,WI_FIN_ADJ_DRR_NG_3EPXA,1,SrcPre SQL,$$STGDB.WI_FIN_ADJ_DRR_NG_3
wf_WI_FIN_ADJ_DRR_NG_3,s_m_WI_FIN_ADJ_DRR_NG_3,1,m_WI_FIN_ADJ_DRR_NG_3,1,SQ_WI_FIN_ADJ_DRR_NG_2_EPXA,1,WI_FIN_ADJ_DRR_NG_3EPXA,1,Sq Query,$$STGDB.WI_FIN_ADJ_DRR_NG_2
wf_WI_FIN_ADJ_DRR_NG_3,s_m_WI_FIN_ADJ_DRR_NG_3,1,m_WI_FIN_ADJ_DRR_NG_3,1,SQ_WI_FIN_ADJ_DRR_NG_2_EPXA,1,WI_FIN_ADJ_DRR_NG_3EPXA,1,Sq Query,$$STGDB.WI_DRR_FIN_ADJ_RULE
wf_WI_FIN_ADJ_DRR_NG_3,s_m_WI_FIN_ADJ_DRR_NG_3,1,m_WI_FIN_ADJ_DRR_NG_3,1,SQ_WI_FIN_ADJ_DRR_NG_2_EPXA,1,WI_FIN_ADJ_DRR_NG_3EPXA,1,Sq Query,$$COMREFVWDB.N_PARTY
wf_WI_FIN_ADJ_DRR_NG_3,s_m_WI_FIN_ADJ_DRR_NG_3,1,m_WI_FIN_ADJ_DRR_NG_3,1,SQ_WI_FIN_ADJ_DRR_NG_2_EPXA,1,WI_FIN_ADJ_DRR_NG_3EPXA,1,Sq Query,$$COMREFVWDB.N_SLS_ACCT_GROUP_SAV_PARTY_TV
wf_WI_FIN_ADJ_DRR_NG_3,s_m_WI_FIN_ADJ_DRR_NG_3,1,m_WI_FIN_ADJ_DRR_NG_3,1,SQ_WI_FIN_ADJ_DRR_NG_2_EPXA,1,WI_FIN_ADJ_DRR_NG_3EPXA,1,Sq Query,$$COMREFVWDB.N_SA_GRPCSTPTY_LNKSYSVW_TV
wf_WI_FIN_ADJ_DRR_NG_3,s_m_WI_FIN_ADJ_DRR_NG_3,1,m_WI_FIN_ADJ_DRR_NG_3,1,SQ_WI_FIN_ADJ_DRR_NG_2_EPXA,1,WI_FIN_ADJ_DRR_NG_3EPXA,1,Sq Query,$$COMREFVWDB.R_SALES_HIERARCHY
wf_WI_FIN_ADJ_DRR_NG_3,s_m_WI_FIN_ADJ_DRR_NG_3,1,m_WI_FIN_ADJ_DRR_NG_3,1,SQ_WI_FIN_ADJ_DRR_NG_2_SLSADJ_FAIL,2,WI_FIN_ADJ_DRR_NG_3SLS_ADJ_FAIL,2,Sq Query,$$STGDB.WI_FIN_ADJ_DRR_NG_2
wf_WI_FIN_ADJ_DRR_NG_3,s_m_WI_FIN_ADJ_DRR_NG_3,1,m_WI_FIN_ADJ_DRR_NG_3,1,SQ_WI_FIN_ADJ_DRR_NG_2_SLSADJ_FAIL,2,WI_FIN_ADJ_DRR_NG_3SLS_ADJ_FAIL,2,Sq Query,$$STGDB.WI_DRR_FIN_ADJ_RULE
wf_WI_FIN_ADJ_DRR_NG_3,s_m_WI_FIN_ADJ_DRR_NG_3,1,m_WI_FIN_ADJ_DRR_NG_3,1,SQ_WI_FIN_ADJ_DRR_NG_2_SLSADJ_FAIL,2,WI_FIN_ADJ_DRR_NG_3SLS_ADJ_FAIL,2,Sq Query,$$COMREFVWDB.N_PARTY
wf_WI_FIN_ADJ_DRR_NG_3,s_m_WI_FIN_ADJ_DRR_NG_3,1,m_WI_FIN_ADJ_DRR_NG_3,1,SQ_WI_FIN_ADJ_DRR_NG_2_SLSADJ_FAIL,2,WI_FIN_ADJ_DRR_NG_3SLS_ADJ_FAIL,2,Sq Query,$$COMREFVWDB.N_SLS_ACCT_GROUP_SAV_PARTY_TV
wf_WI_FIN_ADJ_DRR_NG_3,s_m_WI_FIN_ADJ_DRR_NG_3,1,m_WI_FIN_ADJ_DRR_NG_3,1,SQ_WI_FIN_ADJ_DRR_NG_2_SLSADJ_FAIL,2,WI_FIN_ADJ_DRR_NG_3SLS_ADJ_FAIL,2,Sq Query,$$COMREFVWDB.N_SA_GRPCSTPTY_LNKSYSVW_TV
wf_WI_FIN_ADJ_DRR_NG_3,s_m_WI_FIN_ADJ_DRR_NG_3,1,m_WI_FIN_ADJ_DRR_NG_3,1,SQ_WI_FIN_ADJ_DRR_NG_2_SLSADJ_FAIL,2,WI_FIN_ADJ_DRR_NG_3SLS_ADJ_FAIL,2,Sq Query,$$COMREFVWDB.R_SALES_HIERARCHY
wf_WI_FIN_ADJ_DRR_NG_3,s_m_WI_FIN_ADJ_DRR_NG_3,1,m_WI_FIN_ADJ_DRR_NG_3,1,SQ_WI_FIN_ADJ_DRR_NG_2_SLSADJ_FAIL,2,WI_FIN_ADJ_DRR_NG_3SLS_ADJ_FAIL,2,Sq Query,$$SLSORDVWDB.N_SALES_ADJUSTMENT_LINE
wf_WI_FIN_ADJ_DRR_NG_3,s_m_WI_FIN_ADJ_DRR_NG_3,1,m_WI_FIN_ADJ_DRR_NG_3,1,SQ_WI_FIN_ADJ_DRR_NG_2_SLSADJ_FAIL,2,WI_FIN_ADJ_DRR_NG_3SLS_ADJ_FAIL,2,Sq Query,$$SLSORDVWDB.N_SALES_ADJUSTMENT
wf_W_DYN_RESTMT_SLS_ADJUSTMENT,s_m_W_DYN_RESTMT_SLS_ADJUSTMENT,1,m_W_DYN_RESTMT_SLS_ADJUSTMENT,1,SQ_N_DYN_RESTMT_SLS_ADJ_UPLD,1,WI_DYN_RESTMT_SLS_ADJSTMT,1,SrcPre SQL,$$STGDB.WI_DYN_RESTMT_SLS_ADJSTMT
wf_W_DYN_RESTMT_SLS_ADJUSTMENT,s_m_W_DYN_RESTMT_SLS_ADJUSTMENT,1,m_W_DYN_RESTMT_SLS_ADJUSTMENT,1,SQ_N_DYN_RESTMT_SLS_ADJ_UPLD,1,WI_DYN_RESTMT_SLS_ADJSTMT,1,Sq Query,$$SLSORDVWDB.N_DYN_RESTMT_SLS_ADJ_UPLD
wf_W_DYN_RESTMT_SLS_ADJUSTMENT,s_m_W_DYN_RESTMT_SLS_ADJUSTMENT,1,m_W_DYN_RESTMT_SLS_ADJUSTMENT,1,SQ_N_DYN_RESTMT_SLS_ADJ_UPLD,1,WI_DYN_RESTMT_SLS_ADJSTMT,1,Sq Query,$$ETLVWDB.DW_JOB_STREAMS
wf_W_DYN_RESTMT_SLS_ADJUSTMENT,s_m_W_DYN_RESTMT_SLS_ADJUSTMENT,1,m_W_DYN_RESTMT_SLS_ADJUSTMENT,1,SQ_N_DYN_RESTMT_SLS_ADJ_UPLD,1,WI_DYN_RESTMT_SLS_ADJSTMT,1,TgtPost SQL,$$STGDB.WI_DYN_RESTMT_SLS_ADJSTMT
wf_W_DYN_RESTMT_SLS_ADJUSTMENT,s_m_W_DYN_RESTMT_SLS_ADJUSTMENT,1,m_W_DYN_RESTMT_SLS_ADJUSTMENT,1,SQ_N_DYN_RESTMT_SLS_ADJ_UPLD,1,WI_DYN_RESTMT_SLS_ADJSTMT,1,TgtPost SQL,$$FINLGLVWDB.N_AR_TRX_LINE
wf_W_DYN_RESTMT_SLS_ADJUSTMENT,s_m_W_DYN_RESTMT_SLS_ADJUSTMENT,1,m_W_DYN_RESTMT_SLS_ADJUSTMENT,1,SQ_N_DYN_RESTMT_SLS_ADJ_UPLD,1,WI_DYN_RESTMT_SLS_ADJSTMT,1,TgtPost SQL,$$FINLGLVWDB.N_REVENUE_TRANSFER
wf_W_DYN_RESTMT_SLS_ADJUSTMENT,s_m_W_DYN_RESTMT_SLS_ADJUSTMENT,1,m_W_DYN_RESTMT_SLS_ADJUSTMENT,1,SQ_N_DYN_RESTMT_SLS_ADJ_UPLD,1,WI_DYN_RESTMT_SLS_ADJSTMT,1,TgtPost SQL,$$SLSORDVWDB.N_XAAS_SO_SBSCR_ITM_SLS_TRX
wf_W_DYN_RESTMT_SLS_ADJUSTMENT,s_m_W_DYN_RESTMT_SLS_ADJUSTMENT,1,m_W_DYN_RESTMT_SLS_ADJUSTMENT,1,SQ_N_DYN_RESTMT_SLS_ADJ_UPLD,1,WI_DYN_RESTMT_SLS_ADJSTMT,1,TgtPost SQL,$$COMREFVWDB.N_PARTY
wf_W_DYN_RESTMT_SLS_ADJUSTMENT,s_m_W_DYN_RESTMT_SLS_ADJUSTMENT,1,m_W_DYN_RESTMT_SLS_ADJUSTMENT,1,SQ_N_DYN_RESTMT_SLS_ADJ_UPLD,1,WI_DYN_RESTMT_SLS_ADJSTMT,1,TgtPost SQL,$$COMREFVWDB.MT_SLS_ACCT_GROUP_SAV_PARTY
wf_W_DYN_RESTMT_SLS_ADJUSTMENT,s_m_W_DYN_RESTMT_SLS_ADJUSTMENT,1,m_W_DYN_RESTMT_SLS_ADJUSTMENT,1,SQ_N_DYN_RESTMT_SLS_ADJ_UPLD,1,WI_DYN_RESTMT_SLS_ADJSTMT,1,TgtPost SQL,$$COMREFVWDB.R_SALES_HIERARCHY
wf_W_DYN_RESTMT_SLS_ADJUSTMENT,s_m_W_DYN_RESTMT_SLS_ADJUSTMENT,1,m_W_DYN_RESTMT_SLS_ADJUSTMENT,1,SQ_N_DYN_RESTMT_SLS_ADJ_UPLD,1,WI_DYN_RESTMT_SLS_ADJSTMT,1,TgtPost SQL,$$COMREFVWDB.N_CISCO_WORKER_PARTY_TV
wf_W_DYN_RESTMT_SLS_ADJUSTMENT,s_m_W_DYN_RESTMT_SLS_ADJUSTMENT,1,m_W_DYN_RESTMT_SLS_ADJUSTMENT,1,SQ_WI_DYN_RESTMT_SLS_ADJSTMT,2,WI_DYN_RESTMT_SLS_ADJSTMT_ERP,2,SrcPre SQL,$$STGDB.WI_DYN_RESTMT_SLS_ADJSTMT_ERP
wf_W_DYN_RESTMT_SLS_ADJUSTMENT,s_m_W_DYN_RESTMT_SLS_ADJUSTMENT,1,m_W_DYN_RESTMT_SLS_ADJUSTMENT,1,SQ_WI_DYN_RESTMT_SLS_ADJSTMT,2,WI_DYN_RESTMT_SLS_ADJSTMT_ERP,2,Sq Query,$$STGDB.WI_DYN_RESTMT_SLS_ADJSTMT
wf_W_DYN_RESTMT_SLS_ADJUSTMENT,s_m_W_DYN_RESTMT_SLS_ADJUSTMENT,1,m_W_DYN_RESTMT_SLS_ADJUSTMENT,1,SQ_WI_DYN_RESTMT_SLS_ADJSTMT,2,WI_DYN_RESTMT_SLS_ADJSTMT_ERP,2,Sq Query,$$SLSORDVWDB.N_SALES_ORDER_LINE
wf_W_DYN_RESTMT_SLS_ADJUSTMENT,s_m_W_DYN_RESTMT_SLS_ADJUSTMENT,1,m_W_DYN_RESTMT_SLS_ADJUSTMENT,1,SQ_WI_DYN_RESTMT_SLS_ADJSTMT_ERP1,3,WI_DYN_RESTMT_SLS_ADJSTMT_FNL,3,SrcPre SQL,$$STGDB.WI_DYN_RESTMT_SLS_ADJSTMT_FNL
wf_W_DYN_RESTMT_SLS_ADJUSTMENT,s_m_W_DYN_RESTMT_SLS_ADJUSTMENT,1,m_W_DYN_RESTMT_SLS_ADJUSTMENT,1,SQ_WI_DYN_RESTMT_SLS_ADJSTMT_ERP1,3,WI_DYN_RESTMT_SLS_ADJSTMT_FNL,3,Sq Query,$$STGDB.WI_DYN_RESTMT_SLS_ADJSTMT
wf_W_DYN_RESTMT_SLS_ADJUSTMENT,s_m_W_DYN_RESTMT_SLS_ADJUSTMENT,1,m_W_DYN_RESTMT_SLS_ADJUSTMENT,1,SQ_WI_DYN_RESTMT_SLS_ADJSTMT_ERP1,3,WI_DYN_RESTMT_SLS_ADJSTMT_FNL,3,Sq Query,$$SLSORDVWDB.N_BKGS_MEASURE
wf_W_DYN_RESTMT_SLS_ADJUSTMENT,s_m_W_DYN_RESTMT_SLS_ADJUSTMENT,1,m_W_DYN_RESTMT_SLS_ADJUSTMENT,1,SQ_WI_DYN_RESTMT_SLS_ADJSTMT_ERP1,3,WI_DYN_RESTMT_SLS_ADJSTMT_FNL,3,Sq Query,$$STGDB.WI_DYN_RESTMT_SLS_ADJSTMT_ERP
wf_W_DYN_RESTMT_SLS_ADJUSTMENT,s_m_W_DYN_RESTMT_SLS_ADJUSTMENT,1,m_W_DYN_RESTMT_SLS_ADJUSTMENT,1,SQ_WI_DYN_RESTMT_SLS_ADJSTMT_FNL_SM,4,SM_DYN_RESTMT_SLS_ADJSTMT,4,Sq Query,$$STGDB.WI_DYN_RESTMT_SLS_ADJSTMT_FNL
wf_W_DYN_RESTMT_SLS_ADJUSTMENT,s_m_W_DYN_RESTMT_SLS_ADJUSTMENT,1,m_W_DYN_RESTMT_SLS_ADJUSTMENT,1,SQ_WI_DYN_RESTMT_SLS_ADJSTMT_FNL_SM,4,SM_DYN_RESTMT_SLS_ADJSTMT,4,Sq Query,$$ETLVWDB.SM_DYN_RESTMT_SLS_ADJSTMT
wf_W_DYN_RESTMT_SLS_ADJUSTMENT,s_m_W_DYN_RESTMT_SLS_ADJUSTMENT,1,m_W_DYN_RESTMT_SLS_ADJUSTMENT,1,SQ_WI_DYN_RESTMT_SLS_ADJSTMT_FNL_W,5,W_DYN_RESTMT_SLS_ADJSTMT,5,SrcPre SQL,$$WORKDB.W_DYN_RESTMT_SLS_ADJSTMT
wf_W_DYN_RESTMT_SLS_ADJUSTMENT,s_m_W_DYN_RESTMT_SLS_ADJUSTMENT,1,m_W_DYN_RESTMT_SLS_ADJUSTMENT,1,SQ_WI_DYN_RESTMT_SLS_ADJSTMT_FNL_W,5,W_DYN_RESTMT_SLS_ADJSTMT,5,Sq Query,$$STGDB.WI_DYN_RESTMT_SLS_ADJSTMT_FNL
wf_W_DYN_RESTMT_SLS_ADJUSTMENT,s_m_W_DYN_RESTMT_SLS_ADJUSTMENT,1,m_W_DYN_RESTMT_SLS_ADJUSTMENT,1,SQ_WI_DYN_RESTMT_SLS_ADJSTMT_FNL_W,5,W_DYN_RESTMT_SLS_ADJSTMT,5,Sq Query,$$ETLVWDB.SM_DYN_RESTMT_SLS_ADJSTMT
wf_W_DYN_RESTMT_SLS_ADJUSTMENT,s_m_W_DYN_RESTMT_SLS_ADJUSTMENT,1,m_W_DYN_RESTMT_SLS_ADJUSTMENT,1,SQ_WI_DYN_RESTMT_SLS_ADJSTMT_FNL_W,5,W_DYN_RESTMT_SLS_ADJSTMT,5,Sq Query,$$SLSORDVWDB.N_DYN_RESTMT_SLS_ADJSTMT
wf_W_DYN_RESTMT_SLS_ADJUSTMENT,s_m_W_DYN_RESTMT_SLS_ADJUSTMENT,1,m_W_DYN_RESTMT_SLS_ADJUSTMENT,1,SQ_WI_DYN_RESTMT_SLS_ADJSTMT_FNL_W,5,W_DYN_RESTMT_SLS_ADJSTMT,5,TgtPost SQL,$$WORKDB.W_DYN_RESTMT_SLS_ADJSTMT
