<?xml version="1.0" encoding="UTF-8"?>
<!DOCTYPE POWERMART SYSTEM "powrmart.dtd">
<POWERMART CREATION_DATE="07/12/2017 00:42:07" REPOSITORY_VERSION="184.93">
<REPOSITORY NAME="EDW_Prod_961" VERSION="184" CODEPAGE="UTF-8" DATABASETYPE="Oracle">
<FOLDER NAME="EDWTD_2TIER" GROUP="" OWNER="infoadm" SHARED="NOTSHARED" DESCRIPTION="Folder Name : EDWTD_2Tier" PERMISSIONS="rwx---r-x" UUID="b3e96926-4eee-43ee-9085-9d69c86db49f">
    <SOURCE BUSINESSNAME ="" DATABASETYPE ="Teradata" DBDNAME ="E_SLSORD_BATCH" DESCRIPTION ="" NAME ="W_AR_TRX_2TIER_INVOICE" OBJECTVERSION ="1" OWNERNAME ="WORKDB_DV1" VERSIONNUMBER ="1">
        <SOURCEFIELD BUSINESSNAME ="" DATATYPE ="integer" DESCRIPTION ="" FIELDNUMBER ="1" FIELDPROPERTY ="0" FIELDTYPE ="ELEMITEM" HIDDEN ="NO" KEYTYPE ="PRIMARY KEY" LENGTH ="11" LEVEL ="0" NAME ="AR_TRX_2TIER_INVOICE_KEY" NULLABLE ="NOTNULL" OCCURS ="0" OFFSET ="0" PHYSICALLENGTH ="10" PHYSICALOFFSET ="0" PICTURETEXT ="" PRECISION ="10" SCALE ="0" USAGE_FLAGS =""/>
        <SOURCEFIELD BUSINESSNAME ="" DATATYPE ="decimal" DESCRIPTION ="" FIELDNUMBER ="2" FIELDPROPERTY ="0" FIELDTYPE ="ELEMITEM" HIDDEN ="NO" KEYTYPE ="NOT A KEY" LENGTH ="28" LEVEL ="0" NAME ="TWO_TIER_INVOICE_USD_AMT" NULLABLE ="NULL" OCCURS ="0" OFFSET ="11" PHYSICALLENGTH ="26" PHYSICALOFFSET ="10" PICTURETEXT ="" PRECISION ="26" SCALE ="7" USAGE_FLAGS =""/>
        <SOURCEFIELD BUSINESSNAME ="" DATATYPE ="decimal" DESCRIPTION ="" FIELDNUMBER ="3" FIELDPROPERTY ="0" FIELDTYPE ="ELEMITEM" HIDDEN ="NO" KEYTYPE ="NOT A KEY" LENGTH ="28" LEVEL ="0" NAME ="TWO_TIER_INVOICE_TRXL_AMT" NULLABLE ="NULL" OCCURS ="0" OFFSET ="39" PHYSICALLENGTH ="26" PHYSICALOFFSET ="36" PICTURETEXT ="" PRECISION ="26" SCALE ="7" USAGE_FLAGS =""/>
        <SOURCEFIELD BUSINESSNAME ="" DATATYPE ="integer" DESCRIPTION ="" FIELDNUMBER ="4" FIELDPROPERTY ="0" FIELDTYPE ="ELEMITEM" HIDDEN ="NO" KEYTYPE ="NOT A KEY" LENGTH ="11" LEVEL ="0" NAME ="AR_TRANSACTION_KEY" NULLABLE ="NOTNULL" OCCURS ="0" OFFSET ="67" PHYSICALLENGTH ="10" PHYSICALOFFSET ="62" PICTURETEXT ="" PRECISION ="10" SCALE ="0" USAGE_FLAGS =""/>
        <SOURCEFIELD BUSINESSNAME ="" DATATYPE ="char" DESCRIPTION ="" FIELDNUMBER ="5" FIELDPROPERTY ="0" FIELDTYPE ="ELEMITEM" HIDDEN ="NO" KEYTYPE ="NOT A KEY" LENGTH ="0" LEVEL ="0" NAME ="FISCAL_CALENDAR_CD" NULLABLE ="NOTNULL" OCCURS ="0" OFFSET ="78" PHYSICALLENGTH ="32" PHYSICALOFFSET ="72" PICTURETEXT ="" PRECISION ="32" SCALE ="0" USAGE_FLAGS =""/>
        <SOURCEFIELD BUSINESSNAME ="" DATATYPE ="integer" DESCRIPTION ="" FIELDNUMBER ="6" FIELDPROPERTY ="0" FIELDTYPE ="ELEMITEM" HIDDEN ="NO" KEYTYPE ="NOT A KEY" LENGTH ="11" LEVEL ="0" NAME ="FISCAL_YEAR_NUM_INT" NULLABLE ="NOTNULL" OCCURS ="0" OFFSET ="78" PHYSICALLENGTH ="10" PHYSICALOFFSET ="104" PICTURETEXT ="" PRECISION ="10" SCALE ="0" USAGE_FLAGS =""/>
        <SOURCEFIELD BUSINESSNAME ="" DATATYPE ="integer" DESCRIPTION ="" FIELDNUMBER ="7" FIELDPROPERTY ="0" FIELDTYPE ="ELEMITEM" HIDDEN ="NO" KEYTYPE ="NOT A KEY" LENGTH ="11" LEVEL ="0" NAME ="FISCAL_MONTH_NUM_INT" NULLABLE ="NOTNULL" OCCURS ="0" OFFSET ="89" PHYSICALLENGTH ="10" PHYSICALOFFSET ="114" PICTURETEXT ="" PRECISION ="10" SCALE ="0" USAGE_FLAGS =""/>
        <SOURCEFIELD BUSINESSNAME ="" DATATYPE ="char" DESCRIPTION ="" FIELDNUMBER ="8" FIELDPROPERTY ="0" FIELDTYPE ="ELEMITEM" HIDDEN ="NO" KEYTYPE ="NOT A KEY" LENGTH ="0" LEVEL ="0" NAME ="DD_TWO_TIER_THEATER_NAME" NULLABLE ="NOTNULL" OCCURS ="0" OFFSET ="100" PHYSICALLENGTH ="13" PHYSICALOFFSET ="124" PICTURETEXT ="" PRECISION ="13" SCALE ="0" USAGE_FLAGS =""/>
        <SOURCEFIELD BUSINESSNAME ="" DATATYPE ="varchar" DESCRIPTION ="" FIELDNUMBER ="9" FIELDPROPERTY ="0" FIELDTYPE ="ELEMITEM" HIDDEN ="NO" KEYTYPE ="NOT A KEY" LENGTH ="0" LEVEL ="0" NAME ="DD_ERP_SALES_CHANNEL_CD" NULLABLE ="NOTNULL" OCCURS ="0" OFFSET ="100" PHYSICALLENGTH ="50" PHYSICALOFFSET ="137" PICTURETEXT ="" PRECISION ="50" SCALE ="0" USAGE_FLAGS =""/>
        <SOURCEFIELD BUSINESSNAME ="" DATATYPE ="varchar" DESCRIPTION ="" FIELDNUMBER ="10" FIELDPROPERTY ="0" FIELDTYPE ="ELEMITEM" HIDDEN ="NO" KEYTYPE ="NOT A KEY" LENGTH ="0" LEVEL ="0" NAME ="DD_OPERATING_UNIT_NAME_CD" NULLABLE ="NULL" OCCURS ="0" OFFSET ="100" PHYSICALLENGTH ="50" PHYSICALOFFSET ="187" PICTURETEXT ="" PRECISION ="50" SCALE ="0" USAGE_FLAGS =""/>
        <SOURCEFIELD BUSINESSNAME ="" DATATYPE ="integer" DESCRIPTION ="" FIELDNUMBER ="11" FIELDPROPERTY ="0" FIELDTYPE ="ELEMITEM" HIDDEN ="NO" KEYTYPE ="NOT A KEY" LENGTH ="11" LEVEL ="0" NAME ="SK_TRANSACTION_ID_INT" NULLABLE ="NOTNULL" OCCURS ="0" OFFSET ="100" PHYSICALLENGTH ="10" PHYSICALOFFSET ="237" PICTURETEXT ="" PRECISION ="10" SCALE ="0" USAGE_FLAGS =""/>
        <SOURCEFIELD BUSINESSNAME ="" DATATYPE ="char" DESCRIPTION ="" FIELDNUMBER ="12" FIELDPROPERTY ="0" FIELDTYPE ="ELEMITEM" HIDDEN ="NO" KEYTYPE ="NOT A KEY" LENGTH ="0" LEVEL ="0" NAME ="SS_CD" NULLABLE ="NOTNULL" OCCURS ="0" OFFSET ="111" PHYSICALLENGTH ="8" PHYSICALOFFSET ="247" PICTURETEXT ="" PRECISION ="8" SCALE ="0" USAGE_FLAGS =""/>
        <SOURCEFIELD BUSINESSNAME ="" DATATYPE ="timestamp" DESCRIPTION ="" FIELDNUMBER ="13" FIELDPROPERTY ="0" FIELDTYPE ="ELEMITEM" HIDDEN ="NO" KEYTYPE ="NOT A KEY" LENGTH ="19" LEVEL ="0" NAME ="EDW_CREATE_DTM" NULLABLE ="NOTNULL" OCCURS ="0" OFFSET ="111" PHYSICALLENGTH ="19" PHYSICALOFFSET ="255" PICTURETEXT ="" PRECISION ="19" SCALE ="0" USAGE_FLAGS =""/>
        <SOURCEFIELD BUSINESSNAME ="" DATATYPE ="char" DESCRIPTION ="" FIELDNUMBER ="14" FIELDPROPERTY ="0" FIELDTYPE ="ELEMITEM" HIDDEN ="NO" KEYTYPE ="NOT A KEY" LENGTH ="0" LEVEL ="0" NAME ="EDW_CREATE_USER" NULLABLE ="NOTNULL" OCCURS ="0" OFFSET ="130" PHYSICALLENGTH ="30" PHYSICALOFFSET ="274" PICTURETEXT ="" PRECISION ="30" SCALE ="0" USAGE_FLAGS =""/>
        <SOURCEFIELD BUSINESSNAME ="" DATATYPE ="timestamp" DESCRIPTION ="" FIELDNUMBER ="15" FIELDPROPERTY ="0" FIELDTYPE ="ELEMITEM" HIDDEN ="NO" KEYTYPE ="NOT A KEY" LENGTH ="19" LEVEL ="0" NAME ="EDW_UPDATE_DTM" NULLABLE ="NOTNULL" OCCURS ="0" OFFSET ="130" PHYSICALLENGTH ="19" PHYSICALOFFSET ="304" PICTURETEXT ="" PRECISION ="19" SCALE ="0" USAGE_FLAGS =""/>
        <SOURCEFIELD BUSINESSNAME ="" DATATYPE ="char" DESCRIPTION ="" FIELDNUMBER ="16" FIELDPROPERTY ="0" FIELDTYPE ="ELEMITEM" HIDDEN ="NO" KEYTYPE ="NOT A KEY" LENGTH ="0" LEVEL ="0" NAME ="EDW_UPDATE_USER" NULLABLE ="NOTNULL" OCCURS ="0" OFFSET ="149" PHYSICALLENGTH ="30" PHYSICALOFFSET ="323" PICTURETEXT ="" PRECISION ="30" SCALE ="0" USAGE_FLAGS =""/>
        <SOURCEFIELD BUSINESSNAME ="" DATATYPE ="char" DESCRIPTION ="" FIELDNUMBER ="17" FIELDPROPERTY ="0" FIELDTYPE ="ELEMITEM" HIDDEN ="NO" KEYTYPE ="NOT A KEY" LENGTH ="0" LEVEL ="0" NAME ="ACTION_CODE" NULLABLE ="NULL" OCCURS ="0" OFFSET ="149" PHYSICALLENGTH ="1" PHYSICALOFFSET ="353" PICTURETEXT ="" PRECISION ="1" SCALE ="0" USAGE_FLAGS =""/>
        <SOURCEFIELD BUSINESSNAME ="" DATATYPE ="char" DESCRIPTION ="" FIELDNUMBER ="18" FIELDPROPERTY ="0" FIELDTYPE ="ELEMITEM" HIDDEN ="NO" KEYTYPE ="NOT A KEY" LENGTH ="0" LEVEL ="0" NAME ="DML_TYPE" NULLABLE ="NOTNULL" OCCURS ="0" OFFSET ="149" PHYSICALLENGTH ="1" PHYSICALOFFSET ="354" PICTURETEXT ="" PRECISION ="1" SCALE ="0" USAGE_FLAGS =""/>
    </SOURCE>
    <TARGET BUSINESSNAME ="" CONSTRAINT ="" DATABASETYPE ="Teradata" DESCRIPTION ="" NAME ="N_AR_TRX_2TIER_INVOICE" OBJECTVERSION ="1" TABLEOPTIONS ="" VERSIONNUMBER ="1">
        <TARGETFIELD BUSINESSNAME ="" DATATYPE ="integer" DESCRIPTION ="" FIELDNUMBER ="1" KEYTYPE ="PRIMARY KEY" NAME ="AR_TRX_2TIER_INVOICE_KEY" NULLABLE ="NOTNULL" PICTURETEXT ="" PRECISION ="10" SCALE ="0"/>
        <TARGETFIELD BUSINESSNAME ="" DATATYPE ="decimal" DESCRIPTION ="" FIELDNUMBER ="2" KEYTYPE ="NOT A KEY" NAME ="TWO_TIER_INVOICE_USD_AMT" NULLABLE ="NULL" PICTURETEXT ="" PRECISION ="26" SCALE ="7"/>
        <TARGETFIELD BUSINESSNAME ="" DATATYPE ="decimal" DESCRIPTION ="" FIELDNUMBER ="3" KEYTYPE ="NOT A KEY" NAME ="TWO_TIER_INVOICE_TRXL_AMT" NULLABLE ="NULL" PICTURETEXT ="" PRECISION ="26" SCALE ="7"/>
        <TARGETFIELD BUSINESSNAME ="" DATATYPE ="integer" DESCRIPTION ="" FIELDNUMBER ="4" KEYTYPE ="NOT A KEY" NAME ="AR_TRANSACTION_KEY" NULLABLE ="NOTNULL" PICTURETEXT ="" PRECISION ="10" SCALE ="0"/>
        <TARGETFIELD BUSINESSNAME ="" DATATYPE ="char" DESCRIPTION ="" FIELDNUMBER ="5" KEYTYPE ="NOT A KEY" NAME ="FISCAL_CALENDAR_CD" NULLABLE ="NOTNULL" PICTURETEXT ="" PRECISION ="32" SCALE ="0"/>
        <TARGETFIELD BUSINESSNAME ="" DATATYPE ="integer" DESCRIPTION ="" FIELDNUMBER ="6" KEYTYPE ="NOT A KEY" NAME ="FISCAL_YEAR_NUM_INT" NULLABLE ="NOTNULL" PICTURETEXT ="" PRECISION ="10" SCALE ="0"/>
        <TARGETFIELD BUSINESSNAME ="" DATATYPE ="integer" DESCRIPTION ="" FIELDNUMBER ="7" KEYTYPE ="NOT A KEY" NAME ="FISCAL_MONTH_NUM_INT" NULLABLE ="NOTNULL" PICTURETEXT ="" PRECISION ="10" SCALE ="0"/>
        <TARGETFIELD BUSINESSNAME ="" DATATYPE ="char" DESCRIPTION ="" FIELDNUMBER ="8" KEYTYPE ="NOT A KEY" NAME ="DD_TWO_TIER_THEATER_NAME" NULLABLE ="NOTNULL" PICTURETEXT ="" PRECISION ="13" SCALE ="0"/>
        <TARGETFIELD BUSINESSNAME ="" DATATYPE ="varchar" DESCRIPTION ="" FIELDNUMBER ="9" KEYTYPE ="NOT A KEY" NAME ="DD_ERP_SALES_CHANNEL_CD" NULLABLE ="NOTNULL" PICTURETEXT ="" PRECISION ="50" SCALE ="0"/>
        <TARGETFIELD BUSINESSNAME ="" DATATYPE ="varchar" DESCRIPTION ="" FIELDNUMBER ="10" KEYTYPE ="NOT A KEY" NAME ="DD_OPERATING_UNIT_NAME_CD" NULLABLE ="NULL" PICTURETEXT ="" PRECISION ="50" SCALE ="0"/>
        <TARGETFIELD BUSINESSNAME ="" DATATYPE ="integer" DESCRIPTION ="" FIELDNUMBER ="11" KEYTYPE ="NOT A KEY" NAME ="SK_TRANSACTION_ID_INT" NULLABLE ="NOTNULL" PICTURETEXT ="" PRECISION ="10" SCALE ="0"/>
        <TARGETFIELD BUSINESSNAME ="" DATATYPE ="char" DESCRIPTION ="" FIELDNUMBER ="12" KEYTYPE ="NOT A KEY" NAME ="SS_CD" NULLABLE ="NOTNULL" PICTURETEXT ="" PRECISION ="8" SCALE ="0"/>
        <TARGETFIELD BUSINESSNAME ="" DATATYPE ="timestamp" DESCRIPTION ="" FIELDNUMBER ="13" KEYTYPE ="NOT A KEY" NAME ="EDW_CREATE_DTM" NULLABLE ="NOTNULL" PICTURETEXT ="" PRECISION ="19" SCALE ="0"/>
        <TARGETFIELD BUSINESSNAME ="" DATATYPE ="char" DESCRIPTION ="" FIELDNUMBER ="14" KEYTYPE ="NOT A KEY" NAME ="EDW_CREATE_USER" NULLABLE ="NOTNULL" PICTURETEXT ="" PRECISION ="30" SCALE ="0"/>
        <TARGETFIELD BUSINESSNAME ="" DATATYPE ="timestamp" DESCRIPTION ="" FIELDNUMBER ="15" KEYTYPE ="NOT A KEY" NAME ="EDW_UPDATE_DTM" NULLABLE ="NOTNULL" PICTURETEXT ="" PRECISION ="19" SCALE ="0"/>
        <TARGETFIELD BUSINESSNAME ="" DATATYPE ="char" DESCRIPTION ="" FIELDNUMBER ="16" KEYTYPE ="NOT A KEY" NAME ="EDW_UPDATE_USER" NULLABLE ="NOTNULL" PICTURETEXT ="" PRECISION ="30" SCALE ="0"/>
    </TARGET>
    <MAPPING DESCRIPTION ="" ISVALID ="YES" NAME ="m_N_AR_TRX_2TIER_INVOICE" OBJECTVERSION ="1" VERSIONNUMBER ="1">
        <TRANSFORMATION DESCRIPTION ="" NAME ="SQ_W_AR_TRX_2TIER_INVOICE" OBJECTVERSION ="1" REUSABLE ="NO" TYPE ="Source Qualifier" VERSIONNUMBER ="1">
            <TRANSFORMFIELD DATATYPE ="integer" DEFAULTVALUE ="" DESCRIPTION ="" NAME ="AR_TRX_2TIER_INVOICE_KEY" PICTURETEXT ="" PORTTYPE ="INPUT/OUTPUT" PRECISION ="10" SCALE ="0"/>
            <TRANSFORMFIELD DATATYPE ="decimal" DEFAULTVALUE ="" DESCRIPTION ="" NAME ="TWO_TIER_INVOICE_USD_AMT" PICTURETEXT ="" PORTTYPE ="INPUT/OUTPUT" PRECISION ="26" SCALE ="7"/>
            <TRANSFORMFIELD DATATYPE ="decimal" DEFAULTVALUE ="" DESCRIPTION ="" NAME ="TWO_TIER_INVOICE_TRXL_AMT" PICTURETEXT ="" PORTTYPE ="INPUT/OUTPUT" PRECISION ="26" SCALE ="7"/>
            <TRANSFORMFIELD DATATYPE ="integer" DEFAULTVALUE ="" DESCRIPTION ="" NAME ="AR_TRANSACTION_KEY" PICTURETEXT ="" PORTTYPE ="INPUT/OUTPUT" PRECISION ="10" SCALE ="0"/>
            <TRANSFORMFIELD DATATYPE ="string" DEFAULTVALUE ="" DESCRIPTION ="" NAME ="FISCAL_CALENDAR_CD" PICTURETEXT ="" PORTTYPE ="INPUT/OUTPUT" PRECISION ="32" SCALE ="0"/>
            <TRANSFORMFIELD DATATYPE ="integer" DEFAULTVALUE ="" DESCRIPTION ="" NAME ="FISCAL_YEAR_NUM_INT" PICTURETEXT ="" PORTTYPE ="INPUT/OUTPUT" PRECISION ="10" SCALE ="0"/>
            <TRANSFORMFIELD DATATYPE ="integer" DEFAULTVALUE ="" DESCRIPTION ="" NAME ="FISCAL_MONTH_NUM_INT" PICTURETEXT ="" PORTTYPE ="INPUT/OUTPUT" PRECISION ="10" SCALE ="0"/>
            <TRANSFORMFIELD DATATYPE ="string" DEFAULTVALUE ="" DESCRIPTION ="" NAME ="DD_TWO_TIER_THEATER_NAME" PICTURETEXT ="" PORTTYPE ="INPUT/OUTPUT" PRECISION ="13" SCALE ="0"/>
            <TRANSFORMFIELD DATATYPE ="string" DEFAULTVALUE ="" DESCRIPTION ="" NAME ="DD_ERP_SALES_CHANNEL_CD" PICTURETEXT ="" PORTTYPE ="INPUT/OUTPUT" PRECISION ="50" SCALE ="0"/>
            <TRANSFORMFIELD DATATYPE ="string" DEFAULTVALUE ="" DESCRIPTION ="" NAME ="DD_OPERATING_UNIT_NAME_CD" PICTURETEXT ="" PORTTYPE ="INPUT/OUTPUT" PRECISION ="50" SCALE ="0"/>
            <TRANSFORMFIELD DATATYPE ="integer" DEFAULTVALUE ="" DESCRIPTION ="" NAME ="SK_TRANSACTION_ID_INT" PICTURETEXT ="" PORTTYPE ="INPUT/OUTPUT" PRECISION ="10" SCALE ="0"/>
            <TRANSFORMFIELD DATATYPE ="string" DEFAULTVALUE ="" DESCRIPTION ="" NAME ="SS_CD" PICTURETEXT ="" PORTTYPE ="INPUT/OUTPUT" PRECISION ="8" SCALE ="0"/>
            <TRANSFORMFIELD DATATYPE ="date/time" DEFAULTVALUE ="" DESCRIPTION ="" NAME ="EDW_CREATE_DTM" PICTURETEXT ="" PORTTYPE ="INPUT/OUTPUT" PRECISION ="29" SCALE ="9"/>
            <TRANSFORMFIELD DATATYPE ="string" DEFAULTVALUE ="" DESCRIPTION ="" NAME ="EDW_CREATE_USER" PICTURETEXT ="" PORTTYPE ="INPUT/OUTPUT" PRECISION ="30" SCALE ="0"/>
            <TRANSFORMFIELD DATATYPE ="date/time" DEFAULTVALUE ="" DESCRIPTION ="" NAME ="EDW_UPDATE_DTM" PICTURETEXT ="" PORTTYPE ="INPUT/OUTPUT" PRECISION ="29" SCALE ="9"/>
            <TRANSFORMFIELD DATATYPE ="string" DEFAULTVALUE ="" DESCRIPTION ="" NAME ="EDW_UPDATE_USER" PICTURETEXT ="" PORTTYPE ="INPUT/OUTPUT" PRECISION ="30" SCALE ="0"/>
            <TRANSFORMFIELD DATATYPE ="string" DEFAULTVALUE ="" DESCRIPTION ="" NAME ="ACTION_CODE" PICTURETEXT ="" PORTTYPE ="INPUT/OUTPUT" PRECISION ="1" SCALE ="0"/>
            <TRANSFORMFIELD DATATYPE ="string" DEFAULTVALUE ="" DESCRIPTION ="" NAME ="DML_TYPE" PICTURETEXT ="" PORTTYPE ="INPUT/OUTPUT" PRECISION ="1" SCALE ="0"/>
            <TABLEATTRIBUTE NAME ="Sql Query" VALUE ="SELECT&#x9;&#xD;&#xA;WATI.AR_TRX_2TIER_INVOICE_KEY, &#xD;&#xA;WATI.TWO_TIER_INVOICE_USD_AMT, &#xD;&#xA;WATI.TWO_TIER_INVOICE_TRXL_AMT, &#xD;&#xA;WATI.AR_TRANSACTION_KEY, &#xD;&#xA;WATI.FISCAL_CALENDAR_CD, &#xD;&#xA;WATI.FISCAL_YEAR_NUM_INT, &#xD;&#xA;WATI.FISCAL_MONTH_NUM_INT, &#xD;&#xA;WATI.DD_TWO_TIER_THEATER_NAME, &#xD;&#xA;WATI.DD_ERP_SALES_CHANNEL_CD, &#xD;&#xA;WATI.DD_OPERATING_UNIT_NAME_CD, &#xD;&#xA;WATI.SK_TRANSACTION_ID_INT, &#xD;&#xA;WATI.SS_CD, &#xD;&#xA;WATI.EDW_CREATE_DTM, &#xD;&#xA;WATI.EDW_CREATE_USER, &#xD;&#xA;WATI.EDW_UPDATE_DTM, &#xD;&#xA;WATI.EDW_UPDATE_USER &#xD;&#xA;FROM&#x9;&#xD;&#xA;$$WORKDB.W_AR_TRX_2TIER_INVOICE WATI&#xD;&#xA;WHERE&#x9;NOT EXISTS(&#xD;&#xA;SELECT&#x9;1 &#xD;&#xA;FROM&#x9;$$SLSORDVWDB.N_AR_TRX_2TIER_INVOICE NATI&#xD;&#xA;WHERE&#x9;NATI.AR_TRX_2TIER_INVOICE_KEY=WATI.AR_TRX_2TIER_INVOICE_KEY)"/>
            <TABLEATTRIBUTE NAME ="User Defined Join" VALUE =""/>
            <TABLEATTRIBUTE NAME ="Source Filter" VALUE =""/>
            <TABLEATTRIBUTE NAME ="Number Of Sorted Ports" VALUE ="0"/>
            <TABLEATTRIBUTE NAME ="Tracing Level" VALUE ="Normal"/>
            <TABLEATTRIBUTE NAME ="Select Distinct" VALUE ="NO"/>
            <TABLEATTRIBUTE NAME ="Is Partitionable" VALUE ="NO"/>
            <TABLEATTRIBUTE NAME ="Pre SQL" VALUE =""/>
            <TABLEATTRIBUTE NAME ="Post SQL" VALUE =""/>
            <TABLEATTRIBUTE NAME ="Output is deterministic" VALUE ="NO"/>
            <TABLEATTRIBUTE NAME ="Output is repeatable" VALUE ="Never"/>
        </TRANSFORMATION>
        <INSTANCE DESCRIPTION ="" NAME ="N_AR_TRX_2TIER_INVOICE" TRANSFORMATION_NAME ="N_AR_TRX_2TIER_INVOICE" TRANSFORMATION_TYPE ="Target Definition" TYPE ="TARGET"/>
        <INSTANCE DESCRIPTION ="" NAME ="SQ_W_AR_TRX_2TIER_INVOICE" REUSABLE ="NO" TRANSFORMATION_NAME ="SQ_W_AR_TRX_2TIER_INVOICE" TRANSFORMATION_TYPE ="Source Qualifier" TYPE ="TRANSFORMATION">
            <ASSOCIATED_SOURCE_INSTANCE NAME ="W_AR_TRX_2TIER_INVOICE"/>
        </INSTANCE>
        <INSTANCE DBDNAME ="E_SLSORD_BATCH" DESCRIPTION ="" NAME ="W_AR_TRX_2TIER_INVOICE" TRANSFORMATION_NAME ="W_AR_TRX_2TIER_INVOICE" TRANSFORMATION_TYPE ="Source Definition" TYPE ="SOURCE"/>
        <CONNECTOR FROMFIELD ="AR_TRX_2TIER_INVOICE_KEY" FROMINSTANCE ="SQ_W_AR_TRX_2TIER_INVOICE" FROMINSTANCETYPE ="Source Qualifier" TOFIELD ="AR_TRX_2TIER_INVOICE_KEY" TOINSTANCE ="N_AR_TRX_2TIER_INVOICE" TOINSTANCETYPE ="Target Definition"/>
        <CONNECTOR FROMFIELD ="TWO_TIER_INVOICE_USD_AMT" FROMINSTANCE ="SQ_W_AR_TRX_2TIER_INVOICE" FROMINSTANCETYPE ="Source Qualifier" TOFIELD ="TWO_TIER_INVOICE_USD_AMT" TOINSTANCE ="N_AR_TRX_2TIER_INVOICE" TOINSTANCETYPE ="Target Definition"/>
        <CONNECTOR FROMFIELD ="TWO_TIER_INVOICE_TRXL_AMT" FROMINSTANCE ="SQ_W_AR_TRX_2TIER_INVOICE" FROMINSTANCETYPE ="Source Qualifier" TOFIELD ="TWO_TIER_INVOICE_TRXL_AMT" TOINSTANCE ="N_AR_TRX_2TIER_INVOICE" TOINSTANCETYPE ="Target Definition"/>
        <CONNECTOR FROMFIELD ="AR_TRANSACTION_KEY" FROMINSTANCE ="SQ_W_AR_TRX_2TIER_INVOICE" FROMINSTANCETYPE ="Source Qualifier" TOFIELD ="AR_TRANSACTION_KEY" TOINSTANCE ="N_AR_TRX_2TIER_INVOICE" TOINSTANCETYPE ="Target Definition"/>
        <CONNECTOR FROMFIELD ="FISCAL_CALENDAR_CD" FROMINSTANCE ="SQ_W_AR_TRX_2TIER_INVOICE" FROMINSTANCETYPE ="Source Qualifier" TOFIELD ="FISCAL_CALENDAR_CD" TOINSTANCE ="N_AR_TRX_2TIER_INVOICE" TOINSTANCETYPE ="Target Definition"/>
        <CONNECTOR FROMFIELD ="FISCAL_YEAR_NUM_INT" FROMINSTANCE ="SQ_W_AR_TRX_2TIER_INVOICE" FROMINSTANCETYPE ="Source Qualifier" TOFIELD ="FISCAL_YEAR_NUM_INT" TOINSTANCE ="N_AR_TRX_2TIER_INVOICE" TOINSTANCETYPE ="Target Definition"/>
        <CONNECTOR FROMFIELD ="FISCAL_MONTH_NUM_INT" FROMINSTANCE ="SQ_W_AR_TRX_2TIER_INVOICE" FROMINSTANCETYPE ="Source Qualifier" TOFIELD ="FISCAL_MONTH_NUM_INT" TOINSTANCE ="N_AR_TRX_2TIER_INVOICE" TOINSTANCETYPE ="Target Definition"/>
        <CONNECTOR FROMFIELD ="DD_TWO_TIER_THEATER_NAME" FROMINSTANCE ="SQ_W_AR_TRX_2TIER_INVOICE" FROMINSTANCETYPE ="Source Qualifier" TOFIELD ="DD_TWO_TIER_THEATER_NAME" TOINSTANCE ="N_AR_TRX_2TIER_INVOICE" TOINSTANCETYPE ="Target Definition"/>
        <CONNECTOR FROMFIELD ="DD_ERP_SALES_CHANNEL_CD" FROMINSTANCE ="SQ_W_AR_TRX_2TIER_INVOICE" FROMINSTANCETYPE ="Source Qualifier" TOFIELD ="DD_ERP_SALES_CHANNEL_CD" TOINSTANCE ="N_AR_TRX_2TIER_INVOICE" TOINSTANCETYPE ="Target Definition"/>
        <CONNECTOR FROMFIELD ="DD_OPERATING_UNIT_NAME_CD" FROMINSTANCE ="SQ_W_AR_TRX_2TIER_INVOICE" FROMINSTANCETYPE ="Source Qualifier" TOFIELD ="DD_OPERATING_UNIT_NAME_CD" TOINSTANCE ="N_AR_TRX_2TIER_INVOICE" TOINSTANCETYPE ="Target Definition"/>
        <CONNECTOR FROMFIELD ="SK_TRANSACTION_ID_INT" FROMINSTANCE ="SQ_W_AR_TRX_2TIER_INVOICE" FROMINSTANCETYPE ="Source Qualifier" TOFIELD ="SK_TRANSACTION_ID_INT" TOINSTANCE ="N_AR_TRX_2TIER_INVOICE" TOINSTANCETYPE ="Target Definition"/>
        <CONNECTOR FROMFIELD ="SS_CD" FROMINSTANCE ="SQ_W_AR_TRX_2TIER_INVOICE" FROMINSTANCETYPE ="Source Qualifier" TOFIELD ="SS_CD" TOINSTANCE ="N_AR_TRX_2TIER_INVOICE" TOINSTANCETYPE ="Target Definition"/>
        <CONNECTOR FROMFIELD ="EDW_CREATE_DTM" FROMINSTANCE ="SQ_W_AR_TRX_2TIER_INVOICE" FROMINSTANCETYPE ="Source Qualifier" TOFIELD ="EDW_CREATE_DTM" TOINSTANCE ="N_AR_TRX_2TIER_INVOICE" TOINSTANCETYPE ="Target Definition"/>
        <CONNECTOR FROMFIELD ="EDW_CREATE_USER" FROMINSTANCE ="SQ_W_AR_TRX_2TIER_INVOICE" FROMINSTANCETYPE ="Source Qualifier" TOFIELD ="EDW_CREATE_USER" TOINSTANCE ="N_AR_TRX_2TIER_INVOICE" TOINSTANCETYPE ="Target Definition"/>
        <CONNECTOR FROMFIELD ="EDW_UPDATE_DTM" FROMINSTANCE ="SQ_W_AR_TRX_2TIER_INVOICE" FROMINSTANCETYPE ="Source Qualifier" TOFIELD ="EDW_UPDATE_DTM" TOINSTANCE ="N_AR_TRX_2TIER_INVOICE" TOINSTANCETYPE ="Target Definition"/>
        <CONNECTOR FROMFIELD ="EDW_UPDATE_USER" FROMINSTANCE ="SQ_W_AR_TRX_2TIER_INVOICE" FROMINSTANCETYPE ="Source Qualifier" TOFIELD ="EDW_UPDATE_USER" TOINSTANCE ="N_AR_TRX_2TIER_INVOICE" TOINSTANCETYPE ="Target Definition"/>
        <CONNECTOR FROMFIELD ="AR_TRX_2TIER_INVOICE_KEY" FROMINSTANCE ="W_AR_TRX_2TIER_INVOICE" FROMINSTANCETYPE ="Source Definition" TOFIELD ="AR_TRX_2TIER_INVOICE_KEY" TOINSTANCE ="SQ_W_AR_TRX_2TIER_INVOICE" TOINSTANCETYPE ="Source Qualifier"/>
        <CONNECTOR FROMFIELD ="TWO_TIER_INVOICE_USD_AMT" FROMINSTANCE ="W_AR_TRX_2TIER_INVOICE" FROMINSTANCETYPE ="Source Definition" TOFIELD ="TWO_TIER_INVOICE_USD_AMT" TOINSTANCE ="SQ_W_AR_TRX_2TIER_INVOICE" TOINSTANCETYPE ="Source Qualifier"/>
        <CONNECTOR FROMFIELD ="TWO_TIER_INVOICE_TRXL_AMT" FROMINSTANCE ="W_AR_TRX_2TIER_INVOICE" FROMINSTANCETYPE ="Source Definition" TOFIELD ="TWO_TIER_INVOICE_TRXL_AMT" TOINSTANCE ="SQ_W_AR_TRX_2TIER_INVOICE" TOINSTANCETYPE ="Source Qualifier"/>
        <CONNECTOR FROMFIELD ="AR_TRANSACTION_KEY" FROMINSTANCE ="W_AR_TRX_2TIER_INVOICE" FROMINSTANCETYPE ="Source Definition" TOFIELD ="AR_TRANSACTION_KEY" TOINSTANCE ="SQ_W_AR_TRX_2TIER_INVOICE" TOINSTANCETYPE ="Source Qualifier"/>
        <CONNECTOR FROMFIELD ="FISCAL_CALENDAR_CD" FROMINSTANCE ="W_AR_TRX_2TIER_INVOICE" FROMINSTANCETYPE ="Source Definition" TOFIELD ="FISCAL_CALENDAR_CD" TOINSTANCE ="SQ_W_AR_TRX_2TIER_INVOICE" TOINSTANCETYPE ="Source Qualifier"/>
        <CONNECTOR FROMFIELD ="FISCAL_YEAR_NUM_INT" FROMINSTANCE ="W_AR_TRX_2TIER_INVOICE" FROMINSTANCETYPE ="Source Definition" TOFIELD ="FISCAL_YEAR_NUM_INT" TOINSTANCE ="SQ_W_AR_TRX_2TIER_INVOICE" TOINSTANCETYPE ="Source Qualifier"/>
        <CONNECTOR FROMFIELD ="FISCAL_MONTH_NUM_INT" FROMINSTANCE ="W_AR_TRX_2TIER_INVOICE" FROMINSTANCETYPE ="Source Definition" TOFIELD ="FISCAL_MONTH_NUM_INT" TOINSTANCE ="SQ_W_AR_TRX_2TIER_INVOICE" TOINSTANCETYPE ="Source Qualifier"/>
        <CONNECTOR FROMFIELD ="DD_TWO_TIER_THEATER_NAME" FROMINSTANCE ="W_AR_TRX_2TIER_INVOICE" FROMINSTANCETYPE ="Source Definition" TOFIELD ="DD_TWO_TIER_THEATER_NAME" TOINSTANCE ="SQ_W_AR_TRX_2TIER_INVOICE" TOINSTANCETYPE ="Source Qualifier"/>
        <CONNECTOR FROMFIELD ="DD_ERP_SALES_CHANNEL_CD" FROMINSTANCE ="W_AR_TRX_2TIER_INVOICE" FROMINSTANCETYPE ="Source Definition" TOFIELD ="DD_ERP_SALES_CHANNEL_CD" TOINSTANCE ="SQ_W_AR_TRX_2TIER_INVOICE" TOINSTANCETYPE ="Source Qualifier"/>
        <CONNECTOR FROMFIELD ="DD_OPERATING_UNIT_NAME_CD" FROMINSTANCE ="W_AR_TRX_2TIER_INVOICE" FROMINSTANCETYPE ="Source Definition" TOFIELD ="DD_OPERATING_UNIT_NAME_CD" TOINSTANCE ="SQ_W_AR_TRX_2TIER_INVOICE" TOINSTANCETYPE ="Source Qualifier"/>
        <CONNECTOR FROMFIELD ="SK_TRANSACTION_ID_INT" FROMINSTANCE ="W_AR_TRX_2TIER_INVOICE" FROMINSTANCETYPE ="Source Definition" TOFIELD ="SK_TRANSACTION_ID_INT" TOINSTANCE ="SQ_W_AR_TRX_2TIER_INVOICE" TOINSTANCETYPE ="Source Qualifier"/>
        <CONNECTOR FROMFIELD ="SS_CD" FROMINSTANCE ="W_AR_TRX_2TIER_INVOICE" FROMINSTANCETYPE ="Source Definition" TOFIELD ="SS_CD" TOINSTANCE ="SQ_W_AR_TRX_2TIER_INVOICE" TOINSTANCETYPE ="Source Qualifier"/>
        <CONNECTOR FROMFIELD ="EDW_CREATE_DTM" FROMINSTANCE ="W_AR_TRX_2TIER_INVOICE" FROMINSTANCETYPE ="Source Definition" TOFIELD ="EDW_CREATE_DTM" TOINSTANCE ="SQ_W_AR_TRX_2TIER_INVOICE" TOINSTANCETYPE ="Source Qualifier"/>
        <CONNECTOR FROMFIELD ="EDW_CREATE_USER" FROMINSTANCE ="W_AR_TRX_2TIER_INVOICE" FROMINSTANCETYPE ="Source Definition" TOFIELD ="EDW_CREATE_USER" TOINSTANCE ="SQ_W_AR_TRX_2TIER_INVOICE" TOINSTANCETYPE ="Source Qualifier"/>
        <CONNECTOR FROMFIELD ="EDW_UPDATE_DTM" FROMINSTANCE ="W_AR_TRX_2TIER_INVOICE" FROMINSTANCETYPE ="Source Definition" TOFIELD ="EDW_UPDATE_DTM" TOINSTANCE ="SQ_W_AR_TRX_2TIER_INVOICE" TOINSTANCETYPE ="Source Qualifier"/>
        <CONNECTOR FROMFIELD ="EDW_UPDATE_USER" FROMINSTANCE ="W_AR_TRX_2TIER_INVOICE" FROMINSTANCETYPE ="Source Definition" TOFIELD ="EDW_UPDATE_USER" TOINSTANCE ="SQ_W_AR_TRX_2TIER_INVOICE" TOINSTANCETYPE ="Source Qualifier"/>
        <CONNECTOR FROMFIELD ="ACTION_CODE" FROMINSTANCE ="W_AR_TRX_2TIER_INVOICE" FROMINSTANCETYPE ="Source Definition" TOFIELD ="ACTION_CODE" TOINSTANCE ="SQ_W_AR_TRX_2TIER_INVOICE" TOINSTANCETYPE ="Source Qualifier"/>
        <CONNECTOR FROMFIELD ="DML_TYPE" FROMINSTANCE ="W_AR_TRX_2TIER_INVOICE" FROMINSTANCETYPE ="Source Definition" TOFIELD ="DML_TYPE" TOINSTANCE ="SQ_W_AR_TRX_2TIER_INVOICE" TOINSTANCETYPE ="Source Qualifier"/>
        <TARGETLOADORDER ORDER ="1" TARGETINSTANCE ="N_AR_TRX_2TIER_INVOICE"/>
        <MAPPINGVARIABLE DATATYPE ="string" DEFAULTVALUE ="" DESCRIPTION ="" ISEXPRESSIONVARIABLE ="NO" ISPARAM ="YES" NAME ="$$WORKDB" PRECISION ="30" SCALE ="0" USERDEFINED ="YES"/>
        <MAPPINGVARIABLE DATATYPE ="string" DEFAULTVALUE ="" DESCRIPTION ="" ISEXPRESSIONVARIABLE ="NO" ISPARAM ="YES" NAME ="$$SLSORDVWDB" PRECISION ="30" SCALE ="0" USERDEFINED ="YES"/>
        <MAPPINGVARIABLE DATATYPE ="string" DEFAULTVALUE ="" DESCRIPTION ="" ISEXPRESSIONVARIABLE ="NO" ISPARAM ="YES" NAME ="$$SLSORDDB" PRECISION ="30" SCALE ="0" USERDEFINED ="YES"/>
        <ERPINFO/>
    </MAPPING>
    <CONFIG DESCRIPTION ="Default session configuration object" ISDEFAULT ="YES" NAME ="default_session_config" VERSIONNUMBER ="2">
        <ATTRIBUTE NAME ="Advanced" VALUE =""/>
        <ATTRIBUTE NAME ="Constraint based load ordering" VALUE ="NO"/>
        <ATTRIBUTE NAME ="Cache LOOKUP() function" VALUE ="YES"/>
        <ATTRIBUTE NAME ="Default buffer block size" VALUE ="Auto"/>
        <ATTRIBUTE NAME ="Line Sequential buffer length" VALUE ="1024"/>
        <ATTRIBUTE NAME ="Maximum Memory Allowed For Auto Memory Attributes" VALUE ="512MB"/>
        <ATTRIBUTE NAME ="Maximum Percentage of Total Memory Allowed For Auto Memory Attributes" VALUE ="5"/>
        <ATTRIBUTE NAME ="Additional Concurrent Pipelines for Lookup Cache Creation" VALUE ="Auto"/>
        <ATTRIBUTE NAME ="Custom Properties" VALUE =""/>
        <ATTRIBUTE NAME ="Pre-build lookup cache" VALUE ="Auto"/>
        <ATTRIBUTE NAME ="Optimization Level" VALUE ="Medium"/>
        <ATTRIBUTE NAME ="DateTime Format String" VALUE ="MM/DD/YYYY HH24:MI:SS"/>
        <ATTRIBUTE NAME ="Pre 85 Timestamp Compatibility" VALUE ="YES"/>
        <ATTRIBUTE NAME ="Log Options" VALUE ="0"/>
        <ATTRIBUTE NAME ="Save session log by" VALUE ="Session runs"/>
        <ATTRIBUTE NAME ="Save session log for these runs" VALUE ="5"/>
        <ATTRIBUTE NAME ="Session Log File Max Size" VALUE ="0"/>
        <ATTRIBUTE NAME ="Session Log File Max Time Period" VALUE ="0"/>
        <ATTRIBUTE NAME ="Maximum Partial Session Log Files" VALUE ="1"/>
        <ATTRIBUTE NAME ="Writer Commit Statistics Log Frequency" VALUE ="1"/>
        <ATTRIBUTE NAME ="Writer Commit Statistics Log Interval" VALUE ="0"/>
        <ATTRIBUTE NAME ="Error handling" VALUE =""/>
        <ATTRIBUTE NAME ="Stop on errors" VALUE ="1"/>
        <ATTRIBUTE NAME ="Override tracing" VALUE ="None"/>
        <ATTRIBUTE NAME ="On Stored Procedure error" VALUE ="Stop"/>
        <ATTRIBUTE NAME ="On Pre-session command task error" VALUE ="Stop"/>
        <ATTRIBUTE NAME ="On Pre-Post SQL error" VALUE ="Stop"/>
        <ATTRIBUTE NAME ="Enable Recovery" VALUE ="NO"/>
        <ATTRIBUTE NAME ="Error Log Type" VALUE ="None"/>
        <ATTRIBUTE NAME ="Error Log Table Name Prefix" VALUE =""/>
        <ATTRIBUTE NAME ="Error Log File Name" VALUE ="PMError.log"/>
        <ATTRIBUTE NAME ="Log Source Row Data" VALUE ="NO"/>
        <ATTRIBUTE NAME ="Data Column Delimiter" VALUE ="|"/>
        <ATTRIBUTE NAME ="Partitioning Options" VALUE =""/>
        <ATTRIBUTE NAME ="Dynamic Partitioning" VALUE ="Disabled"/>
        <ATTRIBUTE NAME ="Number of Partitions" VALUE ="1"/>
        <ATTRIBUTE NAME ="Multiplication Factor" VALUE ="Auto"/>
        <ATTRIBUTE NAME ="Session on Grid" VALUE =""/>
        <ATTRIBUTE NAME ="Is Enabled" VALUE ="NO"/>
    </CONFIG>
    <WORKFLOW DESCRIPTION ="" ISENABLED ="YES" ISRUNNABLESERVICE ="NO" ISSERVICE ="NO" ISVALID ="YES" NAME ="wf_N_AR_TRX_2TIER_INVOICE" REUSABLE_SCHEDULER ="NO" SCHEDULERNAME ="Scheduler" SERVERNAME ="EDW_Prod_961_Integration_Service" SERVER_DOMAINNAME ="Domain_EDW_Prod_961" SUSPEND_ON_ERROR ="NO" TASKS_MUST_RUN_ON_SERVER ="NO" VERSIONNUMBER ="1">
        <SCHEDULER DESCRIPTION ="" NAME ="Scheduler" REUSABLE ="NO" VERSIONNUMBER ="1">
            <SCHEDULEINFO SCHEDULETYPE ="ONDEMAND"/>
        </SCHEDULER>
        <TASK DESCRIPTION ="" NAME ="Start" REUSABLE ="NO" TYPE ="Start" VERSIONNUMBER ="1"/>
        <SESSION DESCRIPTION ="" ISVALID ="YES" MAPPINGNAME ="m_N_AR_TRX_2TIER_INVOICE" NAME ="s_m_N_AR_TRX_2TIER_INVOICE" REUSABLE ="NO" SORTORDER ="Binary" VERSIONNUMBER ="1">
            <SESSTRANSFORMATIONINST ISREPARTITIONPOINT ="YES" PARTITIONTYPE ="PASS THROUGH" PIPELINE ="1" SINSTANCENAME ="N_AR_TRX_2TIER_INVOICE" STAGE ="1" TRANSFORMATIONNAME ="N_AR_TRX_2TIER_INVOICE" TRANSFORMATIONTYPE ="Target Definition">
                <ATTRIBUTE NAME ="Table Name Prefix" VALUE ="$$SLSORDVWDB"/>
                <ATTRIBUTE NAME ="Post SQL" VALUE ="CALL COLLECT_STATS_WRAP(&apos;$$SLSORDDB&apos;,&apos;N_AR_TRX_2TIER_INVOICE&apos;,&apos;D&apos;);"/>
            </SESSTRANSFORMATIONINST>
            <SESSTRANSFORMATIONINST ISREPARTITIONPOINT ="NO" PIPELINE ="0" SINSTANCENAME ="W_AR_TRX_2TIER_INVOICE" STAGE ="0" TRANSFORMATIONNAME ="W_AR_TRX_2TIER_INVOICE" TRANSFORMATIONTYPE ="Source Definition">
                <ATTRIBUTE NAME ="Owner Name" VALUE ="$$WORKDB"/>
            </SESSTRANSFORMATIONINST>
            <SESSTRANSFORMATIONINST ISREPARTITIONPOINT ="YES" PARTITIONTYPE ="PASS THROUGH" PIPELINE ="1" SINSTANCENAME ="SQ_W_AR_TRX_2TIER_INVOICE" STAGE ="2" TRANSFORMATIONNAME ="SQ_W_AR_TRX_2TIER_INVOICE" TRANSFORMATIONTYPE ="Source Qualifier">
                <ATTRIBUTE NAME ="Pre SQL" VALUE ="UPDATE NATI &#xD;&#xA;FROM $$WORKDB.W_AR_TRX_2TIER_INVOICE WATI,&#xD;&#xA;$$SLSORDVWDB.N_AR_TRX_2TIER_INVOICE NATI&#xD;&#xA;SET&#x9;&#xD;&#xA;AR_TRANSACTION_KEY=WATI.AR_TRANSACTION_KEY,           &#xD;&#xA;DD_ERP_SALES_CHANNEL_CD = WATI.DD_ERP_SALES_CHANNEL_CD  ,   &#xD;&#xA;DD_OPERATING_UNIT_NAME_CD = WATI.DD_OPERATING_UNIT_NAME_CD ,  &#xD;&#xA;DD_TWO_TIER_THEATER_NAME=WATI.DD_TWO_TIER_THEATER_NAME,&#xD;&#xA;EDW_UPDATE_DTM = WATI.EDW_UPDATE_DTM,             &#xD;&#xA;EDW_UPDATE_USER = WATI.EDW_UPDATE_USER,             &#xD;&#xA;FISCAL_CALENDAR_CD=WATI.FISCAL_CALENDAR_CD  ,          &#xD;&#xA;FISCAL_MONTH_NUM_INT=WATI.FISCAL_MONTH_NUM_INT ,         &#xD;&#xA;FISCAL_YEAR_NUM_INT=WATI.FISCAL_YEAR_NUM_INT,           &#xD;&#xA;SK_TRANSACTION_ID_INT=WATI.SK_TRANSACTION_ID_INT,         &#xD;&#xA;SS_CD=WATI.SS_CD,                         &#xD;&#xA;TWO_TIER_INVOICE_TRXL_AMT=WATI.TWO_TIER_INVOICE_TRXL_AMT ,    &#xD;&#xA;TWO_TIER_INVOICE_USD_AMT=WATI.TWO_TIER_INVOICE_USD_AMT  &#xD;&#xA;WHERE&#x9;NATI.AR_TRX_2TIER_INVOICE_KEY=WATI.AR_TRX_2TIER_INVOICE_KEY;"/>
            </SESSTRANSFORMATIONINST>
            <CONFIGREFERENCE REFOBJECTNAME ="default_session_config" TYPE ="Session config">
                <ATTRIBUTE NAME ="Save session log for these runs" VALUE ="5"/>
                <ATTRIBUTE NAME ="Stop on errors" VALUE ="1"/>
            </CONFIGREFERENCE>
            <SESSIONCOMPONENT REFOBJECTNAME ="presession_variable_assignment" REUSABLE ="NO" TYPE ="Pre-session variable assignment">
                <TASK DESCRIPTION ="" NAME ="presession_variable_assignment" REUSABLE ="NO" TYPE ="Command" VERSIONNUMBER ="1">
                    <ATTRIBUTE NAME ="Fail task if any command fails" VALUE ="NO"/>
                    <ATTRIBUTE NAME ="Recovery Strategy" VALUE ="Fail task and continue workflow"/>
                </TASK>
            </SESSIONCOMPONENT>
            <SESSIONCOMPONENT REFOBJECTNAME ="postsession_success_variable_assignment" REUSABLE ="NO" TYPE ="Post-session success variable assignment">
                <TASK DESCRIPTION ="" NAME ="postsession_success_variable_assignment" REUSABLE ="NO" TYPE ="Command" VERSIONNUMBER ="1">
                    <ATTRIBUTE NAME ="Fail task if any command fails" VALUE ="NO"/>
                    <ATTRIBUTE NAME ="Recovery Strategy" VALUE ="Fail task and continue workflow"/>
                </TASK>
            </SESSIONCOMPONENT>
            <SESSIONCOMPONENT REFOBJECTNAME ="postsession_failure_variable_assignment" REUSABLE ="NO" TYPE ="Post-session failure variable assignment">
                <TASK DESCRIPTION ="" NAME ="postsession_failure_variable_assignment" REUSABLE ="NO" TYPE ="Command" VERSIONNUMBER ="1">
                    <ATTRIBUTE NAME ="Fail task if any command fails" VALUE ="NO"/>
                    <ATTRIBUTE NAME ="Recovery Strategy" VALUE ="Fail task and continue workflow"/>
                </TASK>
            </SESSIONCOMPONENT>
            <SESSIONEXTENSION NAME ="Relational Writer" SINSTANCENAME ="N_AR_TRX_2TIER_INVOICE" SUBTYPE ="Relational Writer" TRANSFORMATIONTYPE ="Target Definition" TYPE ="WRITER">
                <CONNECTIONREFERENCE CNXREFNAME ="DB Connection" CONNECTIONNAME ="" CONNECTIONNUMBER ="1" CONNECTIONSUBTYPE ="" CONNECTIONTYPE ="Relational" VARIABLE ="$DBConnection_Target"/>
                <ATTRIBUTE NAME ="Target load type" VALUE ="Bulk"/>
                <ATTRIBUTE NAME ="Insert" VALUE ="YES"/>
                <ATTRIBUTE NAME ="Update as Update" VALUE ="YES"/>
                <ATTRIBUTE NAME ="Update as Insert" VALUE ="NO"/>
                <ATTRIBUTE NAME ="Update else Insert" VALUE ="NO"/>
                <ATTRIBUTE NAME ="Delete" VALUE ="YES"/>
                <ATTRIBUTE NAME ="Truncate target table option" VALUE ="NO"/>
                <ATTRIBUTE NAME ="Reject file directory" VALUE ="$PMRootDir/DATA/EDWTD_2TIER/reject"/>
                <ATTRIBUTE NAME ="Reject filename" VALUE ="n_ar_trx_2tier_invoice1.bad"/>
            </SESSIONEXTENSION>
            <SESSIONEXTENSION DSQINSTNAME ="SQ_W_AR_TRX_2TIER_INVOICE" DSQINSTTYPE ="Source Qualifier" NAME ="Relational Reader" SINSTANCENAME ="W_AR_TRX_2TIER_INVOICE" SUBTYPE ="Relational Reader" TRANSFORMATIONTYPE ="Source Definition" TYPE ="READER"/>
            <SESSIONEXTENSION NAME ="Relational Reader" SINSTANCENAME ="SQ_W_AR_TRX_2TIER_INVOICE" SUBTYPE ="Relational Reader" TRANSFORMATIONTYPE ="Source Qualifier" TYPE ="READER">
                <CONNECTIONREFERENCE CNXREFNAME ="DB Connection" CONNECTIONNAME ="" CONNECTIONNUMBER ="1" CONNECTIONSUBTYPE ="" CONNECTIONTYPE ="Relational" VARIABLE ="$DBConnection_Source"/>
            </SESSIONEXTENSION>
            <ATTRIBUTE NAME ="General Options" VALUE =""/>
            <ATTRIBUTE NAME ="Write Backward Compatible Session Log File" VALUE ="NO"/>
            <ATTRIBUTE NAME ="Session Log File Name" VALUE ="s_m_N_AR_TRX_2TIER_INVOICE.log"/>
            <ATTRIBUTE NAME ="Session Log File directory" VALUE ="$PMSessionLogDir&#x5c;"/>
            <ATTRIBUTE NAME ="Parameter Filename" VALUE ="$PMRootDir/ctrl/db.parm"/>
            <ATTRIBUTE NAME ="Enable Test Load" VALUE ="NO"/>
            <ATTRIBUTE NAME ="$Source connection value" VALUE =""/>
            <ATTRIBUTE NAME ="$Target connection value" VALUE =""/>
            <ATTRIBUTE NAME ="Treat source rows as" VALUE ="Insert"/>
            <ATTRIBUTE NAME ="Commit Type" VALUE ="Target"/>
            <ATTRIBUTE NAME ="Commit Interval" VALUE ="10000"/>
            <ATTRIBUTE NAME ="Commit On End Of File" VALUE ="YES"/>
            <ATTRIBUTE NAME ="Rollback Transactions on Errors" VALUE ="NO"/>
            <ATTRIBUTE NAME ="Recovery Strategy" VALUE ="Fail task and continue workflow"/>
            <ATTRIBUTE NAME ="Java Classpath" VALUE =""/>
            <ATTRIBUTE NAME ="Performance" VALUE =""/>
            <ATTRIBUTE NAME ="DTM buffer size" VALUE ="Auto"/>
            <ATTRIBUTE NAME ="Collect performance data" VALUE ="NO"/>
            <ATTRIBUTE NAME ="Write performance data to repository" VALUE ="NO"/>
            <ATTRIBUTE NAME ="Incremental Aggregation" VALUE ="NO"/>
            <ATTRIBUTE NAME ="Enable high precision" VALUE ="NO"/>
            <ATTRIBUTE NAME ="Session retry on deadlock" VALUE ="NO"/>
            <ATTRIBUTE NAME ="Pushdown Optimization" VALUE ="Full"/>
            <ATTRIBUTE NAME ="Allow Temporary View for Pushdown" VALUE ="NO"/>
            <ATTRIBUTE NAME ="Allow Temporary Sequence for Pushdown" VALUE ="NO"/>
            <ATTRIBUTE NAME ="Allow Pushdown for User Incompatible Connections" VALUE ="NO"/>
        </SESSION>
        <TASKINSTANCE DESCRIPTION ="" ISENABLED ="YES" NAME ="Start" REUSABLE ="NO" TASKNAME ="Start" TASKTYPE ="Start"/>
        <TASKINSTANCE DESCRIPTION ="" FAIL_PARENT_IF_INSTANCE_DID_NOT_RUN ="YES" FAIL_PARENT_IF_INSTANCE_FAILS ="YES" ISENABLED ="YES" NAME ="s_m_N_AR_TRX_2TIER_INVOICE" REUSABLE ="NO" TASKNAME ="s_m_N_AR_TRX_2TIER_INVOICE" TASKTYPE ="Session" TREAT_INPUTLINK_AS_AND ="YES"/>
        <WORKFLOWLINK CONDITION ="" FROMTASK ="Start" TOTASK ="s_m_N_AR_TRX_2TIER_INVOICE"/>
        <WORKFLOWVARIABLE DATATYPE ="date/time" DEFAULTVALUE ="" DESCRIPTION ="The time this task started" ISNULL ="NO" ISPERSISTENT ="NO" NAME ="$Start.StartTime" USERDEFINED ="NO"/>
        <WORKFLOWVARIABLE DATATYPE ="date/time" DEFAULTVALUE ="" DESCRIPTION ="The time this task completed" ISNULL ="NO" ISPERSISTENT ="NO" NAME ="$Start.EndTime" USERDEFINED ="NO"/>
        <WORKFLOWVARIABLE DATATYPE ="integer" DEFAULTVALUE ="" DESCRIPTION ="Status of this task&apos;s execution" ISNULL ="NO" ISPERSISTENT ="NO" NAME ="$Start.Status" USERDEFINED ="NO"/>
        <WORKFLOWVARIABLE DATATYPE ="integer" DEFAULTVALUE ="" DESCRIPTION ="Status of the previous task that is not disabled" ISNULL ="NO" ISPERSISTENT ="NO" NAME ="$Start.PrevTaskStatus" USERDEFINED ="NO"/>
        <WORKFLOWVARIABLE DATATYPE ="integer" DEFAULTVALUE ="" DESCRIPTION ="Error code for this task&apos;s execution" ISNULL ="NO" ISPERSISTENT ="NO" NAME ="$Start.ErrorCode" USERDEFINED ="NO"/>
        <WORKFLOWVARIABLE DATATYPE ="string" DEFAULTVALUE ="" DESCRIPTION ="Error message for this task&apos;s execution" ISNULL ="NO" ISPERSISTENT ="NO" NAME ="$Start.ErrorMsg" USERDEFINED ="NO"/>
        <WORKFLOWVARIABLE DATATYPE ="date/time" DEFAULTVALUE ="" DESCRIPTION ="The time this task started" ISNULL ="NO" ISPERSISTENT ="NO" NAME ="$s_m_N_AR_TRX_2TIER_INVOICE.StartTime" USERDEFINED ="NO"/>
        <WORKFLOWVARIABLE DATATYPE ="date/time" DEFAULTVALUE ="" DESCRIPTION ="The time this task completed" ISNULL ="NO" ISPERSISTENT ="NO" NAME ="$s_m_N_AR_TRX_2TIER_INVOICE.EndTime" USERDEFINED ="NO"/>
        <WORKFLOWVARIABLE DATATYPE ="integer" DEFAULTVALUE ="" DESCRIPTION ="Status of this task&apos;s execution" ISNULL ="NO" ISPERSISTENT ="NO" NAME ="$s_m_N_AR_TRX_2TIER_INVOICE.Status" USERDEFINED ="NO"/>
        <WORKFLOWVARIABLE DATATYPE ="integer" DEFAULTVALUE ="" DESCRIPTION ="Status of the previous task that is not disabled" ISNULL ="NO" ISPERSISTENT ="NO" NAME ="$s_m_N_AR_TRX_2TIER_INVOICE.PrevTaskStatus" USERDEFINED ="NO"/>
        <WORKFLOWVARIABLE DATATYPE ="integer" DEFAULTVALUE ="" DESCRIPTION ="Error code for this task&apos;s execution" ISNULL ="NO" ISPERSISTENT ="NO" NAME ="$s_m_N_AR_TRX_2TIER_INVOICE.ErrorCode" USERDEFINED ="NO"/>
        <WORKFLOWVARIABLE DATATYPE ="string" DEFAULTVALUE ="" DESCRIPTION ="Error message for this task&apos;s execution" ISNULL ="NO" ISPERSISTENT ="NO" NAME ="$s_m_N_AR_TRX_2TIER_INVOICE.ErrorMsg" USERDEFINED ="NO"/>
        <WORKFLOWVARIABLE DATATYPE ="integer" DEFAULTVALUE ="" DESCRIPTION ="Rows successfully read" ISNULL ="NO" ISPERSISTENT ="NO" NAME ="$s_m_N_AR_TRX_2TIER_INVOICE.SrcSuccessRows" USERDEFINED ="NO"/>
        <WORKFLOWVARIABLE DATATYPE ="integer" DEFAULTVALUE ="" DESCRIPTION ="Rows failed to read" ISNULL ="NO" ISPERSISTENT ="NO" NAME ="$s_m_N_AR_TRX_2TIER_INVOICE.SrcFailedRows" USERDEFINED ="NO"/>
        <WORKFLOWVARIABLE DATATYPE ="integer" DEFAULTVALUE ="" DESCRIPTION ="Rows successfully loaded" ISNULL ="NO" ISPERSISTENT ="NO" NAME ="$s_m_N_AR_TRX_2TIER_INVOICE.TgtSuccessRows" USERDEFINED ="NO"/>
        <WORKFLOWVARIABLE DATATYPE ="integer" DEFAULTVALUE ="" DESCRIPTION ="Rows failed to load" ISNULL ="NO" ISPERSISTENT ="NO" NAME ="$s_m_N_AR_TRX_2TIER_INVOICE.TgtFailedRows" USERDEFINED ="NO"/>
        <WORKFLOWVARIABLE DATATYPE ="integer" DEFAULTVALUE ="" DESCRIPTION ="Total number of transformation errors" ISNULL ="NO" ISPERSISTENT ="NO" NAME ="$s_m_N_AR_TRX_2TIER_INVOICE.TotalTransErrors" USERDEFINED ="NO"/>
        <WORKFLOWVARIABLE DATATYPE ="integer" DEFAULTVALUE ="" DESCRIPTION ="First error code" ISNULL ="NO" ISPERSISTENT ="NO" NAME ="$s_m_N_AR_TRX_2TIER_INVOICE.FirstErrorCode" USERDEFINED ="NO"/>
        <WORKFLOWVARIABLE DATATYPE ="string" DEFAULTVALUE ="" DESCRIPTION ="First error message" ISNULL ="NO" ISPERSISTENT ="NO" NAME ="$s_m_N_AR_TRX_2TIER_INVOICE.FirstErrorMsg" USERDEFINED ="NO"/>
        <ATTRIBUTE NAME ="Parameter Filename" VALUE =""/>
        <ATTRIBUTE NAME ="Write Backward Compatible Workflow Log File" VALUE ="NO"/>
        <ATTRIBUTE NAME ="Workflow Log File Name" VALUE ="wf_N_AR_TRX_2TIER_INVOICE.log"/>
        <ATTRIBUTE NAME ="Workflow Log File Directory" VALUE ="$PMWorkflowLogDir&#x5c;"/>
        <ATTRIBUTE NAME ="Save Workflow log by" VALUE ="By runs"/>
        <ATTRIBUTE NAME ="Save workflow log for these runs" VALUE ="0"/>
        <ATTRIBUTE NAME ="Service Name" VALUE =""/>
        <ATTRIBUTE NAME ="Service Timeout" VALUE ="0"/>
        <ATTRIBUTE NAME ="Is Service Visible" VALUE ="NO"/>
        <ATTRIBUTE NAME ="Is Service Protected" VALUE ="NO"/>
        <ATTRIBUTE NAME ="Fail task after wait time" VALUE ="0"/>
        <ATTRIBUTE NAME ="Enable HA recovery" VALUE ="NO"/>
        <ATTRIBUTE NAME ="Automatically recover terminated tasks" VALUE ="NO"/>
        <ATTRIBUTE NAME ="Service Level Name" VALUE ="Default"/>
        <ATTRIBUTE NAME ="Allow concurrent run with unique run instance name" VALUE ="NO"/>
        <ATTRIBUTE NAME ="Allow concurrent run with same run instance name" VALUE ="NO"/>
        <ATTRIBUTE NAME ="Maximum number of concurrent runs" VALUE ="0"/>
        <ATTRIBUTE NAME ="Assigned Web Services Hubs" VALUE =""/>
        <ATTRIBUTE NAME ="Maximum number of concurrent runs per Hub" VALUE ="1000"/>
        <ATTRIBUTE NAME ="Expected Service Time" VALUE ="1"/>
    </WORKFLOW>
</FOLDER>
</REPOSITORY>
</POWERMART>