<?xml version="1.0" encoding="UTF-8"?>
<!DOCTYPE POWERMART SYSTEM "powrmart.dtd">
<POWERMART CREATION_DATE="07/12/2017 00:43:47" REPOSITORY_VERSION="184.93">
<REPOSITORY NAME="EDW_Prod_961" VERSION="184" CODEPAGE="UTF-8" DATABASETYPE="Oracle">
<FOLDER NAME="EDWTD_2TIER" GROUP="" OWNER="infoadm" SHARED="NOTSHARED" DESCRIPTION="Folder Name : EDWTD_2Tier" PERMISSIONS="rwx---r-x" UUID="b3e96926-4eee-43ee-9085-9d69c86db49f">
    <SOURCE BUSINESSNAME ="" DATABASETYPE ="Teradata" DBDNAME ="E_MIGRATION_BATCH_DV1" DESCRIPTION ="" NAME ="ST_OM_CFI_2TIER_TRX_ALL" OBJECTVERSION ="1" OWNERNAME ="STGDB_DV1" VERSIONNUMBER ="9">
        <SOURCEFIELD BUSINESSNAME ="" DATATYPE ="decimal" DESCRIPTION ="" FIELDNUMBER ="1" FIELDPROPERTY ="0" FIELDTYPE ="ELEMITEM" HIDDEN ="NO" KEYTYPE ="NOT A KEY" LENGTH ="28" LEVEL ="0" NAME ="AMOUNT" NULLABLE ="NULL" OCCURS ="0" OFFSET ="0" PHYSICALLENGTH ="26" PHYSICALOFFSET ="0" PICTURETEXT ="" PRECISION ="26" SCALE ="9" USAGE_FLAGS =""/>
        <SOURCEFIELD BUSINESSNAME ="" DATATYPE ="integer" DESCRIPTION ="" FIELDNUMBER ="2" FIELDPROPERTY ="0" FIELDTYPE ="ELEMITEM" HIDDEN ="NO" KEYTYPE ="NOT A KEY" LENGTH ="11" LEVEL ="0" NAME ="CREATED_BY" NULLABLE ="NOTNULL" OCCURS ="0" OFFSET ="28" PHYSICALLENGTH ="10" PHYSICALOFFSET ="26" PICTURETEXT ="" PRECISION ="10" SCALE ="0" USAGE_FLAGS =""/>
        <SOURCEFIELD BUSINESSNAME ="" DATATYPE ="timestamp" DESCRIPTION ="" FIELDNUMBER ="3" FIELDPROPERTY ="0" FIELDTYPE ="ELEMITEM" HIDDEN ="NO" KEYTYPE ="NOT A KEY" LENGTH ="19" LEVEL ="0" NAME ="CREATION_DATE" NULLABLE ="NOTNULL" OCCURS ="0" OFFSET ="39" PHYSICALLENGTH ="19" PHYSICALOFFSET ="36" PICTURETEXT ="" PRECISION ="19" SCALE ="0" USAGE_FLAGS =""/>
        <SOURCEFIELD BUSINESSNAME ="" DATATYPE ="integer" DESCRIPTION ="" FIELDNUMBER ="4" FIELDPROPERTY ="0" FIELDTYPE ="ELEMITEM" HIDDEN ="NO" KEYTYPE ="NOT A KEY" LENGTH ="11" LEVEL ="0" NAME ="CUSTOMER_ID" NULLABLE ="NOTNULL" OCCURS ="0" OFFSET ="58" PHYSICALLENGTH ="10" PHYSICALOFFSET ="55" PICTURETEXT ="" PRECISION ="10" SCALE ="0" USAGE_FLAGS =""/>
        <SOURCEFIELD BUSINESSNAME ="" DATATYPE ="integer" DESCRIPTION ="" FIELDNUMBER ="5" FIELDPROPERTY ="0" FIELDTYPE ="ELEMITEM" HIDDEN ="NO" KEYTYPE ="NOT A KEY" LENGTH ="11" LEVEL ="0" NAME ="CUSTOMER_TRX_ID" NULLABLE ="NOTNULL" OCCURS ="0" OFFSET ="69" PHYSICALLENGTH ="10" PHYSICALOFFSET ="65" PICTURETEXT ="" PRECISION ="10" SCALE ="0" USAGE_FLAGS =""/>
        <SOURCEFIELD BUSINESSNAME ="" DATATYPE ="timestamp" DESCRIPTION ="" FIELDNUMBER ="6" FIELDPROPERTY ="0" FIELDTYPE ="ELEMITEM" HIDDEN ="NO" KEYTYPE ="NOT A KEY" LENGTH ="19" LEVEL ="0" NAME ="GES_UPDATE_DATE" NULLABLE ="NULL" OCCURS ="0" OFFSET ="80" PHYSICALLENGTH ="19" PHYSICALOFFSET ="75" PICTURETEXT ="" PRECISION ="19" SCALE ="0" USAGE_FLAGS =""/>
        <SOURCEFIELD BUSINESSNAME ="" DATATYPE ="varchar" DESCRIPTION ="" FIELDNUMBER ="7" FIELDPROPERTY ="0" FIELDTYPE ="ELEMITEM" HIDDEN ="NO" KEYTYPE ="PRIMARY KEY" LENGTH ="0" LEVEL ="0" NAME ="GLOBAL_NAME" NULLABLE ="NOTNULL" OCCURS ="0" OFFSET ="99" PHYSICALLENGTH ="8" PHYSICALOFFSET ="94" PICTURETEXT ="" PRECISION ="8" SCALE ="0" USAGE_FLAGS =""/>
        <SOURCEFIELD BUSINESSNAME ="" DATATYPE ="integer" DESCRIPTION ="" FIELDNUMBER ="8" FIELDPROPERTY ="0" FIELDTYPE ="ELEMITEM" HIDDEN ="NO" KEYTYPE ="NOT A KEY" LENGTH ="11" LEVEL ="0" NAME ="LAST_UPDATED_BY" NULLABLE ="NOTNULL" OCCURS ="0" OFFSET ="99" PHYSICALLENGTH ="10" PHYSICALOFFSET ="102" PICTURETEXT ="" PRECISION ="10" SCALE ="0" USAGE_FLAGS =""/>
        <SOURCEFIELD BUSINESSNAME ="" DATATYPE ="timestamp" DESCRIPTION ="" FIELDNUMBER ="9" FIELDPROPERTY ="0" FIELDTYPE ="ELEMITEM" HIDDEN ="NO" KEYTYPE ="NOT A KEY" LENGTH ="19" LEVEL ="0" NAME ="LAST_UPDATE_DATE" NULLABLE ="NOTNULL" OCCURS ="0" OFFSET ="110" PHYSICALLENGTH ="19" PHYSICALOFFSET ="112" PICTURETEXT ="" PRECISION ="19" SCALE ="0" USAGE_FLAGS =""/>
        <SOURCEFIELD BUSINESSNAME ="" DATATYPE ="integer" DESCRIPTION ="" FIELDNUMBER ="10" FIELDPROPERTY ="0" FIELDTYPE ="ELEMITEM" HIDDEN ="NO" KEYTYPE ="NOT A KEY" LENGTH ="11" LEVEL ="0" NAME ="LAST_UPDATE_LOGIN" NULLABLE ="NULL" OCCURS ="0" OFFSET ="129" PHYSICALLENGTH ="10" PHYSICALOFFSET ="131" PICTURETEXT ="" PRECISION ="10" SCALE ="0" USAGE_FLAGS =""/>
        <SOURCEFIELD BUSINESSNAME ="" DATATYPE ="varchar" DESCRIPTION ="" FIELDNUMBER ="11" FIELDPROPERTY ="0" FIELDTYPE ="ELEMITEM" HIDDEN ="NO" KEYTYPE ="NOT A KEY" LENGTH ="0" LEVEL ="0" NAME ="LATEST_FLAG" NULLABLE ="NOTNULL" OCCURS ="0" OFFSET ="140" PHYSICALLENGTH ="1" PHYSICALOFFSET ="141" PICTURETEXT ="" PRECISION ="1" SCALE ="0" USAGE_FLAGS =""/>
        <SOURCEFIELD BUSINESSNAME ="" DATATYPE ="integer" DESCRIPTION ="" FIELDNUMBER ="12" FIELDPROPERTY ="0" FIELDTYPE ="ELEMITEM" HIDDEN ="NO" KEYTYPE ="NOT A KEY" LENGTH ="11" LEVEL ="0" NAME ="ORG_ID" NULLABLE ="NOTNULL" OCCURS ="0" OFFSET ="140" PHYSICALLENGTH ="10" PHYSICALOFFSET ="142" PICTURETEXT ="" PRECISION ="10" SCALE ="0" USAGE_FLAGS =""/>
        <SOURCEFIELD BUSINESSNAME ="" DATATYPE ="integer" DESCRIPTION ="" FIELDNUMBER ="13" FIELDPROPERTY ="0" FIELDTYPE ="ELEMITEM" HIDDEN ="NO" KEYTYPE ="NOT A KEY" LENGTH ="11" LEVEL ="0" NAME ="PERIOD_NUM" NULLABLE ="NOTNULL" OCCURS ="0" OFFSET ="151" PHYSICALLENGTH ="10" PHYSICALOFFSET ="152" PICTURETEXT ="" PRECISION ="10" SCALE ="0" USAGE_FLAGS =""/>
        <SOURCEFIELD BUSINESSNAME ="" DATATYPE ="integer" DESCRIPTION ="" FIELDNUMBER ="14" FIELDPROPERTY ="0" FIELDTYPE ="ELEMITEM" HIDDEN ="NO" KEYTYPE ="NOT A KEY" LENGTH ="11" LEVEL ="0" NAME ="PERIOD_YEAR" NULLABLE ="NOTNULL" OCCURS ="0" OFFSET ="162" PHYSICALLENGTH ="10" PHYSICALOFFSET ="162" PICTURETEXT ="" PRECISION ="10" SCALE ="0" USAGE_FLAGS =""/>
        <SOURCEFIELD BUSINESSNAME ="" DATATYPE ="integer" DESCRIPTION ="" FIELDNUMBER ="15" FIELDPROPERTY ="0" FIELDTYPE ="ELEMITEM" HIDDEN ="NO" KEYTYPE ="NOT A KEY" LENGTH ="11" LEVEL ="0" NAME ="QUANTITY_INVOICED" NULLABLE ="NULL" OCCURS ="0" OFFSET ="173" PHYSICALLENGTH ="10" PHYSICALOFFSET ="172" PICTURETEXT ="" PRECISION ="10" SCALE ="0" USAGE_FLAGS =""/>
        <SOURCEFIELD BUSINESSNAME ="" DATATYPE ="integer" DESCRIPTION ="" FIELDNUMBER ="16" FIELDPROPERTY ="0" FIELDTYPE ="ELEMITEM" HIDDEN ="NO" KEYTYPE ="NOT A KEY" LENGTH ="11" LEVEL ="0" NAME ="SET_OF_BOOKS_ID" NULLABLE ="NOTNULL" OCCURS ="0" OFFSET ="184" PHYSICALLENGTH ="10" PHYSICALOFFSET ="182" PICTURETEXT ="" PRECISION ="10" SCALE ="0" USAGE_FLAGS =""/>
        <SOURCEFIELD BUSINESSNAME ="" DATATYPE ="integer" DESCRIPTION ="" FIELDNUMBER ="17" FIELDPROPERTY ="0" FIELDTYPE ="ELEMITEM" HIDDEN ="NO" KEYTYPE ="PRIMARY KEY" LENGTH ="11" LEVEL ="0" NAME ="TRANSACTION_ID" NULLABLE ="NOTNULL" OCCURS ="0" OFFSET ="195" PHYSICALLENGTH ="10" PHYSICALOFFSET ="192" PICTURETEXT ="" PRECISION ="10" SCALE ="0" USAGE_FLAGS =""/>
        <SOURCEFIELD BUSINESSNAME ="" DATATYPE ="varchar" DESCRIPTION ="" FIELDNUMBER ="18" FIELDPROPERTY ="0" FIELDTYPE ="ELEMITEM" HIDDEN ="NO" KEYTYPE ="NOT A KEY" LENGTH ="0" LEVEL ="0" NAME ="TRX_NUMBER" NULLABLE ="NOTNULL" OCCURS ="0" OFFSET ="206" PHYSICALLENGTH ="30" PHYSICALOFFSET ="202" PICTURETEXT ="" PRECISION ="30" SCALE ="0" USAGE_FLAGS =""/>
        <SOURCEFIELD BUSINESSNAME ="" DATATYPE ="varchar" DESCRIPTION ="" FIELDNUMBER ="19" FIELDPROPERTY ="0" FIELDTYPE ="ELEMITEM" HIDDEN ="NO" KEYTYPE ="NOT A KEY" LENGTH ="0" LEVEL ="0" NAME ="TRX_TYPE" NULLABLE ="NOTNULL" OCCURS ="0" OFFSET ="206" PHYSICALLENGTH ="20" PHYSICALOFFSET ="232" PICTURETEXT ="" PRECISION ="20" SCALE ="0" USAGE_FLAGS =""/>
        <SOURCEFIELD BUSINESSNAME ="" DATATYPE ="integer" DESCRIPTION ="" FIELDNUMBER ="20" FIELDPROPERTY ="0" FIELDTYPE ="ELEMITEM" HIDDEN ="NO" KEYTYPE ="NOT A KEY" LENGTH ="11" LEVEL ="0" NAME ="BATCH_ID" NULLABLE ="NOTNULL" OCCURS ="0" OFFSET ="206" PHYSICALLENGTH ="10" PHYSICALOFFSET ="252" PICTURETEXT ="" PRECISION ="10" SCALE ="0" USAGE_FLAGS =""/>
        <SOURCEFIELD BUSINESSNAME ="" DATATYPE ="timestamp" DESCRIPTION ="" FIELDNUMBER ="21" FIELDPROPERTY ="0" FIELDTYPE ="ELEMITEM" HIDDEN ="NO" KEYTYPE ="NOT A KEY" LENGTH ="19" LEVEL ="0" NAME ="CREATE_DATETIME" NULLABLE ="NOTNULL" OCCURS ="0" OFFSET ="217" PHYSICALLENGTH ="19" PHYSICALOFFSET ="262" PICTURETEXT ="" PRECISION ="19" SCALE ="0" USAGE_FLAGS =""/>
        <SOURCEFIELD BUSINESSNAME ="" DATATYPE ="char" DESCRIPTION ="" FIELDNUMBER ="22" FIELDPROPERTY ="0" FIELDTYPE ="ELEMITEM" HIDDEN ="NO" KEYTYPE ="NOT A KEY" LENGTH ="0" LEVEL ="0" NAME ="ACTION_CD" NULLABLE ="NOTNULL" OCCURS ="0" OFFSET ="236" PHYSICALLENGTH ="1" PHYSICALOFFSET ="281" PICTURETEXT ="" PRECISION ="1" SCALE ="0" USAGE_FLAGS =""/>
    </SOURCE>
    <TARGET BUSINESSNAME ="" CONSTRAINT ="" DATABASETYPE ="Teradata" DESCRIPTION ="" NAME ="SM_AR_TRX_2TIER_INVOICE" OBJECTVERSION ="1" TABLEOPTIONS ="" VERSIONNUMBER ="4">
        <TARGETFIELD BUSINESSNAME ="" DATATYPE ="integer" DESCRIPTION ="" FIELDNUMBER ="1" KEYTYPE ="NOT A KEY" NAME ="AR_TRX_2TIER_INVOICE_KEY" NULLABLE ="NOTNULL" PICTURETEXT ="" PRECISION ="10" SCALE ="0"/>
        <TARGETFIELD BUSINESSNAME ="" DATATYPE ="integer" DESCRIPTION ="" FIELDNUMBER ="2" KEYTYPE ="PRIMARY KEY" NAME ="SK_TRANSACTION_ID_INT" NULLABLE ="NOTNULL" PICTURETEXT ="" PRECISION ="10" SCALE ="0"/>
        <TARGETFIELD BUSINESSNAME ="" DATATYPE ="char" DESCRIPTION ="" FIELDNUMBER ="3" KEYTYPE ="PRIMARY KEY" NAME ="SS_CD" NULLABLE ="NOTNULL" PICTURETEXT ="" PRECISION ="8" SCALE ="0"/>
        <TARGETFIELD BUSINESSNAME ="" DATATYPE ="timestamp" DESCRIPTION ="" FIELDNUMBER ="4" KEYTYPE ="NOT A KEY" NAME ="EDW_CREATE_DTM" NULLABLE ="NOTNULL" PICTURETEXT ="" PRECISION ="19" SCALE ="0"/>
        <TARGETFIELD BUSINESSNAME ="" DATATYPE ="char" DESCRIPTION ="" FIELDNUMBER ="5" KEYTYPE ="NOT A KEY" NAME ="EDW_CREATE_USER" NULLABLE ="NOTNULL" PICTURETEXT ="" PRECISION ="30" SCALE ="0"/>
    </TARGET>
    <MAPPING DESCRIPTION ="" ISVALID ="YES" NAME ="m_SM_AR_TRX_2TIER_INVOICE" OBJECTVERSION ="1" VERSIONNUMBER ="4">
        <TRANSFORMATION DESCRIPTION ="" NAME ="SQ_WI_XLA_AE_LINE_2TIER_INCR_cg" OBJECTVERSION ="1" REUSABLE ="NO" TYPE ="Source Qualifier" VERSIONNUMBER ="2">
            <TRANSFORMFIELD DATATYPE ="integer" DEFAULTVALUE ="" DESCRIPTION ="" NAME ="AR_TRX_2TIER_INVOICE_KEY" PICTURETEXT ="" PORTTYPE ="INPUT/OUTPUT" PRECISION ="10" SCALE ="0"/>
            <TRANSFORMFIELD DATATYPE ="integer" DEFAULTVALUE ="" DESCRIPTION ="" NAME ="SK_TRANSACTION_ID_INT" PICTURETEXT ="" PORTTYPE ="INPUT/OUTPUT" PRECISION ="10" SCALE ="0"/>
            <TRANSFORMFIELD DATATYPE ="string" DEFAULTVALUE ="" DESCRIPTION ="" NAME ="SS_CD" PICTURETEXT ="" PORTTYPE ="INPUT/OUTPUT" PRECISION ="8" SCALE ="0"/>
            <TRANSFORMFIELD DATATYPE ="date/time" DEFAULTVALUE ="" DESCRIPTION ="" NAME ="EDW_CREATE_DTM" PICTURETEXT ="" PORTTYPE ="INPUT/OUTPUT" PRECISION ="29" SCALE ="9"/>
            <TRANSFORMFIELD DATATYPE ="string" DEFAULTVALUE ="" DESCRIPTION ="" NAME ="EDW_CREATE_USER" PICTURETEXT ="" PORTTYPE ="INPUT/OUTPUT" PRECISION ="30" SCALE ="0"/>
            <TABLEATTRIBUTE NAME ="Sql Query" VALUE ="SELECT&#xD;&#xA;RANK() OVER (ORDER BY TRX.ATTRIBUTE6,&#xD;&#xA;NSSC.SOURCE_SYSTEM_CODE )+ SM_KEY_TAB.MAX_KEY AS AR_TRX_2TIER_INVOICE_KEY,&#xD;&#xA;CAST(TRX.ATTRIBUTE6 AS INTEGER) AS SK_TRANSACTION_ID_INT,&#xD;&#xA;NSSC.SOURCE_SYSTEM_CODE AS SS_CD,&#xD;&#xA;CURRENT_TIMESTAMP(0) AS EDW_CREATE_DTM,&#xD;&#xA;USER AS EDW_CREATE_USER&#xD;&#xA;FROM $$STGDB.WI_XLA_AE_LINE_2TIER_INCR TRX,&#xD;&#xA;$$COMREFVWDB.N_SOURCE_SYSTEM_CODES NSSC,&#xD;&#xA;(SELECT COALESCE(MAX(AR_TRX_2TIER_INVOICE_KEY ),10000) MAX_KEY FROM &#xD;&#xA; $$ETLVWDB.SM_AR_TRX_2TIER_INVOICE) SM_KEY_TAB&#xD;&#xA;WHERE NOT EXISTS&#xD;&#xA;(&#xD;&#xA;SELECT 1 FROM $$ETLVWDB.SM_AR_TRX_2TIER_INVOICE SM_TAB&#xD;&#xA;WHERE CAST(TRX.ATTRIBUTE6 AS INTEGER) = SM_TAB.SK_TRANSACTION_ID_INT&#xD;&#xA;AND NSSC.GLOBAL_NAME=TRX.GLOBAL_NAME&#xD;&#xA;AND NSSC.SOURCE_SYSTEM_CODE=SM_TAB.SS_CD)&#xD;&#xA;AND NSSC.GLOBAL_NAME=TRX.GLOBAL_NAME"/>
            <TABLEATTRIBUTE NAME ="User Defined Join" VALUE =""/>
            <TABLEATTRIBUTE NAME ="Source Filter" VALUE =""/>
            <TABLEATTRIBUTE NAME ="Number Of Sorted Ports" VALUE ="0"/>
            <TABLEATTRIBUTE NAME ="Tracing Level" VALUE ="Normal"/>
            <TABLEATTRIBUTE NAME ="Select Distinct" VALUE ="NO"/>
            <TABLEATTRIBUTE NAME ="Is Partitionable" VALUE ="NO"/>
            <TABLEATTRIBUTE NAME ="Pre SQL" VALUE =""/>
            <TABLEATTRIBUTE NAME ="Post SQL" VALUE =""/>
            <TABLEATTRIBUTE NAME ="Output is deterministic" VALUE ="NO"/>
            <TABLEATTRIBUTE NAME ="Output is repeatable" VALUE ="Never"/>
        </TRANSFORMATION>
        <TRANSFORMATION DESCRIPTION ="" NAME ="SQ_ST_OM_CFI_2TIER_TRX_ALL" OBJECTVERSION ="1" REUSABLE ="NO" TYPE ="Source Qualifier" VERSIONNUMBER ="4">
            <TRANSFORMFIELD DATATYPE ="integer" DEFAULTVALUE ="" DESCRIPTION ="" NAME ="AR_TRX_2TIER_INVOICE_KEY" PICTURETEXT ="" PORTTYPE ="INPUT/OUTPUT" PRECISION ="10" SCALE ="0"/>
            <TRANSFORMFIELD DATATYPE ="integer" DEFAULTVALUE ="" DESCRIPTION ="" NAME ="SK_TRANSACTION_ID_INT" PICTURETEXT ="" PORTTYPE ="INPUT/OUTPUT" PRECISION ="10" SCALE ="0"/>
            <TRANSFORMFIELD DATATYPE ="string" DEFAULTVALUE ="" DESCRIPTION ="" NAME ="SS_CD" PICTURETEXT ="" PORTTYPE ="INPUT/OUTPUT" PRECISION ="8" SCALE ="0"/>
            <TRANSFORMFIELD DATATYPE ="date/time" DEFAULTVALUE ="" DESCRIPTION ="" NAME ="EDW_CREATE_DTM" PICTURETEXT ="" PORTTYPE ="INPUT/OUTPUT" PRECISION ="29" SCALE ="9"/>
            <TRANSFORMFIELD DATATYPE ="string" DEFAULTVALUE ="" DESCRIPTION ="" NAME ="EDW_CREATE_USER" PICTURETEXT ="" PORTTYPE ="INPUT/OUTPUT" PRECISION ="30" SCALE ="0"/>
            <TABLEATTRIBUTE NAME ="Sql Query" VALUE ="SELECT&#xD;&#xA;RANK() OVER (ORDER BY TRX.TRANSACTION_ID,&#xD;&#xA;NSSC.SOURCE_SYSTEM_CODE )+ SM_KEY_TAB.MAX_KEY AS AR_TRX_2TIER_INVOICE_KEY,&#xD;&#xA;TRX.TRANSACTION_ID AS SK_TRANSACTION_ID_INT,&#xD;&#xA;NSSC.SOURCE_SYSTEM_CODE AS SS_CD,&#xD;&#xA;CURRENT_TIMESTAMP(0) AS EDW_CREATE_DTM,&#xD;&#xA;USER AS EDW_CREATE_USER&#xD;&#xA;FROM $$STGDB.ST_OM_CFI_2TIER_TRX_ALL TRX,&#xD;&#xA;$$COMREFVWDB.N_SOURCE_SYSTEM_CODES NSSC,&#xD;&#xA;(SELECT COALESCE(MAX(AR_TRX_2TIER_INVOICE_KEY ),10000) MAX_KEY FROM &#xD;&#xA; $$TRANSLATIONDB.SM_AR_TRX_2TIER_INVOICE) SM_KEY_TAB&#xD;&#xA;WHERE NOT EXISTS&#xD;&#xA;(&#xD;&#xA;SELECT 1 FROM $$TRANSLATIONDB.SM_AR_TRX_2TIER_INVOICE SM_TAB&#xD;&#xA;WHERE TRX.TRANSACTION_ID=SM_TAB.SK_TRANSACTION_ID_INT&#xD;&#xA;AND NSSC.GLOBAL_NAME=TRX.GLOBAL_NAME&#xD;&#xA;AND NSSC.SOURCE_SYSTEM_CODE=SM_TAB.SS_CD)&#xD;&#xA;AND NSSC.GLOBAL_NAME=TRX.GLOBAL_NAME"/>
            <TABLEATTRIBUTE NAME ="User Defined Join" VALUE =""/>
            <TABLEATTRIBUTE NAME ="Source Filter" VALUE =""/>
            <TABLEATTRIBUTE NAME ="Number Of Sorted Ports" VALUE ="0"/>
            <TABLEATTRIBUTE NAME ="Tracing Level" VALUE ="Normal"/>
            <TABLEATTRIBUTE NAME ="Select Distinct" VALUE ="NO"/>
            <TABLEATTRIBUTE NAME ="Is Partitionable" VALUE ="NO"/>
            <TABLEATTRIBUTE NAME ="Pre SQL" VALUE =""/>
            <TABLEATTRIBUTE NAME ="Post SQL" VALUE =""/>
            <TABLEATTRIBUTE NAME ="Output is deterministic" VALUE ="NO"/>
            <TABLEATTRIBUTE NAME ="Output is repeatable" VALUE ="Never"/>
        </TRANSFORMATION>
        <INSTANCE DESCRIPTION ="" NAME ="SM_AR_TRX_2TIER_INVOICE1" TRANSFORMATION_NAME ="SM_AR_TRX_2TIER_INVOICE" TRANSFORMATION_TYPE ="Target Definition" TYPE ="TARGET"/>
        <INSTANCE DESCRIPTION ="" NAME ="SM_AR_TRX_2TIER_INVOICE" TRANSFORMATION_NAME ="SM_AR_TRX_2TIER_INVOICE" TRANSFORMATION_TYPE ="Target Definition" TYPE ="TARGET"/>
        <INSTANCE DESCRIPTION ="" NAME ="SQ_WI_XLA_AE_LINE_2TIER_INCR_cg" REUSABLE ="NO" TRANSFORMATION_NAME ="SQ_WI_XLA_AE_LINE_2TIER_INCR_cg" TRANSFORMATION_TYPE ="Source Qualifier" TYPE ="TRANSFORMATION">
            <ASSOCIATED_SOURCE_INSTANCE NAME ="ST_OM_CFI_2TIER_TRX_ALL1"/>
        </INSTANCE>
        <INSTANCE DESCRIPTION ="" NAME ="SQ_ST_OM_CFI_2TIER_TRX_ALL" REUSABLE ="NO" TRANSFORMATION_NAME ="SQ_ST_OM_CFI_2TIER_TRX_ALL" TRANSFORMATION_TYPE ="Source Qualifier" TYPE ="TRANSFORMATION">
            <ASSOCIATED_SOURCE_INSTANCE NAME ="ST_OM_CFI_2TIER_TRX_ALL"/>
        </INSTANCE>
        <INSTANCE DBDNAME ="E_MIGRATION_BATCH_DV1" DESCRIPTION ="" NAME ="ST_OM_CFI_2TIER_TRX_ALL1" TRANSFORMATION_NAME ="ST_OM_CFI_2TIER_TRX_ALL" TRANSFORMATION_TYPE ="Source Definition" TYPE ="SOURCE"/>
        <INSTANCE DBDNAME ="E_MIGRATION_BATCH_DV1" DESCRIPTION ="" NAME ="ST_OM_CFI_2TIER_TRX_ALL" TRANSFORMATION_NAME ="ST_OM_CFI_2TIER_TRX_ALL" TRANSFORMATION_TYPE ="Source Definition" TYPE ="SOURCE"/>
        <CONNECTOR FROMFIELD ="EDW_CREATE_USER" FROMINSTANCE ="SQ_WI_XLA_AE_LINE_2TIER_INCR_cg" FROMINSTANCETYPE ="Source Qualifier" TOFIELD ="EDW_CREATE_USER" TOINSTANCE ="SM_AR_TRX_2TIER_INVOICE1" TOINSTANCETYPE ="Target Definition"/>
        <CONNECTOR FROMFIELD ="AR_TRX_2TIER_INVOICE_KEY" FROMINSTANCE ="SQ_WI_XLA_AE_LINE_2TIER_INCR_cg" FROMINSTANCETYPE ="Source Qualifier" TOFIELD ="AR_TRX_2TIER_INVOICE_KEY" TOINSTANCE ="SM_AR_TRX_2TIER_INVOICE1" TOINSTANCETYPE ="Target Definition"/>
        <CONNECTOR FROMFIELD ="SK_TRANSACTION_ID_INT" FROMINSTANCE ="SQ_WI_XLA_AE_LINE_2TIER_INCR_cg" FROMINSTANCETYPE ="Source Qualifier" TOFIELD ="SK_TRANSACTION_ID_INT" TOINSTANCE ="SM_AR_TRX_2TIER_INVOICE1" TOINSTANCETYPE ="Target Definition"/>
        <CONNECTOR FROMFIELD ="SS_CD" FROMINSTANCE ="SQ_WI_XLA_AE_LINE_2TIER_INCR_cg" FROMINSTANCETYPE ="Source Qualifier" TOFIELD ="SS_CD" TOINSTANCE ="SM_AR_TRX_2TIER_INVOICE1" TOINSTANCETYPE ="Target Definition"/>
        <CONNECTOR FROMFIELD ="EDW_CREATE_DTM" FROMINSTANCE ="SQ_WI_XLA_AE_LINE_2TIER_INCR_cg" FROMINSTANCETYPE ="Source Qualifier" TOFIELD ="EDW_CREATE_DTM" TOINSTANCE ="SM_AR_TRX_2TIER_INVOICE1" TOINSTANCETYPE ="Target Definition"/>
        <CONNECTOR FROMFIELD ="EDW_CREATE_USER" FROMINSTANCE ="SQ_ST_OM_CFI_2TIER_TRX_ALL" FROMINSTANCETYPE ="Source Qualifier" TOFIELD ="EDW_CREATE_USER" TOINSTANCE ="SM_AR_TRX_2TIER_INVOICE" TOINSTANCETYPE ="Target Definition"/>
        <CONNECTOR FROMFIELD ="AR_TRX_2TIER_INVOICE_KEY" FROMINSTANCE ="SQ_ST_OM_CFI_2TIER_TRX_ALL" FROMINSTANCETYPE ="Source Qualifier" TOFIELD ="AR_TRX_2TIER_INVOICE_KEY" TOINSTANCE ="SM_AR_TRX_2TIER_INVOICE" TOINSTANCETYPE ="Target Definition"/>
        <CONNECTOR FROMFIELD ="SK_TRANSACTION_ID_INT" FROMINSTANCE ="SQ_ST_OM_CFI_2TIER_TRX_ALL" FROMINSTANCETYPE ="Source Qualifier" TOFIELD ="SK_TRANSACTION_ID_INT" TOINSTANCE ="SM_AR_TRX_2TIER_INVOICE" TOINSTANCETYPE ="Target Definition"/>
        <CONNECTOR FROMFIELD ="SS_CD" FROMINSTANCE ="SQ_ST_OM_CFI_2TIER_TRX_ALL" FROMINSTANCETYPE ="Source Qualifier" TOFIELD ="SS_CD" TOINSTANCE ="SM_AR_TRX_2TIER_INVOICE" TOINSTANCETYPE ="Target Definition"/>
        <CONNECTOR FROMFIELD ="EDW_CREATE_DTM" FROMINSTANCE ="SQ_ST_OM_CFI_2TIER_TRX_ALL" FROMINSTANCETYPE ="Source Qualifier" TOFIELD ="EDW_CREATE_DTM" TOINSTANCE ="SM_AR_TRX_2TIER_INVOICE" TOINSTANCETYPE ="Target Definition"/>
        <CONNECTOR FROMFIELD ="CREATED_BY" FROMINSTANCE ="ST_OM_CFI_2TIER_TRX_ALL1" FROMINSTANCETYPE ="Source Definition" TOFIELD ="AR_TRX_2TIER_INVOICE_KEY" TOINSTANCE ="SQ_WI_XLA_AE_LINE_2TIER_INCR_cg" TOINSTANCETYPE ="Source Qualifier"/>
        <CONNECTOR FROMFIELD ="CUSTOMER_ID" FROMINSTANCE ="ST_OM_CFI_2TIER_TRX_ALL1" FROMINSTANCETYPE ="Source Definition" TOFIELD ="SK_TRANSACTION_ID_INT" TOINSTANCE ="SQ_WI_XLA_AE_LINE_2TIER_INCR_cg" TOINSTANCETYPE ="Source Qualifier"/>
        <CONNECTOR FROMFIELD ="GES_UPDATE_DATE" FROMINSTANCE ="ST_OM_CFI_2TIER_TRX_ALL1" FROMINSTANCETYPE ="Source Definition" TOFIELD ="EDW_CREATE_DTM" TOINSTANCE ="SQ_WI_XLA_AE_LINE_2TIER_INCR_cg" TOINSTANCETYPE ="Source Qualifier"/>
        <CONNECTOR FROMFIELD ="TRX_NUMBER" FROMINSTANCE ="ST_OM_CFI_2TIER_TRX_ALL1" FROMINSTANCETYPE ="Source Definition" TOFIELD ="EDW_CREATE_USER" TOINSTANCE ="SQ_WI_XLA_AE_LINE_2TIER_INCR_cg" TOINSTANCETYPE ="Source Qualifier"/>
        <CONNECTOR FROMFIELD ="GLOBAL_NAME" FROMINSTANCE ="ST_OM_CFI_2TIER_TRX_ALL1" FROMINSTANCETYPE ="Source Definition" TOFIELD ="SS_CD" TOINSTANCE ="SQ_WI_XLA_AE_LINE_2TIER_INCR_cg" TOINSTANCETYPE ="Source Qualifier"/>
        <CONNECTOR FROMFIELD ="CREATED_BY" FROMINSTANCE ="ST_OM_CFI_2TIER_TRX_ALL" FROMINSTANCETYPE ="Source Definition" TOFIELD ="AR_TRX_2TIER_INVOICE_KEY" TOINSTANCE ="SQ_ST_OM_CFI_2TIER_TRX_ALL" TOINSTANCETYPE ="Source Qualifier"/>
        <CONNECTOR FROMFIELD ="CUSTOMER_ID" FROMINSTANCE ="ST_OM_CFI_2TIER_TRX_ALL" FROMINSTANCETYPE ="Source Definition" TOFIELD ="SK_TRANSACTION_ID_INT" TOINSTANCE ="SQ_ST_OM_CFI_2TIER_TRX_ALL" TOINSTANCETYPE ="Source Qualifier"/>
        <CONNECTOR FROMFIELD ="GES_UPDATE_DATE" FROMINSTANCE ="ST_OM_CFI_2TIER_TRX_ALL" FROMINSTANCETYPE ="Source Definition" TOFIELD ="EDW_CREATE_DTM" TOINSTANCE ="SQ_ST_OM_CFI_2TIER_TRX_ALL" TOINSTANCETYPE ="Source Qualifier"/>
        <CONNECTOR FROMFIELD ="TRX_NUMBER" FROMINSTANCE ="ST_OM_CFI_2TIER_TRX_ALL" FROMINSTANCETYPE ="Source Definition" TOFIELD ="EDW_CREATE_USER" TOINSTANCE ="SQ_ST_OM_CFI_2TIER_TRX_ALL" TOINSTANCETYPE ="Source Qualifier"/>
        <CONNECTOR FROMFIELD ="GLOBAL_NAME" FROMINSTANCE ="ST_OM_CFI_2TIER_TRX_ALL" FROMINSTANCETYPE ="Source Definition" TOFIELD ="SS_CD" TOINSTANCE ="SQ_ST_OM_CFI_2TIER_TRX_ALL" TOINSTANCETYPE ="Source Qualifier"/>
        <TARGETLOADORDER ORDER ="2" TARGETINSTANCE ="SM_AR_TRX_2TIER_INVOICE1"/>
        <TARGETLOADORDER ORDER ="1" TARGETINSTANCE ="SM_AR_TRX_2TIER_INVOICE"/>
        <MAPPINGVARIABLE DATATYPE ="string" DEFAULTVALUE ="" DESCRIPTION ="" ISEXPRESSIONVARIABLE ="NO" ISPARAM ="YES" NAME ="$$STGDB" PRECISION ="30" SCALE ="0" USERDEFINED ="YES"/>
        <MAPPINGVARIABLE DATATYPE ="string" DEFAULTVALUE ="" DESCRIPTION ="" ISEXPRESSIONVARIABLE ="NO" ISPARAM ="YES" NAME ="$$TRANSLATIONDB" PRECISION ="30" SCALE ="0" USERDEFINED ="YES"/>
        <MAPPINGVARIABLE DATATYPE ="string" DEFAULTVALUE ="" DESCRIPTION ="" ISEXPRESSIONVARIABLE ="NO" ISPARAM ="YES" NAME ="$$COMREFVWDB" PRECISION ="30" SCALE ="0" USERDEFINED ="YES"/>
        <MAPPINGVARIABLE DATATYPE ="string" DEFAULTVALUE ="" DESCRIPTION ="" ISEXPRESSIONVARIABLE ="NO" ISPARAM ="YES" NAME ="$$ETLVWDB" PRECISION ="30" SCALE ="0" USERDEFINED ="YES"/>
        <ERPINFO/>
    </MAPPING>
    <CONFIG DESCRIPTION ="Default session configuration object" ISDEFAULT ="YES" NAME ="default_session_config" VERSIONNUMBER ="2">
        <ATTRIBUTE NAME ="Advanced" VALUE =""/>
        <ATTRIBUTE NAME ="Constraint based load ordering" VALUE ="NO"/>
        <ATTRIBUTE NAME ="Cache LOOKUP() function" VALUE ="YES"/>
        <ATTRIBUTE NAME ="Default buffer block size" VALUE ="Auto"/>
        <ATTRIBUTE NAME ="Line Sequential buffer length" VALUE ="1024"/>
        <ATTRIBUTE NAME ="Maximum Memory Allowed For Auto Memory Attributes" VALUE ="512MB"/>
        <ATTRIBUTE NAME ="Maximum Percentage of Total Memory Allowed For Auto Memory Attributes" VALUE ="5"/>
        <ATTRIBUTE NAME ="Additional Concurrent Pipelines for Lookup Cache Creation" VALUE ="Auto"/>
        <ATTRIBUTE NAME ="Custom Properties" VALUE =""/>
        <ATTRIBUTE NAME ="Pre-build lookup cache" VALUE ="Auto"/>
        <ATTRIBUTE NAME ="Optimization Level" VALUE ="Medium"/>
        <ATTRIBUTE NAME ="DateTime Format String" VALUE ="MM/DD/YYYY HH24:MI:SS"/>
        <ATTRIBUTE NAME ="Pre 85 Timestamp Compatibility" VALUE ="YES"/>
        <ATTRIBUTE NAME ="Log Options" VALUE ="0"/>
        <ATTRIBUTE NAME ="Save session log by" VALUE ="Session runs"/>
        <ATTRIBUTE NAME ="Save session log for these runs" VALUE ="5"/>
        <ATTRIBUTE NAME ="Session Log File Max Size" VALUE ="0"/>
        <ATTRIBUTE NAME ="Session Log File Max Time Period" VALUE ="0"/>
        <ATTRIBUTE NAME ="Maximum Partial Session Log Files" VALUE ="1"/>
        <ATTRIBUTE NAME ="Writer Commit Statistics Log Frequency" VALUE ="1"/>
        <ATTRIBUTE NAME ="Writer Commit Statistics Log Interval" VALUE ="0"/>
        <ATTRIBUTE NAME ="Error handling" VALUE =""/>
        <ATTRIBUTE NAME ="Stop on errors" VALUE ="1"/>
        <ATTRIBUTE NAME ="Override tracing" VALUE ="None"/>
        <ATTRIBUTE NAME ="On Stored Procedure error" VALUE ="Stop"/>
        <ATTRIBUTE NAME ="On Pre-session command task error" VALUE ="Stop"/>
        <ATTRIBUTE NAME ="On Pre-Post SQL error" VALUE ="Stop"/>
        <ATTRIBUTE NAME ="Enable Recovery" VALUE ="NO"/>
        <ATTRIBUTE NAME ="Error Log Type" VALUE ="None"/>
        <ATTRIBUTE NAME ="Error Log Table Name Prefix" VALUE =""/>
        <ATTRIBUTE NAME ="Error Log File Name" VALUE ="PMError.log"/>
        <ATTRIBUTE NAME ="Log Source Row Data" VALUE ="NO"/>
        <ATTRIBUTE NAME ="Data Column Delimiter" VALUE ="|"/>
        <ATTRIBUTE NAME ="Partitioning Options" VALUE =""/>
        <ATTRIBUTE NAME ="Dynamic Partitioning" VALUE ="Disabled"/>
        <ATTRIBUTE NAME ="Number of Partitions" VALUE ="1"/>
        <ATTRIBUTE NAME ="Multiplication Factor" VALUE ="Auto"/>
        <ATTRIBUTE NAME ="Session on Grid" VALUE =""/>
        <ATTRIBUTE NAME ="Is Enabled" VALUE ="NO"/>
    </CONFIG>
    <WORKFLOW DESCRIPTION ="" ISENABLED ="YES" ISRUNNABLESERVICE ="NO" ISSERVICE ="NO" ISVALID ="YES" NAME ="wf_SM_AR_TRX_2TIER_INVOICE" REUSABLE_SCHEDULER ="NO" SCHEDULERNAME ="Scheduler" SERVERNAME ="EDW_Prod_961_Integration_Service" SERVER_DOMAINNAME ="Domain_EDW_Prod_961" SUSPEND_ON_ERROR ="NO" TASKS_MUST_RUN_ON_SERVER ="NO" VERSIONNUMBER ="5">
        <SCHEDULER DESCRIPTION ="" NAME ="Scheduler" REUSABLE ="NO" VERSIONNUMBER ="4">
            <SCHEDULEINFO SCHEDULETYPE ="ONDEMAND"/>
        </SCHEDULER>
        <TASK DESCRIPTION ="" NAME ="Start" REUSABLE ="NO" TYPE ="Start" VERSIONNUMBER ="4"/>
        <SESSION DESCRIPTION ="" ISVALID ="YES" MAPPINGNAME ="m_SM_AR_TRX_2TIER_INVOICE" NAME ="s_m_SM_AR_TRX_2TIER_INVOICE" REUSABLE ="NO" SORTORDER ="Binary" VERSIONNUMBER ="5">
            <SESSTRANSFORMATIONINST ISREPARTITIONPOINT ="YES" PARTITIONTYPE ="PASS THROUGH" PIPELINE ="2" SINSTANCENAME ="SM_AR_TRX_2TIER_INVOICE" STAGE ="1" TRANSFORMATIONNAME ="SM_AR_TRX_2TIER_INVOICE" TRANSFORMATIONTYPE ="Target Definition">
                <ATTRIBUTE NAME ="Table Name Prefix" VALUE ="$$TRANSLATIONDB"/>
            </SESSTRANSFORMATIONINST>
            <SESSTRANSFORMATIONINST ISREPARTITIONPOINT ="NO" PIPELINE ="0" SINSTANCENAME ="ST_OM_CFI_2TIER_TRX_ALL" STAGE ="0" TRANSFORMATIONNAME ="ST_OM_CFI_2TIER_TRX_ALL" TRANSFORMATIONTYPE ="Source Definition">
                <ATTRIBUTE NAME ="Owner Name" VALUE ="$$STGDB"/>
            </SESSTRANSFORMATIONINST>
            <SESSTRANSFORMATIONINST ISREPARTITIONPOINT ="YES" PARTITIONTYPE ="PASS THROUGH" PIPELINE ="2" SINSTANCENAME ="SQ_ST_OM_CFI_2TIER_TRX_ALL" STAGE ="2" TRANSFORMATIONNAME ="SQ_ST_OM_CFI_2TIER_TRX_ALL" TRANSFORMATIONTYPE ="Source Qualifier"/>
            <SESSTRANSFORMATIONINST ISREPARTITIONPOINT ="YES" PARTITIONTYPE ="PASS THROUGH" PIPELINE ="1" SINSTANCENAME ="SM_AR_TRX_2TIER_INVOICE1" STAGE ="3" TRANSFORMATIONNAME ="SM_AR_TRX_2TIER_INVOICE1" TRANSFORMATIONTYPE ="Target Definition">
                <ATTRIBUTE NAME ="Table Name Prefix" VALUE ="$$TRANSLATIONDB"/>
                <ATTRIBUTE NAME ="Post SQL" VALUE ="CALL COLLECT_STATS_WRAP(&apos;$$TRANSLATIONDB&apos;,&apos;SM_AR_TRX_2TIER_INVOICE&apos;,&apos;D&apos;);"/>
            </SESSTRANSFORMATIONINST>
            <SESSTRANSFORMATIONINST ISREPARTITIONPOINT ="NO" PIPELINE ="0" SINSTANCENAME ="ST_OM_CFI_2TIER_TRX_ALL1" STAGE ="0" TRANSFORMATIONNAME ="ST_OM_CFI_2TIER_TRX_ALL1" TRANSFORMATIONTYPE ="Source Definition">
                <ATTRIBUTE NAME ="Owner Name" VALUE ="$$STGDB"/>
            </SESSTRANSFORMATIONINST>
            <SESSTRANSFORMATIONINST ISREPARTITIONPOINT ="YES" PARTITIONTYPE ="PASS THROUGH" PIPELINE ="1" SINSTANCENAME ="SQ_WI_XLA_AE_LINE_2TIER_INCR_cg" STAGE ="4" TRANSFORMATIONNAME ="SQ_WI_XLA_AE_LINE_2TIER_INCR_cg" TRANSFORMATIONTYPE ="Source Qualifier">
                <ATTRIBUTE NAME ="Sql Query" VALUE ="SELECT&#xD;&#xA;RANK() OVER (ORDER BY TRX.ATTRIBUTE6,&#xD;&#xA;NSSC.SOURCE_SYSTEM_CODE )+ SM_KEY_TAB.MAX_KEY AS AR_TRX_2TIER_INVOICE_KEY,&#xD;&#xA;CAST(TRX.ATTRIBUTE6 AS INTEGER) AS SK_TRANSACTION_ID_INT,&#xD;&#xA;NSSC.SOURCE_SYSTEM_CODE AS SS_CD,&#xD;&#xA;CURRENT_TIMESTAMP(0) AS EDW_CREATE_DTM,&#xD;&#xA;USER AS EDW_CREATE_USER&#xD;&#xA;FROM $$STGDB.WI_XLA_AE_LINE_2TIER_INCR TRX,&#xD;&#xA;$$COMREFVWDB.N_SOURCE_SYSTEM_CODES NSSC,&#xD;&#xA;(SELECT COALESCE(MAX(AR_TRX_2TIER_INVOICE_KEY ),10000) MAX_KEY FROM &#xD;&#xA; $$ETLVWDB.SM_AR_TRX_2TIER_INVOICE) SM_KEY_TAB&#xD;&#xA;WHERE NOT EXISTS&#xD;&#xA;(&#xD;&#xA;SELECT 1 FROM $$ETLVWDB.SM_AR_TRX_2TIER_INVOICE SM_TAB&#xD;&#xA;WHERE CAST(TRX.ATTRIBUTE6 AS INTEGER) = SM_TAB.SK_TRANSACTION_ID_INT&#xD;&#xA;AND NSSC.GLOBAL_NAME=TRX.GLOBAL_NAME&#xD;&#xA;AND NSSC.SOURCE_SYSTEM_CODE=SM_TAB.SS_CD)&#xD;&#xA;AND NSSC.GLOBAL_NAME=TRX.GLOBAL_NAME &#xD;&#xA;QUALIFY ROW_NUMBER() OVER(PARTITION BY SK_TRANSACTION_ID_INT,SS_CD ORDER BY SK_TRANSACTION_ID_INT )=1"/>
            </SESSTRANSFORMATIONINST>
            <CONFIGREFERENCE REFOBJECTNAME ="default_session_config" TYPE ="Session config">
                <ATTRIBUTE NAME ="Pre 85 Timestamp Compatibility" VALUE ="YES"/>
                <ATTRIBUTE NAME ="Stop on errors" VALUE ="1"/>
            </CONFIGREFERENCE>
            <SESSIONEXTENSION NAME ="Relational Writer" SINSTANCENAME ="SM_AR_TRX_2TIER_INVOICE" SUBTYPE ="Relational Writer" TRANSFORMATIONTYPE ="Target Definition" TYPE ="WRITER">
                <CONNECTIONREFERENCE CNXREFNAME ="DB Connection" CONNECTIONNAME ="" CONNECTIONNUMBER ="1" CONNECTIONSUBTYPE ="" CONNECTIONTYPE ="Relational" VARIABLE ="$DBConnection_Target"/>
                <ATTRIBUTE NAME ="Target load type" VALUE ="Bulk"/>
                <ATTRIBUTE NAME ="Insert" VALUE ="YES"/>
                <ATTRIBUTE NAME ="Update as Update" VALUE ="NO"/>
                <ATTRIBUTE NAME ="Update as Insert" VALUE ="NO"/>
                <ATTRIBUTE NAME ="Update else Insert" VALUE ="NO"/>
                <ATTRIBUTE NAME ="Delete" VALUE ="NO"/>
                <ATTRIBUTE NAME ="Truncate target table option" VALUE ="NO"/>
                <ATTRIBUTE NAME ="Reject file directory" VALUE ="$PMRootDir/DATA/EDWTD_2TIER/reject"/>
                <ATTRIBUTE NAME ="Reject filename" VALUE ="sm_ar_trx_2tier_invoice1.bad"/>
            </SESSIONEXTENSION>
            <SESSIONEXTENSION DSQINSTNAME ="SQ_ST_OM_CFI_2TIER_TRX_ALL" DSQINSTTYPE ="Source Qualifier" NAME ="Relational Reader" SINSTANCENAME ="ST_OM_CFI_2TIER_TRX_ALL" SUBTYPE ="Relational Reader" TRANSFORMATIONTYPE ="Source Definition" TYPE ="READER"/>
            <SESSIONEXTENSION NAME ="Relational Reader" SINSTANCENAME ="SQ_ST_OM_CFI_2TIER_TRX_ALL" SUBTYPE ="Relational Reader" TRANSFORMATIONTYPE ="Source Qualifier" TYPE ="READER">
                <CONNECTIONREFERENCE CNXREFNAME ="DB Connection" CONNECTIONNAME ="" CONNECTIONNUMBER ="1" CONNECTIONSUBTYPE ="" CONNECTIONTYPE ="Relational" VARIABLE ="$DBConnection_Source"/>
            </SESSIONEXTENSION>
            <SESSIONEXTENSION NAME ="Relational Writer" SINSTANCENAME ="SM_AR_TRX_2TIER_INVOICE1" SUBTYPE ="Relational Writer" TRANSFORMATIONTYPE ="Target Definition" TYPE ="WRITER">
                <CONNECTIONREFERENCE CNXREFNAME ="DB Connection" CONNECTIONNAME ="" CONNECTIONNUMBER ="1" CONNECTIONSUBTYPE ="" CONNECTIONTYPE ="Relational" VARIABLE ="$DBConnection_Target"/>
                <ATTRIBUTE NAME ="Target load type" VALUE ="Bulk"/>
                <ATTRIBUTE NAME ="Insert" VALUE ="YES"/>
                <ATTRIBUTE NAME ="Update as Update" VALUE ="NO"/>
                <ATTRIBUTE NAME ="Update as Insert" VALUE ="NO"/>
                <ATTRIBUTE NAME ="Update else Insert" VALUE ="NO"/>
                <ATTRIBUTE NAME ="Delete" VALUE ="NO"/>
                <ATTRIBUTE NAME ="Truncate target table option" VALUE ="NO"/>
                <ATTRIBUTE NAME ="Reject file directory" VALUE ="$PMRootDir/DATA/EDWTD_2TIER/reject"/>
                <ATTRIBUTE NAME ="Reject filename" VALUE ="sm_ar_trx_2tier_invoice11.bad"/>
            </SESSIONEXTENSION>
            <SESSIONEXTENSION DSQINSTNAME ="SQ_WI_XLA_AE_LINE_2TIER_INCR_cg" DSQINSTTYPE ="Source Qualifier" NAME ="Relational Reader" SINSTANCENAME ="ST_OM_CFI_2TIER_TRX_ALL1" SUBTYPE ="Relational Reader" TRANSFORMATIONTYPE ="Source Definition" TYPE ="READER"/>
            <SESSIONEXTENSION NAME ="Relational Reader" SINSTANCENAME ="SQ_WI_XLA_AE_LINE_2TIER_INCR_cg" SUBTYPE ="Relational Reader" TRANSFORMATIONTYPE ="Source Qualifier" TYPE ="READER">
                <CONNECTIONREFERENCE CNXREFNAME ="DB Connection" CONNECTIONNAME ="" CONNECTIONNUMBER ="1" CONNECTIONSUBTYPE ="" CONNECTIONTYPE ="Relational" VARIABLE ="$DBConnection_Source"/>
            </SESSIONEXTENSION>
            <ATTRIBUTE NAME ="General Options" VALUE =""/>
            <ATTRIBUTE NAME ="Write Backward Compatible Session Log File" VALUE ="NO"/>
            <ATTRIBUTE NAME ="Session Log File Name" VALUE ="s_m_SM_AR_TRX_2TIER_INVOICE.log"/>
            <ATTRIBUTE NAME ="Session Log File directory" VALUE ="$PMSessionLogDir&#x5c;"/>
            <ATTRIBUTE NAME ="Parameter Filename" VALUE ="$PMRootDir/ctrl/db.parm"/>
            <ATTRIBUTE NAME ="Enable Test Load" VALUE ="NO"/>
            <ATTRIBUTE NAME ="$Source connection value" VALUE =""/>
            <ATTRIBUTE NAME ="$Target connection value" VALUE =""/>
            <ATTRIBUTE NAME ="Treat source rows as" VALUE ="Insert"/>
            <ATTRIBUTE NAME ="Commit Type" VALUE ="Target"/>
            <ATTRIBUTE NAME ="Commit Interval" VALUE ="10000"/>
            <ATTRIBUTE NAME ="Commit On End Of File" VALUE ="YES"/>
            <ATTRIBUTE NAME ="Rollback Transactions on Errors" VALUE ="NO"/>
            <ATTRIBUTE NAME ="Recovery Strategy" VALUE ="Fail task and continue workflow"/>
            <ATTRIBUTE NAME ="Java Classpath" VALUE =""/>
            <ATTRIBUTE NAME ="Performance" VALUE =""/>
            <ATTRIBUTE NAME ="DTM buffer size" VALUE ="Auto"/>
            <ATTRIBUTE NAME ="Collect performance data" VALUE ="NO"/>
            <ATTRIBUTE NAME ="Write performance data to repository" VALUE ="NO"/>
            <ATTRIBUTE NAME ="Incremental Aggregation" VALUE ="NO"/>
            <ATTRIBUTE NAME ="Enable high precision" VALUE ="NO"/>
            <ATTRIBUTE NAME ="Session retry on deadlock" VALUE ="NO"/>
            <ATTRIBUTE NAME ="Pushdown Optimization" VALUE ="Full"/>
            <ATTRIBUTE NAME ="Allow Temporary View for Pushdown" VALUE ="NO"/>
            <ATTRIBUTE NAME ="Allow Temporary Sequence for Pushdown" VALUE ="NO"/>
            <ATTRIBUTE NAME ="Allow Pushdown for User Incompatible Connections" VALUE ="NO"/>
        </SESSION>
        <TASKINSTANCE DESCRIPTION ="" ISENABLED ="YES" NAME ="Start" REUSABLE ="NO" TASKNAME ="Start" TASKTYPE ="Start"/>
        <TASKINSTANCE DESCRIPTION ="" FAIL_PARENT_IF_INSTANCE_DID_NOT_RUN ="YES" FAIL_PARENT_IF_INSTANCE_FAILS ="YES" ISENABLED ="YES" NAME ="s_m_SM_AR_TRX_2TIER_INVOICE" REUSABLE ="NO" TASKNAME ="s_m_SM_AR_TRX_2TIER_INVOICE" TASKTYPE ="Session" TREAT_INPUTLINK_AS_AND ="YES"/>
        <WORKFLOWLINK CONDITION ="" FROMTASK ="Start" TOTASK ="s_m_SM_AR_TRX_2TIER_INVOICE"/>
        <WORKFLOWVARIABLE DATATYPE ="date/time" DEFAULTVALUE ="" DESCRIPTION ="The time this task started" ISNULL ="NO" ISPERSISTENT ="NO" NAME ="$Start.StartTime" USERDEFINED ="NO"/>
        <WORKFLOWVARIABLE DATATYPE ="date/time" DEFAULTVALUE ="" DESCRIPTION ="The time this task completed" ISNULL ="NO" ISPERSISTENT ="NO" NAME ="$Start.EndTime" USERDEFINED ="NO"/>
        <WORKFLOWVARIABLE DATATYPE ="integer" DEFAULTVALUE ="" DESCRIPTION ="Status of this task&apos;s execution" ISNULL ="NO" ISPERSISTENT ="NO" NAME ="$Start.Status" USERDEFINED ="NO"/>
        <WORKFLOWVARIABLE DATATYPE ="integer" DEFAULTVALUE ="" DESCRIPTION ="Status of the previous task that is not disabled" ISNULL ="NO" ISPERSISTENT ="NO" NAME ="$Start.PrevTaskStatus" USERDEFINED ="NO"/>
        <WORKFLOWVARIABLE DATATYPE ="integer" DEFAULTVALUE ="" DESCRIPTION ="Error code for this task&apos;s execution" ISNULL ="NO" ISPERSISTENT ="NO" NAME ="$Start.ErrorCode" USERDEFINED ="NO"/>
        <WORKFLOWVARIABLE DATATYPE ="string" DEFAULTVALUE ="" DESCRIPTION ="Error message for this task&apos;s execution" ISNULL ="NO" ISPERSISTENT ="NO" NAME ="$Start.ErrorMsg" USERDEFINED ="NO"/>
        <WORKFLOWVARIABLE DATATYPE ="date/time" DEFAULTVALUE ="" DESCRIPTION ="The time this task started" ISNULL ="NO" ISPERSISTENT ="NO" NAME ="$s_m_SM_AR_TRX_2TIER_INVOICE.StartTime" USERDEFINED ="NO"/>
        <WORKFLOWVARIABLE DATATYPE ="date/time" DEFAULTVALUE ="" DESCRIPTION ="The time this task completed" ISNULL ="NO" ISPERSISTENT ="NO" NAME ="$s_m_SM_AR_TRX_2TIER_INVOICE.EndTime" USERDEFINED ="NO"/>
        <WORKFLOWVARIABLE DATATYPE ="integer" DEFAULTVALUE ="" DESCRIPTION ="Status of this task&apos;s execution" ISNULL ="NO" ISPERSISTENT ="NO" NAME ="$s_m_SM_AR_TRX_2TIER_INVOICE.Status" USERDEFINED ="NO"/>
        <WORKFLOWVARIABLE DATATYPE ="integer" DEFAULTVALUE ="" DESCRIPTION ="Status of the previous task that is not disabled" ISNULL ="NO" ISPERSISTENT ="NO" NAME ="$s_m_SM_AR_TRX_2TIER_INVOICE.PrevTaskStatus" USERDEFINED ="NO"/>
        <WORKFLOWVARIABLE DATATYPE ="integer" DEFAULTVALUE ="" DESCRIPTION ="Error code for this task&apos;s execution" ISNULL ="NO" ISPERSISTENT ="NO" NAME ="$s_m_SM_AR_TRX_2TIER_INVOICE.ErrorCode" USERDEFINED ="NO"/>
        <WORKFLOWVARIABLE DATATYPE ="string" DEFAULTVALUE ="" DESCRIPTION ="Error message for this task&apos;s execution" ISNULL ="NO" ISPERSISTENT ="NO" NAME ="$s_m_SM_AR_TRX_2TIER_INVOICE.ErrorMsg" USERDEFINED ="NO"/>
        <WORKFLOWVARIABLE DATATYPE ="integer" DEFAULTVALUE ="" DESCRIPTION ="Rows successfully read" ISNULL ="NO" ISPERSISTENT ="NO" NAME ="$s_m_SM_AR_TRX_2TIER_INVOICE.SrcSuccessRows" USERDEFINED ="NO"/>
        <WORKFLOWVARIABLE DATATYPE ="integer" DEFAULTVALUE ="" DESCRIPTION ="Rows failed to read" ISNULL ="NO" ISPERSISTENT ="NO" NAME ="$s_m_SM_AR_TRX_2TIER_INVOICE.SrcFailedRows" USERDEFINED ="NO"/>
        <WORKFLOWVARIABLE DATATYPE ="integer" DEFAULTVALUE ="" DESCRIPTION ="Rows successfully loaded" ISNULL ="NO" ISPERSISTENT ="NO" NAME ="$s_m_SM_AR_TRX_2TIER_INVOICE.TgtSuccessRows" USERDEFINED ="NO"/>
        <WORKFLOWVARIABLE DATATYPE ="integer" DEFAULTVALUE ="" DESCRIPTION ="Rows failed to load" ISNULL ="NO" ISPERSISTENT ="NO" NAME ="$s_m_SM_AR_TRX_2TIER_INVOICE.TgtFailedRows" USERDEFINED ="NO"/>
        <WORKFLOWVARIABLE DATATYPE ="integer" DEFAULTVALUE ="" DESCRIPTION ="Total number of transformation errors" ISNULL ="NO" ISPERSISTENT ="NO" NAME ="$s_m_SM_AR_TRX_2TIER_INVOICE.TotalTransErrors" USERDEFINED ="NO"/>
        <WORKFLOWVARIABLE DATATYPE ="integer" DEFAULTVALUE ="" DESCRIPTION ="First error code" ISNULL ="NO" ISPERSISTENT ="NO" NAME ="$s_m_SM_AR_TRX_2TIER_INVOICE.FirstErrorCode" USERDEFINED ="NO"/>
        <WORKFLOWVARIABLE DATATYPE ="string" DEFAULTVALUE ="" DESCRIPTION ="First error message" ISNULL ="NO" ISPERSISTENT ="NO" NAME ="$s_m_SM_AR_TRX_2TIER_INVOICE.FirstErrorMsg" USERDEFINED ="NO"/>
        <ATTRIBUTE NAME ="Parameter Filename" VALUE =""/>
        <ATTRIBUTE NAME ="Write Backward Compatible Workflow Log File" VALUE ="NO"/>
        <ATTRIBUTE NAME ="Workflow Log File Name" VALUE ="wf_SM_AR_TRX_2TIER_INVOICE.log"/>
        <ATTRIBUTE NAME ="Workflow Log File Directory" VALUE ="$PMWorkflowLogDir&#x5c;"/>
        <ATTRIBUTE NAME ="Save Workflow log by" VALUE ="By runs"/>
        <ATTRIBUTE NAME ="Save workflow log for these runs" VALUE ="0"/>
        <ATTRIBUTE NAME ="Service Name" VALUE =""/>
        <ATTRIBUTE NAME ="Service Timeout" VALUE ="0"/>
        <ATTRIBUTE NAME ="Is Service Visible" VALUE ="NO"/>
        <ATTRIBUTE NAME ="Is Service Protected" VALUE ="NO"/>
        <ATTRIBUTE NAME ="Enable HA recovery" VALUE ="NO"/>
        <ATTRIBUTE NAME ="Automatically recover terminated tasks" VALUE ="NO"/>
        <ATTRIBUTE NAME ="Service Level Name" VALUE ="Default"/>
        <ATTRIBUTE NAME ="Allow concurrent run with unique run instance name" VALUE ="NO"/>
        <ATTRIBUTE NAME ="Allow concurrent run with same run instance name" VALUE ="NO"/>
        <ATTRIBUTE NAME ="Maximum number of concurrent runs" VALUE ="0"/>
        <ATTRIBUTE NAME ="Assigned Web Services Hubs" VALUE =""/>
        <ATTRIBUTE NAME ="Maximum number of concurrent runs per Hub" VALUE ="1000"/>
        <ATTRIBUTE NAME ="Expected Service Time" VALUE ="1"/>
    </WORKFLOW>
</FOLDER>
</REPOSITORY>
</POWERMART>