<?xml version="1.0" encoding="UTF-8"?>
<!DOCTYPE POWERMART SYSTEM "powrmart.dtd">
<POWERMART CREATION_DATE="07/12/2017 00:45:04" REPOSITORY_VERSION="184.93">
<REPOSITORY NAME="EDW_Prod_961" VERSION="184" CODEPAGE="UTF-8" DATABASETYPE="Oracle">
<FOLDER NAME="EDWTD_AR" GROUP="" OWNER="infoadm" SHARED="NOTSHARED" DESCRIPTION="EDW 2B Development Team
PM:gbhakta" PERMISSIONS="rwx---r--" UUID="73423456-2ce8-4f49-8c48-85e40dac346a">
    <SOURCE BUSINESSNAME ="" DATABASETYPE ="Teradata" DBDNAME ="EDWTD_Dev_951" DESCRIPTION ="" NAME ="WI_CORP_ADJ_AMONUT" OBJECTVERSION ="1" OWNERNAME ="TDDEV" VERSIONNUMBER ="2">
        <SOURCEFIELD BUSINESSNAME ="" DATATYPE ="decimal" DESCRIPTION ="" FIELDNUMBER ="1" FIELDPROPERTY ="0" FIELDTYPE ="ELEMITEM" HIDDEN ="NO" KEYTYPE ="NOT A KEY" LENGTH ="17" LEVEL ="0" NAME ="AE_HEADER_ID" NULLABLE ="NOTNULL" OCCURS ="0" OFFSET ="0" PHYSICALLENGTH ="15" PHYSICALOFFSET ="0" PICTURETEXT ="" PRECISION ="15" SCALE ="0" USAGE_FLAGS =""/>
        <SOURCEFIELD BUSINESSNAME ="" DATATYPE ="decimal" DESCRIPTION ="" FIELDNUMBER ="2" FIELDPROPERTY ="0" FIELDTYPE ="ELEMITEM" HIDDEN ="NO" KEYTYPE ="NOT A KEY" LENGTH ="17" LEVEL ="0" NAME ="AE_LINE_NUM" NULLABLE ="NOTNULL" OCCURS ="0" OFFSET ="17" PHYSICALLENGTH ="15" PHYSICALOFFSET ="15" PICTURETEXT ="" PRECISION ="15" SCALE ="0" USAGE_FLAGS =""/>
        <SOURCEFIELD BUSINESSNAME ="" DATATYPE ="decimal" DESCRIPTION ="" FIELDNUMBER ="3" FIELDPROPERTY ="0" FIELDTYPE ="ELEMITEM" HIDDEN ="NO" KEYTYPE ="NOT A KEY" LENGTH ="17" LEVEL ="0" NAME ="APPLICATION_ID" NULLABLE ="NOTNULL" OCCURS ="0" OFFSET ="34" PHYSICALLENGTH ="15" PHYSICALOFFSET ="30" PICTURETEXT ="" PRECISION ="15" SCALE ="0" USAGE_FLAGS =""/>
        <SOURCEFIELD BUSINESSNAME ="" DATATYPE ="varchar" DESCRIPTION ="" FIELDNUMBER ="4" FIELDPROPERTY ="0" FIELDTYPE ="ELEMITEM" HIDDEN ="NO" KEYTYPE ="NOT A KEY" LENGTH ="0" LEVEL ="0" NAME ="GLOBAL_NAME" NULLABLE ="NULL" OCCURS ="0" OFFSET ="51" PHYSICALLENGTH ="8" PHYSICALOFFSET ="45" PICTURETEXT ="" PRECISION ="8" SCALE ="0" USAGE_FLAGS =""/>
        <SOURCEFIELD BUSINESSNAME ="" DATATYPE ="decimal" DESCRIPTION ="" FIELDNUMBER ="5" FIELDPROPERTY ="0" FIELDTYPE ="ELEMITEM" HIDDEN ="NO" KEYTYPE ="NOT A KEY" LENGTH ="28" LEVEL ="0" NAME ="ADJUSTMENT_REVENUE" NULLABLE ="NULL" OCCURS ="0" OFFSET ="51" PHYSICALLENGTH ="26" PHYSICALOFFSET ="53" PICTURETEXT ="" PRECISION ="26" SCALE ="7" USAGE_FLAGS =""/>
        <SOURCEFIELD BUSINESSNAME ="" DATATYPE ="decimal" DESCRIPTION ="" FIELDNUMBER ="6" FIELDPROPERTY ="0" FIELDTYPE ="ELEMITEM" HIDDEN ="NO" KEYTYPE ="NOT A KEY" LENGTH ="28" LEVEL ="0" NAME ="ADJUSTMENT_COGS" NULLABLE ="NULL" OCCURS ="0" OFFSET ="79" PHYSICALLENGTH ="26" PHYSICALOFFSET ="79" PICTURETEXT ="" PRECISION ="26" SCALE ="7" USAGE_FLAGS =""/>
    </SOURCE>
    <TARGET BUSINESSNAME ="" CONSTRAINT ="" DATABASETYPE ="Teradata" DESCRIPTION ="" NAME ="WI_CORP_ADJ_AMOUNT" OBJECTVERSION ="1" TABLEOPTIONS ="" VERSIONNUMBER ="2">
        <TARGETFIELD BUSINESSNAME ="" DATATYPE ="decimal" DESCRIPTION ="" FIELDNUMBER ="1" KEYTYPE ="NOT A KEY" NAME ="AE_HEADER_ID" NULLABLE ="NOTNULL" PICTURETEXT ="" PRECISION ="15" SCALE ="0"/>
        <TARGETFIELD BUSINESSNAME ="" DATATYPE ="decimal" DESCRIPTION ="" FIELDNUMBER ="2" KEYTYPE ="NOT A KEY" NAME ="AE_LINE_NUM" NULLABLE ="NOTNULL" PICTURETEXT ="" PRECISION ="15" SCALE ="0"/>
        <TARGETFIELD BUSINESSNAME ="" DATATYPE ="decimal" DESCRIPTION ="" FIELDNUMBER ="3" KEYTYPE ="NOT A KEY" NAME ="APPLICATION_ID" NULLABLE ="NOTNULL" PICTURETEXT ="" PRECISION ="15" SCALE ="0"/>
        <TARGETFIELD BUSINESSNAME ="" DATATYPE ="varchar" DESCRIPTION ="" FIELDNUMBER ="4" KEYTYPE ="NOT A KEY" NAME ="GLOBAL_NAME" NULLABLE ="NULL" PICTURETEXT ="" PRECISION ="8" SCALE ="0"/>
        <TARGETFIELD BUSINESSNAME ="" DATATYPE ="decimal" DESCRIPTION ="" FIELDNUMBER ="5" KEYTYPE ="NOT A KEY" NAME ="ADJUSTMENT_REVENUE" NULLABLE ="NULL" PICTURETEXT ="" PRECISION ="26" SCALE ="7"/>
        <TARGETFIELD BUSINESSNAME ="" DATATYPE ="decimal" DESCRIPTION ="" FIELDNUMBER ="6" KEYTYPE ="NOT A KEY" NAME ="ADJUSTMENT_COGS" NULLABLE ="NULL" PICTURETEXT ="" PRECISION ="26" SCALE ="7"/>
    </TARGET>
    <MAPPING DESCRIPTION ="" ISVALID ="YES" NAME ="m_WI_CORP_ADJ_AMOUNT" OBJECTVERSION ="1" VERSIONNUMBER ="2">
        <TRANSFORMATION DESCRIPTION ="" NAME ="SQ_WI_CORP_ADJ_AMONUT" OBJECTVERSION ="1" REUSABLE ="NO" TYPE ="Source Qualifier" VERSIONNUMBER ="2">
            <TRANSFORMFIELD DATATYPE ="decimal" DEFAULTVALUE ="" DESCRIPTION ="" NAME ="AE_HEADER_ID" PICTURETEXT ="" PORTTYPE ="INPUT/OUTPUT" PRECISION ="15" SCALE ="0"/>
            <TRANSFORMFIELD DATATYPE ="decimal" DEFAULTVALUE ="" DESCRIPTION ="" NAME ="AE_LINE_NUM" PICTURETEXT ="" PORTTYPE ="INPUT/OUTPUT" PRECISION ="15" SCALE ="0"/>
            <TRANSFORMFIELD DATATYPE ="decimal" DEFAULTVALUE ="" DESCRIPTION ="" NAME ="APPLICATION_ID" PICTURETEXT ="" PORTTYPE ="INPUT/OUTPUT" PRECISION ="15" SCALE ="0"/>
            <TRANSFORMFIELD DATATYPE ="string" DEFAULTVALUE ="" DESCRIPTION ="" NAME ="GLOBAL_NAME" PICTURETEXT ="" PORTTYPE ="INPUT/OUTPUT" PRECISION ="8" SCALE ="0"/>
            <TRANSFORMFIELD DATATYPE ="decimal" DEFAULTVALUE ="" DESCRIPTION ="" NAME ="ADJUSTMENT_REVENUE" PICTURETEXT ="" PORTTYPE ="INPUT/OUTPUT" PRECISION ="26" SCALE ="7"/>
            <TRANSFORMFIELD DATATYPE ="decimal" DEFAULTVALUE ="" DESCRIPTION ="" NAME ="ADJUSTMENT_COGS" PICTURETEXT ="" PORTTYPE ="INPUT/OUTPUT" PRECISION ="26" SCALE ="7"/>
            <TABLEATTRIBUTE NAME ="Sql Query" VALUE ="SELECT&#xD;&#xA;AE_HEADER_ID                  &#xD;&#xA;,AE_LINE_NUM                   &#xD;&#xA;,XAL.APPLICATION_ID                &#xD;&#xA;,XAL.GLOBAL_NAME&#xD;&#xA;,COALESCE(XAL.ACCOUNTED_CR,0) - COALESCE(XAL.ACCOUNTED_DR,0) AS ADJUSTMENT_REVENUE&#xD;&#xA;,CAST (0 AS DECIMAL(26,7)) AS ADJUSTMENT_COGS&#xD;&#xA;FROM &#xD;&#xA;$$STGDB.WI_XLA_AE_LINE_CORP_ADJ_INCR XAL&#xD;&#xA;INNER JOIN $$ETLVWDB.EL_FND_APPLICATION_AR APPL&#xD;&#xA;ON XAL.APPLICATION_ID = APPL.APPLICATION_ID&#xD;&#xA;AND APPL.LANG = &apos;US&apos;&#xD;&#xA;AND APPL.APPLICATION_NAME = &apos;Cisco Open RMA&apos;&#xD;&#xA;/*UNION ALL&#xD;&#xA;SELECT&#xD;&#xA;AE_HEADER_ID                  &#xD;&#xA;,AE_LINE_NUM                   &#xD;&#xA;,XAL.APPLICATION_ID                &#xD;&#xA;,XAL.GLOBAL_NAME&#xD;&#xA;,CAST( (COALESCE(XAL.ACCOUNTED_CR,0) + COALESCE(XAL.ACCOUNTED_DR,0)) * &#xD;&#xA; (CASE WHEN XAL.ATTRIBUTE7 = &apos;REVENUE DEFERRAL OFFSET&apos; THEN -1 WHEN XAL.ATTRIBUTE7 = &apos;REVENUE AMORTIZATION OFFSET&apos; THEN 1 ELSE 1 END) AS DECIMAL(26,7)) AS ADJUSTMENT_REVENUE&#xD;&#xA;,CAST( (COALESCE(ADJ_COGS.ADJUSTMENT_COGS,0)) *&#xD;&#xA;(CASE WHEN XAL.ATTRIBUTE7 = &apos;REVENUE DEFERRAL OFFSET&apos; THEN -1 WHEN XAL.ATTRIBUTE7 = &apos;REVENUE AMORTIZATION OFFSET&apos; THEN 1 ELSE 1 END) AS DECIMAL(26,7)) AS ADJUSTMENT_COGS&#xD;&#xA;FROM &#xD;&#xA;$$STGDB.WI_XLA_AE_LINE_CORP_ADJ_INCR XAL&#xD;&#xA;INNER JOIN $$ETLVWDB.EL_FND_APPLICATION_AR APPL&#xD;&#xA;ON XAL.APPLICATION_ID = APPL.APPLICATION_ID&#xD;&#xA;AND APPL.LANG = &apos;US&apos;&#xD;&#xA;AND APPL.APPLICATION_NAME = &apos;Cisco Two Tier&apos;&#xD;&#xA;INNER JOIN $$ETLVWDB.EL_AR_MONTH_PROCESS_DATE FTH&#xD;&#xA;ON CAST(XAL.ACCOUNTING_DATE AS DATE) BETWEEN FTH.START_DATE AND FTH.END_DATE &#xD;&#xA;INNER JOIN&#xD;&#xA;(&#xD;&#xA;SELECT&#xD;&#xA;SUM(COALESCE(XAL.ACCOUNTED_CR,0) + COALESCE(XAL.ACCOUNTED_DR,0)) AS ADJUSTMENT_COGS&#xD;&#xA;,FTH.FISCAL_ID AS FISCAL_ID&#xD;&#xA;,CASE WHEN XAL.ATTRIBUTE7 = &apos;COGS DEFERRAL OFFSET&apos; THEN &apos;REVENUE DEFERRAL OFFSET&apos; ELSE &apos;REVENUE AMORTIZATION OFFSET&apos; END AS DIST_TYPE&#xD;&#xA;,XAL.ATTRIBUTE9&#xD;&#xA;FROM &#xD;&#xA;$$ETLVWDB. EL_XLA_AE_LINES_AR XAL&#xD;&#xA;INNER JOIN $$ETLVWDB.EL_XLA_AE_HEADERS_AR EXAHA&#xD;&#xA;ON EXAHA.AE_HEADER_ID = XAL.AE_HEADER_ID&#xD;&#xA;AND EXAHA.APPLICATION_ID = XAL.APPLICATION_ID&#xD;&#xA;AND EXAHA.GLOBAL_NAME = XAL.GLOBAL_NAME&#xD;&#xA;INNER JOIN $$ETLVWDB.EL_FND_APPLICATION_AR APPL&#xD;&#xA;ON XAL.APPLICATION_ID = APPL.APPLICATION_ID&#xD;&#xA;AND APPL.LANG = &apos;US&apos;&#xD;&#xA;AND APPL.APPLICATION_NAME = &apos;Cisco Two Tier&apos;&#xD;&#xA;INNER JOIN $$ETLVWDB.EL_AR_MONTH_PROCESS_DATE FTH&#xD;&#xA;ON CAST(XAL.ACCOUNTING_DATE AS DATE) BETWEEN START_DATE AND END_DATE&#xD;&#xA;WHERE XAL.ATTRIBUTE7 IN (&apos;COGS DEFERRAL OFFSET&apos;, &apos;COGS AMORTIZATION OFFSET&apos;)&#xD;&#xA;AND EXAHA.GL_TRANSFER_DATE IS NOT NULL&#xD;&#xA;AND COALESCE(EXAHA.GL_TRANSFER_STATUS_CODE, &apos;N&apos;) = &apos;Y&apos;&#xD;&#xA;GROUP BY 2,3,4&#xD;&#xA;) ADJ_COGS&#xD;&#xA;ON XAL.ATTRIBUTE7 = ADJ_COGS.DIST_TYPE&#xD;&#xA;AND XAL.ATTRIBUTE9 = ADJ_COGS.ATTRIBUTE9&#xD;&#xA;AND ADJ_COGS.FISCAL_ID = FTH.FISCAL_ID&#xD;&#xA;WHERE XAL.ATTRIBUTE7 IN (&apos;REVENUE DEFERRAL OFFSET&apos;, &apos;REVENUE AMORTIZATION OFFSET&apos;)&#xD;&#xA;*/"/>
            <TABLEATTRIBUTE NAME ="User Defined Join" VALUE =""/>
            <TABLEATTRIBUTE NAME ="Source Filter" VALUE =""/>
            <TABLEATTRIBUTE NAME ="Number Of Sorted Ports" VALUE ="0"/>
            <TABLEATTRIBUTE NAME ="Tracing Level" VALUE ="Normal"/>
            <TABLEATTRIBUTE NAME ="Select Distinct" VALUE ="NO"/>
            <TABLEATTRIBUTE NAME ="Is Partitionable" VALUE ="NO"/>
            <TABLEATTRIBUTE NAME ="Pre SQL" VALUE =""/>
            <TABLEATTRIBUTE NAME ="Post SQL" VALUE =""/>
            <TABLEATTRIBUTE NAME ="Output is deterministic" VALUE ="NO"/>
            <TABLEATTRIBUTE NAME ="Output is repeatable" VALUE ="Never"/>
        </TRANSFORMATION>
        <INSTANCE DESCRIPTION ="" NAME ="WI_CORP_ADJ_AMOUNT" TRANSFORMATION_NAME ="WI_CORP_ADJ_AMOUNT" TRANSFORMATION_TYPE ="Target Definition" TYPE ="TARGET"/>
        <INSTANCE DESCRIPTION ="" NAME ="SQ_WI_CORP_ADJ_AMONUT" REUSABLE ="NO" TRANSFORMATION_NAME ="SQ_WI_CORP_ADJ_AMONUT" TRANSFORMATION_TYPE ="Source Qualifier" TYPE ="TRANSFORMATION">
            <ASSOCIATED_SOURCE_INSTANCE NAME ="WI_CORP_ADJ_AMONUT"/>
        </INSTANCE>
        <INSTANCE DBDNAME ="EDWTD_Dev_951" DESCRIPTION ="" NAME ="WI_CORP_ADJ_AMONUT" TRANSFORMATION_NAME ="WI_CORP_ADJ_AMONUT" TRANSFORMATION_TYPE ="Source Definition" TYPE ="SOURCE"/>
        <CONNECTOR FROMFIELD ="AE_HEADER_ID" FROMINSTANCE ="SQ_WI_CORP_ADJ_AMONUT" FROMINSTANCETYPE ="Source Qualifier" TOFIELD ="AE_HEADER_ID" TOINSTANCE ="WI_CORP_ADJ_AMOUNT" TOINSTANCETYPE ="Target Definition"/>
        <CONNECTOR FROMFIELD ="AE_LINE_NUM" FROMINSTANCE ="SQ_WI_CORP_ADJ_AMONUT" FROMINSTANCETYPE ="Source Qualifier" TOFIELD ="AE_LINE_NUM" TOINSTANCE ="WI_CORP_ADJ_AMOUNT" TOINSTANCETYPE ="Target Definition"/>
        <CONNECTOR FROMFIELD ="APPLICATION_ID" FROMINSTANCE ="SQ_WI_CORP_ADJ_AMONUT" FROMINSTANCETYPE ="Source Qualifier" TOFIELD ="APPLICATION_ID" TOINSTANCE ="WI_CORP_ADJ_AMOUNT" TOINSTANCETYPE ="Target Definition"/>
        <CONNECTOR FROMFIELD ="GLOBAL_NAME" FROMINSTANCE ="SQ_WI_CORP_ADJ_AMONUT" FROMINSTANCETYPE ="Source Qualifier" TOFIELD ="GLOBAL_NAME" TOINSTANCE ="WI_CORP_ADJ_AMOUNT" TOINSTANCETYPE ="Target Definition"/>
        <CONNECTOR FROMFIELD ="ADJUSTMENT_REVENUE" FROMINSTANCE ="SQ_WI_CORP_ADJ_AMONUT" FROMINSTANCETYPE ="Source Qualifier" TOFIELD ="ADJUSTMENT_REVENUE" TOINSTANCE ="WI_CORP_ADJ_AMOUNT" TOINSTANCETYPE ="Target Definition"/>
        <CONNECTOR FROMFIELD ="ADJUSTMENT_COGS" FROMINSTANCE ="SQ_WI_CORP_ADJ_AMONUT" FROMINSTANCETYPE ="Source Qualifier" TOFIELD ="ADJUSTMENT_COGS" TOINSTANCE ="WI_CORP_ADJ_AMOUNT" TOINSTANCETYPE ="Target Definition"/>
        <CONNECTOR FROMFIELD ="GLOBAL_NAME" FROMINSTANCE ="WI_CORP_ADJ_AMONUT" FROMINSTANCETYPE ="Source Definition" TOFIELD ="GLOBAL_NAME" TOINSTANCE ="SQ_WI_CORP_ADJ_AMONUT" TOINSTANCETYPE ="Source Qualifier"/>
        <CONNECTOR FROMFIELD ="ADJUSTMENT_REVENUE" FROMINSTANCE ="WI_CORP_ADJ_AMONUT" FROMINSTANCETYPE ="Source Definition" TOFIELD ="ADJUSTMENT_REVENUE" TOINSTANCE ="SQ_WI_CORP_ADJ_AMONUT" TOINSTANCETYPE ="Source Qualifier"/>
        <CONNECTOR FROMFIELD ="ADJUSTMENT_COGS" FROMINSTANCE ="WI_CORP_ADJ_AMONUT" FROMINSTANCETYPE ="Source Definition" TOFIELD ="ADJUSTMENT_COGS" TOINSTANCE ="SQ_WI_CORP_ADJ_AMONUT" TOINSTANCETYPE ="Source Qualifier"/>
        <CONNECTOR FROMFIELD ="AE_HEADER_ID" FROMINSTANCE ="WI_CORP_ADJ_AMONUT" FROMINSTANCETYPE ="Source Definition" TOFIELD ="AE_HEADER_ID" TOINSTANCE ="SQ_WI_CORP_ADJ_AMONUT" TOINSTANCETYPE ="Source Qualifier"/>
        <CONNECTOR FROMFIELD ="AE_LINE_NUM" FROMINSTANCE ="WI_CORP_ADJ_AMONUT" FROMINSTANCETYPE ="Source Definition" TOFIELD ="AE_LINE_NUM" TOINSTANCE ="SQ_WI_CORP_ADJ_AMONUT" TOINSTANCETYPE ="Source Qualifier"/>
        <CONNECTOR FROMFIELD ="APPLICATION_ID" FROMINSTANCE ="WI_CORP_ADJ_AMONUT" FROMINSTANCETYPE ="Source Definition" TOFIELD ="APPLICATION_ID" TOINSTANCE ="SQ_WI_CORP_ADJ_AMONUT" TOINSTANCETYPE ="Source Qualifier"/>
        <TARGETLOADORDER ORDER ="1" TARGETINSTANCE ="WI_CORP_ADJ_AMOUNT"/>
        <MAPPINGVARIABLE DATATYPE ="string" DEFAULTVALUE ="" DESCRIPTION ="" ISEXPRESSIONVARIABLE ="NO" ISPARAM ="YES" NAME ="$$STGDB" PRECISION ="30" SCALE ="0" USERDEFINED ="YES"/>
        <MAPPINGVARIABLE DATATYPE ="string" DEFAULTVALUE ="" DESCRIPTION ="" ISEXPRESSIONVARIABLE ="NO" ISPARAM ="YES" NAME ="$$COMREFVWDB" PRECISION ="30" SCALE ="0" USERDEFINED ="YES"/>
        <MAPPINGVARIABLE DATATYPE ="string" DEFAULTVALUE ="" DESCRIPTION ="" ISEXPRESSIONVARIABLE ="NO" ISPARAM ="YES" NAME ="$$ETLVWDB" PRECISION ="30" SCALE ="0" USERDEFINED ="YES"/>
        <ERPINFO/>
    </MAPPING>
    <CONFIG DESCRIPTION ="Default session configuration object" ISDEFAULT ="YES" NAME ="default_session_config" VERSIONNUMBER ="5">
        <ATTRIBUTE NAME ="Advanced" VALUE =""/>
        <ATTRIBUTE NAME ="Constraint based load ordering" VALUE ="NO"/>
        <ATTRIBUTE NAME ="Cache LOOKUP() function" VALUE ="YES"/>
        <ATTRIBUTE NAME ="Default buffer block size" VALUE ="Auto"/>
        <ATTRIBUTE NAME ="Line Sequential buffer length" VALUE ="1024"/>
        <ATTRIBUTE NAME ="Maximum Memory Allowed For Auto Memory Attributes" VALUE ="512MB"/>
        <ATTRIBUTE NAME ="Maximum Percentage of Total Memory Allowed For Auto Memory Attributes" VALUE ="5"/>
        <ATTRIBUTE NAME ="Additional Concurrent Pipelines for Lookup Cache Creation" VALUE ="Auto"/>
        <ATTRIBUTE NAME ="Custom Properties" VALUE =""/>
        <ATTRIBUTE NAME ="Pre-build lookup cache" VALUE ="Auto"/>
        <ATTRIBUTE NAME ="Optimization Level" VALUE ="Medium"/>
        <ATTRIBUTE NAME ="DateTime Format String" VALUE ="MM/DD/YYYY HH24:MI:SS"/>
        <ATTRIBUTE NAME ="Pre 85 Timestamp Compatibility" VALUE ="YES"/>
        <ATTRIBUTE NAME ="Log Options" VALUE ="0"/>
        <ATTRIBUTE NAME ="Save session log by" VALUE ="Session runs"/>
        <ATTRIBUTE NAME ="Save session log for these runs" VALUE ="5"/>
        <ATTRIBUTE NAME ="Session Log File Max Size" VALUE ="0"/>
        <ATTRIBUTE NAME ="Session Log File Max Time Period" VALUE ="0"/>
        <ATTRIBUTE NAME ="Maximum Partial Session Log Files" VALUE ="1"/>
        <ATTRIBUTE NAME ="Writer Commit Statistics Log Frequency" VALUE ="1"/>
        <ATTRIBUTE NAME ="Writer Commit Statistics Log Interval" VALUE ="0"/>
        <ATTRIBUTE NAME ="Error handling" VALUE =""/>
        <ATTRIBUTE NAME ="Stop on errors" VALUE ="1"/>
        <ATTRIBUTE NAME ="Override tracing" VALUE ="None"/>
        <ATTRIBUTE NAME ="On Stored Procedure error" VALUE ="Stop"/>
        <ATTRIBUTE NAME ="On Pre-session command task error" VALUE ="Stop"/>
        <ATTRIBUTE NAME ="On Pre-Post SQL error" VALUE ="Stop"/>
        <ATTRIBUTE NAME ="Enable Recovery" VALUE ="NO"/>
        <ATTRIBUTE NAME ="Error Log Type" VALUE ="None"/>
        <ATTRIBUTE NAME ="Error Log Table Name Prefix" VALUE =""/>
        <ATTRIBUTE NAME ="Error Log File Name" VALUE ="PMError.log"/>
        <ATTRIBUTE NAME ="Log Source Row Data" VALUE ="NO"/>
        <ATTRIBUTE NAME ="Data Column Delimiter" VALUE ="|"/>
        <ATTRIBUTE NAME ="Partitioning Options" VALUE =""/>
        <ATTRIBUTE NAME ="Dynamic Partitioning" VALUE ="Disabled"/>
        <ATTRIBUTE NAME ="Number of Partitions" VALUE ="1"/>
        <ATTRIBUTE NAME ="Multiplication Factor" VALUE ="Auto"/>
        <ATTRIBUTE NAME ="Session on Grid" VALUE =""/>
        <ATTRIBUTE NAME ="Is Enabled" VALUE ="NO"/>
    </CONFIG>
    <WORKFLOW DESCRIPTION ="" ISENABLED ="YES" ISRUNNABLESERVICE ="NO" ISSERVICE ="NO" ISVALID ="YES" NAME ="wf_WI_CORP_ADJ_AMOUNT" REUSABLE_SCHEDULER ="NO" SCHEDULERNAME ="Scheduler" SERVERNAME ="EDW_Prod_961_Integration_Service" SERVER_DOMAINNAME ="Domain_EDW_Prod_961" SUSPEND_ON_ERROR ="NO" TASKS_MUST_RUN_ON_SERVER ="NO" VERSIONNUMBER ="2">
        <SCHEDULER DESCRIPTION ="" NAME ="Scheduler" REUSABLE ="NO" VERSIONNUMBER ="2">
            <SCHEDULEINFO SCHEDULETYPE ="ONDEMAND"/>
        </SCHEDULER>
        <TASK DESCRIPTION ="" NAME ="Start" REUSABLE ="NO" TYPE ="Start" VERSIONNUMBER ="2"/>
        <SESSION DESCRIPTION ="" ISVALID ="YES" MAPPINGNAME ="m_WI_CORP_ADJ_AMOUNT" NAME ="s_m_WI_CORP_ADJ_AMOUNT" REUSABLE ="NO" SORTORDER ="Binary" VERSIONNUMBER ="2">
            <SESSTRANSFORMATIONINST ISREPARTITIONPOINT ="YES" PARTITIONTYPE ="PASS THROUGH" PIPELINE ="1" SINSTANCENAME ="SQ_WI_CORP_ADJ_AMONUT" STAGE ="1" TRANSFORMATIONNAME ="SQ_WI_CORP_ADJ_AMONUT" TRANSFORMATIONTYPE ="Source Qualifier">
                <ATTRIBUTE NAME ="Pre SQL" VALUE ="DELETE FROM $$STGDB.WI_CORP_ADJ_AMOUNT ALL;"/>
            </SESSTRANSFORMATIONINST>
            <SESSTRANSFORMATIONINST ISREPARTITIONPOINT ="NO" PIPELINE ="0" SINSTANCENAME ="WI_CORP_ADJ_AMONUT" STAGE ="0" TRANSFORMATIONNAME ="WI_CORP_ADJ_AMONUT" TRANSFORMATIONTYPE ="Source Definition"/>
            <SESSTRANSFORMATIONINST ISREPARTITIONPOINT ="YES" PARTITIONTYPE ="PASS THROUGH" PIPELINE ="1" SINSTANCENAME ="WI_CORP_ADJ_AMOUNT" STAGE ="2" TRANSFORMATIONNAME ="WI_CORP_ADJ_AMOUNT" TRANSFORMATIONTYPE ="Target Definition">
                <ATTRIBUTE NAME ="Table Name Prefix" VALUE ="$$STGDB"/>
                <ATTRIBUTE NAME ="Post SQL" VALUE ="COLLECT STATS ON $$STGDB.WI_CORP_ADJ_AMOUNT;"/>
            </SESSTRANSFORMATIONINST>
            <CONFIGREFERENCE REFOBJECTNAME ="default_session_config" TYPE ="Session config"/>
            <SESSIONEXTENSION NAME ="Relational Reader" SINSTANCENAME ="SQ_WI_CORP_ADJ_AMONUT" SUBTYPE ="Relational Reader" TRANSFORMATIONTYPE ="Source Qualifier" TYPE ="READER">
                <CONNECTIONREFERENCE CNXREFNAME ="DB Connection" CONNECTIONNAME ="" CONNECTIONNUMBER ="1" CONNECTIONSUBTYPE ="" CONNECTIONTYPE ="Relational" VARIABLE ="$DBConnection_Source"/>
            </SESSIONEXTENSION>
            <SESSIONEXTENSION DSQINSTNAME ="SQ_WI_CORP_ADJ_AMONUT" DSQINSTTYPE ="Source Qualifier" NAME ="Relational Reader" SINSTANCENAME ="WI_CORP_ADJ_AMONUT" SUBTYPE ="Relational Reader" TRANSFORMATIONTYPE ="Source Definition" TYPE ="READER"/>
            <SESSIONEXTENSION NAME ="Relational Writer" SINSTANCENAME ="WI_CORP_ADJ_AMOUNT" SUBTYPE ="Relational Writer" TRANSFORMATIONTYPE ="Target Definition" TYPE ="WRITER">
                <CONNECTIONREFERENCE CNXREFNAME ="DB Connection" CONNECTIONNAME ="" CONNECTIONNUMBER ="1" CONNECTIONSUBTYPE ="" CONNECTIONTYPE ="Relational" VARIABLE ="$DBConnection_Target"/>
                <ATTRIBUTE NAME ="Target load type" VALUE ="Bulk"/>
                <ATTRIBUTE NAME ="Insert" VALUE ="YES"/>
                <ATTRIBUTE NAME ="Update as Update" VALUE ="NO"/>
                <ATTRIBUTE NAME ="Update as Insert" VALUE ="NO"/>
                <ATTRIBUTE NAME ="Update else Insert" VALUE ="NO"/>
                <ATTRIBUTE NAME ="Delete" VALUE ="NO"/>
                <ATTRIBUTE NAME ="Truncate target table option" VALUE ="NO"/>
                <ATTRIBUTE NAME ="Reject file directory" VALUE ="$PMRootDir/DATA/EDWTD_AR/reject"/>
                <ATTRIBUTE NAME ="Reject filename" VALUE ="wi_corp_adj_amount1.bad"/>
            </SESSIONEXTENSION>
            <ATTRIBUTE NAME ="General Options" VALUE =""/>
            <ATTRIBUTE NAME ="Write Backward Compatible Session Log File" VALUE ="NO"/>
            <ATTRIBUTE NAME ="Session Log File Name" VALUE ="s_m_WI_CORP_ADJ_AMONUT.log"/>
            <ATTRIBUTE NAME ="Session Log File directory" VALUE ="$PMSessionLogDir&#x5c;"/>
            <ATTRIBUTE NAME ="Parameter Filename" VALUE =""/>
            <ATTRIBUTE NAME ="Enable Test Load" VALUE ="NO"/>
            <ATTRIBUTE NAME ="$Source connection value" VALUE =""/>
            <ATTRIBUTE NAME ="$Target connection value" VALUE =""/>
            <ATTRIBUTE NAME ="Treat source rows as" VALUE ="Insert"/>
            <ATTRIBUTE NAME ="Commit Type" VALUE ="Target"/>
            <ATTRIBUTE NAME ="Commit Interval" VALUE ="10000"/>
            <ATTRIBUTE NAME ="Commit On End Of File" VALUE ="YES"/>
            <ATTRIBUTE NAME ="Rollback Transactions on Errors" VALUE ="NO"/>
            <ATTRIBUTE NAME ="Recovery Strategy" VALUE ="Fail task and continue workflow"/>
            <ATTRIBUTE NAME ="Java Classpath" VALUE =""/>
            <ATTRIBUTE NAME ="Performance" VALUE =""/>
            <ATTRIBUTE NAME ="DTM buffer size" VALUE ="Auto"/>
            <ATTRIBUTE NAME ="Collect performance data" VALUE ="NO"/>
            <ATTRIBUTE NAME ="Write performance data to repository" VALUE ="NO"/>
            <ATTRIBUTE NAME ="Incremental Aggregation" VALUE ="NO"/>
            <ATTRIBUTE NAME ="Enable high precision" VALUE ="NO"/>
            <ATTRIBUTE NAME ="Session retry on deadlock" VALUE ="NO"/>
            <ATTRIBUTE NAME ="Pushdown Optimization" VALUE ="Full"/>
            <ATTRIBUTE NAME ="Allow Temporary View for Pushdown" VALUE ="NO"/>
            <ATTRIBUTE NAME ="Allow Temporary Sequence for Pushdown" VALUE ="NO"/>
            <ATTRIBUTE NAME ="Allow Pushdown for User Incompatible Connections" VALUE ="NO"/>
        </SESSION>
        <TASKINSTANCE DESCRIPTION ="" ISENABLED ="YES" NAME ="Start" REUSABLE ="NO" TASKNAME ="Start" TASKTYPE ="Start"/>
        <TASKINSTANCE DESCRIPTION ="" FAIL_PARENT_IF_INSTANCE_DID_NOT_RUN ="YES" FAIL_PARENT_IF_INSTANCE_FAILS ="YES" ISENABLED ="YES" NAME ="s_m_WI_CORP_ADJ_AMOUNT" REUSABLE ="NO" TASKNAME ="s_m_WI_CORP_ADJ_AMOUNT" TASKTYPE ="Session" TREAT_INPUTLINK_AS_AND ="YES"/>
        <WORKFLOWLINK CONDITION ="" FROMTASK ="Start" TOTASK ="s_m_WI_CORP_ADJ_AMOUNT"/>
        <WORKFLOWVARIABLE DATATYPE ="date/time" DEFAULTVALUE ="" DESCRIPTION ="The time this task started" ISNULL ="NO" ISPERSISTENT ="NO" NAME ="$Start.StartTime" USERDEFINED ="NO"/>
        <WORKFLOWVARIABLE DATATYPE ="date/time" DEFAULTVALUE ="" DESCRIPTION ="The time this task completed" ISNULL ="NO" ISPERSISTENT ="NO" NAME ="$Start.EndTime" USERDEFINED ="NO"/>
        <WORKFLOWVARIABLE DATATYPE ="integer" DEFAULTVALUE ="" DESCRIPTION ="Status of this task&apos;s execution" ISNULL ="NO" ISPERSISTENT ="NO" NAME ="$Start.Status" USERDEFINED ="NO"/>
        <WORKFLOWVARIABLE DATATYPE ="integer" DEFAULTVALUE ="" DESCRIPTION ="Status of the previous task that is not disabled" ISNULL ="NO" ISPERSISTENT ="NO" NAME ="$Start.PrevTaskStatus" USERDEFINED ="NO"/>
        <WORKFLOWVARIABLE DATATYPE ="integer" DEFAULTVALUE ="" DESCRIPTION ="Error code for this task&apos;s execution" ISNULL ="NO" ISPERSISTENT ="NO" NAME ="$Start.ErrorCode" USERDEFINED ="NO"/>
        <WORKFLOWVARIABLE DATATYPE ="string" DEFAULTVALUE ="" DESCRIPTION ="Error message for this task&apos;s execution" ISNULL ="NO" ISPERSISTENT ="NO" NAME ="$Start.ErrorMsg" USERDEFINED ="NO"/>
        <WORKFLOWVARIABLE DATATYPE ="date/time" DEFAULTVALUE ="" DESCRIPTION ="The time this task started" ISNULL ="NO" ISPERSISTENT ="NO" NAME ="$s_m_WI_CORP_ADJ_AMOUNT.StartTime" USERDEFINED ="NO"/>
        <WORKFLOWVARIABLE DATATYPE ="date/time" DEFAULTVALUE ="" DESCRIPTION ="The time this task completed" ISNULL ="NO" ISPERSISTENT ="NO" NAME ="$s_m_WI_CORP_ADJ_AMOUNT.EndTime" USERDEFINED ="NO"/>
        <WORKFLOWVARIABLE DATATYPE ="integer" DEFAULTVALUE ="" DESCRIPTION ="Status of this task&apos;s execution" ISNULL ="NO" ISPERSISTENT ="NO" NAME ="$s_m_WI_CORP_ADJ_AMOUNT.Status" USERDEFINED ="NO"/>
        <WORKFLOWVARIABLE DATATYPE ="integer" DEFAULTVALUE ="" DESCRIPTION ="Status of the previous task that is not disabled" ISNULL ="NO" ISPERSISTENT ="NO" NAME ="$s_m_WI_CORP_ADJ_AMOUNT.PrevTaskStatus" USERDEFINED ="NO"/>
        <WORKFLOWVARIABLE DATATYPE ="integer" DEFAULTVALUE ="" DESCRIPTION ="Error code for this task&apos;s execution" ISNULL ="NO" ISPERSISTENT ="NO" NAME ="$s_m_WI_CORP_ADJ_AMOUNT.ErrorCode" USERDEFINED ="NO"/>
        <WORKFLOWVARIABLE DATATYPE ="string" DEFAULTVALUE ="" DESCRIPTION ="Error message for this task&apos;s execution" ISNULL ="NO" ISPERSISTENT ="NO" NAME ="$s_m_WI_CORP_ADJ_AMOUNT.ErrorMsg" USERDEFINED ="NO"/>
        <WORKFLOWVARIABLE DATATYPE ="integer" DEFAULTVALUE ="" DESCRIPTION ="Rows successfully read" ISNULL ="NO" ISPERSISTENT ="NO" NAME ="$s_m_WI_CORP_ADJ_AMOUNT.SrcSuccessRows" USERDEFINED ="NO"/>
        <WORKFLOWVARIABLE DATATYPE ="integer" DEFAULTVALUE ="" DESCRIPTION ="Rows failed to read" ISNULL ="NO" ISPERSISTENT ="NO" NAME ="$s_m_WI_CORP_ADJ_AMOUNT.SrcFailedRows" USERDEFINED ="NO"/>
        <WORKFLOWVARIABLE DATATYPE ="integer" DEFAULTVALUE ="" DESCRIPTION ="Rows successfully loaded" ISNULL ="NO" ISPERSISTENT ="NO" NAME ="$s_m_WI_CORP_ADJ_AMOUNT.TgtSuccessRows" USERDEFINED ="NO"/>
        <WORKFLOWVARIABLE DATATYPE ="integer" DEFAULTVALUE ="" DESCRIPTION ="Rows failed to load" ISNULL ="NO" ISPERSISTENT ="NO" NAME ="$s_m_WI_CORP_ADJ_AMOUNT.TgtFailedRows" USERDEFINED ="NO"/>
        <WORKFLOWVARIABLE DATATYPE ="integer" DEFAULTVALUE ="" DESCRIPTION ="Total number of transformation errors" ISNULL ="NO" ISPERSISTENT ="NO" NAME ="$s_m_WI_CORP_ADJ_AMOUNT.TotalTransErrors" USERDEFINED ="NO"/>
        <WORKFLOWVARIABLE DATATYPE ="integer" DEFAULTVALUE ="" DESCRIPTION ="First error code" ISNULL ="NO" ISPERSISTENT ="NO" NAME ="$s_m_WI_CORP_ADJ_AMOUNT.FirstErrorCode" USERDEFINED ="NO"/>
        <WORKFLOWVARIABLE DATATYPE ="string" DEFAULTVALUE ="" DESCRIPTION ="First error message" ISNULL ="NO" ISPERSISTENT ="NO" NAME ="$s_m_WI_CORP_ADJ_AMOUNT.FirstErrorMsg" USERDEFINED ="NO"/>
        <ATTRIBUTE NAME ="Parameter Filename" VALUE =""/>
        <ATTRIBUTE NAME ="Write Backward Compatible Workflow Log File" VALUE ="NO"/>
        <ATTRIBUTE NAME ="Workflow Log File Name" VALUE ="wf_WI_CORP_ADJ_AMONUT.log"/>
        <ATTRIBUTE NAME ="Workflow Log File Directory" VALUE ="$PMWorkflowLogDir&#x5c;"/>
        <ATTRIBUTE NAME ="Save Workflow log by" VALUE ="By runs"/>
        <ATTRIBUTE NAME ="Save workflow log for these runs" VALUE ="0"/>
        <ATTRIBUTE NAME ="Service Name" VALUE =""/>
        <ATTRIBUTE NAME ="Service Timeout" VALUE ="0"/>
        <ATTRIBUTE NAME ="Is Service Visible" VALUE ="NO"/>
        <ATTRIBUTE NAME ="Is Service Protected" VALUE ="NO"/>
        <ATTRIBUTE NAME ="Fail task after wait time" VALUE ="0"/>
        <ATTRIBUTE NAME ="Enable HA recovery" VALUE ="NO"/>
        <ATTRIBUTE NAME ="Automatically recover terminated tasks" VALUE ="NO"/>
        <ATTRIBUTE NAME ="Service Level Name" VALUE ="Default"/>
        <ATTRIBUTE NAME ="Allow concurrent run with unique run instance name" VALUE ="NO"/>
        <ATTRIBUTE NAME ="Allow concurrent run with same run instance name" VALUE ="NO"/>
        <ATTRIBUTE NAME ="Maximum number of concurrent runs" VALUE ="0"/>
        <ATTRIBUTE NAME ="Assigned Web Services Hubs" VALUE =""/>
        <ATTRIBUTE NAME ="Maximum number of concurrent runs per Hub" VALUE ="1000"/>
        <ATTRIBUTE NAME ="Expected Service Time" VALUE ="1"/>
    </WORKFLOW>
</FOLDER>
</REPOSITORY>
</POWERMART>