wf_DRR_FA_R14_SHR_DNR_FNL_F,s_m_DRR_FA_R14_SHR_DNR_FNL_F,1,m_DRR_FA_R14_SHR_DNR_FNL_F,1,SQ_N_DYN_RESTMT_SLS_ADJSTMT,1,WI_FIN_ADJ_BOOKINGS_ACTIVE_R141,1,Sq Query,$$SLSORDVWDB.N_DYN_RESTMT_SLS_ADJSTMT
wf_DRR_FA_R14_SHR_DNR_FNL_F,s_m_DRR_FA_R14_SHR_DNR_FNL_F,1,m_DRR_FA_R14_SHR_DNR_FNL_F,1,SQ_N_DYN_RESTMT_SLS_ADJSTMT,1,WI_FIN_ADJ_BOOKINGS_ACTIVE_R141,1,Sq Query,$$ETLVWDB.WI_DRR_PROCESS_CONTROL
wf_DRR_FA_R14_SHR_DNR_FNL_F,s_m_DRR_FA_R14_SHR_DNR_FNL_F,1,m_DRR_FA_R14_SHR_DNR_FNL_F,1,SQ_N_DYN_RESTMT_SLS_ADJSTMT,1,WI_FIN_ADJ_BOOKINGS_ACTIVE_R141,1,TgtPre SQL,$$STGDB.WI_FIN_ADJ_BOOKINGS_ACTIVE_R14
wf_DRR_FA_R14_SHR_DNR_FNL_F,s_m_DRR_FA_R14_SHR_DNR_FNL_F,1,m_DRR_FA_R14_SHR_DNR_FNL_F,1,SQ_WI_FIN_ADJ_BOOKINGS_ACTIVE_R14,2,WI_FIN_ADJ_BOOKINGS_R14_ALL1,2,Sq Query,$$STGDB.WI_FIN_ADJ_BOOKINGS_ACTIVE_R14
wf_DRR_FA_R14_SHR_DNR_FNL_F,s_m_DRR_FA_R14_SHR_DNR_FNL_F,1,m_DRR_FA_R14_SHR_DNR_FNL_F,1,SQ_WI_FIN_ADJ_BOOKINGS_ACTIVE_R14,2,WI_FIN_ADJ_BOOKINGS_R14_ALL1,2,Sq Query,$$ETLVWDB.WI_DRR_PROCESS_CONTROL
wf_DRR_FA_R14_SHR_DNR_FNL_F,s_m_DRR_FA_R14_SHR_DNR_FNL_F,1,m_DRR_FA_R14_SHR_DNR_FNL_F,1,SQ_WI_FIN_ADJ_BOOKINGS_ACTIVE_R14,2,WI_FIN_ADJ_BOOKINGS_R14_ALL1,2,Sq Query,$$SLSORDVWDB.N_BOOKINGS_MEASURE
wf_DRR_FA_R14_SHR_DNR_FNL_F,s_m_DRR_FA_R14_SHR_DNR_FNL_F,1,m_DRR_FA_R14_SHR_DNR_FNL_F,1,SQ_WI_FIN_ADJ_BOOKINGS_ACTIVE_R14,2,WI_FIN_ADJ_BOOKINGS_R14_ALL1,2,Sq Query,$$COMREFVWDB.R_FISCAL_DAY_TO_YEAR
wf_DRR_FA_R14_SHR_DNR_FNL_F,s_m_DRR_FA_R14_SHR_DNR_FNL_F,1,m_DRR_FA_R14_SHR_DNR_FNL_F,1,SQ_WI_FIN_ADJ_BOOKINGS_ACTIVE_R14,2,WI_FIN_ADJ_BOOKINGS_R14_ALL1,2,TgtPre SQL,$$STGDB.WI_FIN_ADJ_BOOKINGS_R14_ALL
wf_DRR_FA_R14_SHR_DNR_FNL_F,s_m_DRR_FA_R14_SHR_DNR_FNL_F,1,m_DRR_FA_R14_SHR_DNR_FNL_F,1,SQ_WI_FIN_ADJ_BOOKINGS_R14_ALL,3,WI_DRR_FA_R14_SHR_DNR_FNL_F,3,Sq Query,$$STGDB.WI_FIN_ADJ_BOOKINGS_R14_ALL
wf_DRR_FA_R14_SHR_DNR_FNL_F,s_m_DRR_FA_R14_SHR_DNR_FNL_F,1,m_DRR_FA_R14_SHR_DNR_FNL_F,1,SQ_WI_FIN_ADJ_BOOKINGS_R14_ALL,3,WI_DRR_FA_R14_SHR_DNR_FNL_F,3,Sq Query,$$SLSORDVWDB.MT_SLS_ACNT_RSTD_MSR_DRR_NG
wf_DRR_FA_R14_SHR_DNR_FNL_F,s_m_DRR_FA_R14_SHR_DNR_FNL_F,1,m_DRR_FA_R14_SHR_DNR_FNL_F,1,SQ_WI_FIN_ADJ_BOOKINGS_R14_ALL,3,WI_DRR_FA_R14_SHR_DNR_FNL_F,3,TgtPre SQL,$$STGDB.WI_DRR_FA_R14_SHR_DNR_FNL_F
wf_DRR_FA_R14_SHR_DNR_FNL_F,s_m_DRR_FA_R14_SHR_DNR_FNL_F,1,m_DRR_FA_R14_SHR_DNR_FNL_F,1,SQ_R_SALES_HIERARCHY,4,WI_DRR_FA_R14_SHR_DNR_FNL_F1,4,Sq Query,$$COMREFVWDB.R_SALES_HIERARCHY
wf_DRR_FA_R14_SHR_DNR_FNL_F,s_m_DRR_FA_R14_SHR_DNR_FNL_F,1,m_DRR_FA_R14_SHR_DNR_FNL_F,1,SQ_R_SALES_HIERARCHY,4,WI_DRR_FA_R14_SHR_DNR_FNL_F1,4,Sq Query,$$ETLVWDB.WI_DRR_PROCESS_CONTROL
wf_DRR_FA_R14_SHR_DNR_FNL_F,s_m_DRR_FA_R14_SHR_DNR_FNL_F,1,m_DRR_FA_R14_SHR_DNR_FNL_F,1,SQ_R_SALES_HIERARCHY,4,WI_DRR_FA_R14_SHR_DNR_FNL_F1,4,Sq Query,$$SLSORDVWDB.N_BOOKINGS_MEASURE
wf_DRR_FA_R14_SHR_DNR_FNL_F,s_m_DRR_FA_R14_SHR_DNR_FNL_F,1,m_DRR_FA_R14_SHR_DNR_FNL_F,1,SQ_R_SALES_HIERARCHY,4,WI_DRR_FA_R14_SHR_DNR_FNL_F1,4,Sq Query,$$COMREFVWDB.R_FISCAL_DAY_TO_YEAR
wf_DRR_FA_R14_SHR_DNR_FNL_F,s_m_DRR_FA_R14_SHR_DNR_FNL_F,1,m_DRR_FA_R14_SHR_DNR_FNL_F,1,SQ_R_SALES_HIERARCHY,4,WI_DRR_FA_R14_SHR_DNR_FNL_F1,4,Sq Query,$$SLSORDVWDB.MT_SLS_ACNT_RSTD_MSR_DRR_NG
wf_DRR_FA_R14_SHR_DNR_FNL_F,s_m_DRR_FA_R14_SHR_DNR_FNL_F,1,m_DRR_FA_R14_SHR_DNR_FNL_F,1,SQ_R_SALES_HIERARCHY,4,WI_DRR_FA_R14_SHR_DNR_FNL_F1,4,Sq Query,$$STGDB.WI_DRR_FA_R14_SHR_DNR_FNL_F
