wf_DRR_FA_PARTY_SAV_FNL,s_m_DRR_FA_PARTY_SAV_FNL,1,m_DRR_FA_PARTY_SAV_FNL,1,SQ_WI_DRR_BOOKINGS_PARTY_ENRICH,1,WI_DRR_FIN_ADJ_RULE3_PARTY_SAV1,1,Sq Query,$$STGDB.WI_DRR_BOOKINGS_PARTY_ENRICH
wf_DRR_FA_PARTY_SAV_FNL,s_m_DRR_FA_PARTY_SAV_FNL,1,m_DRR_FA_PARTY_SAV_FNL,1,SQ_WI_DRR_BOOKINGS_PARTY_ENRICH,1,WI_DRR_FIN_ADJ_RULE3_PARTY_SAV1,1,Sq Query,$$STGDB.WI_FIN_ADJ_BOOKINGS_ALL
wf_DRR_FA_PARTY_SAV_FNL,s_m_DRR_FA_PARTY_SAV_FNL,1,m_DRR_FA_PARTY_SAV_FNL,1,SQ_WI_DRR_BOOKINGS_PARTY_ENRICH,1,WI_DRR_FIN_ADJ_RULE3_PARTY_SAV1,1,Sq Query,$$STGDB.WI_DRR_SYSVIEW_PARTY
wf_DRR_FA_PARTY_SAV_FNL,s_m_DRR_FA_PARTY_SAV_FNL,1,m_DRR_FA_PARTY_SAV_FNL,1,SQ_WI_DRR_BOOKINGS_PARTY_ENRICH,1,WI_DRR_FIN_ADJ_RULE3_PARTY_SAV1,1,TgtPre SQL,$$STGDB.WI_DRR_FIN_ADJ_RULE3_PARTY_SAV
wf_DRR_FA_PARTY_SAV_FNL,s_m_DRR_FA_PARTY_SAV_FNL,1,m_DRR_FA_PARTY_SAV_FNL,1,SQ_WI_DRR_FIN_ADJ_RULE3_PARTY_SAV,2,WI_DRR_SALES_ACNT_MEASURE_FNL,2,Sq Query,$$STGDB.WI_DRR_FIN_ADJ_RULE3_PARTY_SAV
wf_DRR_FA_PARTY_SAV_FNL,s_m_DRR_FA_PARTY_SAV_FNL,1,m_DRR_FA_PARTY_SAV_FNL,1,SQ_WI_DRR_FIN_ADJ_RULE3_PARTY_SAV,2,WI_DRR_SALES_ACNT_MEASURE_FNL,2,TgtPre SQL,$$STGDB.WI_DRR_SALES_ACNT_MEASURE_FNL
wf_DRR_FA_PARTY_SAV_FNL,s_m_DRR_FA_PARTY_SAV_FNL,1,m_DRR_FA_PARTY_SAV_FNL,1,SQ_WI_DRR_FIN_ADJ_RULE3_PARTY_SAV,2,WI_DRR_SALES_ACNT_MEASURE_FNL,2,TgtPost SQL,$$STGDB.WI_DRR_BOOKINGS_PARTY_ENRICH
wf_DRR_FA_PARTY_SAV_FNL,s_m_DRR_FA_PARTY_SAV_FNL,1,m_DRR_FA_PARTY_SAV_FNL,1,SQ_WI_DRR_FIN_ADJ_RULE3_PARTY_SAV,2,WI_DRR_SALES_ACNT_MEASURE_FNL,2,TgtPost SQL,$$STGDB.WI_DRR_SALES_ACNT_MEASURE_FNL
