wf_W_DYN_RESTMT_SLS_ADJUSTMENT,s_m_W_DYN_RESTMT_SLS_ADJUSTMENT,1,m_W_DYN_RESTMT_SLS_ADJUSTMENT,1,SQ_N_DYN_RESTMT_SLS_ADJ_UPLD,1,WI_DYN_RESTMT_SLS_ADJSTMT,1,SrcPre SQL,$$STGDB.WI_DYN_RESTMT_SLS_ADJSTMT
wf_W_DYN_RESTMT_SLS_ADJUSTMENT,s_m_W_DYN_RESTMT_SLS_ADJUSTMENT,1,m_W_DYN_RESTMT_SLS_ADJUSTMENT,1,SQ_N_DYN_RESTMT_SLS_ADJ_UPLD,1,WI_DYN_RESTMT_SLS_ADJSTMT,1,Sq Query,$$SLSORDVWDB.N_DYN_RESTMT_SLS_ADJ_UPLD
wf_W_DYN_RESTMT_SLS_ADJUSTMENT,s_m_W_DYN_RESTMT_SLS_ADJUSTMENT,1,m_W_DYN_RESTMT_SLS_ADJUSTMENT,1,SQ_N_DYN_RESTMT_SLS_ADJ_UPLD,1,WI_DYN_RESTMT_SLS_ADJSTMT,1,Sq Query,$$ETLVWDB.DW_JOB_STREAMS
wf_W_DYN_RESTMT_SLS_ADJUSTMENT,s_m_W_DYN_RESTMT_SLS_ADJUSTMENT,1,m_W_DYN_RESTMT_SLS_ADJUSTMENT,1,SQ_N_DYN_RESTMT_SLS_ADJ_UPLD,1,WI_DYN_RESTMT_SLS_ADJSTMT,1,TgtPost SQL,$$STGDB.WI_DYN_RESTMT_SLS_ADJSTMT
wf_W_DYN_RESTMT_SLS_ADJUSTMENT,s_m_W_DYN_RESTMT_SLS_ADJUSTMENT,1,m_W_DYN_RESTMT_SLS_ADJUSTMENT,1,SQ_N_DYN_RESTMT_SLS_ADJ_UPLD,1,WI_DYN_RESTMT_SLS_ADJSTMT,1,TgtPost SQL,$$FINLGLVWDB.N_AR_TRX_LINE
wf_W_DYN_RESTMT_SLS_ADJUSTMENT,s_m_W_DYN_RESTMT_SLS_ADJUSTMENT,1,m_W_DYN_RESTMT_SLS_ADJUSTMENT,1,SQ_N_DYN_RESTMT_SLS_ADJ_UPLD,1,WI_DYN_RESTMT_SLS_ADJSTMT,1,TgtPost SQL,$$FINLGLVWDB.N_REVENUE_TRANSFER
wf_W_DYN_RESTMT_SLS_ADJUSTMENT,s_m_W_DYN_RESTMT_SLS_ADJUSTMENT,1,m_W_DYN_RESTMT_SLS_ADJUSTMENT,1,SQ_N_DYN_RESTMT_SLS_ADJ_UPLD,1,WI_DYN_RESTMT_SLS_ADJSTMT,1,TgtPost SQL,$$SLSORDVWDB.N_XAAS_SO_SBSCR_ITM_SLS_TRX
wf_W_DYN_RESTMT_SLS_ADJUSTMENT,s_m_W_DYN_RESTMT_SLS_ADJUSTMENT,1,m_W_DYN_RESTMT_SLS_ADJUSTMENT,1,SQ_N_DYN_RESTMT_SLS_ADJ_UPLD,1,WI_DYN_RESTMT_SLS_ADJSTMT,1,TgtPost SQL,$$COMREFVWDB.N_PARTY
wf_W_DYN_RESTMT_SLS_ADJUSTMENT,s_m_W_DYN_RESTMT_SLS_ADJUSTMENT,1,m_W_DYN_RESTMT_SLS_ADJUSTMENT,1,SQ_N_DYN_RESTMT_SLS_ADJ_UPLD,1,WI_DYN_RESTMT_SLS_ADJSTMT,1,TgtPost SQL,$$COMREFVWDB.MT_SLS_ACCT_GROUP_SAV_PARTY
wf_W_DYN_RESTMT_SLS_ADJUSTMENT,s_m_W_DYN_RESTMT_SLS_ADJUSTMENT,1,m_W_DYN_RESTMT_SLS_ADJUSTMENT,1,SQ_N_DYN_RESTMT_SLS_ADJ_UPLD,1,WI_DYN_RESTMT_SLS_ADJSTMT,1,TgtPost SQL,$$COMREFVWDB.R_SALES_HIERARCHY
wf_W_DYN_RESTMT_SLS_ADJUSTMENT,s_m_W_DYN_RESTMT_SLS_ADJUSTMENT,1,m_W_DYN_RESTMT_SLS_ADJUSTMENT,1,SQ_N_DYN_RESTMT_SLS_ADJ_UPLD,1,WI_DYN_RESTMT_SLS_ADJSTMT,1,TgtPost SQL,$$COMREFVWDB.N_CISCO_WORKER_PARTY_TV
wf_W_DYN_RESTMT_SLS_ADJUSTMENT,s_m_W_DYN_RESTMT_SLS_ADJUSTMENT,1,m_W_DYN_RESTMT_SLS_ADJUSTMENT,1,SQ_WI_DYN_RESTMT_SLS_ADJSTMT,2,WI_DYN_RESTMT_SLS_ADJSTMT_ERP,2,SrcPre SQL,$$STGDB.WI_DYN_RESTMT_SLS_ADJSTMT_ERP
wf_W_DYN_RESTMT_SLS_ADJUSTMENT,s_m_W_DYN_RESTMT_SLS_ADJUSTMENT,1,m_W_DYN_RESTMT_SLS_ADJUSTMENT,1,SQ_WI_DYN_RESTMT_SLS_ADJSTMT,2,WI_DYN_RESTMT_SLS_ADJSTMT_ERP,2,Sq Query,$$STGDB.WI_DYN_RESTMT_SLS_ADJSTMT
wf_W_DYN_RESTMT_SLS_ADJUSTMENT,s_m_W_DYN_RESTMT_SLS_ADJUSTMENT,1,m_W_DYN_RESTMT_SLS_ADJUSTMENT,1,SQ_WI_DYN_RESTMT_SLS_ADJSTMT,2,WI_DYN_RESTMT_SLS_ADJSTMT_ERP,2,Sq Query,$$SLSORDVWDB.N_SALES_ORDER_LINE
wf_W_DYN_RESTMT_SLS_ADJUSTMENT,s_m_W_DYN_RESTMT_SLS_ADJUSTMENT,1,m_W_DYN_RESTMT_SLS_ADJUSTMENT,1,SQ_WI_DYN_RESTMT_SLS_ADJSTMT_ERP1,3,WI_DYN_RESTMT_SLS_ADJSTMT_FNL,3,SrcPre SQL,$$STGDB.WI_DYN_RESTMT_SLS_ADJSTMT_FNL
wf_W_DYN_RESTMT_SLS_ADJUSTMENT,s_m_W_DYN_RESTMT_SLS_ADJUSTMENT,1,m_W_DYN_RESTMT_SLS_ADJUSTMENT,1,SQ_WI_DYN_RESTMT_SLS_ADJSTMT_ERP1,3,WI_DYN_RESTMT_SLS_ADJSTMT_FNL,3,Sq Query,$$STGDB.WI_DYN_RESTMT_SLS_ADJSTMT
wf_W_DYN_RESTMT_SLS_ADJUSTMENT,s_m_W_DYN_RESTMT_SLS_ADJUSTMENT,1,m_W_DYN_RESTMT_SLS_ADJUSTMENT,1,SQ_WI_DYN_RESTMT_SLS_ADJSTMT_ERP1,3,WI_DYN_RESTMT_SLS_ADJSTMT_FNL,3,Sq Query,$$SLSORDVWDB.N_BKGS_MEASURE
wf_W_DYN_RESTMT_SLS_ADJUSTMENT,s_m_W_DYN_RESTMT_SLS_ADJUSTMENT,1,m_W_DYN_RESTMT_SLS_ADJUSTMENT,1,SQ_WI_DYN_RESTMT_SLS_ADJSTMT_ERP1,3,WI_DYN_RESTMT_SLS_ADJSTMT_FNL,3,Sq Query,$$STGDB.WI_DYN_RESTMT_SLS_ADJSTMT_ERP
wf_W_DYN_RESTMT_SLS_ADJUSTMENT,s_m_W_DYN_RESTMT_SLS_ADJUSTMENT,1,m_W_DYN_RESTMT_SLS_ADJUSTMENT,1,SQ_WI_DYN_RESTMT_SLS_ADJSTMT_FNL_SM,4,SM_DYN_RESTMT_SLS_ADJSTMT,4,Sq Query,$$STGDB.WI_DYN_RESTMT_SLS_ADJSTMT_FNL
wf_W_DYN_RESTMT_SLS_ADJUSTMENT,s_m_W_DYN_RESTMT_SLS_ADJUSTMENT,1,m_W_DYN_RESTMT_SLS_ADJUSTMENT,1,SQ_WI_DYN_RESTMT_SLS_ADJSTMT_FNL_SM,4,SM_DYN_RESTMT_SLS_ADJSTMT,4,Sq Query,$$ETLVWDB.SM_DYN_RESTMT_SLS_ADJSTMT
wf_W_DYN_RESTMT_SLS_ADJUSTMENT,s_m_W_DYN_RESTMT_SLS_ADJUSTMENT,1,m_W_DYN_RESTMT_SLS_ADJUSTMENT,1,SQ_WI_DYN_RESTMT_SLS_ADJSTMT_FNL_W,5,W_DYN_RESTMT_SLS_ADJSTMT,5,SrcPre SQL,$$WORKDB.W_DYN_RESTMT_SLS_ADJSTMT
wf_W_DYN_RESTMT_SLS_ADJUSTMENT,s_m_W_DYN_RESTMT_SLS_ADJUSTMENT,1,m_W_DYN_RESTMT_SLS_ADJUSTMENT,1,SQ_WI_DYN_RESTMT_SLS_ADJSTMT_FNL_W,5,W_DYN_RESTMT_SLS_ADJSTMT,5,Sq Query,$$STGDB.WI_DYN_RESTMT_SLS_ADJSTMT_FNL
wf_W_DYN_RESTMT_SLS_ADJUSTMENT,s_m_W_DYN_RESTMT_SLS_ADJUSTMENT,1,m_W_DYN_RESTMT_SLS_ADJUSTMENT,1,SQ_WI_DYN_RESTMT_SLS_ADJSTMT_FNL_W,5,W_DYN_RESTMT_SLS_ADJSTMT,5,Sq Query,$$ETLVWDB.SM_DYN_RESTMT_SLS_ADJSTMT
wf_W_DYN_RESTMT_SLS_ADJUSTMENT,s_m_W_DYN_RESTMT_SLS_ADJUSTMENT,1,m_W_DYN_RESTMT_SLS_ADJUSTMENT,1,SQ_WI_DYN_RESTMT_SLS_ADJSTMT_FNL_W,5,W_DYN_RESTMT_SLS_ADJSTMT,5,Sq Query,$$SLSORDVWDB.N_DYN_RESTMT_SLS_ADJSTMT
wf_W_DYN_RESTMT_SLS_ADJUSTMENT,s_m_W_DYN_RESTMT_SLS_ADJUSTMENT,1,m_W_DYN_RESTMT_SLS_ADJUSTMENT,1,SQ_WI_DYN_RESTMT_SLS_ADJSTMT_FNL_W,5,W_DYN_RESTMT_SLS_ADJSTMT,5,TgtPost SQL,$$WORKDB.W_DYN_RESTMT_SLS_ADJSTMT
