{	"data_set":"organisations",	"organisations": [		{			"Company": "Netus Et Malesuada Industries",			"State": "VIC",			"OrganisationCode": "36783603099"		},		{			"Company": "Amet Luctus PC",			"State": "NSW",			"OrganisationCode": "37908951399"		},		{			"Company": "Eu Inc.",			"State": "Victoria",			"OrganisationCode": "81833536599"		},		{			"Company": "Taciti Sociosqu Ad Corporation",			"State": "New South Wales",			"OrganisationCode": "18779550999"		},		{			"Company": "A Scelerisque Sed LLC",			"State": "Victoria",			"OrganisationCode": "11894708799"		}	]}