{
	"data_set":"organisations",
	"extract_date":"2019-10-26",
	
	"organisation":
		{
			"name": "Netus Et Malesuada Industries",
			"state": "VIC",
			"org_code": "36783603099"
		}
}

{
	"data_set":"organisations",
	"extract_date":"2019-10-26",
	
	"organisation":
		{
			"name": "Amet Luctus PC",
			"state": "NSW",
			"org_code": "37908951399"
		}
}


{
	"data_set":"organisations",
	"extract_date":"2019-10-26",
	
	"organisation":
		{
			"name": "Eu Inc.",
			"state": "Victoria",
			"org_code": "81833536599"
		}
}

{
	"data_set":"organisations",
	"extract_date":"2019-10-26",
	
	"organisation":
		{
			"name": "Taciti Sociosqu Ad Corporation",
			"state": "New South Wales",
			"org_code": "18779550999"
		}
}

{
	"data_set":"organisations",
	"extract_date":"2019-10-26",
	
	"organisation":
		{
			"name": "A Scelerisque Sed LLC",
			"state": "Victoria",
			"org_code": "11894708799"
		}
}
