Name,Email,Job,Phone,Age
Jeffrey Garrett|uevans@boyle-howard.org|Petroleum engineer|974-101-4067x803|70
Sara Baldwin|llopez@hotmail.com|Air broker|(859)210-2440|76
Kevin Harvey|melinda97@hotmail.com|Technical author|(051)260-0866x55952|35
Michael Vaughan|michaelstewart@moore-wiggins.com|Public relations officer|(544)812-3401|65
Eric Nelson|qoliver@mclaughlin.com|Osteopath|060-855-7231x977|60
Amanda Fisher|rdouglas@singleton.com|Psychiatrist|1-199-831-6167|37
Jennifer Matthews|barneslisa@gmail.com|Ergonomist|520.650.0422x533|41
Christian Bowen|pmahoney@gmail.com|Agricultural engineer|739.830.6481|65
Katrina Herrera|danielsmichael@carlson.com|Development worker, community|+98(9)1025461774|18
Nathaniel Richardson|brianvance@edwards.info|Surgeon|776-158-9971|79
Phyllis Mack|rlivingston@gmail.com|Technical author|383-648-9658x516|78
Stephanie Martin|jasonglass@smith-williamson.biz|Higher education careers adviser|(512)701-7998|26
Jennifer Rivera|steven72@yahoo.com|Television floor manager|912.716.9941x393|46
Mark Wagner|mhaney@hotmail.com|Education administrator|+32(0)4084584241|42
Ryan Meyer|yangadrian@berry.org|Administrator, local government|(847)134-0479|66
Michelle Cherry|thomasbelinda@hotmail.com|Contracting civil engineer|997.138.0205x219|51
Michelle Williamson|fwolfe@davidson.org|Commercial horticulturist|+31(4)8175361953|75
Jessica Meyer|richardsontodd@larsen.com|Estate agent|(835)373-4817x855|43
Zachary Mcdonald|fball@yahoo.com|Arts development officer|09658001566|66
Douglas Bass|christensenthomas@vargas-johnson.com|Insurance broker|(433)155-1357x4129|48
Jesus Alvarez|michelle74@martinez.com|Designer, graphic|1-505-399-6040|66
Andrew Cantu|yjohnson@hensley.net|Surveyor, commercial/residential|667.037.2991x024|27
Brent Stewart|taylorgreen@frye.net|Orthoptist|(710)223-4154|62
Kimberly Jones|xjohnson@sanford.com|Education officer, community|138-057-8068x38996|76
John Green|hweiss@foley.biz|Scientist, research (life sciences)|(891)964-0098x5918|74
Richard Moon|ashley77@matthews.com|Corporate treasurer|163.207.2378x749|23
Sabrina Hernandez|davidjones@kirby.com|Museum education officer|1-443-564-5294x426|74
Gabrielle Martinez|tbrown@lawrence-cook.com|Secretary/administrator|148.688.1953x3145|60
Valerie Lutz|hancocksamantha@yahoo.com|Sports development officer|1-608-228-4689|33
Thomas Mccann|scraig@gmail.com|Media planner|(909)523-3414x66266|34
Joanne Scott|vbaldwin@price-walker.net|Production designer, theatre/television/film|828-255-9473x87661|40
Mr. Anthony Turner|lflowers@vazquez.net|Financial planner|04218254969|62
Ryan Wilson|hawkinsryan@le-patterson.org|Recycling officer|1-526-968-9684|79
Leslie Diaz|williamcopeland@gmail.com|Engineer, site|(325)807-0769x891|71
Adam Stewart|richardmiller@ryan-ramirez.net|Psychologist, counselling|02821563575|67
Patricia Burton|elliottjessica@phillips.com|Nature conservation officer|177.002.0387|29
Eric Marquez|christopher44@king.info|Contractor|1-946-669-2961x06193|37
Richard Avila|ajackson@gmail.com|Theme park manager|(571)889-6930x1609|26
Katie Stephens|ucoleman@ruiz.net|Scientist, water quality|(579)419-3518|76
Holly Reid|christinegutierrez@fowler.com|Sales promotion account executive|(128)109-9448|20
Sue Williams|caitlin27@mayo.biz|Field trials officer|(267)220-4266x16596|71
John Dawson PhD|ujackson@gmail.com|General practice doctor|1-585-437-0256x903|62
Richard Robertson|johnsonronald@mcclure.com|Youth worker|(439)748-0841|71
Norma Campbell|marshallsteven@gmail.com|Amenity horticulturist|1-970-989-3748|65
Amy Jordan|tonyfox@ingram.com|Race relations officer|+95(2)6828868915|19
Zachary Rodriguez|xmyers@yahoo.com|Lexicographer|09839293499|43
Timothy Cordova|murphyanthony@wallace-atkinson.com|Tourism officer|+39(3)8585206060|18
William Edwards|tferguson@yahoo.com|Mental health nurse|1-264-143-0577x29206|46
Stacey Reeves|phillipswendy@hotmail.com|Film/video editor|887.418.3096x095|37
Steven Hull|martinezveronica@hotmail.com|Publishing rights manager|571.413.2285|20
John White|jfoster@taylor-thomas.com|Dentist|947.128.9886x0049|26
Rebecca Davis|amysmith@yahoo.com|Illustrator|607-676-0495x225|44
Tyler Harris|pcampbell@boyle.net|Licensed conveyancer|432.385.5016|24
Tyler Parker|newmanjoshua@yahoo.com|Paramedic|707.206.3409x65767|78
Juan Rodriguez|wrightmercedes@smith.com|Chiropodist|020.436.7976|33
Anthony Schroeder|kristiebarnes@soto-schultz.net|Journalist, broadcasting|(066)378-2639|39
Ariana Stone|scottmeyer@thompson.com|Medical sales representative|190.852.7510x761|78
Dr. Lisa Riley MD|williamwong@yahoo.com|Copywriter, advertising|373-255-3336x14617|66
Jeremy Anderson|fergusondestiny@davis-weaver.info|Lecturer, higher education|1-347-722-1932x4156|48
Jennifer Evans|savannahwall@hotmail.com|Quarry manager|04305332622|60
Mark Rios|danielsnow@yahoo.com|Surveyor, minerals|1-066-193-2871x94606|80
Alexa Riley|jking@yahoo.com|Purchasing manager|395-673-6799x40066|53
Ronald Clark|adam21@reed.info|Trade union research officer|1-408-708-0841x43945|68
Benjamin Rojas|ashleywright@yahoo.com|Cartographer|743.792.2111|26
Tamara Avila|allentracey@hotmail.com|Electrical engineer|+18(9)1382038128|50
Taylor Hardin|wmoore@yahoo.com|Theatre stage manager|1-357-283-7049|58
Andrew Hartman|christopher18@yahoo.com|Automotive engineer|1-457-673-1365x8804|70
Timothy Baker|collinsgabriel@yahoo.com|Meteorologist|331.641.1339x74348|31
David Weiss|carrolltodd@hotmail.com|Information officer|(947)287-5417x96118|58
Catherine Cobb|elizabethsmith@flores-green.com|Engineer, building services|04630679050|51
Mrs. Adrienne Evans MD|arnoldandrew@mason.com|Agricultural consultant|(419)591-3639x639|56
Kimberly Ramirez|davidkelly@gmail.com|Teacher, adult education|(104)049-9534x4239|60
Tanya Mclean|uthompson@yahoo.com|Ship broker|364-393-0939|62
Nathan Mitchell|dochoa@hotmail.com|Surgeon|522-669-2826x067|23
Margaret Sweeney|michael68@wagner-cummings.biz|Contracting civil engineer|1-615-241-5919x11900|79
Todd Smith|elizabeth89@collins.org|Furniture conservator/restorer|1-081-866-9094|22
Michele Colon|mullinsdanielle@hotmail.com|Journalist, broadcasting|(770)253-0328x5698|53
Deborah Johnson|waltermoody@hotmail.com|Database administrator|872-688-3346|66
Jasmine Johnson|christyhayes@olsen-walter.com|Logistics and distribution manager|1-602-869-2133x226|77
Christopher Medina|sjimenez@rodriguez.com|Journalist, newspaper|+70(1)2035023771|30
Lauren Fox|robertshort@gmail.com|Administrator, arts|1-763-965-4740|55
Andrew Webb|ecervantes@hotmail.com|Environmental education officer|(397)889-6973x4899|26
Elizabeth Love|michael27@hotmail.com|Television production assistant|09007015364|41
Michael Higgins|donaldjimenez@hotmail.com|Product/process development scientist|745-900-9801|70
Scott Riley|dwarner@gmail.com|Scientist, clinical (histocompatibility and immunogenetics)|(081)797-2317x13386|66
Julie Cannon|wagneramy@schroeder-fuentes.com|Water engineer|1-208-180-6898x2735|49
Kayla Mooney|kthompson@hotmail.com|Solicitor, Scotland|+56(7)5556490609|58
Ryan Wilkinson|whitejames@hotmail.com|English as a second language teacher|09805149636|69
Cheryl Chen|danielsimmons@gmail.com|Customer service manager|250.455.7918x33027|32
Brian Little|craig15@carlson-kirk.com|Adult guidance worker|1-677-468-5972x5010|44
Angela Hamilton DVM|toddwilliams@hotmail.com|Administrator|+81(6)3421309517|31
Michael Clark|pwilson@hotmail.com|Adult nurse|(009)332-9875x02681|56
Ashley Velazquez|qhall@gmail.com|Secondary school teacher|1-793-155-3858|45
Jennifer Key|yrichardson@turner.org|Catering manager|421.084.7504x3465|34
Gregory Wilson|lrowe@lewis-reed.biz|Advertising copywriter|1-845-803-6367x5001|21
Lorraine Gibson|diana13@hotmail.com|Writer|1-815-965-0307x116|79
Tony Richardson|hhowell@myers.org|Mining engineer|+26(9)0105135983|35
Kelly Day|qclark@howard.com|Media planner|068-502-7175x657|35
Caitlin Johnson|grahampamela@parsons.com|Agricultural engineer|+52(9)6017116993|64
Ashley Wilson|hwilkins@benson-gutierrez.com|Higher education careers adviser|399.687.7176x879|71
Chad Sanchez|richard14@hall.net|Food technologist|758.204.0378|74
Tara Davis|emilybyrd@adams-rodriguez.org|Hotel manager|(887)852-8126x563|48
Heather Hensley|powellkatelyn@cordova.org|Scientist, water quality|06790360925|73
Charles Carrillo|gthompson@hotmail.com|Waste management officer|00381539520|18
Brandon Rangel|dwayne73@lewis-weber.org|Transport planner|381-294-8611x32229|70
Jason Brock|brett25@yahoo.com|Surveyor, hydrographic|1-486-897-2044x2786|64
Anna Foster|vroberts@powell.info|IT trainer|478-288-7270x5096|50
Stanley Singleton|hmitchell@yahoo.com|Retail manager|098.622.7599x630|46
Claudia Walters|laurenshaw@wilkinson-jones.org|Water quality scientist|(131)761-9110x164|66
Philip Johnson|cwilliams@johnson.org|Physiotherapist|(478)943-4238|30
Johnny James|rachel18@gmail.com|Artist|(642)097-7020x51885|45
Joanna Hughes|wfox@cole.com|Barrister|1-458-040-0967x0903|50
Cindy Shea|fernandezbecky@gmail.com|Youth worker|+33(5)3334333846|71
Mark Tran|rebeccasims@yahoo.com|Wellsite geologist|540.373.7705|78
Lori Bradley|beardronnie@villegas.com|Occupational hygienist|1-621-807-3490x8343|63
Jonathan Hamilton|haleyherman@ho.info|Museum education officer|1-761-935-8386x38383|27
Leslie Oliver|anthonyjones@yahoo.com|Administrator, charities/voluntary organisations|499-379-8820x264|52
Maria Potter|timothy93@hotmail.com|Presenter, broadcasting|780-588-2669x6567|68
Lisa Smith|lewisbenjamin@hotmail.com|Academic librarian|570-122-1135|55
William Turner|robertschristopher@yahoo.com|Health service manager|1-644-025-3979x168|30
Christopher Martin|marythomas@gmail.com|Presenter, broadcasting|844-632-1000x030|35
Mrs. Morgan Williams|justin60@gmail.com|Animator|118.754.7932x282|74
Mark Peterson|qcallahan@yahoo.com|Lawyer|1-508-720-1706|53
Daniel Watkins|wellsjenny@hotmail.com|Training and development officer|(081)698-8372x11423|51
Melissa Rodriguez|richard69@yahoo.com|Music therapist|(444)293-0913|61
Nicole Simpson|fmiddleton@flores.net|Trading standards officer|06982544931|63
Juan Dudley|thompsonnatalie@gmail.com|Environmental health practitioner|1-414-721-8901|71
Sarah Morales|fred06@gmail.com|Landscape architect|1-596-830-7977x8030|75
Theresa Peterson|sgarcia@yahoo.com|Engineer, communications|(698)612-3662|40
Lori Hart|crystalclarke@gmail.com|Location manager|00511561821|25
Douglas Sherman|mcdanielpaul@johnson.com|Metallurgist|786.707.4870|69
Melissa Howell|stacyclayton@garrett.com|Production assistant, television|1-488-485-1678x07385|29
Paul Brown|jasoncampbell@yahoo.com|Trading standards officer|1-913-816-1323|27
Corey Holder|uramos@hall.org|Designer, furniture|926-841-9035x021|68
Bryan Edwards|schultztiffany@yahoo.com|Therapist, horticultural|(219)798-2844|70
Keith Rodriguez|cswanson@yahoo.com|Geoscientist|1-617-233-6486|69
Katherine Young|matthewhatfield@yahoo.com|Personnel officer|605-953-5718|27
Robert Patton|josephwilkins@larson.com|Geneticist, molecular|1-159-889-2085x64583|63
Kathleen Hoffman|scottjoshua@flowers-evans.com|Engineer, site|151-352-1610|58
Andrea Parks|jenningstimothy@harrell-sandoval.org|Animal nutritionist|05157299390|49
Rhonda Robinson|weberrichard@yahoo.com|Barista|+66(5)8330182490|64
Stephanie Carney|davidwashington@smith.com|Medical physicist|(704)454-2876x65568|75
Sheri Gonzales|qkim@haney-davis.com|Magazine journalist|1-046-533-5535x66741|39
David Rice|elizabeth34@hotmail.com|Agricultural engineer|(673)245-9414x3252|42
Kari Rosario|joneslaura@gmail.com|Nurse, adult|+64(6)7011051066|18
Autumn Barton|robincraig@gmail.com|Make|1-101-345-9583x7409|32
Jessica Miranda|thorntonsamantha@martinez.com|Structural engineer|663-485-0348|34
Travis Jones|travisturner@gmail.com|Jewellery designer|(287)636-0509x5450|44
Amber Wright|jacquelinefoley@torres.org|Ophthalmologist|(580)633-4142|55
Dawn Dawson|jamessierra@smith-bradley.com|Engineer, drilling|361-526-4799|25
Paul Fernandez|spencerbryan@gmail.com|Arboriculturist|241.941.3576|28
Denise Patterson|reynoldskevin@chavez-ward.com|Soil scientist|1-331-441-0123|52
Michelle Mosley|jordanwashington@hotmail.com|Investment banker, operational|768.423.7586x5575|80
Vanessa Smith|qtownsend@gmail.com|Marketing executive|949-324-3880x7020|60
Robin Maldonado|davidjones@yahoo.com|Lecturer, higher education|512.228.9385x71838|60
Derrick Hall|hoodmeredith@scott-jenkins.biz|Medical physicist|1-151-428-7639|58
Tammy Salas|karenbutler@gmail.com|Engineer, materials|242.834.1189|41
Christopher Cox|lindsey96@gmail.com|Retail buyer|168-504-8682x11820|66
Michael Brown|fhowell@singh.net|Barista|(765)747-3385x490|43
Carol Reed|brittany53@gmail.com|Associate Professor|+95(7)0436283642|79
Jessica Smith|uhill@gmail.com|Astronomer|1-350-430-2040x33471|38
Jason Campbell|coxdaniel@gmail.com|Chiropractor|1-635-154-3504x088|33
Suzanne Garcia|qfreeman@roberts.com|Operations geologist|(035)590-8169x0338|68
John Williamson|scottcontreras@yahoo.com|Advertising account executive|06917442434|60
Brianna Jones|kenneththornton@wilson.com|Database administrator|(249)256-8314|45
Jacqueline Peterson|davidsonbryan@black-wilson.net|Horticulturist, commercial|1-864-034-1133x8019|46
Leslie White|shawdonald@yahoo.com|Engineer, technical sales|1-007-129-8606x5551|65
Russell Lindsey|catherineeaton@henderson-campbell.com|Passenger transport manager|688-229-9520|47
Tamara Gill|apriljohnson@mullen.net|Psychotherapist, child|1-127-570-7917x46161|58
Leslie Smith|jennifer05@gmail.com|Engineer, petroleum|1-314-297-9030x5096|67
Julie Scott|alice67@adams.com|Fashion designer|1-201-871-6534|68
Kelly Sullivan|hkane@wilkerson-pham.biz|Administrator|029-930-5604|49
Victor Salazar|kimberlysantos@yahoo.com|Editor, magazine features|953.943.7052x89840|29
Eric Hall|jeremiahgoodman@barnes.com|Curator|759-987-3241|75
Luke Hayes|farrellholly@yahoo.com|Futures trader|910-913-9275x727|45
Sydney Martinez|shahkrystal@hotmail.com|Fish farm manager|005.753.1673|26
Tammy Marshall|luceromelissa@roberson.com|Secretary, company|997.581.1922x407|53
Robert Ellis|pli@hotmail.com|Paediatric nurse|(302)768-1323x410|51
Janet Bell|samanthacastillo@yahoo.com|Theme park manager|010.286.5131x551|37
Willie Schaefer|fmarquez@white-torres.info|Teacher, adult education|(304)757-4944x752|77
Stacey Brown DVM|preid@gordon.biz|Lecturer, higher education|876-248-1192x591|32
Mark Lopez|dgoodman@barber.com|Broadcast engineer|1-402-228-0182|23
Alexander Anderson|rayfriedman@kramer.com|Artist|1-046-094-5424|57
Matthew Medina|whitekyle@yahoo.com|Patent attorney|312-115-3781|78
Aaron Wilkins|younghector@ross.biz|Sales executive|(819)075-9336|66
Jacqueline Riley|christopher59@pacheco-hardin.info|Regulatory affairs officer|(821)480-7418|23
Kathy Morales|cameronjohnson@mcmillan-johnson.info|Manufacturing systems engineer|1-756-316-7221x83706|38
Theresa Jones|ofarmer@robinson.com|Chiropodist|+59(4)2514059837|33
Heidi Calderon|shannonrodriguez@yahoo.com|Financial adviser|046-791-2854|53
Monica Romero|lisasantiago@sutton.info|Comptroller|(449)258-3929x964|69
Rebecca Perez|whitney85@hotmail.com|Engineer, automotive|787-747-7152x75713|75
Jason Johnson|philipwalsh@hotmail.com|Community development worker|+58(2)8777492663|25
Taylor Simpson|mitchellkathy@yahoo.com|Music tutor|970.799.3225|59
Walter Mendez|juliebryan@swanson-chandler.org|Secretary/administrator|(872)446-5844|46
Richard Tucker|jaime63@reid-walker.com|Chartered accountant|(810)171-0812x73767|57
Kelly Jenkins|christina77@yahoo.com|Passenger transport manager|1-706-764-0756x6520|50
Emily Yoder|russell15@osborne-torres.com|Teacher, adult education|(115)293-5921|32
Alicia Gonzales|richardbolton@gmail.com|Librarian, academic|+14(1)3102353461|77
Michael Burch|westsusan@yahoo.com|Designer, television/film set|01835891018|23
John Alexander|jaredwelch@gmail.com|Administrator|507-167-5391x56300|65
Marcus Ramos|amanda42@evans-ramirez.com|Exhibitions officer, museum/gallery|1-865-463-8956|30
Glenn Stokes|ronaldsanders@parker-flores.com|Journalist, broadcasting|1-483-980-8921|78
Jerry Nelson|katrinamiller@bullock.com|Data processing manager|734.345.8132x305|54
Anna Cook|xsimmons@dickerson.org|Therapist, drama|1-579-947-9346x490|71
Nicholas Smith|dpatterson@yahoo.com|Museum education officer|184.018.8056|71
Shelly Andrews|mariasmith@gmail.com|Clinical biochemist|(084)767-3126x5601|56
Matthew Clark|bosborn@hotmail.com|Water quality scientist|866.462.7758|54
Ashley Smith|markbaker@hotmail.com|Actuary|873-870-3316x859|75
Mary Heath|fhernandez@gmail.com|Scientist, physiological|+41(9)4778400126|27
Edward Kim|amberburns@thompson.org|Equities trader|1-108-211-7524x960|30
Nicole Gonzalez|tatelaura@hotmail.com|Doctor, general practice|1-072-684-7154x9594|52
Anthony Nunez|douglaslawson@cummings-peters.com|Graphic designer|072-317-2434x4958|61
Carrie Gray|estesedward@hotmail.com|Psychologist, clinical|1-829-701-4598x01581|29
Joyce Tate|jenniferromero@hotmail.com|Editor, magazine features|+75(7)6734387886|40
Cassandra Turner|hintonaaron@conley.biz|Occupational psychologist|07165678288|28
William Robertson|ana13@schwartz-peterson.info|Administrator, education|1-836-384-7923x59323|59
Savannah Lynch|jennifer31@gmail.com|Ambulance person|1-874-994-5021|58
Ronald Wallace|kimberly80@woods.com|Production engineer|212.342.3100x4039|21
Gary Martinez|lroberts@yahoo.com|Embryologist, clinical|(912)724-5103x572|35
Emily Long|ashleyturner@gmail.com|Teacher, English as a foreign language|1-509-485-8795x417|56
Christopher Cole|ieaton@gmail.com|Engineer, structural|607-712-0788x006|27
James Barrett|tonycurry@gmail.com|Marine scientist|393-674-2310x5953|30
Robert Williams|paul39@gmail.com|Lighting technician, broadcasting/film/video|440.524.1168x710|72
Nathan Hughes|kellywhite@gmail.com|Scientist, biomedical|756.848.6909x991|65
Jeffery Lee|carolsullivan@perez-glass.com|Operational researcher|505-487-8435x524|47
Albert Delgado|tjackson@hotmail.com|Field trials officer|(499)482-0135|71
Angela Rios|michaelfoster@hotmail.com|Theatre director|01173534924|41
Valerie Barber|jenningsdestiny@stewart-jones.com|Radio producer|+04(2)5314533715|40
Caitlin Martin|danderson@hotmail.com|Multimedia specialist|03979694947|61
Destiny King|browntravis@yahoo.com|Engineer, maintenance (IT)|(069)073-4432x82842|80
Lindsey Garrett|jennifercastaneda@pham.info|Hydrologist|(834)865-3361|25
Glenn Johnson|laura34@mccullough.info|Research scientist (maths)|(996)546-9089x505|80
Kelly Lloyd|ntaylor@costa.com|Estate manager/land agent|315.557.9847|50
Patrick Wall|john94@stephens.org|Retail manager|609-278-9974x330|40
Rachel Willis|melaniepayne@yahoo.com|Land|197-642-5149x73297|70
Olivia Moore|staciebaker@jensen.com|Ecologist|(034)451-1431x99546|52
Jeffrey Freeman|jennifer47@malone-vincent.biz|Wellsite geologist|1-281-603-1676x95332|68
Nathan Schultz|alexandrajohnson@gmail.com|Engineer, production|1-477-972-4293x2326|69
Kathryn Mercado|jennifer92@lewis-trujillo.com|Exhibition designer|1-760-415-3070|44
Lisa Marshall|vazquezjeffery@singh.com|Research scientist (maths)|540.916.8620|24
Timothy Heath|johnday@miller.com|Therapist, speech and language|(784)776-4443|70
Cynthia Massey|lynn67@yahoo.com|Secretary, company|911-430-8079x13968|44
Jeff Bishop|jakeadkins@yahoo.com|Tax inspector|662.517.0713|59
Megan Anderson|tamara74@gmail.com|Chief Strategy Officer|(829)102-9891|78
Joanna Caldwell|brian72@perkins-jackson.com|Legal executive|+34(3)0028564119|40
John Romero|dmahoney@hotmail.com|Printmaker|1-117-044-4231x29044|49
Krista Mitchell|teresamccullough@yahoo.com|Passenger transport manager|357.485.3761|61
Jason Edwards|bradleybryan@gmail.com|Control and instrumentation engineer|09686099368|34
Mary Burke|bhunt@gmail.com|Marine scientist|041-928-8308x86772|77
Billy Henderson|johnsonhenry@yahoo.com|Learning mentor|(652)588-1469x5689|24
Christopher Malone|david42@gmail.com|Sports coach|1-281-947-5167|71
Nancy Williams|kbradley@moreno-pierce.net|Television/film/video producer|(209)288-8794x0683|27
Katrina Carter|murrayrobert@hotmail.com|Actuary|201.753.6794|21
Melissa Turner|elaineballard@fisher.com|Chemical engineer|975-269-6444x7372|70
Christopher Wright|sscott@hotmail.com|Designer, exhibition/display|(812)236-1237x071|74
Jennifer Clark|perezmatthew@gmail.com|Building services engineer|1-680-489-3354x597|27
Julie Daniels|rodriguezheidi@yahoo.com|Hotel manager|+12(8)1714977279|72
Jennifer Mckee|blakebruce@hotmail.com|Art gallery manager|1-937-699-9848|30
Michael Mosley|nmccormick@yahoo.com|Arts development officer|873.458.1217|71
Brian Garza|alexandrabrown@yahoo.com|Media planner|(402)246-0829x59195|20
Heather Crawford|bowmankristen@lane-nguyen.net|Engineer, manufacturing systems|371-687-1568|55
Brandi Yang|wnelson@hale.org|Manufacturing systems engineer|1-216-743-0334x08764|45
Stephanie Ellis|taylor44@brown.net|Chief Strategy Officer|07429766208|71
Dominique Walker|kwest@scott.com|Adult guidance worker|1-116-293-1452x276|45
Holly Vargas|lori49@mendez.com|Community education officer|1-082-678-4666x18916|68
Theresa Stewart|ewilson@taylor.org|Nutritional therapist|+05(8)8467948104|80
Taylor Oneal|rburns@travis.com|Multimedia programmer|075-411-5553|36
Tommy Osborn|lindsaypowers@reynolds.info|Metallurgist|(207)575-0297|35
Jessica Gonzalez|michael15@yahoo.com|Garment/textile technologist|798-791-0027x1347|73
Michelle Anderson|garciatracy@gmail.com|Teacher, special educational needs|549.714.9110x3136|51
Shari Ross|ryan75@scott.org|Teacher, primary school|(658)738-5830x47580|74
Tara Jacobs|hshea@yahoo.com|Physicist, medical|1-105-090-4414x20243|46
Cody Anderson|kennethjensen@barnes-woods.org|Surveyor, building|140-688-8791x591|51
Jacob Burns|barbara88@hotmail.com|Careers information officer|686-060-2671x69890|35
Cynthia Jimenez|loricohen@bailey-phillips.org|Engineer, mining|(465)458-4999|32
Sarah Harvey|qcampbell@hill-blackwell.net|Leisure centre manager|(404)432-2855x4911|22
Juan Wallace|nicolebrown@gmail.com|Forensic scientist|1-056-000-4021x17578|39
Dennis Cooper|elizabethjones@mitchell.com|Conservator, museum/gallery|+51(2)3866421661|24
Casey Bailey|stephanie50@yahoo.com|Ship broker|(884)037-5836x479|67
Chad Foster|pamelasloan@skinner.com|Trading standards officer|933.386.4373x140|31
Charles Garcia|nharrell@yahoo.com|Psychologist, occupational|03923684643|25
Tyler Compton|lisagomez@hotmail.com|Copywriter, advertising|(146)568-8828|35
Frances Ferguson|tiffany50@hotmail.com|Engineering geologist|01695052487|31
Amanda Wolf|kkelly@hotmail.com|Psychiatrist|1-873-773-8794x955|56
Karen Davis|eddie17@hotmail.com|Energy engineer|(289)489-6915|41
Melissa Taylor|norrisemily@wood.com|Surveyor, planning and development|01199937920|70
Shannon Dominguez|moorejill@yahoo.com|Dramatherapist|716.349.4548x15908|62
Ashley Collins|adamstammy@pena.net|Historic buildings inspector/conservation officer|1-194-877-4585|50
Aaron Allen|wsmith@keller.net|Occupational therapist|1-635-351-6585|34
Holly Deleon|csharp@bean.com|Communications engineer|+20(7)5207844147|37
John Collins|bmartinez@moses-roman.com|Chief Marketing Officer|+47(5)7290484957|46
Brandi Cox|joshua72@hotmail.com|Microbiologist|1-262-305-9733x383|31
Allison Velasquez|bcasey@clarke.info|Surveyor, minerals|327-398-3004x5213|54
Crystal Torres|phillipsrobert@gmail.com|Race relations officer|+78(3)9461703958|69
Derek Davis|sherriwillis@hotmail.com|Mental health nurse|1-753-708-1949x35445|78
Denise Krueger|smithmadison@yahoo.com|Scientist, research (life sciences)|919-485-4017x46929|20
Brandon Simmons|tara10@yahoo.com|Adult nurse|195.074.8168|18
Charles Lara|whart@gmail.com|Arts development officer|242.032.4457x064|65
James Johnson|gardneramy@rodriguez.com|Health promotion specialist|(473)074-7206x82646|80
Robert Baker|fitzpatrickjulia@stanley-sanchez.com|Engineer, manufacturing|477.979.8602|18
Laura Anderson|melody50@hotmail.com|Ceramics designer|260.137.0563x5080|49
Robert Barker|jweiss@mcdonald.com|Psychotherapist, dance movement|(428)607-2535x003|80
Jimmy Hahn|alexismitchell@kennedy.com|Company secretary|862.586.2059|36
Mr. Angel Young|nday@yahoo.com|Site engineer|385-291-6376x942|71
Mark Reeves|billy31@chandler-sanchez.net|Tourist information centre manager|1-168-338-3693x7820|78
Austin King|zanderson@bishop.com|Engineer, control and instrumentation|1-533-443-3291x7317|35
Matthew Beard|stephanie32@gibson.biz|Fashion designer|1-920-664-3493|54
Bradley Hicks|nicholasscott@morgan.com|Public relations officer|349.307.5596|21
Zachary Smith|floresdavid@hotmail.com|Therapist, sports|+18(7)3688340834|47
Keith Evans|mwilkerson@gmail.com|Housing manager/officer|1-179-975-9209x19394|57
Tammy Clark DVM|robert37@hotmail.com|Patent examiner|842-777-7266|75
Jacqueline Thomas|christophertodd@adkins.biz|IT trainer|(865)422-8996x97496|73
Mary Wright|smartin@adams.com|Accountant, chartered management|04885056782|67
Patrick Lamb|scabrera@yahoo.com|Manufacturing systems engineer|515-113-6707x3356|51
Deborah Ramirez|erinduncan@yahoo.com|Designer, exhibition/display|05184768462|42
Nicole Dillon|dwebb@meyers.biz|Stage manager|(804)434-8015x653|68
David Harvey|wilsonamanda@jenkins.info|Passenger transport manager|(312)881-6012|50
Antonio Williams|jonesandrew@gmail.com|Data processing manager|160-511-4445x42777|36
Timothy Rosales|michelle71@baldwin.com|Sales professional, IT|529-239-2615|45
Robert Bradley|murphycassandra@gmail.com|Advertising art director|775-318-1226|23
April Simpson|sabrinawilliams@yahoo.com|Social research officer, government|(586)472-1540x05487|20
Aaron Miller|ylee@hotmail.com|Gaffer|588.776.0741x96467|69
Leah Bailey|beckjohnny@yahoo.com|Sub|954.281.4608x6320|58
Kayla Turner|donald76@hotmail.com|Engineer, civil (contracting)|+92(2)6580516797|31
Sophia Maldonado|simmonsmichael@hotmail.com|Podiatrist|778.947.5809|49
Michael Jones|jacqueline86@fox.info|Engineer, aeronautical|882.128.2838x46981|57
Julie Elliott PhD|john31@gmail.com|Conservator, museum/gallery|(647)090-4605|71
Timothy Brewer|murphyjill@hotmail.com|Health visitor|(913)621-8869x301|63
George Dalton|theresaburns@garner-williams.com|Garment/textile technologist|1-480-643-7155|76
Jeffrey Norman|michael64@hotmail.com|Commercial horticulturist|08996639822|28
Stephen Weaver|amygreene@yahoo.com|Insurance underwriter|1-516-526-8288|73
Mark Sparks|zlambert@hotmail.com|Ranger/warden|607.429.4881x28835|53
Cory Joseph|chapmanbrittany@weeks.info|Scientist, physiological|(900)094-8328x074|33
Lindsey Baker|paul29@yahoo.com|Drilling engineer|027.826.7845|21
David Morgan|tina02@dougherty.com|Administrator, charities/voluntary organisations|1-418-932-8868x0292|36
Morgan Miller|rebecca86@hotmail.com|Chartered management accountant|1-619-575-7714|35
Wendy Brown|rosedonovan@yahoo.com|Scientist, marine|983.863.2298x56079|25
Sharon Keller|longlori@yahoo.com|Librarian, academic|743-766-8127x2447|66
Kara Wright|sgarcia@hotmail.com|Freight forwarder|1-733-523-4584x00968|55
Sara Lee|mday@hotmail.com|Intelligence analyst|110-465-8499x55234|53
Diane Cortez|peter60@miranda.biz|Insurance account manager|+69(9)4486547952|23
Tiffany Herring|aroberson@gmail.com|Financial manager|902.324.2298|52
Brittany Gray|alexandra25@gmail.com|Event organiser|00317701067|40
Cheyenne Meyer|raybrandon@rowland-frank.net|Orthoptist|+35(2)1310669354|66
Mark Clark|combsaaron@anderson.com|Advertising art director|392-881-1680x140|28
Alexis Taylor|duranjacob@johnson.net|Chartered loss adjuster|(602)205-8014|25
Heather Patton|wrightbrooke@gmail.com|Pensions consultant|(808)557-9857|68
Brandon Garcia|martinezmason@yahoo.com|Administrator, sports|02492652810|60
Stacy Allison|mathewscynthia@vargas.com|Engineer, manufacturing systems|1-998-895-8522|49
Kelly Green|qwebb@hotmail.com|Plant breeder/geneticist|379-189-1177x077|50
Troy Parker|beverlycarter@clarke.net|Web designer|1-794-734-2265x5266|73
Thomas Oneill|charles51@hotmail.com|Local government officer|466.495.0347|48
Julian Howard|jennifer60@yahoo.com|Facilities manager|03404004246|31
Jessica Mcmillan|gregory94@schaefer.info|Environmental education officer|(257)239-5703|19
Patrick Evans|juanmartinez@hotmail.com|Public relations officer|03004717531|36
Luis Tyler|ocantu@torres-beard.com|Therapeutic radiographer|688-936-2835|80
Brent Cox|samuelwilliams@vega.com|Therapeutic radiographer|008.476.6214x9717|38
Christina Guzman MD|sandradiaz@gmail.com|Medical physicist|06298310007|78
Zachary Alvarado|xmoreno@porter-walker.biz|Early years teacher|+60(3)1823920409|36
Valerie Adams|billy29@hotmail.com|Farm manager|1-521-004-8000|51
David Rivera|qbrady@anderson.com|Magazine features editor|1-042-295-0492x661|66
Sheryl Spence|sbolton@gmail.com|Wellsite geologist|1-275-475-1982x6956|39
Robin Montgomery|mitchelljeremy@hotmail.com|Heritage manager|(635)718-9425x5183|67
Robert Johnson|wwhite@horton-wiley.com|English as a second language teacher|(759)878-5204x136|80
Paul Franklin|janderson@sullivan-michael.com|Engineer, mining|440.788.2706x70872|41
Stacy Jones|susanyang@sanders.net|Community development worker|464.255.6411x2594|78
Anthony Hayes|garciaashley@elliott-hughes.com|Gaffer|+26(4)6640394653|30
Melissa Watson|briancardenas@yahoo.com|Barista|670-917-7654x5216|60
Melanie Hampton|thomaswhitney@pennington.com|Haematologist|+54(7)4577523146|51
Anthony Sullivan|denise73@gmail.com|Aeronautical engineer|(104)934-0476|43
Juan Martinez|dennischelsea@gmail.com|Special educational needs teacher|(316)907-8135|64
Robert Sexton|reyescaleb@campbell.com|Surveyor, quantity|1-486-771-3951x06456|73
Mitchell Garcia|rogerseric@hotmail.com|Psychologist, clinical|(759)619-9605x743|20
Traci Hammond|goodwinwayne@ryan.net|Radiographer, therapeutic|1-072-557-0789|24
Nicholas Allen|delgadodylan@cervantes-griffin.org|Insurance broker|1-448-943-4917|75
Kerri Cuevas|wanderson@shaw-nash.com|Cytogeneticist|257.723.6356|78
Diane Vazquez|chelsealee@richards-shah.com|Insurance account manager|862-510-2498x1914|72
Anna Buck|bushjeremy@french.biz|Science writer|02554966816|67
Karen Watkins|zellis@taylor.com|Immunologist|04391689643|62
Monique King|prattgerald@hotmail.com|Architectural technologist|193-395-6135x300|21
Brandon Donovan|fordjill@hotmail.com|Administrator, sports|+86(3)1340438500|48
Gregory Velazquez|heather49@boyle.com|Psychotherapist, child|+37(3)2947601168|63
Lauren Phillips|rbrown@tapia.org|Insurance underwriter|00417990473|47
Breanna Hoffman|christian71@gmail.com|Tour manager|(521)678-0936x42702|30
Theresa Johnson|fisherelizabeth@gmail.com|Clinical scientist, histocompatibility and immunogenetics|(131)815-6233x48167|30
Anthony Skinner|ronaldgarza@bass.org|Colour technologist|430-780-0124|74
Christina Alexander|kbentley@hotmail.com|Scientist, clinical (histocompatibility and immunogenetics)|657.883.2569x59220|65
Greg Torres|xmcmahon@yahoo.com|Television production assistant|(417)177-6912x6202|70
Kathleen Ramirez|michelle27@gmail.com|Artist|1-099-481-9835x961|79
Jacqueline Hughes|toddgomez@palmer-welch.biz|Medical laboratory scientific officer|(482)990-0691x57157|71
Linda Hamilton|zfrancis@gmail.com|Production designer, theatre/television/film|987-273-5330x29578|28
Bryan Martin|wesleysmith@yahoo.com|Make|(656)982-9849x7997|42
William Garcia|fosterjoseph@gmail.com|Patent examiner|07167520440|35
Lisa Brown|laurie54@lee.com|Landscape architect|(444)752-6109|26
Dalton Tucker|meganjones@robles.com|Veterinary surgeon|215.224.4889x20921|19
Patricia Nguyen|nstanley@gmail.com|Nurse, children's|05918565498|77
Mandy Jones|colemanfelicia@sharp-barnes.com|Therapist, sports|(679)202-5223x84880|34
William Gonzalez MD|dkramer@hotmail.com|Conservator, museum/gallery|567.355.2930|24
Marcus Zimmerman|julievasquez@baker-miller.com|Technical brewer|546-013-0283x43855|37
Edwin Morton|riosconnie@willis.com|Equality and diversity officer|(621)360-2296|39
Deborah Sullivan|robersontina@banks.com|Wellsite geologist|(477)747-5093x466|53
Anna Fernandez|debbiehill@gmail.com|Doctor, hospital|138.183.2306|23
Michael Wilson|alexacopeland@black.com|Lawyer|+83(4)3345657947|39
Jonathan Stevens|sabrinacortez@ramirez-patterson.com|Scientist, physiological|200.271.3297x622|45
Alison Phillips|weberamanda@whitehead-hoover.com|Paramedic|303.544.8975x5286|58
Angelica Roy|gina95@hotmail.com|Engineer, building services|617.124.2885|74
Matthew Sandoval|caitlin20@torres.com|Contractor|630.980.6518x743|65
Krystal Freeman|janetnewman@gomez.net|Nurse, learning disability|301.128.5055|53
Johnny Morris|vrussell@hotmail.com|Audiological scientist|034-907-6932|74
Luis Mclaughlin|david91@clark.com|Nurse, adult|969-841-7588x325|46
Gary Ali|lewismichael@yahoo.com|Wellsite geologist|01362355583|21
Lisa Nelson|adamshaffer@smith.org|Accommodation manager|162-869-5680x969|41
Charles Garcia|gthornton@alexander.com|Teacher, primary school|(585)286-3236x119|68
Andrew Herman|gcooper@harris.net|Sales promotion account executive|096-719-5033|60
Suzanne Brown|kenneth82@russell-walters.org|Pensions consultant|(267)016-7261x76751|49
Destiny Nichols|nporter@yahoo.com|Media planner|09200802599|59
Micheal Clark|eclark@christensen-edwards.com|Agricultural consultant|+51(1)1388033515|20
Whitney Bridges|anthony84@lopez.info|Logistics and distribution manager|744.415.0195|40
Hannah Phillips|ifleming@lin.biz|Buyer, retail|874-461-3827x14004|36
Harold Tucker|pevans@clark.com|Merchant navy officer|323-606-8780x67562|22
Kimberly Wheeler|sethkim@payne-berry.biz|Marketing executive|(816)962-0336|54
Lisa Tate|amy34@anderson.com|Sales professional, IT|601.912.8353|40
Brandon Fuller|laurahorton@gmail.com|Accountant, chartered|(436)297-2165x458|51
Gloria Foster|ncarr@foster.com|Geoscientist|02652937312|76
Cassie Taylor MD|heidi82@gmail.com|Wellsite geologist|+20(4)9050756067|55
Carrie Mason|sabrina99@gmail.com|Management consultant|639-992-9365|30
James Clayton|leonard29@gmail.com|Local government officer|(761)033-6470x863|47
Melissa Myers|gibbscraig@yahoo.com|Glass blower/designer|(086)927-6167|26
Christina Shepherd|gordon24@le.biz|Trading standards officer|1-313-697-7547x039|30
Melissa Maxwell|steven25@clayton.biz|Pilot, airline|362.164.2786|50
Paula Franklin|carollyons@yahoo.com|Designer, furniture|334-183-6032x151|55
Robert Esparza|nramsey@bowen.net|Wellsite geologist|026-273-4359|31
Brian Sheppard|kmata@williams.com|Operations geologist|1-741-071-4482x21356|50
Sandy Gonzales|dannyjones@hotmail.com|Regulatory affairs officer|07642036184|56
Kathy Ortiz|athompson@hotmail.com|Production assistant, television|(609)065-0534x3842|64
Meagan Lowe|martingarcia@gmail.com|Ambulance person|(810)091-1863x4742|69
Jim Brooks|tara06@hotmail.com|Web designer|599-616-9907x57726|49
Michael Curtis|brownjared@yahoo.com|Retail buyer|759-174-4610|55
Cynthia Wallace|evansdaniel@kirk.com|Therapeutic radiographer|716-830-1807x738|69
Brandi Alvarez|william18@boyer-williams.biz|Publishing rights manager|954-424-3570|47
Robert Carter|jeffrey09@combs-gibson.org|Research officer, trade union|1-001-115-5301|39
Connie Galvan|austin45@yahoo.com|Contractor|1-202-749-1254x4271|58
Caroline Meyer|xbrown@hotmail.com|Volunteer coordinator|335-426-6885x2463|67
Samantha Austin|ksanchez@wood.com|Higher education careers adviser|04493189892|65
Jonathan Davidson|becky13@yahoo.com|Therapist, music|456.318.4148|38
Nicole Bell|turnerthomas@hotmail.com|Higher education careers adviser|011.975.5755|41
Steve Sherman|katieblackwell@fuller.com|IT consultant|(654)543-2670x0167|38
Robert Martin|hchapman@ballard.com|Maintenance engineer|1-129-623-5293|46
Sara Hernandez|gonzalezdenise@gmail.com|Engineer, building services|250.821.4776|46
Samuel Kelley|weberdiane@hotmail.com|Geologist, engineering|1-620-018-0742x4461|56
Jay Arias|sandrajoseph@kelly-prince.net|Counselling psychologist|167.205.1872|67
Stacy Woods|esimpson@hotmail.com|Administrator, Civil Service|800.326.3946x5565|79
Randy Santiago|richard96@gmail.com|Transport planner|049-953-5349x18675|26
Shelia Keller|gloriarodriguez@nelson.com|Teacher, English as a foreign language|1-052-369-2924x88503|34
Andrew Hughes|ashleyeverett@yahoo.com|Corporate treasurer|(525)116-1493|61
Lauren Brown|wallacejeffrey@yahoo.com|Newspaper journalist|970-482-7689|33
Elizabeth Carter|williamssteve@graham.com|Diagnostic radiographer|940-347-4154|77
Julia Robles|omayer@gmail.com|Producer, radio|1-585-418-5030|23
John Clark|andrew49@rodriguez.com|Sports coach|261.979.3243x34218|39
Tony Wilson|bbruce@franklin.com|Engineer, electronics|063.029.9836|44
Carolyn Moore|tanya59@yahoo.com|Pensions consultant|(431)231-7359x444|77
Andrea Edwards|thompsondaisy@huerta.com|Futures trader|1-108-704-9992x6073|18
Kelsey Obrien|vrich@eaton.com|Interior and spatial designer|(874)223-3677|61
Brian Beck|ejackson@yahoo.com|Surgeon|+57(1)4125502701|76
Amanda Ruiz|heather47@decker-jackson.com|Librarian, public|245-388-8898|68
Michael Jones|glee@hood.net|Producer, television/film/video|(951)244-5950x35217|26
Joseph Gibson|weaverkelsey@gmail.com|Scientist, research (life sciences)|128.727.9539x90310|75
Cheryl Alvarez|lphillips@wade.com|Magazine journalist|452-787-4429x6906|68
Christian Mcguire|gabrielkennedy@lowe-sanders.net|Police officer|(530)846-2935|21
Jose Johns|luislove@hotmail.com|Oncologist|227.485.5903x2589|80
Lee Hancock|jonathanpage@ramirez-wilcox.com|Media buyer|344.218.1740x95427|71
Michelle James|nschultz@moore.biz|Runner, broadcasting/film/video|971-900-5782|47
Kristina Wade DDS|fchung@yahoo.com|Further education lecturer|(482)861-0096|40
Cody Humphrey|amanda17@gmail.com|Engineer, mining|565.251.7915|35
Bethany Mendez|hudsonchelsea@yahoo.com|International aid/development worker|1-106-779-6125x1909|50
Melissa Kane|phillipsolivia@gmail.com|Personnel officer|1-106-333-4516x20756|51
John Ramirez|shorton@hotmail.com|Armed forces training and education officer|+55(1)7800091053|19
Kenneth Schneider|lambertpaul@williamson.net|Designer, jewellery|563-340-3703x9417|36
Michael Alexander|davidlane@gmail.com|Chief Financial Officer|754-002-3418x695|18
Danielle Hall|david86@yahoo.com|Financial adviser|03335520099|23
Ashley Jordan|jenniferdominguez@gmail.com|Licensed conveyancer|+30(2)5303057555|45
Timothy Perez|raymond53@hernandez.com|Civil Service administrator|221-158-2423|18
Robert Perez|nancywu@gmail.com|Health promotion specialist|866.617.1462|64
Robert Owens|erinfoster@gmail.com|Scientist, biomedical|08599244519|36
Ashley Hale|meyerbrandon@miller.com|Product designer|+13(8)2376373851|27
Mrs. Jessica Williams|jesse65@davis.com|Theatre director|(869)246-2463|54
Wendy Nunez|olsenchristine@hotmail.com|Hospital doctor|(270)544-4853|73
Zoe Daniel|gillespietara@yahoo.com|Data processing manager|(338)655-2911x38783|43
Phillip Williams|uwilliams@gmail.com|Research officer, government|502-750-4603x557|43
Crystal Tucker|craig07@hotmail.com|Scientist, water quality|1-477-234-8154x2286|71
Susan Smith|barreramicheal@yahoo.com|Surveyor, commercial/residential|+45(7)8047900512|71
Chad Wright|cherylcobb@hotmail.com|Surveyor, building control|910-659-1153x31047|38
Mary Steele|patricktorres@yahoo.com|Risk manager|(965)830-7639x356|24
Tammy Blackburn|kathleenrobinson@yahoo.com|Energy engineer|376.183.4595x22550|64
Brian Thomas|angelcox@hotmail.com|Magazine features editor|(544)458-1092x5829|34
Rodney Lewis|shafferdonna@jones.net|Newspaper journalist|1-964-980-0887|78
Donald Dickerson|sheiladoyle@hotmail.com|Tree surgeon|1-657-185-5083x353|24
Michele Gregory|tatekatie@gmail.com|Armed forces operational officer|1-934-463-1694x43056|34
Karen Harper|teresapaul@gmail.com|Location manager|414-034-7841x93122|19
Loretta Watson|clee@thomas.com|Insurance claims handler|091-173-5447|25
James Hinton|phudson@yahoo.com|Materials engineer|(936)843-4899x4234|49
Tammie Dean|rjacobson@morris.net|Buyer, industrial|1-832-841-3252|19
Bob Franklin|oliviasnyder@cantu.net|Health visitor|(704)854-3629x049|76
Mr. Gary Lopez|ole@gmail.com|Surveyor, planning and development|190-942-2314x85972|31
Mrs. Sandra Ramirez MD|salazarwendy@gmail.com|Community arts worker|978.652.4616|56
Jonathan Baker|michellegray@ray.com|Editorial assistant|1-458-223-8272x45559|43
Michael Patel|singhnorman@gonzalez.com|Retail manager|1-259-105-6132x34386|68
Bryan Lopez|jacqueline99@yahoo.com|Dentist|113-247-5075x29428|69
Cody Webster|michelle93@wiley.info|Rural practice surveyor|573-711-5260|71
Douglas Winters|mjohnson@carter-dean.info|Ophthalmologist|06323485679|67
Veronica Miller DVM|josephballard@anderson.com|Herbalist|000.336.0931|61
Amy Wilson|marcus79@monroe-gray.com|Sales promotion account executive|081-140-6188|26
Virginia Smith|khankatherine@gmail.com|Tourist information centre manager|471-620-1240x9507|24
Molly Nelson|nfox@gmail.com|Clothing/textile technologist|906.836.5968x740|59
Richard Houston|megan70@diaz-chaney.org|Magazine features editor|864-903-0500x815|34
Dave Oneal|usilva@harris.com|Careers adviser|(181)824-0369|72
Martin Moreno|shannonandrews@lin.com|Chartered accountant|1-292-896-0782x492|76
Pedro Patton|wgallegos@stevenson-hawkins.org|Buyer, retail|+50(0)3200616818|69
Lisa Wilcox|mlawrence@mcdonald.com|Engineer, land|1-735-153-0548x6973|76
Elizabeth Brooks|caitlin29@brown-stanley.net|Comptroller|05105973145|44
Jodi Mason|andrew12@james-gray.com|Production assistant, radio|04014209566|41
Michael Hickman|gcox@vargas.com|Cabin crew|(586)175-7165x1493|33
Jamie Moore|crystalschmidt@thompson-collier.net|Designer, exhibition/display|313.987.0315x59840|69
Sean Mcdonald|xgomez@turner.com|Medical secretary|1-355-833-1703x722|20
Joshua Foster|zallen@hotmail.com|Dramatherapist|1-665-927-0157x797|31
Benjamin Moore|ryanschwartz@brown.com|Electrical engineer|449.990.3910x858|41
Jennifer Graham|robinsonalan@hotmail.com|Broadcast presenter|(309)221-5566|80
Thomas Ortiz|kevinsexton@garcia-jordan.info|Chiropodist|1-488-419-4909x63966|35
Kevin Alexander|seanallen@nelson.net|Ranger/warden|1-984-019-6519|36
Jeremy Fitzgerald|hlee@wilson-herrera.com|Ergonomist|1-646-890-2044x685|63
Ann Kennedy|matthewadams@hotmail.com|Rural practice surveyor|339.136.4956x37435|68
Melissa Smith|barbaranielsen@marquez-hawkins.com|Communications engineer|(653)964-7691x768|66
Julie Hernandez|atkinsdeanna@davis.com|Site engineer|(061)669-9270x626|34
Gabriel Jackson|powersmichael@gmail.com|Licensed conveyancer|1-969-628-0544|33
Troy Williams|westmarissa@osborne-mccormick.com|Industrial/product designer|164.599.2690x10585|56
Leslie Pena|corey35@yahoo.com|Make|1-911-541-9614|58
Jay Watts|zcisneros@yahoo.com|Jewellery designer|03790727245|30
Craig Lin|monica44@yahoo.com|Volunteer coordinator|461.086.7724x9068|67
Eric Smith|christinastrong@yahoo.com|Proofreader|204-057-4944|38
Hannah Finley|kelli55@gmail.com|Chemist, analytical|(886)543-6012x48417|30
Christopher Rosario DDS|kimberlywright@yahoo.com|Ceramics designer|(967)199-4325x9148|44
Stephen Watts|ewright@hotmail.com|Conservation officer, historic buildings|1-960-179-2207x20625|37
William Riley|jordan86@gmail.com|Immunologist|1-275-880-7343|19
Gerald Walker|anthony62@reyes.org|Accountant, chartered|390-195-7265x717|30
Krystal Bailey|rebecca82@gmail.com|Clinical psychologist|850.832.5460x68175|76
Jose Martin|john30@hester-anderson.net|Learning mentor|(306)604-4285|24
David Rice|carlosthomas@gmail.com|Media planner|02930890422|26
Catherine Douglas|newtontravis@hotmail.com|Designer, jewellery|739-206-8833x5997|73
Robert Mays|ralvarez@hotmail.com|Purchasing manager|(129)941-2994x24135|47
Chad Wright|kristinaroberts@nguyen.biz|Air cabin crew|366-020-5160|75
Dr. Lauren Maldonado|michaelsantos@yahoo.com|Interpreter|(915)203-3113x79196|56
Laurie Perry|sharonjennings@smith-conrad.net|Systems developer|867-235-5056x73906|22
Dana Coleman|donaldburke@mckay.com|Teacher, secondary school|(220)906-2643x9015|69
Mr. Douglas Young|plambert@garcia.com|Herpetologist|(533)683-4809x04855|46
Jason Khan|jonathan72@hotmail.com|Hydrographic surveyor|429.026.5187|55
Brittany Buckley|michaelmcconnell@gmail.com|Prison officer|1-015-928-5596|52
Denise Hughes|tperez@martin.biz|Buyer, retail|251.126.1298x29834|58
Shelby Gonzalez|michellereed@jones.info|Speech and language therapist|408.598.8538|64
Patricia Williams|morgankelly@yahoo.com|Journalist, newspaper|538-390-2170x5698|75
Sara Lopez|yesenianelson@hotmail.com|Scientist, research (physical sciences)|143-036-7429x21422|27
Dr. Daniel Perkins|butlergary@stephenson.org|Teaching laboratory technician|722-994-6153x8656|67
Charles Best|katherine97@ramos.com|Scientist, product/process development|1-290-647-2936|18
Angela Tanner|melissa45@hotmail.com|Broadcast engineer|1-980-956-4257|66
Lisa Gordon|perezjerome@yahoo.com|Press photographer|(891)396-5979x1930|29
Mrs. Regina Campbell|melaniehubbard@larsen.com|Financial planner|1-421-522-6423|26
Ian Miller|rscott@austin.com|Chief Executive Officer|646-158-0699x345|72
James Warren|james55@allen.com|Occupational hygienist|(019)531-7089|62
Monique Wiley|adam69@decker.com|Broadcast presenter|(299)096-3144|67
Tyler Robbins|richmondjohn@hotmail.com|Manufacturing engineer|869-801-2435|50
Corey Glenn|wendy02@mccormick.biz|Warehouse manager|278-419-3625|30
Amy Johnson|taustin@yahoo.com|Scientist, water quality|092.393.6763|70
Tammy Brown|denniscunningham@yahoo.com|Scientist, physiological|450.607.0593|44
Roy Craig|hayala@stevens-tyler.biz|Race relations officer|(816)849-1573x61907|36
Mark Logan|henryjessica@yahoo.com|Copy|229.314.4421x4802|25
Kayla Calhoun|stephen74@ellis.biz|Theatre stage manager|222-544-9478x1013|25
Angela Rogers|mooneysarah@yahoo.com|Engineer, water|402.965.4162x3187|22
Rachel Griffith|katelyn35@nelson.org|Mental health nurse|798.504.5391|41
Mr. Nicholas Smith|sabrina99@gmail.com|Tax inspector|424-231-6900x834|73
Michael Baker|christina05@gmail.com|Therapeutic radiographer|03054132425|62
Paul Kelly|wcruz@yahoo.com|Armed forces training and education officer|(239)274-3486|37
Robert Gonzalez|scross@guzman.com|Civil engineer, consulting|1-800-785-2907x591|66
Mrs. Diana Lee|erica97@hotmail.com|Film/video editor|1-859-351-2771x911|23
Christina Smith|craigrusso@hotmail.com|Art gallery manager|771-199-4609|74
Shawn Hernandez|ostephens@taylor-miller.com|Doctor, general practice|09271358763|78
Gregory Mccann|yatesapril@gmail.com|Technical author|(290)145-4676x87329|73
John Espinoza|amassey@yahoo.com|Bonds trader|743-111-0743x38746|48
William Fischer|imcfarland@hotmail.com|Geophysicist/field seismologist|(268)661-7266|61
Terry Pacheco|rogersjudy@russell.com|Editor, film/video|163.481.5593x7176|53
Anna Gonzales|pmiller@johnson-larson.com|Historic buildings inspector/conservation officer|623.382.1637|63
Jamie Woods|hcook@yahoo.com|Press photographer|05389869101|73
Donald Padilla|sarahsmith@hotmail.com|Trade mark attorney|+84(6)7718704490|80
Allen Novak|sarahruiz@gmail.com|Doctor, general practice|1-855-778-5835|45
Nathan Davis|emorgan@sloan.org|Dealer|00265587790|69
Donald Finley|jhubbard@hotmail.com|Customer service manager|1-834-550-9988|25
Kyle Crawford|morganjason@humphrey.com|Gaffer|+40(3)0885285663|19
Krista Aguilar|kathrynevans@jones-davis.biz|Barista|(141)217-6084|57
David Bowman|aliciaanderson@arnold.org|Pensions consultant|(247)407-6502x959|48
Dawn Stewart|anna58@hotmail.com|Claims inspector/assessor|02764673239|61
Kyle Stein|kristenbecker@gmail.com|Patent examiner|109-356-0671x7375|71
Linda Allen|jillcameron@hotmail.com|Corporate investment banker|08793359345|53
Taylor Sosa|linda59@bryant.com|Tax adviser|00883625433|78
Nancy Morales|fosborn@hotmail.com|Theme park manager|(421)703-5812x8596|53
Brittany Strickland|michaelmalone@gmail.com|Programmer, multimedia|391-427-0831|42
Kevin Fields|kayla77@woodard.com|Building control surveyor|223.709.1061|60
Mary Hatfield|smithmonica@hotmail.com|Community development worker|(267)066-0377x300|63
Julia Martinez|jeffrey99@reed.biz|Podiatrist|(694)250-1607x363|41
Andrew Phelps|krandall@gmail.com|Programme researcher, broadcasting/film/video|09916626886|70
Molly Baker|alyssarobinson@hotmail.com|Oceanographer|(347)785-6101|73
Erica Maynard|james63@moore.org|Engineer, automotive|1-631-106-4515x1618|57
Craig Harmon|angela37@yahoo.com|Chemist, analytical|802.417.7802|56
Ryan Lester|stanleymcconnell@morgan.biz|Mechanical engineer|+23(1)8258188546|47
Anna Greene|snowjennifer@vazquez.com|Psychologist, forensic|00716228745|38
Christina Perry|johnsonbenjamin@gmail.com|Minerals surveyor|394-894-1318x1676|35
Brian Lewis|aarongregory@snow.com|Neurosurgeon|(748)255-3514x227|52
Cynthia Smith|michaelmorris@castillo.com|Geophysicist/field seismologist|013-641-5002x4225|37
Dustin Hall|dlang@gmail.com|Surveyor, insurance|1-157-259-5683|64
James Wilson|epotter@turner.net|Dancer|(881)847-9717x46262|51
Sarah Mccarthy|maxwelljames@yahoo.com|Teacher, adult education|1-348-058-5977x75071|23
Laura Harris|xsmith@gmail.com|Public relations officer|1-977-772-7096x40742|28
Kevin Barnes|pricerobert@huff-tate.com|Visual merchandiser|826.617.8847|71
Lori Barnett|agibson@nelson.com|IT technical support officer|249-400-1833x6914|35
Justin Bowen|jdavies@vasquez.info|Pilot, airline|722-113-7660x44813|19
Joseph Hicks|barbara49@yahoo.com|Purchasing manager|04044347038|29
Connie Hill|hernandezmelissa@parrish.org|Broadcast journalist|(038)752-1529|58
Amanda Johnson|parkerpamela@jackson-roth.net|Fine artist|(741)587-0681x49384|43
Carlos Curtis|nancylindsey@washington-gill.com|International aid/development worker|+84(6)6753677207|79
Janice Poole|alisha70@hotmail.com|Quality manager|923-197-1876x64824|18
Amanda Hansen|tamistout@hotmail.com|Soil scientist|763.558.5203x271|34
Kenneth Butler|joseph34@martin.org|Production assistant, television|699.481.0948|72
Bradley Rhodes|johnbrock@gmail.com|Phytotherapist|275-268-2880x959|18
Anita Jones|tina55@sparks.biz|Therapist, sports|1-371-821-2271x641|68
Cindy Evans|cwilliams@yahoo.com|Retail merchandiser|1-628-697-1206|43
Miss Stacey Mack|eroy@patton.com|Advice worker|(124)757-5820x8197|74
David Murphy|ivasquez@burton.info|Drilling engineer|(605)840-4405|54
Jill Petersen|coxkathryn@gmail.com|Broadcast engineer|(217)215-9405x78366|47
Michael Good|castanedanathan@hotmail.com|Administrator, arts|664.258.1313x389|41
Gary Ferguson|kristinali@gmail.com|Journalist, broadcasting|04075989410|29
Brian Gentry|njames@yahoo.com|Research officer, trade union|924-395-3515|54
Brandy Williams|robinsonmolly@gmail.com|Higher education lecturer|(204)457-9989x665|19
Richard Johnson|webbstacie@zamora.com|Community education officer|369-797-7127|79
Corey Mclaughlin|zramos@wiley.biz|Video editor|195-136-6953|51
Robert Villegas|johnsonjesse@barton.com|Chemist, analytical|+41(9)3395652250|80
Gary Kennedy|ebarnes@harris.com|Further education lecturer|941.315.7874|52
Donald Medina|grantallison@hotmail.com|Psychologist, counselling|+71(7)8439146041|68
George Todd|normanperry@hotmail.com|Scientist, research (maths)|947.838.3215x99375|33
Mr. Thomas Sosa|rodriguezashley@richard-morgan.info|Engineer, control and instrumentation|(474)696-9791|23
Anita Moore|corr@jackson-larson.com|Librarian, public|1-624-549-0731x95684|26
Brian Schroeder|edward03@hotmail.com|Publishing copy|231.109.4466x168|52
Whitney Smith|knoxnatalie@hotmail.com|Interior and spatial designer|054-977-5234x40603|28
Angela Allen|daniel21@gmail.com|Naval architect|08782548873|74
Paul Calhoun|smithjames@yahoo.com|Exhibition designer|(511)669-2704x812|34
Dawn Murphy|mooremisty@perez-myers.com|Social research officer, government|941.085.9230x785|49
Terry Shaw|bmorales@yahoo.com|Archivist|1-027-933-9246x2807|43
James Randolph|phillip17@yahoo.com|Telecommunications researcher|376-596-9989x485|47
Kaitlin Clements|joseph76@hotmail.com|Ophthalmologist|(263)534-0986|24
Scott Nguyen|zmarquez@yahoo.com|Records manager|07174333512|51
Brooke Jordan|maytroy@stephens.biz|Broadcast engineer|(135)575-6181x525|41
Matthew Smith|susan21@berg.com|Therapist, nutritional|(975)540-3548x327|26
Bonnie Munoz|xmorgan@yahoo.com|Retail banker|469.123.7763x0246|75
John Lambert|omann@yahoo.com|Scientist, research (maths)|1-322-824-8199|64
Virginia Ramirez|hansonshelby@roman-jimenez.com|Social researcher|956-977-7566x6935|46
Amanda Smith|michael22@hotmail.com|Midwife|119-319-0184x4133|62
Destiny Jones|jessicabarron@yahoo.com|Special educational needs teacher|07885046576|78
Mary David|jgomez@carlson.org|Investment banker, corporate|(798)999-6108|55
Holly Strickland|christopherhughes@gmail.com|Pension scheme manager|168.348.5278x606|63
Drew Bernard|kristi36@hughes.com|Higher education lecturer|(329)727-7640x0027|52
Tony Miller|donna29@stewart-orr.com|Quality manager|949-193-3340x022|40
Daniel Morales|zmiles@brown.biz|Fitness centre manager|+34(1)1328227454|55
Bryan Brandt|matthew72@yahoo.com|Research scientist (maths)|969-149-2224x815|77
Russell Howard|daniel07@gmail.com|Multimedia programmer|(007)798-6124x951|79
Jacob King|jeromekennedy@gmail.com|Actuary|(790)433-9685x94903|59
Robert Oneill|pcooper@johnson.info|Engineer, biomedical|984-302-6015|61
John Ellis|stevenpage@griffin.com|Meteorologist|(755)757-9923x705|70
Joseph Smith|barbaracarrillo@gmail.com|Electrical engineer|202.094.4445x897|67
Ryan Rich|miguelhernandez@gmail.com|Public relations account executive|1-329-009-9168x25761|45
John Williams|phelpsanne@cisneros.net|Surveyor, building control|1-920-179-9251|23
Mark Phillips|hhubbard@quinn.info|Land/geomatics surveyor|407-853-7016|30
Doris Hernandez|xodonnell@gmail.com|Geologist, wellsite|04554397690|20
Jason Weber|jtaylor@benson-green.com|Psychotherapist, child|(476)485-8361x9744|61
Claudia Robinson|jodistewart@king.biz|Charity fundraiser|05391465402|45
Melissa Lester|josesanders@yoder-serrano.com|Immigration officer|302-158-3568x028|37
Lauren Stokes|jesseshaffer@steele.net|Politician's assistant|281-594-2623x8872|58
Renee Morrison|david81@gmail.com|Chief Executive Officer|01276171834|62
Ronald Castillo|prattdeborah@gmail.com|Clinical embryologist|1-519-348-8526x478|56
Brian Galvan|knorton@gray.org|Fast food restaurant manager|(323)031-9841|46
Brett Salinas|lindseymcclure@gallagher-cole.com|Primary school teacher|367-346-2801|20
Casey Hall|watsonmark@cabrera.com|Geneticist, molecular|(725)172-2397|49
Reginald Lutz|aibarra@sharp.com|Hydrographic surveyor|(708)658-1351x31540|48
Melissa Rogers|hallcolleen@hotmail.com|Engineer, control and instrumentation|1-536-666-7559|72
Tanner Martinez|laurarogers@david.com|Lawyer|08693215137|65
Autumn Farrell|christopherwatson@williams.com|Exercise physiologist|981.693.2984|62
Mr. Terrence Hull|pattonbrenda@yahoo.com|Medical physicist|676-063-3081|72
Patrick Frey|salazarmichele@smith.com|Presenter, broadcasting|(918)377-4365|18
Joseph Nash|smithmichael@hotmail.com|Financial manager|(933)015-7303x64307|67
Brian Green|martin80@hotmail.com|Exhibition designer|190-399-3159x376|75
Victoria Harris|hmiller@garcia.info|Chiropodist|(558)338-2541x6433|18
John Baldwin|kristen47@gmail.com|Engineer, manufacturing systems|1-129-254-2077|62
Jodi Moses|ellisclifford@warner.org|Occupational psychologist|492-845-3896x178|40
Ruth Potts|nbenson@park.com|Translator|293.239.5105|75
Frank Harper|underwooderic@ruiz.com|Emergency planning/management officer|04094797248|29
Daniel Perry|paul99@warren.com|Product/process development scientist|461-221-7577x197|77
Diana Kelly|taylorwest@yahoo.com|Secretary/administrator|779-408-3170x059|80
Brad Lopez|ibush@mercado.org|Textile designer|(995)001-8156x349|27
Meredith Hunt|troy80@elliott-maddox.com|Naval architect|(584)096-9537x369|46
Dana Williams|sandraperez@johnson-kane.org|Retail merchandiser|(422)006-0193x603|52
Jasmine Anderson|leslie25@hotmail.com|Comptroller|+88(1)4992365780|77
Stephanie Roberts|victor96@yahoo.com|Electronics engineer|189.097.3632|76
Jamie Jenkins|fisherjenna@duncan.com|Recycling officer|(664)742-7927|73
Holly Navarro|lewisevelyn@thompson-robinson.org|Freight forwarder|199.129.7282x0145|66
Sharon Rodriguez|imartinez@chapman-roberts.com|Exhibition designer|123.056.4383x17430|62
Stephanie Coleman|imorris@hotmail.com|Librarian, academic|(983)237-9238|64
Lisa Ferrell|suzanne24@hotmail.com|Optician, dispensing|224-118-7667|27
Phillip Green|alexislittle@wilson.info|Engineer, broadcasting (operations)|(741)105-1368x026|73
Christie Shepard|maddenmarcus@gmail.com|Engineer, communications|497-529-1402x6108|58
Victoria Johnson|bradfordmark@moore.com|Dance movement psychotherapist|066-009-3767x0104|43
Tammy Castaneda|steve94@yahoo.com|Research scientist (medical)|849-782-1601x56227|49
William Ewing|yburns@yahoo.com|Airline pilot|067.030.6832|78
Jesse Hanna|turnerjoseph@gmail.com|Mechanical engineer|116-920-1188x3688|76
Robert Kim|daniellewis@gmail.com|Editor, film/video|+65(5)0534002735|63
Cynthia Smith|carolyn30@yahoo.com|Engineer, biomedical|+02(7)4418695449|66
Brianna Miller|grantelaine@hotmail.com|Investment banker, operational|(581)558-9876x72656|19
Jason Diaz|alicia14@hotmail.com|Chemical engineer|278.829.7352x3522|39
Ryan Reed|robert53@yahoo.com|Engineer, production|634.000.2650x66558|74
Raymond Nguyen|rtapia@williams-edwards.com|Telecommunications researcher|(914)397-4157x872|65
Kenneth Morrow|clementsdesiree@yahoo.com|Colour technologist|1-122-495-5363x4972|43
Dawn Rhodes|erikaross@hogan.com|Designer, jewellery|00558230953|23
Craig Vasquez|harrisjames@yahoo.com|Film/video editor|1-804-414-5637x477|40
Daniel Hoffman|jamesadams@james-perry.com|Applications developer|283-318-2172x95001|40
Joel Walker|fernandezrichard@griffin-day.com|Investment analyst|01971900371|59
Mackenzie Lawson|awilliams@smith.info|Administrator|(926)006-1881x824|58
Christina Roberts|kristine03@yahoo.com|Marketing executive|1-264-116-7062x8672|53
Anthony Allen|janet80@jimenez.net|Therapist, music|859.596.8370|80
Sarah Robinson|hickmanalison@mcpherson.info|Production manager|1-942-298-1188x32340|19
Dana Long|william09@walters-lee.com|Diplomatic Services operational officer|1-762-595-5210x62883|50
Kevin Williams|dyu@gmail.com|Designer, jewellery|(504)602-3835|38
Stephen Foster|joseph95@schneider.com|Art gallery manager|09904253271|51
Jeffery Martinez|james70@white.com|Risk analyst|+13(6)7822568159|65
Heather Turner|timothyrose@snyder.com|Recycling officer|653.017.7576x62503|32
Justin Bowman|michaelevans@ray.com|Hydrogeologist|+54(4)6318778201|72
Nicole Howe|kvaldez@yahoo.com|Research scientist (physical sciences)|546.020.2408|21
Terrance Garrett|anthonywall@carlson.com|Learning disability nurse|1-539-877-4071|26
Melanie Lawrence|jamesray@cook.com|Financial manager|889-108-5079x9813|47
Teresa Smith|blairraymond@smith.com|Merchandiser, retail|(355)737-0331x9300|66
Tracy Hernandez|stucker@hotmail.com|Ophthalmologist|1-644-440-8776|37
Patricia Smith|pamela20@reynolds-robinson.org|Insurance claims handler|(133)885-4981x14424|45
Timothy Anderson|kchandler@smith.com|Hospital pharmacist|669-568-5513|33
Rachel Goodwin|nnelson@gmail.com|Media buyer|563-629-7162x793|69
Martha Thomas|robertlopez@gmail.com|Surveyor, building|+96(9)1899617014|35
Marcia Bray|stravis@gmail.com|Lighting technician, broadcasting/film/video|1-160-408-7522x9769|80
James Jones|thomascrystal@gmail.com|Psychologist, counselling|330-348-3343x278|44
Isaac Ray|bobby37@gmail.com|Pensions consultant|630-450-4890x91267|32
Ryan King|beverly34@hotmail.com|Surveyor, quantity|(110)645-8643x262|66
Christopher Baker|rsims@yahoo.com|Financial risk analyst|715-101-6110x9599|53
Jill Parker|ichambers@mathews.net|Data scientist|853.984.1370x0533|55
Kara Duke|catherine53@ryan.com|Insurance account manager|493-347-9557x307|40
Michael Ward|btaylor@hotmail.com|Scientist, research (physical sciences)|476.033.9060|63
Christian Johnson|stucker@villegas-hopkins.com|Optometrist|(111)299-4481x8235|44
James Smith|jennifer32@ortiz-cantrell.com|Proofreader|1-352-239-1366x11514|32
Rodney Briggs|patrickmitchell@yahoo.com|Architect|552-649-6235x0312|33
Amy Stokes|mitchellmark@cortez-baker.com|Cytogeneticist|788.169.2690|20
Deborah Shaw|john10@hotmail.com|Energy engineer|05336276149|59
Debra Garcia|carol53@gmail.com|Osteopath|01738829600|57
Kenneth Rodriguez|pamelalee@livingston.com|Tourism officer|06213507474|72
Bryan Monroe|davidmartinez@tanner.com|Insurance claims handler|(035)296-6140|49
Diane Arias|pattersonjennifer@yahoo.com|Psychologist, counselling|491-826-1278|30
Joshua Stephens|matthewbrewer@yahoo.com|Television production assistant|615.158.5836x64817|67
Christopher Mckinney|egarcia@gmail.com|Theme park manager|(370)787-6202|65
Shelley Reyes|johnfigueroa@hotmail.com|Nurse, children's|+03(3)2834237779|60
Matthew Diaz|shane27@crawford.org|Housing manager/officer|1-543-210-3991|47
Paula Johnson|fhansen@elliott.com|Retail buyer|994.224.7274x13009|38
Jaime Armstrong|theresahanna@bowman-turner.net|Air cabin crew|04991685176|42
Maria Smith|sean57@thompson.info|Magazine features editor|+67(7)5007350476|78
Sara Ruiz|ballardtyler@yahoo.com|Industrial/product designer|03787728502|30
Nicholas Shaffer|gomezmatthew@lynch.info|Ecologist|(848)424-8779|62
Austin Jackson|qcooke@wilson.com|Teacher, English as a foreign language|(566)449-2333x7648|73
Scott Martinez|hicksmisty@gmail.com|Engineer, manufacturing systems|938-724-0780|47
Evelyn Rowland|amyers@hall.net|Further education lecturer|484.680.2502x0862|38
Ashley Parker|hillmichael@gmail.com|Audiological scientist|1-979-262-6754x384|20
Susan Miller|valdezjason@mann.com|Interpreter|325-890-2028x9593|71
Bobby Smith|beckerjoshua@gmail.com|Television production assistant|921.961.7269|57
Miss Debra Cox|chad24@miller.com|Surveyor, commercial/residential|1-920-303-3211|32
Seth Bailey|xspencer@dawson-cabrera.info|Hospital pharmacist|437-434-7530x239|26
James Mills|vwilliams@ali.com|Psychologist, prison and probation services|(268)451-7152|29
James Baker|deanna69@hotmail.com|Public house manager|1-695-615-1559|51
Lisa Rivera|ericcortez@gmail.com|Bookseller|1-515-864-5197|50
Robert Short|kathryn09@hotmail.com|Acupuncturist|903.914.4840|68
Adrian Evans|william05@hotmail.com|Energy manager|1-162-714-7968|78
Christine Cole|johnsimpson@gmail.com|Community education officer|046-546-4681x517|75
Daniel Carroll|joshuawilliamson@jones.info|Psychiatric nurse|1-949-212-2262x2058|65
Terry Davis|jeffreygrimes@yahoo.com|Manufacturing systems engineer|(174)968-7690x2262|48
Janice Richardson|teresa69@yahoo.com|Designer, furniture|(472)386-7842|35
Charlotte Lawson|usavage@hotmail.com|Retail merchandiser|050-345-3296x20089|37
Joseph Hill|stephanie73@carr.com|Engineer, drilling|1-250-544-4980x10665|34
Kelly Hays|jacobcortez@yahoo.com|Therapeutic radiographer|(557)795-9583|73
Elizabeth Carter|john80@kelley.net|Communications engineer|(652)790-0012|25
Angela Camacho|jonathanbaker@jones-stanley.org|Civil engineer, consulting|561.993.4393x39284|61
Colton Garrett|jill96@morales.com|Engineer, aeronautical|1-604-994-8228x833|29
Sarah Jones|wreynolds@malone-walsh.com|Waste management officer|+02(2)3782965570|54
Patricia Bond|stephanie16@yahoo.com|Farm manager|1-636-455-7081x31855|50
Sarah Dunlap|zhangjoan@taylor.com|Runner, broadcasting/film/video|227.662.7454x051|21
Frank Crawford|melissa57@hill-chambers.biz|Special educational needs teacher|(371)405-1863x83517|43
Sean Hughes|laurengray@gmail.com|Geologist, wellsite|076.099.1228x146|26
David Ryan|epeterson@miller.com|Phytotherapist|1-951-490-3529x51264|61
Christopher Brewer|gchandler@yahoo.com|Buyer, industrial|+08(9)3319912941|40
Riley George|monica67@hotmail.com|Designer, fashion/clothing|(239)100-4453x76811|80
Nina Mason|stoutadam@anderson.org|Surveyor, planning and development|955.498.8506x8680|79
Darlene Jones|hooverkelly@gmail.com|Arboriculturist|1-987-199-5670|50
Lauren Hicks|shelley61@yahoo.com|Intelligence analyst|753-209-1254x8854|72
Jeffrey Jensen|ichavez@yahoo.com|Ecologist|672-060-3623|63
Alexandra Grimes|aaronshannon@gmail.com|Neurosurgeon|(912)556-2064|43
Erin Thornton|rebecca70@gmail.com|Publishing copy|(191)651-4284|50
Karen Cook|joshuahunt@myers.com|Textile designer|(220)916-7869x046|23
Mr. Wesley Neal|glenn54@brown.info|Optician, dispensing|158-181-9718|63
Mr. Glenn Perez|royhector@yahoo.com|Scientist, research (medical)|+63(8)3352202974|71
Eric Garcia|vanderson@sanchez-meyer.com|Publishing rights manager|(337)794-0008|69
Jeff Dunn|palmercarrie@wright-mendez.com|Producer, television/film/video|04406213607|77
Sara Yang|sarahernandez@bray.biz|Chief Executive Officer|132.519.8655x4015|33
Stephen Ruiz|justin59@hotmail.com|Scientist, research (medical)|761.646.3510x2107|33
Jeffrey Miller|rebeccagallegos@mitchell.com|Leisure centre manager|07322742465|45
Jennifer Reyes|bgraham@yahoo.com|IT sales professional|133-455-8958|21
Victor Gonzalez|qparker@smith-benson.info|Accountant, chartered certified|232-061-1937|35
Maria Jimenez|austin99@carter.com|Chief Financial Officer|(795)217-8007x640|69
Charles Hickman|gordonjulie@taylor.com|Seismic interpreter|(072)143-0392|21
Katie Ruiz|howardsean@hotmail.com|Airline pilot|1-308-495-2340x691|31
Shelly Ramirez|ruthevans@davis.com|Research scientist (life sciences)|839-385-0101x158|28
Jose Flores|ryan42@gmail.com|Aeronautical engineer|169-932-5764|21
Eric Frank|brandonwilliamson@terry.org|Futures trader|(701)112-1950x4969|79
Stephanie Burton|nelsonchristopher@walker.info|Research officer, political party|769-567-9512x6483|51
Jeffery Campbell|parkerjessica@estrada.biz|Engineer, petroleum|878.155.6253x1157|19
Cody Boyd|chriswalters@hotmail.com|Therapist, drama|179-247-8761|38
Joseph Anderson|courtney87@yahoo.com|Quarry manager|169.397.4819|49
Bobby Mills|pvazquez@barron-harvey.net|Writer|+63(8)9124121022|55
Amber Rivera|odeleon@kerr.com|Producer, television/film/video|1-231-496-9437|40
Collin Leach|darren22@hotmail.com|Office manager|924-857-5537|61
Alison Hoover|martinmelissa@jones.com|Press photographer|02834544962|69
Kaitlin Koch|thomasheidi@williams.info|Purchasing manager|649.786.6921|31
Bethany Elliott|qvelez@gmail.com|Therapist, art|(755)262-9579|80
Katrina Mendoza|shawn65@hotmail.com|IT trainer|923-395-1119x35050|40
Gregory Morales Jr.|cynthia94@yahoo.com|Engineer, technical sales|360.870.7888|39
Antonio Greene|carrie32@gmail.com|Electrical engineer|(888)691-5654x80989|26
Diana Cruz|heather91@hotmail.com|Logistics and distribution manager|486.519.7896x256|71
Teresa Shah|msmith@moran.com|Health visitor|193-595-0256x8425|72
Brian White|matthew65@hotmail.com|Software engineer|239.701.3536x872|23
Samuel Nelson|goodmanmegan@villa.com|Lighting technician, broadcasting/film/video|494-279-4520|56
Vanessa Fletcher|brendasmith@vasquez.com|Data scientist|(263)129-6426|49
Douglas Henson|derrickmedina@yahoo.com|Landscape architect|344.805.8386x254|48
Cody Schroeder|charrington@green-grant.com|Land/geomatics surveyor|09521203702|33
David Graves|philip41@gmail.com|Further education lecturer|+43(9)9392662409|68
Alicia Rivera|natalierodriguez@wilson.com|Journalist, newspaper|964-841-4943x9880|74
James Randolph|michaelmorales@hester.net|Gaffer|1-535-925-5566x986|29
Patrick Johnston|torresbryan@castillo.com|Insurance account manager|06687388354|37
Stephanie Hernandez|christinewiley@archer.net|Engineer, building services|320-855-3236x9329|55
Erin Flynn|aliciajohnson@gmail.com|Armed forces training and education officer|997.016.3427x66249|39
Richard Brooks|bishopemily@anderson.com|Engineer, maintenance (IT)|261-856-5883|27
Scott Evans|debraschultz@gmail.com|Financial adviser|(186)643-3244x308|78
Amanda Massey|jeremymiller@yahoo.com|Therapist, horticultural|(118)440-6901x5146|39
Colleen Gomez|scottking@bartlett-fleming.com|Police officer|477-756-7280|71
Douglas Perez|jennifer56@gmail.com|Barista|(627)933-6087|24
Michael Mccarthy|monica07@martinez-nelson.info|Dramatherapist|1-805-560-9763x3830|72
Jay Young|francisjared@gmail.com|Cartographer|920-519-5864|76
Alicia Anderson|skennedy@gmail.com|Personal assistant|314-967-2911x19904|76
Jonathan Bates|jeffreywilliams@hotmail.com|Loss adjuster, chartered|05135398828|80
Raymond Burns|tallen@hotmail.com|Interpreter|286.697.0055|43
Holly Howell|seth11@allison-rodriguez.net|Actor|(602)649-6889x8730|48
Paul Baker|williamnewton@nichols.info|Newspaper journalist|686-619-0183x1560|30
Sandra Boyer|lmills@yahoo.com|Dentist|915.963.3540x44049|23
Mario Dyer|davidfrazier@hotmail.com|Database administrator|(848)588-3827x11583|48
Antonio Rocha|robertrojas@hotmail.com|Editorial assistant|(922)746-9527x3529|24
Mitchell Miller|spearsmichael@stone-crane.com|Psychologist, educational|764.657.2100x298|59
Larry Sanchez|lindseyriley@yahoo.com|Accountant, chartered|966-655-6859x201|27
Judy Turner|rmoore@hotmail.com|Press sub|1-364-319-3645x36300|36
Hannah Kramer|spencebenjamin@ellison.com|Call centre manager|290-006-4642x5874|53
Lance Gomez|monicazhang@coleman-cohen.com|Investment banker, operational|(701)293-9761|58
Deanna Allen|jlowe@hawkins.biz|IT consultant|1-317-575-2784x2090|75
Julie Key|veronica54@gmail.com|Advice worker|775-452-1194|23
Ronald Vazquez|doconnor@hotmail.com|Engineer, maintenance (IT)|06252052760|62
Emily Morrison|onelson@cummings.biz|Comptroller|09454473059|21
Marissa Blair|ihall@hotmail.com|Primary school teacher|(929)878-6902x74314|23
Kelly Thomas|unorris@jimenez.info|Land/geomatics surveyor|09679755616|78
Katherine Myers|benjamin49@foster.com|Engineer, site|113-237-9801|28
Leah Matthews|cherylgray@morris.com|Environmental education officer|484-265-7636x1159|51
Kelly Jenkins|kimberly85@nichols-norris.com|Scientist, physiological|474.021.8778|69
Alex Johnson|whitneyrosales@yahoo.com|Armed forces logistics/support/administrative officer|1-455-420-8007x86952|36
Eric Mcdaniel|vreynolds@hotmail.com|Jewellery designer|(683)313-6807|59
Lindsay Davis|garciaerin@gmail.com|Occupational therapist|1-294-696-0600x856|54
Tony Walls|heatherjones@castillo.com|Contracting civil engineer|+96(7)4085961844|18
Kevin Dorsey|randy49@davis.biz|Designer, textile|791-067-3082x89427|73
Emily Martinez|gwilliams@gmail.com|Administrator, arts|1-377-598-4648x8134|68
Julie Jackson|ijohnson@hotmail.com|Aeronautical engineer|222.716.1738x77475|54
Ms. Kendra Murphy|pmosley@gmail.com|Interior and spatial designer|470.948.2298|72
Hayley Campbell|henrybrandon@harris.com|Patent examiner|(378)430-3633x87673|18
Aaron Smith|kaitlynrivera@gmail.com|Public relations officer|325.649.0258x1728|58
Matthew Rivera|davisstephen@yahoo.com|Production manager|(969)239-0899x6976|72
Earl Fowler|ocollins@yahoo.com|Consulting civil engineer|+89(1)2712367372|79
Jessica Smith|mtaylor@wilson.com|Buyer, retail|395-722-1332x54365|55
Keith Reeves|johnsonbryan@hotmail.com|Museum education officer|(158)083-8344|21
Blake Glover|preston08@yahoo.com|Financial planner|766-976-0768|46
Caitlin Sparks|heather55@pham-mack.biz|Oncologist|1-781-764-8479x68516|73
Kristin Potter MD|timothy39@hotmail.com|Database administrator|1-779-639-4568x0296|62
Sabrina Thomas|lenglish@hall.org|Dancer|861-377-3798x447|32
Kevin Brewer|amy26@hotmail.com|Textile designer|(819)899-8410x36322|80
Ricardo Harris|michelewilson@hotmail.com|Teacher, early years/pre|1-858-981-4995|71
Sherry Horne DDS|currycarrie@zamora.info|Town planner|01648665514|34
Jacqueline Cisneros|wernershelley@rocha.com|Retail buyer|(268)690-9655x962|23
Anthony Christian|kylebullock@chapman.biz|Surveyor, building control|09519228652|55
Michelle Coffey|john29@molina.org|Production designer, theatre/television/film|(016)223-3582x01711|41
Jeffrey Thompson|anthonyhernandez@houston-robinson.com|Teacher, special educational needs|386-641-2439x317|39
James Chang|ronaldtaylor@brown.com|Corporate treasurer|062.630.9589|54
Adam Hammond|jonessamuel@chang-goodwin.com|Surveyor, quantity|+98(8)2971237473|46
Paul Jackson|pacejoseph@gmail.com|Designer, furniture|(234)693-7087x870|22
Lorraine Williams|gturner@yahoo.com|Homeopath|(422)931-7694x8462|62
Dr. Johnny Bartlett|keith77@hotmail.com|Broadcast presenter|1-360-774-6989x80251|54
Heather Padilla|oknight@lee.net|Surgeon|1-026-294-6686x18598|60
Emily Watson|katherinemiller@yahoo.com|Scientist, clinical (histocompatibility and immunogenetics)|573.831.2292x0326|71
Ashley May|connor91@mathis.com|Information systems manager|1-649-600-1224x21421|73
Elaine Ramirez|sherrylee@johnson.org|Systems analyst|1-300-349-6718|51
Steven Dyer|michael98@yahoo.com|Radio broadcast assistant|600.074.0441x86837|22
Patricia Johnson|patricksmith@gmail.com|Public affairs consultant|493-640-4440x769|63
Debra Davis|opatel@rivers-santiago.com|Homeopath|705.502.3233|42
Roy Moore|andrewbradshaw@abbott-morales.com|Graphic designer|(693)982-3616x92083|21
Clarence Rose|michelle92@yahoo.com|Chartered accountant|(494)198-5767x633|21
Cynthia Davis|charles37@wells-whitney.org|Exercise physiologist|409-137-2141|21
Carla Robinson|ytorres@miller.org|Engineer, building services|520-387-4061|44
Kelli Wu|emily95@hotmail.com|Exercise physiologist|+10(5)1966042885|54
Robert Nguyen|odavis@perez.biz|Museum/gallery exhibitions officer|1-569-173-4662x5573|41
Alexis Scott|maureen11@jackson.com|Actor|777.402.2334x1383|57
Alexander Stevenson|smithamanda@fisher.biz|Horticulturist, amenity|217-724-7092|64
Sean Brown|patrick67@avery.com|Museum/gallery curator|(623)307-3230x246|71
Nathan Lopez|mendozalaura@gmail.com|Radiographer, diagnostic|(671)448-3677x13138|21
Tonya Sanchez|jennifer00@roman.com|Forensic psychologist|(706)470-0274x416|62
Jessica Huber|ibarracynthia@gonzalez-kelly.net|Tree surgeon|559.968.0762|41
Ronald Ball|pricetammy@rivera.net|Health promotion specialist|440.604.3265x5187|63
Allison Preston|stevenhendricks@green.org|Commercial art gallery manager|1-825-153-5915|49
Ricky Jones|kellypatricia@joseph.com|Waste management officer|502-686-3924|51
Wyatt Jones|jessicaherrera@henderson.com|Conservation officer, nature|+94(2)6267023615|67
Virginia Rodriguez|teresa74@hotmail.com|Research scientist (maths)|961.329.4355x9637|22
Madison Howard|icampbell@yahoo.com|Psychotherapist, child|462-267-0431|34
Michael Mckee MD|munozdana@gmail.com|Legal executive|+66(5)2849827771|45
Anna Vaughan|shannon46@hotmail.com|Geophysicist/field seismologist|070.409.7113x2822|41
Raymond Watson|sacevedo@andrews.com|Teacher, secondary school|767.319.4768|39
Brandi Alexander|michelle50@gmail.com|Sport and exercise psychologist|173-683-5186|20
Lorraine Young|angela28@howard.com|Neurosurgeon|381.361.0061x2811|73
Randall Smith|michaelsmith@hotmail.com|Exhibitions officer, museum/gallery|1-224-200-1923|63
Brandy Hardy|lestermelissa@brady-dickerson.biz|Musician|1-237-922-5373|71
Rebecca Nguyen|kellyjones@hotmail.com|Radiographer, therapeutic|621-915-0127|30
Bradley Barrera|john52@gmail.com|Ship broker|1-613-845-9460|31
William Martinez|johnbecker@collins.com|Land/geomatics surveyor|06362073108|33
Gregory Wells|edwardskristina@lee.com|Health service manager|999.752.9033x0707|25
Kaitlin Harris|brandirichardson@gmail.com|Biochemist, clinical|242.618.8354x2036|26
Anthony Jackson|laurenharrison@walton.net|Engineer, maintenance|962.667.4529x959|20
Donald Wade|michael90@russo.com|Financial manager|(603)224-5731x135|45
Sarah Singh|robert89@yahoo.com|Engineering geologist|03439580076|19
Phillip Hudson DVM|snowmelissa@yahoo.com|IT consultant|(629)404-7290x5118|47
Jason Houston|daniel85@hotmail.com|Sports development officer|884.265.1185|43
Heather Ewing|zbrown@gmail.com|Tourist information centre manager|959-134-5041x939|71
Jason Sanders|taylorhernandez@hotmail.com|Technical brewer|914-670-7303|60
Randy Martin|ernestadams@yahoo.com|Warden/ranger|1-096-698-5303x7895|67
Brian Mcdaniel|kevin76@yahoo.com|Seismic interpreter|(522)595-0897x05329|23
Tonya Rice|danielsmith@frazier.biz|Aeronautical engineer|203.253.4964x13992|75
Jodi Thompson|donnagallagher@kim-porter.com|Charity officer|(807)162-0865x60957|30
Cassandra Brown|srosales@gmail.com|Radiation protection practitioner|+88(7)0208936561|67
John Gardner|paul64@yahoo.com|Solicitor|1-118-769-5270x980|78
Brett Smith|dudleykurt@patterson.info|Product/process development scientist|1-329-706-0268|46
Steven Perez|joshua52@gmail.com|Health and safety inspector|018.258.9354x313|23
Hector Miller|monica10@melton.org|Designer, fashion/clothing|369.152.2874|53
Brooke Davis|anthony40@lopez-newman.com|Electrical engineer|1-916-029-8676x62383|34
Andrea Jones|fstokes@gmail.com|Therapist, drama|172.527.5161x231|28
Tony Smith|montgomerydaniel@hotmail.com|Psychiatric nurse|019.517.5769|40
James Peterson|johnwilkins@yahoo.com|Dramatherapist|(786)779-2199|25
Jason Allen|colin03@johnson.info|Planning and development surveyor|216-569-3144x131|45
Michael Santos|jberry@holmes.com|Lecturer, further education|704.947.1009x383|22
Timothy Phillips|edwardreese@rodgers.com|Designer, textile|167-798-8840|44
Tammy Woods|valenzuelaheather@chavez-fox.com|Field trials officer|07028291287|75
Sydney Calhoun|wileymegan@hotmail.com|Copy|1-639-552-5457x144|55
Jennifer Jones|gharris@yahoo.com|Database administrator|1-829-477-3388|60
Stephanie Andrews|dustin31@yahoo.com|Psychologist, forensic|561.988.0214|56
Justin Cooley II|tjohnson@hotmail.com|Magazine features editor|1-187-193-8163x408|30
Timothy Becker|bradyjohn@swanson-ramirez.net|Research scientist (physical sciences)|05733759343|31
Robert Carter|charlesjames@hotmail.com|Pharmacologist|752-271-9966|35
Courtney Walker|mitchellrebecca@nelson.com|Dentist|1-016-414-0539|50
Jesus Mccoy|johnlogan@gmail.com|Financial planner|778.847.8390x531|75
Melanie Martin|qharris@martinez.com|Environmental health practitioner|(198)089-2662|41
Kyle Morse|jacksondavid@gmail.com|Museum/gallery exhibitions officer|1-489-289-6638x1013|42
Darren Johnson|perkinstiffany@sharp.com|Firefighter|1-647-623-6106x21218|46
Laura Butler|markvazquez@wong.com|Risk analyst|(871)007-2868|55
Karen Diaz|adamsjames@hotmail.com|Armed forces training and education officer|(126)796-5621x2706|26
Robin Davis|laurie92@hotmail.com|Adult nurse|319-072-2828x42376|31
Emily Wilson|ltaylor@cunningham.com|Futures trader|776-004-2849x163|34
William Short|wagnerchristina@copeland.com|Petroleum engineer|738.693.1952x8650|48
Nathan Haney|danabarton@hotmail.com|Special effects artist|196.504.9776x4920|54
Dr. Emily Parker|montoyaernest@gmail.com|Designer, furniture|133.064.7270x19658|65
Stephen Johnson|heather33@delacruz.com|Editor, commissioning|915.687.5150x7651|73
Lauren Smith|pjackson@gmail.com|Photographer|+09(7)9707614129|34
Tracey White|vmejia@fitzgerald.com|Insurance broker|1-941-101-8808x53526|63
Timothy Brown|angelicarowe@hotmail.com|Pharmacist, hospital|863-048-7516x9479|25
April Foster|darrell88@gmail.com|Therapeutic radiographer|(580)382-8678x4037|32
Mitchell Henson|richard66@jenkins-taylor.com|Astronomer|263.004.4566|69
Sarah Watkins|changtaylor@gmail.com|Training and development officer|(004)873-9839x8124|35
Joseph Moore|riosalejandro@peterson-perry.com|Publishing rights manager|02858043067|22
Daniel Carroll|chavezmichael@cobb-hill.com|Agricultural engineer|+21(6)1510458245|58
