<?xml version="1.0" encoding="UTF-8"?>
<!DOCTYPE POWERMART SYSTEM "powrmart.dtd">
<POWERMART CREATION_DATE="09/19/2017 01:01:40" REPOSITORY_VERSION="184.93">
<REPOSITORY NAME="EDW_DV4_Dev_961" VERSION="184" CODEPAGE="UTF-8" DATABASETYPE="Oracle">
<FOLDER NAME="EDWTD_BKG_AGGRS" GROUP="" OWNER="infoadm" SHARED="NOTSHARED" DESCRIPTION="Bookings aggregate.ONLY ETLs created for the purpose of aggregating Bookings data should be kept within this folder.  There are 2 other folders with BKG ETLs which should not be duplicated or overlapped within this new folder:  Sales_Order and POS" PERMISSIONS="rwx---r--" UUID="a6951cba-87bf-4890-9ca9-dfa0ba441625">
    <SOURCE BUSINESSNAME ="" DATABASETYPE ="Teradata" DBDNAME ="avi" DESCRIPTION ="" NAME ="R_POS_BILLTO_HIERARCHY" OBJECTVERSION ="1" OWNERNAME ="STGDB_DV5" VERSIONNUMBER ="10">
        <SOURCEFIELD BUSINESSNAME ="" DATATYPE ="integer" DESCRIPTION ="" FIELDNUMBER ="1" FIELDPROPERTY ="0" FIELDTYPE ="ELEMITEM" HIDDEN ="NO" KEYTYPE ="PRIMARY KEY" LENGTH ="11" LEVEL ="0" NAME ="DISTRIBUTOR_ID" NULLABLE ="NOTNULL" OCCURS ="0" OFFSET ="0" PHYSICALLENGTH ="10" PHYSICALOFFSET ="0" PICTURETEXT ="" PRECISION ="10" SCALE ="0" USAGE_FLAGS =""/>
        <SOURCEFIELD BUSINESSNAME ="" DATATYPE ="varchar" DESCRIPTION ="" FIELDNUMBER ="2" FIELDPROPERTY ="0" FIELDTYPE ="ELEMITEM" HIDDEN ="NO" KEYTYPE ="NOT A KEY" LENGTH ="0" LEVEL ="0" NAME ="DISTRIBUTOR_NAME" NULLABLE ="NULL" OCCURS ="0" OFFSET ="11" PHYSICALLENGTH ="255" PHYSICALOFFSET ="10" PICTURETEXT ="" PRECISION ="255" SCALE ="0" USAGE_FLAGS =""/>
        <SOURCEFIELD BUSINESSNAME ="" DATATYPE ="char" DESCRIPTION ="" FIELDNUMBER ="3" FIELDPROPERTY ="0" FIELDTYPE ="ELEMITEM" HIDDEN ="NO" KEYTYPE ="PRIMARY KEY" LENGTH ="0" LEVEL ="0" NAME ="ERP_POS_CODE" NULLABLE ="NOTNULL" OCCURS ="0" OFFSET ="11" PHYSICALLENGTH ="3" PHYSICALOFFSET ="265" PICTURETEXT ="" PRECISION ="3" SCALE ="0" USAGE_FLAGS =""/>
    </SOURCE>
    <TARGET BUSINESSNAME ="" CONSTRAINT ="" DATABASETYPE ="Teradata" DESCRIPTION ="" NAME ="MT_POS_DISTRIBUTOR" OBJECTVERSION ="1" TABLEOPTIONS ="" VERSIONNUMBER ="10">
        <TARGETFIELD BUSINESSNAME ="" DATATYPE ="integer" DESCRIPTION ="" FIELDNUMBER ="1" KEYTYPE ="PRIMARY KEY" NAME ="DISTRIBUTOR_ID" NULLABLE ="NOTNULL" PICTURETEXT ="" PRECISION ="10" SCALE ="0"/>
        <TARGETFIELD BUSINESSNAME ="" DATATYPE ="varchar" DESCRIPTION ="" FIELDNUMBER ="2" KEYTYPE ="PRIMARY KEY" NAME ="DISTRIBUTOR_NAME" NULLABLE ="NOTNULL" PICTURETEXT ="" PRECISION ="255" SCALE ="0"/>
        <TARGETFIELD BUSINESSNAME ="" DATATYPE ="char" DESCRIPTION ="" FIELDNUMBER ="3" KEYTYPE ="PRIMARY KEY" NAME ="ERP_POS_CD" NULLABLE ="NOTNULL" PICTURETEXT ="" PRECISION ="3" SCALE ="0"/>
    </TARGET>
    <MAPPING DESCRIPTION ="" ISVALID ="YES" NAME ="m_MT_POS_DISTRIBUTOR" OBJECTVERSION ="1" VERSIONNUMBER ="11">
        <TRANSFORMATION DESCRIPTION ="" NAME ="SQ_R_POS_BILLTO_HIERARCHY" OBJECTVERSION ="1" REUSABLE ="NO" TYPE ="Source Qualifier" VERSIONNUMBER ="10">
            <TRANSFORMFIELD DATATYPE ="integer" DEFAULTVALUE ="" DESCRIPTION ="" NAME ="DISTRIBUTOR_ID" PICTURETEXT ="" PORTTYPE ="INPUT/OUTPUT" PRECISION ="10" SCALE ="0"/>
            <TRANSFORMFIELD DATATYPE ="string" DEFAULTVALUE ="" DESCRIPTION ="" NAME ="DISTRIBUTOR_NAME" PICTURETEXT ="" PORTTYPE ="INPUT/OUTPUT" PRECISION ="255" SCALE ="0"/>
            <TRANSFORMFIELD DATATYPE ="string" DEFAULTVALUE ="" DESCRIPTION ="" NAME ="ERP_POS_CODE" PICTURETEXT ="" PORTTYPE ="INPUT/OUTPUT" PRECISION ="3" SCALE ="0"/>
            <TABLEATTRIBUTE NAME ="Sql Query" VALUE ="SELECT&#xD;&#xA; BTCB.BILL_TO_CUSTOMER_KEY DISTRIBUTOR_ID,&#xD;&#xA; NP.PRIMARY_NAME DISTRIBUTOR_NAME,&#xD;&#xA; &apos;ERP&apos; ERP_POS_CODE &#xD;&#xA; FROM  &#xD;&#xA;$$TRANSLATIONDB.BT_BILL_TO_CUSTOMER_BRIDGE BTCB&#xD;&#xA; INNER JOIN &#xD;&#xA;$$COMREFVWDB.N_PARTY NP&#xD;&#xA;  ON   BTCB.DD_CUSTOMER_PARTY_KEY =  NP.PARTY_KEY&#xD;&#xA;     AND NP.PARTY_TYPE = &apos;ORGANIZATION&apos;&#xD;&#xA; WHERE EXISTS&#xD;&#xA; ( SELECT 1 FROM &#xD;&#xA; $$SLSORDVWDB.R_BKGS_BY_QUARTER  RBQ&#xD;&#xA; INNER JOIN &#xD;&#xA; $$COMREFVWDB.R_SALES_HIERARCHY RSH&#xD;&#xA; ON RBQ.sales_territory_key = RSH.sales_territory_key&#xD;&#xA; WHERE &#xD;&#xA;        RSH.L1_SALES_TERRITORY_SORT_DESCR = &apos;WW Distribution&apos; &#xD;&#xA;AND RBQ.Bkgs_Measure_Trans_Type_Code IN (&apos;ERP&apos;, &apos;AR&apos;, &apos;SLS_ADJ&apos;) &#xD;&#xA;AND BTCB.Bill_to_Customer_Key= RBQ.Bill_to_Customer_Key&#xD;&#xA;)&#xD;&#xA; UNION ALL &#xD;&#xA; SELECT &#xD;&#xA;NPO.BK_WIPS_ORIGINATOR_ID_INT DISTRIBUTOR_ID ,&#xD;&#xA;NPO.ORIGINATOR_NAME DISTRIBUTOR_NAME ,&#xD;&#xA; &apos;POS&apos; ERP_POS_CODE &#xD;&#xA; FROM &#xD;&#xA;$$SLSORDVWDB.N_POS_ORIGINATOR_ORG NPO"/>
            <TABLEATTRIBUTE NAME ="User Defined Join" VALUE =""/>
            <TABLEATTRIBUTE NAME ="Source Filter" VALUE =""/>
            <TABLEATTRIBUTE NAME ="Number Of Sorted Ports" VALUE ="0"/>
            <TABLEATTRIBUTE NAME ="Tracing Level" VALUE ="Normal"/>
            <TABLEATTRIBUTE NAME ="Select Distinct" VALUE ="NO"/>
            <TABLEATTRIBUTE NAME ="Is Partitionable" VALUE ="NO"/>
            <TABLEATTRIBUTE NAME ="Pre SQL" VALUE =""/>
            <TABLEATTRIBUTE NAME ="Post SQL" VALUE =""/>
            <TABLEATTRIBUTE NAME ="Output is deterministic" VALUE ="NO"/>
            <TABLEATTRIBUTE NAME ="Output is repeatable" VALUE ="Never"/>
        </TRANSFORMATION>
        <INSTANCE DESCRIPTION ="" NAME ="MT_POS_DISTRIBUTOR" TRANSFORMATION_NAME ="MT_POS_DISTRIBUTOR" TRANSFORMATION_TYPE ="Target Definition" TYPE ="TARGET"/>
        <INSTANCE DESCRIPTION ="" NAME ="SQ_R_POS_BILLTO_HIERARCHY" REUSABLE ="NO" TRANSFORMATION_NAME ="SQ_R_POS_BILLTO_HIERARCHY" TRANSFORMATION_TYPE ="Source Qualifier" TYPE ="TRANSFORMATION">
            <ASSOCIATED_SOURCE_INSTANCE NAME ="R_POS_BILLTO_HIERARCHY"/>
        </INSTANCE>
        <INSTANCE DBDNAME ="avi" DESCRIPTION ="" NAME ="R_POS_BILLTO_HIERARCHY" TRANSFORMATION_NAME ="R_POS_BILLTO_HIERARCHY" TRANSFORMATION_TYPE ="Source Definition" TYPE ="SOURCE"/>
        <CONNECTOR FROMFIELD ="DISTRIBUTOR_ID" FROMINSTANCE ="SQ_R_POS_BILLTO_HIERARCHY" FROMINSTANCETYPE ="Source Qualifier" TOFIELD ="DISTRIBUTOR_ID" TOINSTANCE ="MT_POS_DISTRIBUTOR" TOINSTANCETYPE ="Target Definition"/>
        <CONNECTOR FROMFIELD ="DISTRIBUTOR_NAME" FROMINSTANCE ="SQ_R_POS_BILLTO_HIERARCHY" FROMINSTANCETYPE ="Source Qualifier" TOFIELD ="DISTRIBUTOR_NAME" TOINSTANCE ="MT_POS_DISTRIBUTOR" TOINSTANCETYPE ="Target Definition"/>
        <CONNECTOR FROMFIELD ="ERP_POS_CODE" FROMINSTANCE ="SQ_R_POS_BILLTO_HIERARCHY" FROMINSTANCETYPE ="Source Qualifier" TOFIELD ="ERP_POS_CD" TOINSTANCE ="MT_POS_DISTRIBUTOR" TOINSTANCETYPE ="Target Definition"/>
        <CONNECTOR FROMFIELD ="DISTRIBUTOR_ID" FROMINSTANCE ="R_POS_BILLTO_HIERARCHY" FROMINSTANCETYPE ="Source Definition" TOFIELD ="DISTRIBUTOR_ID" TOINSTANCE ="SQ_R_POS_BILLTO_HIERARCHY" TOINSTANCETYPE ="Source Qualifier"/>
        <CONNECTOR FROMFIELD ="DISTRIBUTOR_NAME" FROMINSTANCE ="R_POS_BILLTO_HIERARCHY" FROMINSTANCETYPE ="Source Definition" TOFIELD ="DISTRIBUTOR_NAME" TOINSTANCE ="SQ_R_POS_BILLTO_HIERARCHY" TOINSTANCETYPE ="Source Qualifier"/>
        <CONNECTOR FROMFIELD ="ERP_POS_CODE" FROMINSTANCE ="R_POS_BILLTO_HIERARCHY" FROMINSTANCETYPE ="Source Definition" TOFIELD ="ERP_POS_CODE" TOINSTANCE ="SQ_R_POS_BILLTO_HIERARCHY" TOINSTANCETYPE ="Source Qualifier"/>
        <TARGETLOADORDER ORDER ="1" TARGETINSTANCE ="MT_POS_DISTRIBUTOR"/>
        <MAPPINGVARIABLE DATATYPE ="string" DEFAULTVALUE ="" DESCRIPTION ="" ISEXPRESSIONVARIABLE ="NO" ISPARAM ="YES" NAME ="$$SLSORDVWDB" PRECISION ="100" SCALE ="0" USERDEFINED ="YES"/>
        <MAPPINGVARIABLE DATATYPE ="string" DEFAULTVALUE ="" DESCRIPTION ="" ISEXPRESSIONVARIABLE ="NO" ISPARAM ="YES" NAME ="$$COMREFVWDB" PRECISION ="100" SCALE ="0" USERDEFINED ="YES"/>
        <MAPPINGVARIABLE DATATYPE ="string" DEFAULTVALUE ="" DESCRIPTION ="" ISEXPRESSIONVARIABLE ="NO" ISPARAM ="YES" NAME ="$$TRANSLATIONDB" PRECISION ="100" SCALE ="0" USERDEFINED ="YES"/>
        <MAPPINGVARIABLE DATATYPE ="string" DEFAULTVALUE ="" DESCRIPTION ="" ISEXPRESSIONVARIABLE ="NO" ISPARAM ="YES" NAME ="$$COMREFDB" PRECISION ="100" SCALE ="0" USERDEFINED ="YES"/>
        <ERPINFO/>
    </MAPPING>
    <CONFIG DESCRIPTION ="Default session configuration object" ISDEFAULT ="YES" NAME ="default_session_config" VERSIONNUMBER ="1">
        <ATTRIBUTE NAME ="Advanced" VALUE =""/>
        <ATTRIBUTE NAME ="Constraint based load ordering" VALUE ="NO"/>
        <ATTRIBUTE NAME ="Cache LOOKUP() function" VALUE ="YES"/>
        <ATTRIBUTE NAME ="Default buffer block size" VALUE ="Auto"/>
        <ATTRIBUTE NAME ="Line Sequential buffer length" VALUE ="1024"/>
        <ATTRIBUTE NAME ="Maximum Memory Allowed For Auto Memory Attributes" VALUE ="512MB"/>
        <ATTRIBUTE NAME ="Maximum Percentage of Total Memory Allowed For Auto Memory Attributes" VALUE ="5"/>
        <ATTRIBUTE NAME ="Additional Concurrent Pipelines for Lookup Cache Creation" VALUE ="Auto"/>
        <ATTRIBUTE NAME ="Custom Properties" VALUE =""/>
        <ATTRIBUTE NAME ="Pre-build lookup cache" VALUE ="Auto"/>
        <ATTRIBUTE NAME ="Optimization Level" VALUE ="Medium"/>
        <ATTRIBUTE NAME ="DateTime Format String" VALUE ="MM/DD/YYYY HH24:MI:SS"/>
        <ATTRIBUTE NAME ="Pre 85 Timestamp Compatibility" VALUE ="YES"/>
        <ATTRIBUTE NAME ="Log Options" VALUE ="0"/>
        <ATTRIBUTE NAME ="Save session log by" VALUE ="Session runs"/>
        <ATTRIBUTE NAME ="Save session log for these runs" VALUE ="5"/>
        <ATTRIBUTE NAME ="Session Log File Max Size" VALUE ="0"/>
        <ATTRIBUTE NAME ="Session Log File Max Time Period" VALUE ="0"/>
        <ATTRIBUTE NAME ="Maximum Partial Session Log Files" VALUE ="1"/>
        <ATTRIBUTE NAME ="Writer Commit Statistics Log Frequency" VALUE ="1"/>
        <ATTRIBUTE NAME ="Writer Commit Statistics Log Interval" VALUE ="0"/>
        <ATTRIBUTE NAME ="Error handling" VALUE =""/>
        <ATTRIBUTE NAME ="Stop on errors" VALUE ="0"/>
        <ATTRIBUTE NAME ="Override tracing" VALUE ="None"/>
        <ATTRIBUTE NAME ="On Stored Procedure error" VALUE ="Stop"/>
        <ATTRIBUTE NAME ="On Pre-session command task error" VALUE ="Stop"/>
        <ATTRIBUTE NAME ="On Pre-Post SQL error" VALUE ="Stop"/>
        <ATTRIBUTE NAME ="Enable Recovery" VALUE ="NO"/>
        <ATTRIBUTE NAME ="Error Log Type" VALUE ="None"/>
        <ATTRIBUTE NAME ="Error Log Table Name Prefix" VALUE =""/>
        <ATTRIBUTE NAME ="Error Log File Name" VALUE ="PMError.log"/>
        <ATTRIBUTE NAME ="Log Source Row Data" VALUE ="NO"/>
        <ATTRIBUTE NAME ="Data Column Delimiter" VALUE ="|"/>
        <ATTRIBUTE NAME ="Partitioning Options" VALUE =""/>
        <ATTRIBUTE NAME ="Dynamic Partitioning" VALUE ="Disabled"/>
        <ATTRIBUTE NAME ="Number of Partitions" VALUE ="1"/>
        <ATTRIBUTE NAME ="Multiplication Factor" VALUE ="Auto"/>
        <ATTRIBUTE NAME ="Session on Grid" VALUE =""/>
        <ATTRIBUTE NAME ="Is Enabled" VALUE ="NO"/>
    </CONFIG>
    <SESSION DESCRIPTION ="" ISVALID ="YES" MAPPINGNAME ="m_MT_POS_DISTRIBUTOR" NAME ="s_m_MT_POS_DISTRIBUTOR" REUSABLE ="YES" SORTORDER ="Binary" VERSIONNUMBER ="12">
        <SESSTRANSFORMATIONINST ISREPARTITIONPOINT ="YES" PARTITIONTYPE ="PASS THROUGH" PIPELINE ="1" SINSTANCENAME ="SQ_R_POS_BILLTO_HIERARCHY" STAGE ="1" TRANSFORMATIONNAME ="SQ_R_POS_BILLTO_HIERARCHY" TRANSFORMATIONTYPE ="Source Qualifier"/>
        <SESSTRANSFORMATIONINST ISREPARTITIONPOINT ="YES" PARTITIONTYPE ="PASS THROUGH" PIPELINE ="1" SINSTANCENAME ="MT_POS_DISTRIBUTOR" STAGE ="2" TRANSFORMATIONNAME ="MT_POS_DISTRIBUTOR" TRANSFORMATIONTYPE ="Target Definition">
            <ATTRIBUTE NAME ="Table Name Prefix" VALUE ="$$COMREFVWDB"/>
            <ATTRIBUTE NAME ="Pre SQL" VALUE ="DELETE $$COMREFVWDB.MT_POS_DISTRIBUTOR ALL;"/>
            <ATTRIBUTE NAME ="Post SQL" VALUE ="CALL COLLECT_STATS_WRAP(&apos;$$COMREFDB&apos;,&apos;MT_POS_DISTRIBUTOR&apos;,&apos;D&apos;)"/>
        </SESSTRANSFORMATIONINST>
        <SESSTRANSFORMATIONINST ISREPARTITIONPOINT ="NO" PIPELINE ="0" SINSTANCENAME ="R_POS_BILLTO_HIERARCHY" STAGE ="0" TRANSFORMATIONNAME ="R_POS_BILLTO_HIERARCHY" TRANSFORMATIONTYPE ="Source Definition"/>
        <CONFIGREFERENCE REFOBJECTNAME ="default_session_config" TYPE ="Session config"/>
        <SESSIONEXTENSION NAME ="Relational Reader" SINSTANCENAME ="SQ_R_POS_BILLTO_HIERARCHY" SUBTYPE ="Relational Reader" TRANSFORMATIONTYPE ="Source Qualifier" TYPE ="READER">
            <CONNECTIONREFERENCE CNXREFNAME ="DB Connection" CONNECTIONNAME ="TD_E_COMREF_BATCH" CONNECTIONNUMBER ="1" CONNECTIONSUBTYPE ="Teradata" CONNECTIONTYPE ="Relational" VARIABLE =""/>
        </SESSIONEXTENSION>
        <SESSIONEXTENSION NAME ="Relational Writer" SINSTANCENAME ="MT_POS_DISTRIBUTOR" SUBTYPE ="Relational Writer" TRANSFORMATIONTYPE ="Target Definition" TYPE ="WRITER">
            <CONNECTIONREFERENCE CNXREFNAME ="DB Connection" CONNECTIONNAME ="TD_E_COMREF_BATCH" CONNECTIONNUMBER ="1" CONNECTIONSUBTYPE ="Teradata" CONNECTIONTYPE ="Relational" VARIABLE =""/>
            <ATTRIBUTE NAME ="Target load type" VALUE ="Bulk"/>
            <ATTRIBUTE NAME ="Insert" VALUE ="YES"/>
            <ATTRIBUTE NAME ="Update as Update" VALUE ="YES"/>
            <ATTRIBUTE NAME ="Update as Insert" VALUE ="NO"/>
            <ATTRIBUTE NAME ="Update else Insert" VALUE ="NO"/>
            <ATTRIBUTE NAME ="Delete" VALUE ="YES"/>
            <ATTRIBUTE NAME ="Truncate target table option" VALUE ="NO"/>
            <ATTRIBUTE NAME ="Reject file directory" VALUE ="$PMBadFileDir&#x5c;"/>
            <ATTRIBUTE NAME ="Reject filename" VALUE ="mt_pos_distributor1.bad"/>
        </SESSIONEXTENSION>
        <SESSIONEXTENSION DSQINSTNAME ="SQ_R_POS_BILLTO_HIERARCHY" DSQINSTTYPE ="Source Qualifier" NAME ="Relational Reader" SINSTANCENAME ="R_POS_BILLTO_HIERARCHY" SUBTYPE ="Relational Reader" TRANSFORMATIONTYPE ="Source Definition" TYPE ="READER"/>
        <ATTRIBUTE NAME ="General Options" VALUE =""/>
        <ATTRIBUTE NAME ="Write Backward Compatible Session Log File" VALUE ="NO"/>
        <ATTRIBUTE NAME ="Session Log File Name" VALUE ="s_m_R_POS_BILLTO_HIERARCHY.log"/>
        <ATTRIBUTE NAME ="Session Log File directory" VALUE ="$PMSessionLogDir&#x5c;"/>
        <ATTRIBUTE NAME ="Parameter Filename" VALUE ="$PMRootDir/ctrl/db.parm"/>
        <ATTRIBUTE NAME ="Enable Test Load" VALUE ="NO"/>
        <ATTRIBUTE NAME ="$Source connection value" VALUE =""/>
        <ATTRIBUTE NAME ="$Target connection value" VALUE =""/>
        <ATTRIBUTE NAME ="Treat source rows as" VALUE ="Insert"/>
        <ATTRIBUTE NAME ="Commit Type" VALUE ="Target"/>
        <ATTRIBUTE NAME ="Commit Interval" VALUE ="10000"/>
        <ATTRIBUTE NAME ="Commit On End Of File" VALUE ="YES"/>
        <ATTRIBUTE NAME ="Rollback Transactions on Errors" VALUE ="NO"/>
        <ATTRIBUTE NAME ="Recovery Strategy" VALUE ="Fail task and continue workflow"/>
        <ATTRIBUTE NAME ="Java Classpath" VALUE =""/>
        <ATTRIBUTE NAME ="Performance" VALUE =""/>
        <ATTRIBUTE NAME ="DTM buffer size" VALUE ="Auto"/>
        <ATTRIBUTE NAME ="Collect performance data" VALUE ="NO"/>
        <ATTRIBUTE NAME ="Write performance data to repository" VALUE ="NO"/>
        <ATTRIBUTE NAME ="Incremental Aggregation" VALUE ="NO"/>
        <ATTRIBUTE NAME ="Enable high precision" VALUE ="NO"/>
        <ATTRIBUTE NAME ="Session retry on deadlock" VALUE ="NO"/>
        <ATTRIBUTE NAME ="Pushdown Optimization" VALUE ="Full"/>
        <ATTRIBUTE NAME ="Allow Temporary View for Pushdown" VALUE ="NO"/>
        <ATTRIBUTE NAME ="Allow Temporary Sequence for Pushdown" VALUE ="NO"/>
        <ATTRIBUTE NAME ="Allow Pushdown for User Incompatible Connections" VALUE ="NO"/>
    </SESSION>
    <SOURCE BUSINESSNAME ="" DATABASETYPE ="Teradata" DBDNAME ="E_SLSORD_BATCH_DV9" DESCRIPTION ="" NAME ="R_BKGS_BY_MONTH" OBJECTVERSION ="1" OWNERNAME ="SLSORDDB_dv3" VERSIONNUMBER ="36">
        <SOURCEFIELD BUSINESSNAME ="" DATATYPE ="integer" DESCRIPTION ="" FIELDNUMBER ="1" FIELDPROPERTY ="0" FIELDTYPE ="ELEMITEM" HIDDEN ="NO" KEYTYPE ="NOT A KEY" LENGTH ="11" LEVEL ="0" NAME ="FISCAL_YEAR_MONTH_NUMBER_INT" NULLABLE ="NULL" OCCURS ="0" OFFSET ="0" PHYSICALLENGTH ="10" PHYSICALOFFSET ="0" PICTURETEXT ="" PRECISION ="10" SCALE ="0" USAGE_FLAGS =""/>
        <SOURCEFIELD BUSINESSNAME ="" DATATYPE ="integer" DESCRIPTION ="" FIELDNUMBER ="2" FIELDPROPERTY ="0" FIELDTYPE ="ELEMITEM" HIDDEN ="NO" KEYTYPE ="NOT A KEY" LENGTH ="11" LEVEL ="0" NAME ="PRODUCT_KEY" NULLABLE ="NOTNULL" OCCURS ="0" OFFSET ="11" PHYSICALLENGTH ="10" PHYSICALOFFSET ="10" PICTURETEXT ="" PRECISION ="10" SCALE ="0" USAGE_FLAGS =""/>
        <SOURCEFIELD BUSINESSNAME ="" DATATYPE ="integer" DESCRIPTION ="" FIELDNUMBER ="3" FIELDPROPERTY ="0" FIELDTYPE ="ELEMITEM" HIDDEN ="NO" KEYTYPE ="NOT A KEY" LENGTH ="11" LEVEL ="0" NAME ="SALES_TERRITORY_KEY" NULLABLE ="NOTNULL" OCCURS ="0" OFFSET ="22" PHYSICALLENGTH ="10" PHYSICALOFFSET ="20" PICTURETEXT ="" PRECISION ="10" SCALE ="0" USAGE_FLAGS =""/>
        <SOURCEFIELD BUSINESSNAME ="" DATATYPE ="varchar" DESCRIPTION ="" FIELDNUMBER ="4" FIELDPROPERTY ="0" FIELDTYPE ="ELEMITEM" HIDDEN ="NO" KEYTYPE ="NOT A KEY" LENGTH ="0" LEVEL ="0" NAME ="SALES_REP_NUMBER" NULLABLE ="NULL" OCCURS ="0" OFFSET ="33" PHYSICALLENGTH ="30" PHYSICALOFFSET ="30" PICTURETEXT ="" PRECISION ="30" SCALE ="0" USAGE_FLAGS =""/>
        <SOURCEFIELD BUSINESSNAME ="" DATATYPE ="integer" DESCRIPTION ="" FIELDNUMBER ="5" FIELDPROPERTY ="0" FIELDTYPE ="ELEMITEM" HIDDEN ="NO" KEYTYPE ="NOT A KEY" LENGTH ="11" LEVEL ="0" NAME ="BILL_TO_CUSTOMER_KEY" NULLABLE ="NOTNULL" OCCURS ="0" OFFSET ="33" PHYSICALLENGTH ="10" PHYSICALOFFSET ="60" PICTURETEXT ="" PRECISION ="10" SCALE ="0" USAGE_FLAGS =""/>
        <SOURCEFIELD BUSINESSNAME ="" DATATYPE ="integer" DESCRIPTION ="" FIELDNUMBER ="6" FIELDPROPERTY ="0" FIELDTYPE ="ELEMITEM" HIDDEN ="NO" KEYTYPE ="NOT A KEY" LENGTH ="11" LEVEL ="0" NAME ="SOLD_TO_CUSTOMER_KEY" NULLABLE ="NOTNULL" OCCURS ="0" OFFSET ="44" PHYSICALLENGTH ="10" PHYSICALOFFSET ="70" PICTURETEXT ="" PRECISION ="10" SCALE ="0" USAGE_FLAGS =""/>
        <SOURCEFIELD BUSINESSNAME ="" DATATYPE ="integer" DESCRIPTION ="" FIELDNUMBER ="7" FIELDPROPERTY ="0" FIELDTYPE ="ELEMITEM" HIDDEN ="NO" KEYTYPE ="NOT A KEY" LENGTH ="11" LEVEL ="0" NAME ="SHIP_TO_CUSTOMER_KEY" NULLABLE ="NOTNULL" OCCURS ="0" OFFSET ="55" PHYSICALLENGTH ="10" PHYSICALOFFSET ="80" PICTURETEXT ="" PRECISION ="10" SCALE ="0" USAGE_FLAGS =""/>
        <SOURCEFIELD BUSINESSNAME ="" DATATYPE ="integer" DESCRIPTION ="" FIELDNUMBER ="8" FIELDPROPERTY ="0" FIELDTYPE ="ELEMITEM" HIDDEN ="NO" KEYTYPE ="NOT A KEY" LENGTH ="11" LEVEL ="0" NAME ="END_CUSTOMER_KEY" NULLABLE ="NOTNULL" OCCURS ="0" OFFSET ="66" PHYSICALLENGTH ="10" PHYSICALOFFSET ="90" PICTURETEXT ="" PRECISION ="10" SCALE ="0" USAGE_FLAGS =""/>
        <SOURCEFIELD BUSINESSNAME ="" DATATYPE ="char" DESCRIPTION ="" FIELDNUMBER ="9" FIELDPROPERTY ="0" FIELDTYPE ="ELEMITEM" HIDDEN ="NO" KEYTYPE ="NOT A KEY" LENGTH ="0" LEVEL ="0" NAME ="BKGS_MEASURE_TRANS_TYPE_CODE" NULLABLE ="NULL" OCCURS ="0" OFFSET ="77" PHYSICALLENGTH ="30" PHYSICALOFFSET ="100" PICTURETEXT ="" PRECISION ="30" SCALE ="0" USAGE_FLAGS =""/>
        <SOURCEFIELD BUSINESSNAME ="" DATATYPE ="integer" DESCRIPTION ="" FIELDNUMBER ="10" FIELDPROPERTY ="0" FIELDTYPE ="ELEMITEM" HIDDEN ="NO" KEYTYPE ="NOT A KEY" LENGTH ="11" LEVEL ="0" NAME ="PARTNER_PARTY_SITE_KEY" NULLABLE ="NULL" OCCURS ="0" OFFSET ="77" PHYSICALLENGTH ="10" PHYSICALOFFSET ="130" PICTURETEXT ="" PRECISION ="10" SCALE ="0" USAGE_FLAGS =""/>
        <SOURCEFIELD BUSINESSNAME ="" DATATYPE ="integer" DESCRIPTION ="" FIELDNUMBER ="11" FIELDPROPERTY ="0" FIELDTYPE ="ELEMITEM" HIDDEN ="NO" KEYTYPE ="NOT A KEY" LENGTH ="11" LEVEL ="0" NAME ="WIPS_ORIGINATOR_ID_INT" NULLABLE ="NULL" OCCURS ="0" OFFSET ="88" PHYSICALLENGTH ="10" PHYSICALOFFSET ="140" PICTURETEXT ="" PRECISION ="10" SCALE ="0" USAGE_FLAGS =""/>
        <SOURCEFIELD BUSINESSNAME ="" DATATYPE ="char" DESCRIPTION ="" FIELDNUMBER ="12" FIELDPROPERTY ="0" FIELDTYPE ="ELEMITEM" HIDDEN ="NO" KEYTYPE ="NOT A KEY" LENGTH ="0" LEVEL ="0" NAME ="SALESREP_FLAG" NULLABLE ="NULL" OCCURS ="0" OFFSET ="99" PHYSICALLENGTH ="1" PHYSICALOFFSET ="150" PICTURETEXT ="" PRECISION ="1" SCALE ="0" USAGE_FLAGS =""/>
        <SOURCEFIELD BUSINESSNAME ="" DATATYPE ="char" DESCRIPTION ="" FIELDNUMBER ="13" FIELDPROPERTY ="0" FIELDTYPE ="ELEMITEM" HIDDEN ="NO" KEYTYPE ="NOT A KEY" LENGTH ="0" LEVEL ="0" NAME ="SERVICE_FLAG" NULLABLE ="NULL" OCCURS ="0" OFFSET ="99" PHYSICALLENGTH ="1" PHYSICALOFFSET ="151" PICTURETEXT ="" PRECISION ="1" SCALE ="0" USAGE_FLAGS =""/>
        <SOURCEFIELD BUSINESSNAME ="" DATATYPE ="char" DESCRIPTION ="" FIELDNUMBER ="14" FIELDPROPERTY ="0" FIELDTYPE ="ELEMITEM" HIDDEN ="NO" KEYTYPE ="NOT A KEY" LENGTH ="0" LEVEL ="0" NAME ="CHANNEL_BOOKING_FLAG" NULLABLE ="NULL" OCCURS ="0" OFFSET ="99" PHYSICALLENGTH ="1" PHYSICALOFFSET ="152" PICTURETEXT ="" PRECISION ="1" SCALE ="0" USAGE_FLAGS =""/>
        <SOURCEFIELD BUSINESSNAME ="" DATATYPE ="decimal" DESCRIPTION ="" FIELDNUMBER ="15" FIELDPROPERTY ="0" FIELDTYPE ="ELEMITEM" HIDDEN ="NO" KEYTYPE ="NOT A KEY" LENGTH ="20" LEVEL ="0" NAME ="EXTENDED_HOLD_QUANTITY" NULLABLE ="NULL" OCCURS ="0" OFFSET ="99" PHYSICALLENGTH ="18" PHYSICALOFFSET ="153" PICTURETEXT ="" PRECISION ="18" SCALE ="6" USAGE_FLAGS =""/>
        <SOURCEFIELD BUSINESSNAME ="" DATATYPE ="decimal" DESCRIPTION ="" FIELDNUMBER ="16" FIELDPROPERTY ="0" FIELDTYPE ="ELEMITEM" HIDDEN ="NO" KEYTYPE ="NOT A KEY" LENGTH ="20" LEVEL ="0" NAME ="EXTENDED_QUANTITY" NULLABLE ="NULL" OCCURS ="0" OFFSET ="119" PHYSICALLENGTH ="18" PHYSICALOFFSET ="171" PICTURETEXT ="" PRECISION ="18" SCALE ="6" USAGE_FLAGS =""/>
        <SOURCEFIELD BUSINESSNAME ="" DATATYPE ="decimal" DESCRIPTION ="" FIELDNUMBER ="17" FIELDPROPERTY ="0" FIELDTYPE ="ELEMITEM" HIDDEN ="NO" KEYTYPE ="NOT A KEY" LENGTH ="20" LEVEL ="0" NAME ="COMP_US_LIST_PRICE_AMOUNT" NULLABLE ="NULL" OCCURS ="0" OFFSET ="139" PHYSICALLENGTH ="18" PHYSICALOFFSET ="189" PICTURETEXT ="" PRECISION ="18" SCALE ="6" USAGE_FLAGS =""/>
        <SOURCEFIELD BUSINESSNAME ="" DATATYPE ="decimal" DESCRIPTION ="" FIELDNUMBER ="18" FIELDPROPERTY ="0" FIELDTYPE ="ELEMITEM" HIDDEN ="NO" KEYTYPE ="NOT A KEY" LENGTH ="20" LEVEL ="0" NAME ="COMP_US_HOLD_LIST_PRICE_AMT" NULLABLE ="NULL" OCCURS ="0" OFFSET ="159" PHYSICALLENGTH ="18" PHYSICALOFFSET ="207" PICTURETEXT ="" PRECISION ="18" SCALE ="6" USAGE_FLAGS =""/>
        <SOURCEFIELD BUSINESSNAME ="" DATATYPE ="decimal" DESCRIPTION ="" FIELDNUMBER ="19" FIELDPROPERTY ="0" FIELDTYPE ="ELEMITEM" HIDDEN ="NO" KEYTYPE ="NOT A KEY" LENGTH ="20" LEVEL ="0" NAME ="COMP_US_HOLD_NET_PRICE_AMT" NULLABLE ="NULL" OCCURS ="0" OFFSET ="179" PHYSICALLENGTH ="18" PHYSICALOFFSET ="225" PICTURETEXT ="" PRECISION ="18" SCALE ="6" USAGE_FLAGS =""/>
        <SOURCEFIELD BUSINESSNAME ="" DATATYPE ="decimal" DESCRIPTION ="" FIELDNUMBER ="20" FIELDPROPERTY ="0" FIELDTYPE ="ELEMITEM" HIDDEN ="NO" KEYTYPE ="NOT A KEY" LENGTH ="20" LEVEL ="0" NAME ="COMP_US_HOLD_COST_AMOUNT" NULLABLE ="NULL" OCCURS ="0" OFFSET ="199" PHYSICALLENGTH ="18" PHYSICALOFFSET ="243" PICTURETEXT ="" PRECISION ="18" SCALE ="6" USAGE_FLAGS =""/>
        <SOURCEFIELD BUSINESSNAME ="" DATATYPE ="decimal" DESCRIPTION ="" FIELDNUMBER ="21" FIELDPROPERTY ="0" FIELDTYPE ="ELEMITEM" HIDDEN ="NO" KEYTYPE ="NOT A KEY" LENGTH ="20" LEVEL ="0" NAME ="COMP_US_NET_PRICE_AMOUNT" NULLABLE ="NULL" OCCURS ="0" OFFSET ="219" PHYSICALLENGTH ="18" PHYSICALOFFSET ="261" PICTURETEXT ="" PRECISION ="18" SCALE ="6" USAGE_FLAGS =""/>
        <SOURCEFIELD BUSINESSNAME ="" DATATYPE ="decimal" DESCRIPTION ="" FIELDNUMBER ="22" FIELDPROPERTY ="0" FIELDTYPE ="ELEMITEM" HIDDEN ="NO" KEYTYPE ="NOT A KEY" LENGTH ="20" LEVEL ="0" NAME ="COMP_US_COST_AMOUNT" NULLABLE ="NULL" OCCURS ="0" OFFSET ="239" PHYSICALLENGTH ="18" PHYSICALOFFSET ="279" PICTURETEXT ="" PRECISION ="18" SCALE ="6" USAGE_FLAGS =""/>
        <SOURCEFIELD BUSINESSNAME ="" DATATYPE ="decimal" DESCRIPTION ="" FIELDNUMBER ="23" FIELDPROPERTY ="0" FIELDTYPE ="ELEMITEM" HIDDEN ="NO" KEYTYPE ="NOT A KEY" LENGTH ="20" LEVEL ="0" NAME ="COMP_US_STANDARD_PRICE_AMT" NULLABLE ="NULL" OCCURS ="0" OFFSET ="259" PHYSICALLENGTH ="18" PHYSICALOFFSET ="297" PICTURETEXT ="" PRECISION ="18" SCALE ="6" USAGE_FLAGS =""/>
        <SOURCEFIELD BUSINESSNAME ="" DATATYPE ="decimal" DESCRIPTION ="" FIELDNUMBER ="24" FIELDPROPERTY ="0" FIELDTYPE ="ELEMITEM" HIDDEN ="NO" KEYTYPE ="NOT A KEY" LENGTH ="20" LEVEL ="0" NAME ="TRADE_IN_AMOUNT" NULLABLE ="NULL" OCCURS ="0" OFFSET ="279" PHYSICALLENGTH ="18" PHYSICALOFFSET ="315" PICTURETEXT ="" PRECISION ="18" SCALE ="6" USAGE_FLAGS =""/>
        <SOURCEFIELD BUSINESSNAME ="" DATATYPE ="char" DESCRIPTION ="" FIELDNUMBER ="25" FIELDPROPERTY ="0" FIELDTYPE ="ELEMITEM" HIDDEN ="NO" KEYTYPE ="NOT A KEY" LENGTH ="0" LEVEL ="0" NAME ="CHANNEL_DROP_SHIP_FLG" NULLABLE ="NOTNULL" OCCURS ="0" OFFSET ="299" PHYSICALLENGTH ="1" PHYSICALOFFSET ="333" PICTURETEXT ="" PRECISION ="1" SCALE ="0" USAGE_FLAGS =""/>
        <SOURCEFIELD BUSINESSNAME ="" DATATYPE ="char" DESCRIPTION ="" FIELDNUMBER ="26" FIELDPROPERTY ="0" FIELDTYPE ="ELEMITEM" HIDDEN ="NO" KEYTYPE ="NOT A KEY" LENGTH ="0" LEVEL ="0" NAME ="CANCEL_CODE" NULLABLE ="NOTNULL" OCCURS ="0" OFFSET ="299" PHYSICALLENGTH ="10" PHYSICALOFFSET ="334" PICTURETEXT ="" PRECISION ="10" SCALE ="0" USAGE_FLAGS =""/>
        <SOURCEFIELD BUSINESSNAME ="" DATATYPE ="char" DESCRIPTION ="" FIELDNUMBER ="27" FIELDPROPERTY ="0" FIELDTYPE ="ELEMITEM" HIDDEN ="NO" KEYTYPE ="NOT A KEY" LENGTH ="0" LEVEL ="0" NAME ="DV_DRCT_VAL_ADDED_DSTI_ORD_FLG" NULLABLE ="NOTNULL" OCCURS ="0" OFFSET ="299" PHYSICALLENGTH ="1" PHYSICALOFFSET ="344" PICTURETEXT ="" PRECISION ="1" SCALE ="0" USAGE_FLAGS =""/>
        <SOURCEFIELD BUSINESSNAME ="" DATATYPE ="char" DESCRIPTION ="" FIELDNUMBER ="28" FIELDPROPERTY ="0" FIELDTYPE ="ELEMITEM" HIDDEN ="NO" KEYTYPE ="NOT A KEY" LENGTH ="0" LEVEL ="0" NAME ="DV_REVENUE_RECOGNITION_FLG" NULLABLE ="NOTNULL" OCCURS ="0" OFFSET ="299" PHYSICALLENGTH ="1" PHYSICALOFFSET ="345" PICTURETEXT ="" PRECISION ="1" SCALE ="0" USAGE_FLAGS =""/>
        <SOURCEFIELD BUSINESSNAME ="" DATATYPE ="char" DESCRIPTION ="" FIELDNUMBER ="29" FIELDPROPERTY ="0" FIELDTYPE ="ELEMITEM" HIDDEN ="NO" KEYTYPE ="NOT A KEY" LENGTH ="0" LEVEL ="0" NAME ="DV_NET_SPREAD_FLG" NULLABLE ="NOTNULL" OCCURS ="0" OFFSET ="299" PHYSICALLENGTH ="1" PHYSICALOFFSET ="346" PICTURETEXT ="" PRECISION ="1" SCALE ="0" USAGE_FLAGS =""/>
        <SOURCEFIELD BUSINESSNAME ="" DATATYPE ="char" DESCRIPTION ="" FIELDNUMBER ="30" FIELDPROPERTY ="0" FIELDTYPE ="ELEMITEM" HIDDEN ="NO" KEYTYPE ="NOT A KEY" LENGTH ="0" LEVEL ="0" NAME ="DV_CORPORATE_BOOKING_FLG" NULLABLE ="NOTNULL" OCCURS ="0" OFFSET ="299" PHYSICALLENGTH ="1" PHYSICALOFFSET ="347" PICTURETEXT ="" PRECISION ="1" SCALE ="0" USAGE_FLAGS =""/>
        <SOURCEFIELD BUSINESSNAME ="" DATATYPE ="varchar" DESCRIPTION ="" FIELDNUMBER ="31" FIELDPROPERTY ="0" FIELDTYPE ="ELEMITEM" HIDDEN ="NO" KEYTYPE ="NOT A KEY" LENGTH ="0" LEVEL ="0" NAME ="DV_ATTRIBUTION_CD" NULLABLE ="NOTNULL" OCCURS ="0" OFFSET ="299" PHYSICALLENGTH ="20" PHYSICALOFFSET ="348" PICTURETEXT ="" PRECISION ="20" SCALE ="0" USAGE_FLAGS =""/>
        <SOURCEFIELD BUSINESSNAME ="" DATATYPE ="integer" DESCRIPTION ="" FIELDNUMBER ="32" FIELDPROPERTY ="0" FIELDTYPE ="ELEMITEM" HIDDEN ="NO" KEYTYPE ="NOT A KEY" LENGTH ="11" LEVEL ="0" NAME ="DV_PRODUCT_KEY" NULLABLE ="NULL" OCCURS ="0" OFFSET ="299" PHYSICALLENGTH ="10" PHYSICALOFFSET ="368" PICTURETEXT ="" PRECISION ="10" SCALE ="0" USAGE_FLAGS =""/>
        <SOURCEFIELD BUSINESSNAME ="" DATATYPE ="char" DESCRIPTION ="" FIELDNUMBER ="33" FIELDPROPERTY ="0" FIELDTYPE ="ELEMITEM" HIDDEN ="NO" KEYTYPE ="NOT A KEY" LENGTH ="0" LEVEL ="0" NAME ="DV_FMV_FLG" NULLABLE ="NULL" OCCURS ="0" OFFSET ="310" PHYSICALLENGTH ="1" PHYSICALOFFSET ="378" PICTURETEXT ="" PRECISION ="1" SCALE ="0" USAGE_FLAGS =""/>
        <SOURCEFIELD BUSINESSNAME ="" DATATYPE ="integer" DESCRIPTION ="" FIELDNUMBER ="34" FIELDPROPERTY ="0" FIELDTYPE ="ELEMITEM" HIDDEN ="NO" KEYTYPE ="NOT A KEY" LENGTH ="11" LEVEL ="0" NAME ="REVENUE_TRANSFER_KEY" NULLABLE ="NULL" OCCURS ="0" OFFSET ="310" PHYSICALLENGTH ="10" PHYSICALOFFSET ="379" PICTURETEXT ="" PRECISION ="10" SCALE ="0" USAGE_FLAGS =""/>
        <SOURCEFIELD BUSINESSNAME ="" DATATYPE ="integer" DESCRIPTION ="" FIELDNUMBER ="35" FIELDPROPERTY ="0" FIELDTYPE ="ELEMITEM" HIDDEN ="NO" KEYTYPE ="NOT A KEY" LENGTH ="11" LEVEL ="0" NAME ="CALENDAR_YEAR_QUARTER_NUMBER_INT" NULLABLE ="NULL" OCCURS ="0" OFFSET ="321" PHYSICALLENGTH ="10" PHYSICALOFFSET ="389" PICTURETEXT ="" PRECISION ="10" SCALE ="0" USAGE_FLAGS =""/>
        <SOURCEFIELD BUSINESSNAME ="" DATATYPE ="varchar" DESCRIPTION ="" FIELDNUMBER ="36" FIELDPROPERTY ="0" FIELDTYPE ="ELEMITEM" HIDDEN ="NO" KEYTYPE ="NOT A KEY" LENGTH ="0" LEVEL ="0" NAME ="DSV_FLG" NULLABLE ="NOTNULL" OCCURS ="0" OFFSET ="332" PHYSICALLENGTH ="1" PHYSICALOFFSET ="399" PICTURETEXT ="" PRECISION ="1" SCALE ="0" USAGE_FLAGS =""/>
        <SOURCEFIELD BUSINESSNAME ="" DATATYPE ="varchar" DESCRIPTION ="" FIELDNUMBER ="37" FIELDPROPERTY ="0" FIELDTYPE ="ELEMITEM" HIDDEN ="NO" KEYTYPE ="NOT A KEY" LENGTH ="0" LEVEL ="0" NAME ="SALES_MOTION_CD" NULLABLE ="NULL" OCCURS ="0" OFFSET ="332" PHYSICALLENGTH ="7" PHYSICALOFFSET ="400" PICTURETEXT ="" PRECISION ="7" SCALE ="0" USAGE_FLAGS =""/>
        <SOURCEFIELD BUSINESSNAME ="" DATATYPE ="char" DESCRIPTION ="" FIELDNUMBER ="38" FIELDPROPERTY ="0" FIELDTYPE ="ELEMITEM" HIDDEN ="NO" KEYTYPE ="NOT A KEY" LENGTH ="0" LEVEL ="0" NAME ="SUMMARY_QUOTE_FLG" NULLABLE ="NULL" OCCURS ="0" OFFSET ="332" PHYSICALLENGTH ="1" PHYSICALOFFSET ="407" PICTURETEXT ="" PRECISION ="1" SCALE ="0" USAGE_FLAGS =""/>
    </SOURCE>
    <TARGET BUSINESSNAME ="" CONSTRAINT ="" DATABASETYPE ="Teradata" DESCRIPTION ="" NAME ="R_BKGS_BY_QUARTER" OBJECTVERSION ="1" TABLEOPTIONS ="" VERSIONNUMBER ="15">
        <TARGETFIELD BUSINESSNAME ="" DATATYPE ="integer" DESCRIPTION ="" FIELDNUMBER ="1" KEYTYPE ="NOT A KEY" NAME ="FISCAL_YEAR_QUARTER_NUMBER_INT" NULLABLE ="NOTNULL" PICTURETEXT ="" PRECISION ="10" SCALE ="0"/>
        <TARGETFIELD BUSINESSNAME ="" DATATYPE ="integer" DESCRIPTION ="" FIELDNUMBER ="2" KEYTYPE ="NOT A KEY" NAME ="PRODUCT_KEY" NULLABLE ="NOTNULL" PICTURETEXT ="" PRECISION ="10" SCALE ="0"/>
        <TARGETFIELD BUSINESSNAME ="" DATATYPE ="integer" DESCRIPTION ="" FIELDNUMBER ="3" KEYTYPE ="NOT A KEY" NAME ="SALES_TERRITORY_KEY" NULLABLE ="NOTNULL" PICTURETEXT ="" PRECISION ="10" SCALE ="0"/>
        <TARGETFIELD BUSINESSNAME ="" DATATYPE ="varchar" DESCRIPTION ="" FIELDNUMBER ="4" KEYTYPE ="NOT A KEY" NAME ="SALES_REP_NUMBER" NULLABLE ="NULL" PICTURETEXT ="" PRECISION ="30" SCALE ="0"/>
        <TARGETFIELD BUSINESSNAME ="" DATATYPE ="integer" DESCRIPTION ="" FIELDNUMBER ="5" KEYTYPE ="NOT A KEY" NAME ="BILL_TO_CUSTOMER_KEY" NULLABLE ="NOTNULL" PICTURETEXT ="" PRECISION ="10" SCALE ="0"/>
        <TARGETFIELD BUSINESSNAME ="" DATATYPE ="integer" DESCRIPTION ="" FIELDNUMBER ="6" KEYTYPE ="NOT A KEY" NAME ="SOLD_TO_CUSTOMER_KEY" NULLABLE ="NOTNULL" PICTURETEXT ="" PRECISION ="10" SCALE ="0"/>
        <TARGETFIELD BUSINESSNAME ="" DATATYPE ="integer" DESCRIPTION ="" FIELDNUMBER ="7" KEYTYPE ="NOT A KEY" NAME ="SHIP_TO_CUSTOMER_KEY" NULLABLE ="NOTNULL" PICTURETEXT ="" PRECISION ="10" SCALE ="0"/>
        <TARGETFIELD BUSINESSNAME ="" DATATYPE ="integer" DESCRIPTION ="" FIELDNUMBER ="8" KEYTYPE ="NOT A KEY" NAME ="END_CUSTOMER_KEY" NULLABLE ="NOTNULL" PICTURETEXT ="" PRECISION ="10" SCALE ="0"/>
        <TARGETFIELD BUSINESSNAME ="" DATATYPE ="char" DESCRIPTION ="" FIELDNUMBER ="9" KEYTYPE ="NOT A KEY" NAME ="BKGS_MEASURE_TRANS_TYPE_CODE" NULLABLE ="NULL" PICTURETEXT ="" PRECISION ="30" SCALE ="0"/>
        <TARGETFIELD BUSINESSNAME ="" DATATYPE ="integer" DESCRIPTION ="" FIELDNUMBER ="10" KEYTYPE ="NOT A KEY" NAME ="PARTNER_PARTY_SITE_KEY" NULLABLE ="NULL" PICTURETEXT ="" PRECISION ="10" SCALE ="0"/>
        <TARGETFIELD BUSINESSNAME ="" DATATYPE ="integer" DESCRIPTION ="" FIELDNUMBER ="11" KEYTYPE ="NOT A KEY" NAME ="WIPS_ORIGINATOR_ID_INT" NULLABLE ="NULL" PICTURETEXT ="" PRECISION ="10" SCALE ="0"/>
        <TARGETFIELD BUSINESSNAME ="" DATATYPE ="char" DESCRIPTION ="" FIELDNUMBER ="12" KEYTYPE ="NOT A KEY" NAME ="SALESREP_FLAG" NULLABLE ="NULL" PICTURETEXT ="" PRECISION ="1" SCALE ="0"/>
        <TARGETFIELD BUSINESSNAME ="" DATATYPE ="char" DESCRIPTION ="" FIELDNUMBER ="13" KEYTYPE ="NOT A KEY" NAME ="SERVICE_FLAG" NULLABLE ="NULL" PICTURETEXT ="" PRECISION ="1" SCALE ="0"/>
        <TARGETFIELD BUSINESSNAME ="" DATATYPE ="char" DESCRIPTION ="" FIELDNUMBER ="14" KEYTYPE ="NOT A KEY" NAME ="CHANNEL_BOOKING_FLAG" NULLABLE ="NULL" PICTURETEXT ="" PRECISION ="1" SCALE ="0"/>
        <TARGETFIELD BUSINESSNAME ="" DATATYPE ="decimal" DESCRIPTION ="" FIELDNUMBER ="15" KEYTYPE ="NOT A KEY" NAME ="EXTENDED_HOLD_QUANTITY" NULLABLE ="NULL" PICTURETEXT ="" PRECISION ="18" SCALE ="6"/>
        <TARGETFIELD BUSINESSNAME ="" DATATYPE ="decimal" DESCRIPTION ="" FIELDNUMBER ="16" KEYTYPE ="NOT A KEY" NAME ="EXTENDED_QUANTITY" NULLABLE ="NULL" PICTURETEXT ="" PRECISION ="18" SCALE ="6"/>
        <TARGETFIELD BUSINESSNAME ="" DATATYPE ="decimal" DESCRIPTION ="" FIELDNUMBER ="17" KEYTYPE ="NOT A KEY" NAME ="COMP_US_LIST_PRICE_AMOUNT" NULLABLE ="NULL" PICTURETEXT ="" PRECISION ="18" SCALE ="6"/>
        <TARGETFIELD BUSINESSNAME ="" DATATYPE ="decimal" DESCRIPTION ="" FIELDNUMBER ="18" KEYTYPE ="NOT A KEY" NAME ="COMP_US_HOLD_LIST_PRICE_AMT" NULLABLE ="NULL" PICTURETEXT ="" PRECISION ="18" SCALE ="6"/>
        <TARGETFIELD BUSINESSNAME ="" DATATYPE ="decimal" DESCRIPTION ="" FIELDNUMBER ="19" KEYTYPE ="NOT A KEY" NAME ="COMP_US_HOLD_NET_PRICE_AMT" NULLABLE ="NULL" PICTURETEXT ="" PRECISION ="18" SCALE ="6"/>
        <TARGETFIELD BUSINESSNAME ="" DATATYPE ="decimal" DESCRIPTION ="" FIELDNUMBER ="20" KEYTYPE ="NOT A KEY" NAME ="COMP_US_HOLD_COST_AMOUNT" NULLABLE ="NULL" PICTURETEXT ="" PRECISION ="18" SCALE ="6"/>
        <TARGETFIELD BUSINESSNAME ="" DATATYPE ="decimal" DESCRIPTION ="" FIELDNUMBER ="21" KEYTYPE ="NOT A KEY" NAME ="COMP_US_NET_PRICE_AMOUNT" NULLABLE ="NULL" PICTURETEXT ="" PRECISION ="18" SCALE ="6"/>
        <TARGETFIELD BUSINESSNAME ="" DATATYPE ="decimal" DESCRIPTION ="" FIELDNUMBER ="22" KEYTYPE ="NOT A KEY" NAME ="COMP_US_COST_AMOUNT" NULLABLE ="NULL" PICTURETEXT ="" PRECISION ="18" SCALE ="6"/>
        <TARGETFIELD BUSINESSNAME ="" DATATYPE ="decimal" DESCRIPTION ="" FIELDNUMBER ="23" KEYTYPE ="NOT A KEY" NAME ="COMP_US_STANDARD_PRICE_AMT" NULLABLE ="NULL" PICTURETEXT ="" PRECISION ="18" SCALE ="6"/>
        <TARGETFIELD BUSINESSNAME ="" DATATYPE ="decimal" DESCRIPTION ="" FIELDNUMBER ="24" KEYTYPE ="NOT A KEY" NAME ="TRADE_IN_AMOUNT" NULLABLE ="NULL" PICTURETEXT ="" PRECISION ="18" SCALE ="6"/>
        <TARGETFIELD BUSINESSNAME ="" DATATYPE ="char" DESCRIPTION ="" FIELDNUMBER ="25" KEYTYPE ="NOT A KEY" NAME ="CHANNEL_DROP_SHIP_FLG" NULLABLE ="NOTNULL" PICTURETEXT ="" PRECISION ="1" SCALE ="0"/>
        <TARGETFIELD BUSINESSNAME ="" DATATYPE ="char" DESCRIPTION ="" FIELDNUMBER ="26" KEYTYPE ="NOT A KEY" NAME ="CANCEL_CODE" NULLABLE ="NOTNULL" PICTURETEXT ="" PRECISION ="10" SCALE ="0"/>
        <TARGETFIELD BUSINESSNAME ="" DATATYPE ="char" DESCRIPTION ="" FIELDNUMBER ="27" KEYTYPE ="NOT A KEY" NAME ="DV_DRCT_VAL_ADDED_DSTI_ORD_FLG" NULLABLE ="NOTNULL" PICTURETEXT ="" PRECISION ="1" SCALE ="0"/>
        <TARGETFIELD BUSINESSNAME ="" DATATYPE ="char" DESCRIPTION ="" FIELDNUMBER ="28" KEYTYPE ="NOT A KEY" NAME ="DV_REVENUE_RECOGNITION_FLG" NULLABLE ="NOTNULL" PICTURETEXT ="" PRECISION ="1" SCALE ="0"/>
        <TARGETFIELD BUSINESSNAME ="" DATATYPE ="char" DESCRIPTION ="" FIELDNUMBER ="29" KEYTYPE ="NOT A KEY" NAME ="DV_NET_SPREAD_FLG" NULLABLE ="NOTNULL" PICTURETEXT ="" PRECISION ="1" SCALE ="0"/>
        <TARGETFIELD BUSINESSNAME ="" DATATYPE ="char" DESCRIPTION ="" FIELDNUMBER ="30" KEYTYPE ="NOT A KEY" NAME ="DV_CORPORATE_BOOKING_FLG" NULLABLE ="NOTNULL" PICTURETEXT ="" PRECISION ="1" SCALE ="0"/>
        <TARGETFIELD BUSINESSNAME ="" DATATYPE ="varchar" DESCRIPTION ="" FIELDNUMBER ="31" KEYTYPE ="NOT A KEY" NAME ="DV_ATTRIBUTION_CD" NULLABLE ="NOTNULL" PICTURETEXT ="" PRECISION ="20" SCALE ="0"/>
        <TARGETFIELD BUSINESSNAME ="" DATATYPE ="integer" DESCRIPTION ="" FIELDNUMBER ="32" KEYTYPE ="NOT A KEY" NAME ="DV_PRODUCT_KEY" NULLABLE ="NULL" PICTURETEXT ="" PRECISION ="10" SCALE ="0"/>
        <TARGETFIELD BUSINESSNAME ="" DATATYPE ="char" DESCRIPTION ="" FIELDNUMBER ="33" KEYTYPE ="NOT A KEY" NAME ="DV_FMV_FLG" NULLABLE ="NOTNULL" PICTURETEXT ="" PRECISION ="1" SCALE ="0"/>
        <TARGETFIELD BUSINESSNAME ="" DATATYPE ="integer" DESCRIPTION ="" FIELDNUMBER ="34" KEYTYPE ="NOT A KEY" NAME ="REVENUE_TRANSFER_KEY" NULLABLE ="NOTNULL" PICTURETEXT ="" PRECISION ="10" SCALE ="0"/>
        <TARGETFIELD BUSINESSNAME ="" DATATYPE ="integer" DESCRIPTION ="" FIELDNUMBER ="35" KEYTYPE ="NOT A KEY" NAME ="CALENDAR_YEAR_QUARTER_NUMBER_INT" NULLABLE ="NULL" PICTURETEXT ="" PRECISION ="10" SCALE ="0"/>
        <TARGETFIELD BUSINESSNAME ="" DATATYPE ="char" DESCRIPTION ="" FIELDNUMBER ="36" KEYTYPE ="NOT A KEY" NAME ="DSV_FLG" NULLABLE ="NOTNULL" PICTURETEXT ="" PRECISION ="1" SCALE ="0"/>
        <TARGETFIELD BUSINESSNAME ="" DATATYPE ="varchar" DESCRIPTION ="" FIELDNUMBER ="37" KEYTYPE ="NOT A KEY" NAME ="DV_ROUTE_TO_MARKET_CD" NULLABLE ="NOTNULL" PICTURETEXT ="" PRECISION ="30" SCALE ="0"/>
        <TARGETFIELD BUSINESSNAME ="" DATATYPE ="varchar" DESCRIPTION ="" FIELDNUMBER ="38" KEYTYPE ="NOT A KEY" NAME ="DV_AS_OF_FSC_MTH_RTM_CD" NULLABLE ="NOTNULL" PICTURETEXT ="" PRECISION ="30" SCALE ="0"/>
        <TARGETFIELD BUSINESSNAME ="" DATATYPE ="char" DESCRIPTION ="" FIELDNUMBER ="39" KEYTYPE ="NOT A KEY" NAME ="XCAT_FLG" NULLABLE ="NOTNULL" PICTURETEXT ="" PRECISION ="1" SCALE ="0"/>
        <TARGETFIELD BUSINESSNAME ="" DATATYPE ="varchar" DESCRIPTION ="" FIELDNUMBER ="40" KEYTYPE ="NOT A KEY" NAME ="BK_OFFER_TYPE_NAME" NULLABLE ="NOTNULL" PICTURETEXT ="" PRECISION ="50" SCALE ="0"/>
        <TARGETFIELD BUSINESSNAME ="" DATATYPE ="char" DESCRIPTION ="" FIELDNUMBER ="41" KEYTYPE ="NOT A KEY" NAME ="RECURRING_OFFER_FLG" NULLABLE ="NOTNULL" PICTURETEXT ="" PRECISION ="1" SCALE ="0"/>
        <TARGETFIELD BUSINESSNAME ="" DATATYPE ="char" DESCRIPTION ="" FIELDNUMBER ="42" KEYTYPE ="NOT A KEY" NAME ="ELA_FLG" NULLABLE ="NOTNULL" PICTURETEXT ="" PRECISION ="1" SCALE ="0"/>
        <TARGETFIELD BUSINESSNAME ="" DATATYPE ="decimal" DESCRIPTION ="" FIELDNUMBER ="43" KEYTYPE ="NOT A KEY" NAME ="DV_PURCHASE_ADJ_DSCNT_USD_AMT" NULLABLE ="NULL" PICTURETEXT ="" PRECISION ="26" SCALE ="7"/>
        <TARGETFIELD BUSINESSNAME ="" DATATYPE ="varchar" DESCRIPTION ="" FIELDNUMBER ="44" KEYTYPE ="NOT A KEY" NAME ="DV_RECURRING_OFFER_CD" NULLABLE ="NULL" PICTURETEXT ="" PRECISION ="70" SCALE ="0"/>
        <TARGETFIELD BUSINESSNAME ="" DATATYPE ="decimal" DESCRIPTION ="" FIELDNUMBER ="45" KEYTYPE ="NOT A KEY" NAME ="DV_BKG_GROSS_MGN_AMT" NULLABLE ="NULL" PICTURETEXT ="" PRECISION ="18" SCALE ="6"/>
        <TARGETFIELD BUSINESSNAME ="" DATATYPE ="decimal" DESCRIPTION ="" FIELDNUMBER ="46" KEYTYPE ="NOT A KEY" NAME ="DV_BGM_NON_STANDARD_COST_AMT" NULLABLE ="NULL" PICTURETEXT ="" PRECISION ="18" SCALE ="6"/>
        <TARGETFIELD BUSINESSNAME ="" DATATYPE ="varchar" DESCRIPTION ="" FIELDNUMBER ="47" KEYTYPE ="NOT A KEY" NAME ="POB_TYPE_CD" NULLABLE ="NULL" PICTURETEXT ="" PRECISION ="10" SCALE ="0"/>
        <TARGETFIELD BUSINESSNAME ="" DATATYPE ="char" DESCRIPTION ="" FIELDNUMBER ="48" KEYTYPE ="NOT A KEY" NAME ="NRS_TRANSITION_FLG" NULLABLE ="NULL" PICTURETEXT ="" PRECISION ="1" SCALE ="0"/>
        <TARGETFIELD BUSINESSNAME ="" DATATYPE ="varchar" DESCRIPTION ="" FIELDNUMBER ="49" KEYTYPE ="NOT A KEY" NAME ="SALES_MOTION_CD" NULLABLE ="NULL" PICTURETEXT ="" PRECISION ="7" SCALE ="0"/>
        <TARGETFIELD BUSINESSNAME ="" DATATYPE ="char" DESCRIPTION ="" FIELDNUMBER ="50" KEYTYPE ="NOT A KEY" NAME ="SUMMARY_QUOTE_FLG" NULLABLE ="NULL" PICTURETEXT ="" PRECISION ="1" SCALE ="0"/>
    </TARGET>
    <MAPPING DESCRIPTION ="" ISVALID ="YES" NAME ="m_R_BKGS_BY_QUARTER" OBJECTVERSION ="1" VERSIONNUMBER ="13">
        <TRANSFORMATION DESCRIPTION ="" NAME ="SQ_R_BKGS_BY_MONTH" OBJECTVERSION ="1" REUSABLE ="NO" TYPE ="Source Qualifier" VERSIONNUMBER ="13">
            <TRANSFORMFIELD DATATYPE ="integer" DEFAULTVALUE ="" DESCRIPTION ="" NAME ="FISCAL_YEAR_MONTH_NUMBER_INT" PICTURETEXT ="" PORTTYPE ="INPUT/OUTPUT" PRECISION ="10" SCALE ="0"/>
            <TRANSFORMFIELD DATATYPE ="integer" DEFAULTVALUE ="" DESCRIPTION ="" NAME ="PRODUCT_KEY" PICTURETEXT ="" PORTTYPE ="INPUT/OUTPUT" PRECISION ="10" SCALE ="0"/>
            <TRANSFORMFIELD DATATYPE ="integer" DEFAULTVALUE ="" DESCRIPTION ="" NAME ="SALES_TERRITORY_KEY" PICTURETEXT ="" PORTTYPE ="INPUT/OUTPUT" PRECISION ="10" SCALE ="0"/>
            <TRANSFORMFIELD DATATYPE ="string" DEFAULTVALUE ="" DESCRIPTION ="" NAME ="SALES_REP_NUMBER" PICTURETEXT ="" PORTTYPE ="INPUT/OUTPUT" PRECISION ="30" SCALE ="0"/>
            <TRANSFORMFIELD DATATYPE ="integer" DEFAULTVALUE ="" DESCRIPTION ="" NAME ="BILL_TO_CUSTOMER_KEY" PICTURETEXT ="" PORTTYPE ="INPUT/OUTPUT" PRECISION ="10" SCALE ="0"/>
            <TRANSFORMFIELD DATATYPE ="integer" DEFAULTVALUE ="" DESCRIPTION ="" NAME ="SOLD_TO_CUSTOMER_KEY" PICTURETEXT ="" PORTTYPE ="INPUT/OUTPUT" PRECISION ="10" SCALE ="0"/>
            <TRANSFORMFIELD DATATYPE ="integer" DEFAULTVALUE ="" DESCRIPTION ="" NAME ="SHIP_TO_CUSTOMER_KEY" PICTURETEXT ="" PORTTYPE ="INPUT/OUTPUT" PRECISION ="10" SCALE ="0"/>
            <TRANSFORMFIELD DATATYPE ="integer" DEFAULTVALUE ="" DESCRIPTION ="" NAME ="END_CUSTOMER_KEY" PICTURETEXT ="" PORTTYPE ="INPUT/OUTPUT" PRECISION ="10" SCALE ="0"/>
            <TRANSFORMFIELD DATATYPE ="string" DEFAULTVALUE ="" DESCRIPTION ="" NAME ="BKGS_MEASURE_TRANS_TYPE_CODE" PICTURETEXT ="" PORTTYPE ="INPUT/OUTPUT" PRECISION ="30" SCALE ="0"/>
            <TRANSFORMFIELD DATATYPE ="integer" DEFAULTVALUE ="" DESCRIPTION ="" NAME ="PARTNER_PARTY_SITE_KEY" PICTURETEXT ="" PORTTYPE ="INPUT/OUTPUT" PRECISION ="10" SCALE ="0"/>
            <TRANSFORMFIELD DATATYPE ="integer" DEFAULTVALUE ="" DESCRIPTION ="" NAME ="WIPS_ORIGINATOR_ID_INT" PICTURETEXT ="" PORTTYPE ="INPUT/OUTPUT" PRECISION ="10" SCALE ="0"/>
            <TRANSFORMFIELD DATATYPE ="string" DEFAULTVALUE ="" DESCRIPTION ="" NAME ="SALESREP_FLAG" PICTURETEXT ="" PORTTYPE ="INPUT/OUTPUT" PRECISION ="1" SCALE ="0"/>
            <TRANSFORMFIELD DATATYPE ="string" DEFAULTVALUE ="" DESCRIPTION ="" NAME ="SERVICE_FLAG" PICTURETEXT ="" PORTTYPE ="INPUT/OUTPUT" PRECISION ="1" SCALE ="0"/>
            <TRANSFORMFIELD DATATYPE ="string" DEFAULTVALUE ="" DESCRIPTION ="" NAME ="CHANNEL_BOOKING_FLAG" PICTURETEXT ="" PORTTYPE ="INPUT/OUTPUT" PRECISION ="1" SCALE ="0"/>
            <TRANSFORMFIELD DATATYPE ="decimal" DEFAULTVALUE ="" DESCRIPTION ="" NAME ="EXTENDED_HOLD_QUANTITY" PICTURETEXT ="" PORTTYPE ="INPUT/OUTPUT" PRECISION ="18" SCALE ="6"/>
            <TRANSFORMFIELD DATATYPE ="decimal" DEFAULTVALUE ="" DESCRIPTION ="" NAME ="EXTENDED_QUANTITY" PICTURETEXT ="" PORTTYPE ="INPUT/OUTPUT" PRECISION ="18" SCALE ="6"/>
            <TRANSFORMFIELD DATATYPE ="decimal" DEFAULTVALUE ="" DESCRIPTION ="" NAME ="COMP_US_LIST_PRICE_AMOUNT" PICTURETEXT ="" PORTTYPE ="INPUT/OUTPUT" PRECISION ="18" SCALE ="6"/>
            <TRANSFORMFIELD DATATYPE ="decimal" DEFAULTVALUE ="" DESCRIPTION ="" NAME ="COMP_US_HOLD_LIST_PRICE_AMT" PICTURETEXT ="" PORTTYPE ="INPUT/OUTPUT" PRECISION ="18" SCALE ="6"/>
            <TRANSFORMFIELD DATATYPE ="decimal" DEFAULTVALUE ="" DESCRIPTION ="" NAME ="COMP_US_HOLD_NET_PRICE_AMT" PICTURETEXT ="" PORTTYPE ="INPUT/OUTPUT" PRECISION ="18" SCALE ="6"/>
            <TRANSFORMFIELD DATATYPE ="decimal" DEFAULTVALUE ="" DESCRIPTION ="" NAME ="COMP_US_HOLD_COST_AMOUNT" PICTURETEXT ="" PORTTYPE ="INPUT/OUTPUT" PRECISION ="18" SCALE ="6"/>
            <TRANSFORMFIELD DATATYPE ="decimal" DEFAULTVALUE ="" DESCRIPTION ="" NAME ="COMP_US_NET_PRICE_AMOUNT" PICTURETEXT ="" PORTTYPE ="INPUT/OUTPUT" PRECISION ="18" SCALE ="6"/>
            <TRANSFORMFIELD DATATYPE ="decimal" DEFAULTVALUE ="" DESCRIPTION ="" NAME ="COMP_US_COST_AMOUNT" PICTURETEXT ="" PORTTYPE ="INPUT/OUTPUT" PRECISION ="18" SCALE ="6"/>
            <TRANSFORMFIELD DATATYPE ="decimal" DEFAULTVALUE ="" DESCRIPTION ="" NAME ="COMP_US_STANDARD_PRICE_AMT" PICTURETEXT ="" PORTTYPE ="INPUT/OUTPUT" PRECISION ="18" SCALE ="6"/>
            <TRANSFORMFIELD DATATYPE ="decimal" DEFAULTVALUE ="" DESCRIPTION ="" NAME ="TRADE_IN_AMOUNT" PICTURETEXT ="" PORTTYPE ="INPUT/OUTPUT" PRECISION ="18" SCALE ="6"/>
            <TRANSFORMFIELD DATATYPE ="string" DEFAULTVALUE ="" DESCRIPTION ="" NAME ="CHANNEL_DROP_SHIP_FLG" PICTURETEXT ="" PORTTYPE ="INPUT/OUTPUT" PRECISION ="1" SCALE ="0"/>
            <TRANSFORMFIELD DATATYPE ="string" DEFAULTVALUE ="" DESCRIPTION ="" NAME ="CANCEL_CODE" PICTURETEXT ="" PORTTYPE ="INPUT/OUTPUT" PRECISION ="10" SCALE ="0"/>
            <TRANSFORMFIELD DATATYPE ="string" DEFAULTVALUE ="" DESCRIPTION ="" NAME ="DV_DRCT_VAL_ADDED_DSTI_ORD_FLG" PICTURETEXT ="" PORTTYPE ="INPUT/OUTPUT" PRECISION ="1" SCALE ="0"/>
            <TRANSFORMFIELD DATATYPE ="string" DEFAULTVALUE ="" DESCRIPTION ="" NAME ="DV_REVENUE_RECOGNITION_FLG" PICTURETEXT ="" PORTTYPE ="INPUT/OUTPUT" PRECISION ="1" SCALE ="0"/>
            <TRANSFORMFIELD DATATYPE ="string" DEFAULTVALUE ="" DESCRIPTION ="" NAME ="DV_NET_SPREAD_FLG" PICTURETEXT ="" PORTTYPE ="INPUT/OUTPUT" PRECISION ="1" SCALE ="0"/>
            <TRANSFORMFIELD DATATYPE ="string" DEFAULTVALUE ="" DESCRIPTION ="" NAME ="DV_CORPORATE_BOOKING_FLG" PICTURETEXT ="" PORTTYPE ="INPUT/OUTPUT" PRECISION ="1" SCALE ="0"/>
            <TRANSFORMFIELD DATATYPE ="string" DEFAULTVALUE ="" DESCRIPTION ="" NAME ="DV_ATTRIBUTION_CD" PICTURETEXT ="" PORTTYPE ="INPUT/OUTPUT" PRECISION ="20" SCALE ="0"/>
            <TRANSFORMFIELD DATATYPE ="integer" DEFAULTVALUE ="" DESCRIPTION ="" NAME ="DV_PRODUCT_KEY" PICTURETEXT ="" PORTTYPE ="INPUT/OUTPUT" PRECISION ="10" SCALE ="0"/>
            <TRANSFORMFIELD DATATYPE ="string" DEFAULTVALUE ="" DESCRIPTION ="" NAME ="DV_FMV_FLG" PICTURETEXT ="" PORTTYPE ="INPUT/OUTPUT" PRECISION ="1" SCALE ="0"/>
            <TRANSFORMFIELD DATATYPE ="integer" DEFAULTVALUE ="" DESCRIPTION ="" NAME ="REVENUE_TRANSFER_KEY" PICTURETEXT ="" PORTTYPE ="INPUT/OUTPUT" PRECISION ="10" SCALE ="0"/>
            <TRANSFORMFIELD DATATYPE ="integer" DEFAULTVALUE ="" DESCRIPTION ="" NAME ="CALENDAR_YEAR_QUARTER_NUMBER_INT" PICTURETEXT ="" PORTTYPE ="INPUT/OUTPUT" PRECISION ="10" SCALE ="0"/>
            <TRANSFORMFIELD DATATYPE ="string" DEFAULTVALUE ="" DESCRIPTION ="" NAME ="DSV_FLG" PICTURETEXT ="" PORTTYPE ="INPUT/OUTPUT" PRECISION ="1" SCALE ="0"/>
            <TRANSFORMFIELD DATATYPE ="string" DEFAULTVALUE ="" DESCRIPTION ="" NAME ="DV_ROUTE_TO_MARKET_CD" PICTURETEXT ="" PORTTYPE ="INPUT/OUTPUT" PRECISION ="30" SCALE ="0"/>
            <TRANSFORMFIELD DATATYPE ="string" DEFAULTVALUE ="" DESCRIPTION ="" NAME ="DV_AS_OF_FSC_MTH_RTM_CD" PICTURETEXT ="" PORTTYPE ="INPUT/OUTPUT" PRECISION ="30" SCALE ="0"/>
            <TRANSFORMFIELD DATATYPE ="string" DEFAULTVALUE ="" DESCRIPTION ="" NAME ="XCAT_FLG" PICTURETEXT ="" PORTTYPE ="INPUT/OUTPUT" PRECISION ="1" SCALE ="0"/>
            <TRANSFORMFIELD DATATYPE ="string" DEFAULTVALUE ="" DESCRIPTION ="" NAME ="BK_OFFER_TYPE_NAME" PICTURETEXT ="" PORTTYPE ="INPUT/OUTPUT" PRECISION ="50" SCALE ="0"/>
            <TRANSFORMFIELD DATATYPE ="string" DEFAULTVALUE ="" DESCRIPTION ="" NAME ="RECURRING_OFFER_FLG" PICTURETEXT ="" PORTTYPE ="INPUT/OUTPUT" PRECISION ="1" SCALE ="0"/>
            <TRANSFORMFIELD DATATYPE ="string" DEFAULTVALUE ="" DESCRIPTION ="" NAME ="DSV_FLG1" PICTURETEXT ="" PORTTYPE ="INPUT/OUTPUT" PRECISION ="1" SCALE ="0"/>
            <TRANSFORMFIELD DATATYPE ="string" DEFAULTVALUE ="" DESCRIPTION ="" NAME ="ELA_FLG" PICTURETEXT ="" PORTTYPE ="INPUT/OUTPUT" PRECISION ="1" SCALE ="0"/>
            <TRANSFORMFIELD DATATYPE ="decimal" DEFAULTVALUE ="" DESCRIPTION ="" NAME ="DV_PURCHASE_ADJ_DSCNT_USD_AMT" PICTURETEXT ="" PORTTYPE ="INPUT/OUTPUT" PRECISION ="26" SCALE ="7"/>
            <TRANSFORMFIELD DATATYPE ="string" DEFAULTVALUE ="" DESCRIPTION ="" NAME ="DV_RECURRING_OFFER_CD" PICTURETEXT ="" PORTTYPE ="INPUT/OUTPUT" PRECISION ="70" SCALE ="0"/>
            <TRANSFORMFIELD DATATYPE ="decimal" DEFAULTVALUE ="" DESCRIPTION ="" NAME ="DV_BKG_GROSS_MGN_AMOUNT" PICTURETEXT ="" PORTTYPE ="INPUT/OUTPUT" PRECISION ="18" SCALE ="6"/>
            <TRANSFORMFIELD DATATYPE ="decimal" DEFAULTVALUE ="" DESCRIPTION ="" NAME ="DV_BGM_NON_STANDARD_COST_AMT" PICTURETEXT ="" PORTTYPE ="INPUT/OUTPUT" PRECISION ="18" SCALE ="6"/>
            <TRANSFORMFIELD DATATYPE ="string" DEFAULTVALUE ="" DESCRIPTION ="" NAME ="POB_TYPE_CD" PICTURETEXT ="" PORTTYPE ="INPUT/OUTPUT" PRECISION ="10" SCALE ="0"/>
            <TRANSFORMFIELD DATATYPE ="string" DEFAULTVALUE ="" DESCRIPTION ="" NAME ="NRS_TRANSITION_FLG" PICTURETEXT ="" PORTTYPE ="INPUT/OUTPUT" PRECISION ="1" SCALE ="0"/>
            <TRANSFORMFIELD DATATYPE ="string" DEFAULTVALUE ="" DESCRIPTION ="" NAME ="SALES_MOTION_CD" PICTURETEXT ="" PORTTYPE ="INPUT/OUTPUT" PRECISION ="7" SCALE ="0"/>
            <TRANSFORMFIELD DATATYPE ="string" DEFAULTVALUE ="" DESCRIPTION ="" NAME ="SUMMARY_QUOTE_FLG" PICTURETEXT ="" PORTTYPE ="INPUT/OUTPUT" PRECISION ="1" SCALE ="0"/>
            <TABLEATTRIBUTE NAME ="Sql Query" VALUE ="SELECT&#xD;&#xA;FD2Y.FISCAL_YEAR_QUARTER_NUMBER_INT  AS FISCAL_YEAR_QUARTER_NUMBER_INT,&#xD;&#xA;R_BKGS_BY_MONTH.PRODUCT_KEY,&#xD;&#xA;R_BKGS_BY_MONTH.SALES_TERRITORY_KEY,&#xD;&#xA;R_BKGS_BY_MONTH.SALES_REP_NUMBER,&#xD;&#xA;R_BKGS_BY_MONTH.BILL_TO_CUSTOMER_KEY,&#xD;&#xA;R_BKGS_BY_MONTH.SOLD_TO_CUSTOMER_KEY,&#xD;&#xA;R_BKGS_BY_MONTH.SHIP_TO_CUSTOMER_KEY,&#xD;&#xA;R_BKGS_BY_MONTH.END_CUSTOMER_KEY,&#xD;&#xA;R_BKGS_BY_MONTH.BKGS_MEASURE_TRANS_TYPE_CODE,&#xD;&#xA;R_BKGS_BY_MONTH.PARTNER_PARTY_SITE_KEY,&#xD;&#xA;R_BKGS_BY_MONTH.WIPS_ORIGINATOR_ID_INT,&#xD;&#xA;R_BKGS_BY_MONTH.SALESREP_FLAG,&#xD;&#xA;R_BKGS_BY_MONTH.SERVICE_FLAG,&#xD;&#xA;R_BKGS_BY_MONTH.CHANNEL_BOOKING_FLAG,&#xD;&#xA;SUM(R_BKGS_BY_MONTH.EXTENDED_HOLD_QUANTITY),&#xD;&#xA;SUM(R_BKGS_BY_MONTH.EXTENDED_QUANTITY),&#xD;&#xA;SUM(R_BKGS_BY_MONTH.COMP_US_LIST_PRICE_AMOUNT),&#xD;&#xA;SUM(R_BKGS_BY_MONTH.COMP_US_HOLD_LIST_PRICE_AMT),&#xD;&#xA;SUM(R_BKGS_BY_MONTH.COMP_US_HOLD_NET_PRICE_AMT),&#xD;&#xA;SUM(R_BKGS_BY_MONTH.COMP_US_HOLD_COST_AMOUNT),&#xD;&#xA;SUM(R_BKGS_BY_MONTH.COMP_US_NET_PRICE_AMOUNT),&#xD;&#xA;SUM(R_BKGS_BY_MONTH.COMP_US_COST_AMOUNT),&#xD;&#xA;SUM(R_BKGS_BY_MONTH.COMP_US_STANDARD_PRICE_AMT),&#xD;&#xA;SUM(R_BKGS_BY_MONTH.TRADE_IN_AMOUNT),&#xD;&#xA;R_BKGS_BY_MONTH.CHANNEL_DROP_SHIP_FLG,&#xD;&#xA;R_BKGS_BY_MONTH.CANCEL_CODE,&#xD;&#xA;R_BKGS_BY_MONTH.DV_DRCT_VAL_ADDED_DSTI_ORD_FLG ,&#xD;&#xA;R_BKGS_BY_MONTH.DV_REVENUE_RECOGNITION_FLG,  /* Added part of True Demand */   &#xD;&#xA;R_BKGS_BY_MONTH.DV_NET_SPREAD_FLG,   /* Added part of True Demand */           &#xD;&#xA;R_BKGS_BY_MONTH.DV_CORPORATE_BOOKING_FLG,  /* Added part of True Demand */ &#xD;&#xA;R_BKGS_BY_MONTH.DV_ATTRIBUTION_CD, /* Added part of Offer Attribution */&#xD;&#xA;R_BKGS_BY_MONTH.DV_PRODUCT_KEY, /* Added part of Offer Attribution */&#xD;&#xA;R_BKGS_BY_MONTH.DV_FMV_FLG, /* Q1FY15 FMV */&#xD;&#xA;R_BKGS_BY_MONTH.REVENUE_TRANSFER_KEY ,/*FMV Q2FY15*/&#xD;&#xA;CLDMTH.BK_CALENDAR_YEAR_INT*10 +CLDMTH.BK_CALENDAR_QUARTER_INT     CALENDAR_YEAR_QUARTER_NUMBER_INT ,/* Added as part of  Q4FY15 ICPM */&#xD;&#xA;R_BKGS_BY_MONTH.DSV_FLG, /*ADDED ATTRIBUTE LOGIC AS PART OF DSV Q1FY16 BY */&#xD;&#xA;R_BKGS_BY_MONTH.DV_ROUTE_TO_MARKET_CD         , /* PNEELRAJ ADDED AS A PART OF ICPM Q2FY16*/&#xD;&#xA;R_BKGS_BY_MONTH.DV_AS_OF_FSC_MTH_RTM_CD         /*PNEELRAJ ADDED AS A PART OF ICPM Q2FY16*/ &#xD;&#xA;/*ADDED THE BELOW COLUMNS AS PART OF RO PROJECT RELEASE: Q3FY17 */    &#xD;&#xA;,R_BKGS_BY_MONTH.XCAT_FLG&#xD;&#xA;,R_BKGS_BY_MONTH.BK_OFFER_TYPE_NAME&#xD;&#xA;,R_BKGS_BY_MONTH.RECURRING_OFFER_FLG&#xD;&#xA;,R_BKGS_BY_MONTH.ELA_FLG&#xD;&#xA;,SUM(R_BKGS_BY_MONTH.DV_PURCHASE_ADJ_DSCNT_USD_AMT) /* Q1FY18 PA */&#xD;&#xA;,R_BKGS_BY_MONTH.DV_RECURRING_OFFER_CD          /* Q1FY18 RO */&#xD;&#xA;,SUM(R_BKGS_BY_MONTH.DV_BKG_GROSS_MGN_AMT) /*added as part product BGM - Q1FY18 release */&#xD;&#xA;,SUM(R_BKGS_BY_MONTH.DV_BGM_NON_STANDARD_COST_AMT) /*added as part product BGM - Q1FY18 release */&#xD;&#xA;,R_BKGS_BY_MONTH.POB_TYPE_CD&#xD;&#xA;,R_BKGS_BY_MONTH.NRS_TRANSITION_FLG&#xD;&#xA;,R_BKGS_BY_MONTH.SALES_MOTION_CD&#xD;&#xA;,R_BKGS_BY_MONTH.SUMMARY_QUOTE_FLG&#xD;&#xA;FROM &#xD;&#xA;$$SLSORDVWDB.R_BKGS_BY_MONTH R_BKGS_BY_MONTH&#xD;&#xA;INNER JOIN&#xD;&#xA;$$COMREFVWDB.R_FISCAL_MONTH_TO_YEAR FD2Y&#xD;&#xA;ON R_BKGS_BY_MONTH.FISCAL_YEAR_MONTH_NUMBER_INT=FD2Y.FISCAL_YEAR_MONTH_INT&#xD;&#xA;INNER JOIN $$COMREFVWDB.N_CALENDAR_MONTH CLDMTH&#xD;&#xA;ON R_BKGS_BY_MONTH.CALENDAR_YEAR_MONTH_INT=(CLDMTH.BK_CALENDAR_YEAR_INT*100 +   CLDMTH.BK_CALENDAR_MONTH_NUMBER_INT)           &#xD;&#xA;GROUP BY &#xD;&#xA;FD2Y.FISCAL_YEAR_QUARTER_NUMBER_INT,&#xD;&#xA;R_BKGS_BY_MONTH.PRODUCT_KEY,&#xD;&#xA;R_BKGS_BY_MONTH.SALES_TERRITORY_KEY,&#xD;&#xA;R_BKGS_BY_MONTH.SALES_REP_NUMBER,&#xD;&#xA;R_BKGS_BY_MONTH.BILL_TO_CUSTOMER_KEY,&#xD;&#xA;R_BKGS_BY_MONTH.SOLD_TO_CUSTOMER_KEY,&#xD;&#xA;R_BKGS_BY_MONTH.SHIP_TO_CUSTOMER_KEY,&#xD;&#xA;R_BKGS_BY_MONTH.END_CUSTOMER_KEY,&#xD;&#xA;R_BKGS_BY_MONTH.BKGS_MEASURE_TRANS_TYPE_CODE,&#xD;&#xA;R_BKGS_BY_MONTH.PARTNER_PARTY_SITE_KEY,&#xD;&#xA;R_BKGS_BY_MONTH.WIPS_ORIGINATOR_ID_INT,&#xD;&#xA;R_BKGS_BY_MONTH.SALESREP_FLAG,&#xD;&#xA;R_BKGS_BY_MONTH.SERVICE_FLAG,&#xD;&#xA;R_BKGS_BY_MONTH.CHANNEL_BOOKING_FLAG,&#xD;&#xA;R_BKGS_BY_MONTH.CHANNEL_DROP_SHIP_FLG,&#xD;&#xA;R_BKGS_BY_MONTH.CANCEL_CODE,&#xD;&#xA;R_BKGS_BY_MONTH.DV_DRCT_VAL_ADDED_DSTI_ORD_FLG,&#xD;&#xA;R_BKGS_BY_MONTH.DV_REVENUE_RECOGNITION_FLG,  /* Added part of True Demand */    &#xD;&#xA;R_BKGS_BY_MONTH.DV_NET_SPREAD_FLG,         /* Added part of True Demand */     &#xD;&#xA;R_BKGS_BY_MONTH.DV_CORPORATE_BOOKING_FLG,  /* Added part of True Demand */&#xD;&#xA;R_BKGS_BY_MONTH.DV_ATTRIBUTION_CD, /* Added part of Offer Attribution */&#xD;&#xA;R_BKGS_BY_MONTH.DV_PRODUCT_KEY, /* Added part of Offer Attribution */&#xD;&#xA;R_BKGS_BY_MONTH.DV_FMV_FLG /* Q1FY15 FMV */,&#xD;&#xA;R_BKGS_BY_MONTH.REVENUE_TRANSFER_KEY ,/*FMV Q2FY15*/&#xD;&#xA;CALENDAR_YEAR_QUARTER_NUMBER_INT,&#xD;&#xA;R_BKGS_BY_MONTH.DSV_FLG, /*ADDED ATTRIBUTE LOGIC AS PART OF DSV Q1FY16 BY */                        &#xD;&#xA;R_BKGS_BY_MONTH.DV_ROUTE_TO_MARKET_CD         , /* PNEELRAJ ADDED AS A PART OF ICPM Q2FY16*/&#xD;&#xA;R_BKGS_BY_MONTH.DV_AS_OF_FSC_MTH_RTM_CD         /*PNEELRAJ ADDED AS A PART OF ICPM Q2FY16*/&#xD;&#xA;/*ADDED THE BELOW COLUMNS AS PART OF RO PROJECT RELEASE: Q3FY17 */    &#xD;&#xA;,R_BKGS_BY_MONTH.XCAT_FLG&#xD;&#xA;,R_BKGS_BY_MONTH.BK_OFFER_TYPE_NAME&#xD;&#xA;,R_BKGS_BY_MONTH.RECURRING_OFFER_FLG&#xD;&#xA;,R_BKGS_BY_MONTH.ELA_FLG&#xD;&#xA;,R_BKGS_BY_MONTH.DV_RECURRING_OFFER_CD          /* Q1FY18 RO */&#xD;&#xA;,R_BKGS_BY_MONTH.POB_TYPE_CD&#xD;&#xA;,R_BKGS_BY_MONTH.NRS_TRANSITION_FLG&#xD;&#xA;,R_BKGS_BY_MONTH.SALES_MOTION_CD&#xD;&#xA;,R_BKGS_BY_MONTH.SUMMARY_QUOTE_FLG&#xD;&#xA;/*^^^^^^^^^^^^^*/"/>
            <TABLEATTRIBUTE NAME ="User Defined Join" VALUE =""/>
            <TABLEATTRIBUTE NAME ="Source Filter" VALUE =""/>
            <TABLEATTRIBUTE NAME ="Number Of Sorted Ports" VALUE ="0"/>
            <TABLEATTRIBUTE NAME ="Tracing Level" VALUE ="Normal"/>
            <TABLEATTRIBUTE NAME ="Select Distinct" VALUE ="NO"/>
            <TABLEATTRIBUTE NAME ="Is Partitionable" VALUE ="NO"/>
            <TABLEATTRIBUTE NAME ="Pre SQL" VALUE =""/>
            <TABLEATTRIBUTE NAME ="Post SQL" VALUE =""/>
            <TABLEATTRIBUTE NAME ="Output is deterministic" VALUE ="NO"/>
            <TABLEATTRIBUTE NAME ="Output is repeatable" VALUE ="Never"/>
        </TRANSFORMATION>
        <INSTANCE DESCRIPTION ="" NAME ="R_BKGS_BY_QUARTER" TRANSFORMATION_NAME ="R_BKGS_BY_QUARTER" TRANSFORMATION_TYPE ="Target Definition" TYPE ="TARGET"/>
        <INSTANCE DESCRIPTION ="" NAME ="SQ_R_BKGS_BY_MONTH" REUSABLE ="NO" TRANSFORMATION_NAME ="SQ_R_BKGS_BY_MONTH" TRANSFORMATION_TYPE ="Source Qualifier" TYPE ="TRANSFORMATION">
            <ASSOCIATED_SOURCE_INSTANCE NAME ="R_BKGS_BY_MONTH"/>
        </INSTANCE>
        <INSTANCE DBDNAME ="E_SLSORD_BATCH_DV9" DESCRIPTION ="" NAME ="R_BKGS_BY_MONTH" TRANSFORMATION_NAME ="R_BKGS_BY_MONTH" TRANSFORMATION_TYPE ="Source Definition" TYPE ="SOURCE"/>
        <CONNECTOR FROMFIELD ="DV_NET_SPREAD_FLG" FROMINSTANCE ="SQ_R_BKGS_BY_MONTH" FROMINSTANCETYPE ="Source Qualifier" TOFIELD ="DV_NET_SPREAD_FLG" TOINSTANCE ="R_BKGS_BY_QUARTER" TOINSTANCETYPE ="Target Definition"/>
        <CONNECTOR FROMFIELD ="SERVICE_FLAG" FROMINSTANCE ="SQ_R_BKGS_BY_MONTH" FROMINSTANCETYPE ="Source Qualifier" TOFIELD ="SERVICE_FLAG" TOINSTANCE ="R_BKGS_BY_QUARTER" TOINSTANCETYPE ="Target Definition"/>
        <CONNECTOR FROMFIELD ="CHANNEL_BOOKING_FLAG" FROMINSTANCE ="SQ_R_BKGS_BY_MONTH" FROMINSTANCETYPE ="Source Qualifier" TOFIELD ="CHANNEL_BOOKING_FLAG" TOINSTANCE ="R_BKGS_BY_QUARTER" TOINSTANCETYPE ="Target Definition"/>
        <CONNECTOR FROMFIELD ="EXTENDED_HOLD_QUANTITY" FROMINSTANCE ="SQ_R_BKGS_BY_MONTH" FROMINSTANCETYPE ="Source Qualifier" TOFIELD ="EXTENDED_HOLD_QUANTITY" TOINSTANCE ="R_BKGS_BY_QUARTER" TOINSTANCETYPE ="Target Definition"/>
        <CONNECTOR FROMFIELD ="EXTENDED_QUANTITY" FROMINSTANCE ="SQ_R_BKGS_BY_MONTH" FROMINSTANCETYPE ="Source Qualifier" TOFIELD ="EXTENDED_QUANTITY" TOINSTANCE ="R_BKGS_BY_QUARTER" TOINSTANCETYPE ="Target Definition"/>
        <CONNECTOR FROMFIELD ="END_CUSTOMER_KEY" FROMINSTANCE ="SQ_R_BKGS_BY_MONTH" FROMINSTANCETYPE ="Source Qualifier" TOFIELD ="END_CUSTOMER_KEY" TOINSTANCE ="R_BKGS_BY_QUARTER" TOINSTANCETYPE ="Target Definition"/>
        <CONNECTOR FROMFIELD ="BKGS_MEASURE_TRANS_TYPE_CODE" FROMINSTANCE ="SQ_R_BKGS_BY_MONTH" FROMINSTANCETYPE ="Source Qualifier" TOFIELD ="BKGS_MEASURE_TRANS_TYPE_CODE" TOINSTANCE ="R_BKGS_BY_QUARTER" TOINSTANCETYPE ="Target Definition"/>
        <CONNECTOR FROMFIELD ="PARTNER_PARTY_SITE_KEY" FROMINSTANCE ="SQ_R_BKGS_BY_MONTH" FROMINSTANCETYPE ="Source Qualifier" TOFIELD ="PARTNER_PARTY_SITE_KEY" TOINSTANCE ="R_BKGS_BY_QUARTER" TOINSTANCETYPE ="Target Definition"/>
        <CONNECTOR FROMFIELD ="WIPS_ORIGINATOR_ID_INT" FROMINSTANCE ="SQ_R_BKGS_BY_MONTH" FROMINSTANCETYPE ="Source Qualifier" TOFIELD ="WIPS_ORIGINATOR_ID_INT" TOINSTANCE ="R_BKGS_BY_QUARTER" TOINSTANCETYPE ="Target Definition"/>
        <CONNECTOR FROMFIELD ="SALESREP_FLAG" FROMINSTANCE ="SQ_R_BKGS_BY_MONTH" FROMINSTANCETYPE ="Source Qualifier" TOFIELD ="SALESREP_FLAG" TOINSTANCE ="R_BKGS_BY_QUARTER" TOINSTANCETYPE ="Target Definition"/>
        <CONNECTOR FROMFIELD ="DV_FMV_FLG" FROMINSTANCE ="SQ_R_BKGS_BY_MONTH" FROMINSTANCETYPE ="Source Qualifier" TOFIELD ="DV_FMV_FLG" TOINSTANCE ="R_BKGS_BY_QUARTER" TOINSTANCETYPE ="Target Definition"/>
        <CONNECTOR FROMFIELD ="COMP_US_LIST_PRICE_AMOUNT" FROMINSTANCE ="SQ_R_BKGS_BY_MONTH" FROMINSTANCETYPE ="Source Qualifier" TOFIELD ="COMP_US_LIST_PRICE_AMOUNT" TOINSTANCE ="R_BKGS_BY_QUARTER" TOINSTANCETYPE ="Target Definition"/>
        <CONNECTOR FROMFIELD ="COMP_US_HOLD_LIST_PRICE_AMT" FROMINSTANCE ="SQ_R_BKGS_BY_MONTH" FROMINSTANCETYPE ="Source Qualifier" TOFIELD ="COMP_US_HOLD_LIST_PRICE_AMT" TOINSTANCE ="R_BKGS_BY_QUARTER" TOINSTANCETYPE ="Target Definition"/>
        <CONNECTOR FROMFIELD ="COMP_US_HOLD_NET_PRICE_AMT" FROMINSTANCE ="SQ_R_BKGS_BY_MONTH" FROMINSTANCETYPE ="Source Qualifier" TOFIELD ="COMP_US_HOLD_NET_PRICE_AMT" TOINSTANCE ="R_BKGS_BY_QUARTER" TOINSTANCETYPE ="Target Definition"/>
        <CONNECTOR FROMFIELD ="COMP_US_HOLD_COST_AMOUNT" FROMINSTANCE ="SQ_R_BKGS_BY_MONTH" FROMINSTANCETYPE ="Source Qualifier" TOFIELD ="COMP_US_HOLD_COST_AMOUNT" TOINSTANCE ="R_BKGS_BY_QUARTER" TOINSTANCETYPE ="Target Definition"/>
        <CONNECTOR FROMFIELD ="COMP_US_NET_PRICE_AMOUNT" FROMINSTANCE ="SQ_R_BKGS_BY_MONTH" FROMINSTANCETYPE ="Source Qualifier" TOFIELD ="COMP_US_NET_PRICE_AMOUNT" TOINSTANCE ="R_BKGS_BY_QUARTER" TOINSTANCETYPE ="Target Definition"/>
        <CONNECTOR FROMFIELD ="COMP_US_COST_AMOUNT" FROMINSTANCE ="SQ_R_BKGS_BY_MONTH" FROMINSTANCETYPE ="Source Qualifier" TOFIELD ="COMP_US_COST_AMOUNT" TOINSTANCE ="R_BKGS_BY_QUARTER" TOINSTANCETYPE ="Target Definition"/>
        <CONNECTOR FROMFIELD ="COMP_US_STANDARD_PRICE_AMT" FROMINSTANCE ="SQ_R_BKGS_BY_MONTH" FROMINSTANCETYPE ="Source Qualifier" TOFIELD ="COMP_US_STANDARD_PRICE_AMT" TOINSTANCE ="R_BKGS_BY_QUARTER" TOINSTANCETYPE ="Target Definition"/>
        <CONNECTOR FROMFIELD ="TRADE_IN_AMOUNT" FROMINSTANCE ="SQ_R_BKGS_BY_MONTH" FROMINSTANCETYPE ="Source Qualifier" TOFIELD ="TRADE_IN_AMOUNT" TOINSTANCE ="R_BKGS_BY_QUARTER" TOINSTANCETYPE ="Target Definition"/>
        <CONNECTOR FROMFIELD ="CHANNEL_DROP_SHIP_FLG" FROMINSTANCE ="SQ_R_BKGS_BY_MONTH" FROMINSTANCETYPE ="Source Qualifier" TOFIELD ="CHANNEL_DROP_SHIP_FLG" TOINSTANCE ="R_BKGS_BY_QUARTER" TOINSTANCETYPE ="Target Definition"/>
        <CONNECTOR FROMFIELD ="CANCEL_CODE" FROMINSTANCE ="SQ_R_BKGS_BY_MONTH" FROMINSTANCETYPE ="Source Qualifier" TOFIELD ="CANCEL_CODE" TOINSTANCE ="R_BKGS_BY_QUARTER" TOINSTANCETYPE ="Target Definition"/>
        <CONNECTOR FROMFIELD ="DV_DRCT_VAL_ADDED_DSTI_ORD_FLG" FROMINSTANCE ="SQ_R_BKGS_BY_MONTH" FROMINSTANCETYPE ="Source Qualifier" TOFIELD ="DV_DRCT_VAL_ADDED_DSTI_ORD_FLG" TOINSTANCE ="R_BKGS_BY_QUARTER" TOINSTANCETYPE ="Target Definition"/>
        <CONNECTOR FROMFIELD ="DV_REVENUE_RECOGNITION_FLG" FROMINSTANCE ="SQ_R_BKGS_BY_MONTH" FROMINSTANCETYPE ="Source Qualifier" TOFIELD ="DV_REVENUE_RECOGNITION_FLG" TOINSTANCE ="R_BKGS_BY_QUARTER" TOINSTANCETYPE ="Target Definition"/>
        <CONNECTOR FROMFIELD ="DV_CORPORATE_BOOKING_FLG" FROMINSTANCE ="SQ_R_BKGS_BY_MONTH" FROMINSTANCETYPE ="Source Qualifier" TOFIELD ="DV_CORPORATE_BOOKING_FLG" TOINSTANCE ="R_BKGS_BY_QUARTER" TOINSTANCETYPE ="Target Definition"/>
        <CONNECTOR FROMFIELD ="DV_ATTRIBUTION_CD" FROMINSTANCE ="SQ_R_BKGS_BY_MONTH" FROMINSTANCETYPE ="Source Qualifier" TOFIELD ="DV_ATTRIBUTION_CD" TOINSTANCE ="R_BKGS_BY_QUARTER" TOINSTANCETYPE ="Target Definition"/>
        <CONNECTOR FROMFIELD ="DV_PRODUCT_KEY" FROMINSTANCE ="SQ_R_BKGS_BY_MONTH" FROMINSTANCETYPE ="Source Qualifier" TOFIELD ="DV_PRODUCT_KEY" TOINSTANCE ="R_BKGS_BY_QUARTER" TOINSTANCETYPE ="Target Definition"/>
        <CONNECTOR FROMFIELD ="DSV_FLG" FROMINSTANCE ="SQ_R_BKGS_BY_MONTH" FROMINSTANCETYPE ="Source Qualifier" TOFIELD ="DSV_FLG" TOINSTANCE ="R_BKGS_BY_QUARTER" TOINSTANCETYPE ="Target Definition"/>
        <CONNECTOR FROMFIELD ="CALENDAR_YEAR_QUARTER_NUMBER_INT" FROMINSTANCE ="SQ_R_BKGS_BY_MONTH" FROMINSTANCETYPE ="Source Qualifier" TOFIELD ="CALENDAR_YEAR_QUARTER_NUMBER_INT" TOINSTANCE ="R_BKGS_BY_QUARTER" TOINSTANCETYPE ="Target Definition"/>
        <CONNECTOR FROMFIELD ="DV_ROUTE_TO_MARKET_CD" FROMINSTANCE ="SQ_R_BKGS_BY_MONTH" FROMINSTANCETYPE ="Source Qualifier" TOFIELD ="DV_ROUTE_TO_MARKET_CD" TOINSTANCE ="R_BKGS_BY_QUARTER" TOINSTANCETYPE ="Target Definition"/>
        <CONNECTOR FROMFIELD ="DV_AS_OF_FSC_MTH_RTM_CD" FROMINSTANCE ="SQ_R_BKGS_BY_MONTH" FROMINSTANCETYPE ="Source Qualifier" TOFIELD ="DV_AS_OF_FSC_MTH_RTM_CD" TOINSTANCE ="R_BKGS_BY_QUARTER" TOINSTANCETYPE ="Target Definition"/>
        <CONNECTOR FROMFIELD ="XCAT_FLG" FROMINSTANCE ="SQ_R_BKGS_BY_MONTH" FROMINSTANCETYPE ="Source Qualifier" TOFIELD ="XCAT_FLG" TOINSTANCE ="R_BKGS_BY_QUARTER" TOINSTANCETYPE ="Target Definition"/>
        <CONNECTOR FROMFIELD ="BK_OFFER_TYPE_NAME" FROMINSTANCE ="SQ_R_BKGS_BY_MONTH" FROMINSTANCETYPE ="Source Qualifier" TOFIELD ="BK_OFFER_TYPE_NAME" TOINSTANCE ="R_BKGS_BY_QUARTER" TOINSTANCETYPE ="Target Definition"/>
        <CONNECTOR FROMFIELD ="RECURRING_OFFER_FLG" FROMINSTANCE ="SQ_R_BKGS_BY_MONTH" FROMINSTANCETYPE ="Source Qualifier" TOFIELD ="RECURRING_OFFER_FLG" TOINSTANCE ="R_BKGS_BY_QUARTER" TOINSTANCETYPE ="Target Definition"/>
        <CONNECTOR FROMFIELD ="ELA_FLG" FROMINSTANCE ="SQ_R_BKGS_BY_MONTH" FROMINSTANCETYPE ="Source Qualifier" TOFIELD ="ELA_FLG" TOINSTANCE ="R_BKGS_BY_QUARTER" TOINSTANCETYPE ="Target Definition"/>
        <CONNECTOR FROMFIELD ="REVENUE_TRANSFER_KEY" FROMINSTANCE ="SQ_R_BKGS_BY_MONTH" FROMINSTANCETYPE ="Source Qualifier" TOFIELD ="REVENUE_TRANSFER_KEY" TOINSTANCE ="R_BKGS_BY_QUARTER" TOINSTANCETYPE ="Target Definition"/>
        <CONNECTOR FROMFIELD ="FISCAL_YEAR_MONTH_NUMBER_INT" FROMINSTANCE ="SQ_R_BKGS_BY_MONTH" FROMINSTANCETYPE ="Source Qualifier" TOFIELD ="FISCAL_YEAR_QUARTER_NUMBER_INT" TOINSTANCE ="R_BKGS_BY_QUARTER" TOINSTANCETYPE ="Target Definition"/>
        <CONNECTOR FROMFIELD ="PRODUCT_KEY" FROMINSTANCE ="SQ_R_BKGS_BY_MONTH" FROMINSTANCETYPE ="Source Qualifier" TOFIELD ="PRODUCT_KEY" TOINSTANCE ="R_BKGS_BY_QUARTER" TOINSTANCETYPE ="Target Definition"/>
        <CONNECTOR FROMFIELD ="SALES_TERRITORY_KEY" FROMINSTANCE ="SQ_R_BKGS_BY_MONTH" FROMINSTANCETYPE ="Source Qualifier" TOFIELD ="SALES_TERRITORY_KEY" TOINSTANCE ="R_BKGS_BY_QUARTER" TOINSTANCETYPE ="Target Definition"/>
        <CONNECTOR FROMFIELD ="SALES_REP_NUMBER" FROMINSTANCE ="SQ_R_BKGS_BY_MONTH" FROMINSTANCETYPE ="Source Qualifier" TOFIELD ="SALES_REP_NUMBER" TOINSTANCE ="R_BKGS_BY_QUARTER" TOINSTANCETYPE ="Target Definition"/>
        <CONNECTOR FROMFIELD ="BILL_TO_CUSTOMER_KEY" FROMINSTANCE ="SQ_R_BKGS_BY_MONTH" FROMINSTANCETYPE ="Source Qualifier" TOFIELD ="BILL_TO_CUSTOMER_KEY" TOINSTANCE ="R_BKGS_BY_QUARTER" TOINSTANCETYPE ="Target Definition"/>
        <CONNECTOR FROMFIELD ="SOLD_TO_CUSTOMER_KEY" FROMINSTANCE ="SQ_R_BKGS_BY_MONTH" FROMINSTANCETYPE ="Source Qualifier" TOFIELD ="SOLD_TO_CUSTOMER_KEY" TOINSTANCE ="R_BKGS_BY_QUARTER" TOINSTANCETYPE ="Target Definition"/>
        <CONNECTOR FROMFIELD ="SHIP_TO_CUSTOMER_KEY" FROMINSTANCE ="SQ_R_BKGS_BY_MONTH" FROMINSTANCETYPE ="Source Qualifier" TOFIELD ="SHIP_TO_CUSTOMER_KEY" TOINSTANCE ="R_BKGS_BY_QUARTER" TOINSTANCETYPE ="Target Definition"/>
        <CONNECTOR FROMFIELD ="POB_TYPE_CD" FROMINSTANCE ="SQ_R_BKGS_BY_MONTH" FROMINSTANCETYPE ="Source Qualifier" TOFIELD ="POB_TYPE_CD" TOINSTANCE ="R_BKGS_BY_QUARTER" TOINSTANCETYPE ="Target Definition"/>
        <CONNECTOR FROMFIELD ="NRS_TRANSITION_FLG" FROMINSTANCE ="SQ_R_BKGS_BY_MONTH" FROMINSTANCETYPE ="Source Qualifier" TOFIELD ="NRS_TRANSITION_FLG" TOINSTANCE ="R_BKGS_BY_QUARTER" TOINSTANCETYPE ="Target Definition"/>
        <CONNECTOR FROMFIELD ="DV_PURCHASE_ADJ_DSCNT_USD_AMT" FROMINSTANCE ="SQ_R_BKGS_BY_MONTH" FROMINSTANCETYPE ="Source Qualifier" TOFIELD ="DV_PURCHASE_ADJ_DSCNT_USD_AMT" TOINSTANCE ="R_BKGS_BY_QUARTER" TOINSTANCETYPE ="Target Definition"/>
        <CONNECTOR FROMFIELD ="DV_RECURRING_OFFER_CD" FROMINSTANCE ="SQ_R_BKGS_BY_MONTH" FROMINSTANCETYPE ="Source Qualifier" TOFIELD ="DV_RECURRING_OFFER_CD" TOINSTANCE ="R_BKGS_BY_QUARTER" TOINSTANCETYPE ="Target Definition"/>
        <CONNECTOR FROMFIELD ="DV_BKG_GROSS_MGN_AMOUNT" FROMINSTANCE ="SQ_R_BKGS_BY_MONTH" FROMINSTANCETYPE ="Source Qualifier" TOFIELD ="DV_BKG_GROSS_MGN_AMT" TOINSTANCE ="R_BKGS_BY_QUARTER" TOINSTANCETYPE ="Target Definition"/>
        <CONNECTOR FROMFIELD ="DV_BGM_NON_STANDARD_COST_AMT" FROMINSTANCE ="SQ_R_BKGS_BY_MONTH" FROMINSTANCETYPE ="Source Qualifier" TOFIELD ="DV_BGM_NON_STANDARD_COST_AMT" TOINSTANCE ="R_BKGS_BY_QUARTER" TOINSTANCETYPE ="Target Definition"/>
        <CONNECTOR FROMFIELD ="SALES_MOTION_CD" FROMINSTANCE ="SQ_R_BKGS_BY_MONTH" FROMINSTANCETYPE ="Source Qualifier" TOFIELD ="SALES_MOTION_CD" TOINSTANCE ="R_BKGS_BY_QUARTER" TOINSTANCETYPE ="Target Definition"/>
        <CONNECTOR FROMFIELD ="SUMMARY_QUOTE_FLG" FROMINSTANCE ="SQ_R_BKGS_BY_MONTH" FROMINSTANCETYPE ="Source Qualifier" TOFIELD ="SUMMARY_QUOTE_FLG" TOINSTANCE ="R_BKGS_BY_QUARTER" TOINSTANCETYPE ="Target Definition"/>
        <CONNECTOR FROMFIELD ="COMP_US_COST_AMOUNT" FROMINSTANCE ="R_BKGS_BY_MONTH" FROMINSTANCETYPE ="Source Definition" TOFIELD ="COMP_US_COST_AMOUNT" TOINSTANCE ="SQ_R_BKGS_BY_MONTH" TOINSTANCETYPE ="Source Qualifier"/>
        <CONNECTOR FROMFIELD ="COMP_US_STANDARD_PRICE_AMT" FROMINSTANCE ="R_BKGS_BY_MONTH" FROMINSTANCETYPE ="Source Definition" TOFIELD ="COMP_US_STANDARD_PRICE_AMT" TOINSTANCE ="SQ_R_BKGS_BY_MONTH" TOINSTANCETYPE ="Source Qualifier"/>
        <CONNECTOR FROMFIELD ="TRADE_IN_AMOUNT" FROMINSTANCE ="R_BKGS_BY_MONTH" FROMINSTANCETYPE ="Source Definition" TOFIELD ="TRADE_IN_AMOUNT" TOINSTANCE ="SQ_R_BKGS_BY_MONTH" TOINSTANCETYPE ="Source Qualifier"/>
        <CONNECTOR FROMFIELD ="CHANNEL_DROP_SHIP_FLG" FROMINSTANCE ="R_BKGS_BY_MONTH" FROMINSTANCETYPE ="Source Definition" TOFIELD ="CHANNEL_DROP_SHIP_FLG" TOINSTANCE ="SQ_R_BKGS_BY_MONTH" TOINSTANCETYPE ="Source Qualifier"/>
        <CONNECTOR FROMFIELD ="CANCEL_CODE" FROMINSTANCE ="R_BKGS_BY_MONTH" FROMINSTANCETYPE ="Source Definition" TOFIELD ="CANCEL_CODE" TOINSTANCE ="SQ_R_BKGS_BY_MONTH" TOINSTANCETYPE ="Source Qualifier"/>
        <CONNECTOR FROMFIELD ="DV_DRCT_VAL_ADDED_DSTI_ORD_FLG" FROMINSTANCE ="R_BKGS_BY_MONTH" FROMINSTANCETYPE ="Source Definition" TOFIELD ="DV_DRCT_VAL_ADDED_DSTI_ORD_FLG" TOINSTANCE ="SQ_R_BKGS_BY_MONTH" TOINSTANCETYPE ="Source Qualifier"/>
        <CONNECTOR FROMFIELD ="DV_DRCT_VAL_ADDED_DSTI_ORD_FLG" FROMINSTANCE ="R_BKGS_BY_MONTH" FROMINSTANCETYPE ="Source Definition" TOFIELD ="DV_REVENUE_RECOGNITION_FLG" TOINSTANCE ="SQ_R_BKGS_BY_MONTH" TOINSTANCETYPE ="Source Qualifier"/>
        <CONNECTOR FROMFIELD ="DV_DRCT_VAL_ADDED_DSTI_ORD_FLG" FROMINSTANCE ="R_BKGS_BY_MONTH" FROMINSTANCETYPE ="Source Definition" TOFIELD ="DV_NET_SPREAD_FLG" TOINSTANCE ="SQ_R_BKGS_BY_MONTH" TOINSTANCETYPE ="Source Qualifier"/>
        <CONNECTOR FROMFIELD ="BILL_TO_CUSTOMER_KEY" FROMINSTANCE ="R_BKGS_BY_MONTH" FROMINSTANCETYPE ="Source Definition" TOFIELD ="BILL_TO_CUSTOMER_KEY" TOINSTANCE ="SQ_R_BKGS_BY_MONTH" TOINSTANCETYPE ="Source Qualifier"/>
        <CONNECTOR FROMFIELD ="SOLD_TO_CUSTOMER_KEY" FROMINSTANCE ="R_BKGS_BY_MONTH" FROMINSTANCETYPE ="Source Definition" TOFIELD ="SOLD_TO_CUSTOMER_KEY" TOINSTANCE ="SQ_R_BKGS_BY_MONTH" TOINSTANCETYPE ="Source Qualifier"/>
        <CONNECTOR FROMFIELD ="SHIP_TO_CUSTOMER_KEY" FROMINSTANCE ="R_BKGS_BY_MONTH" FROMINSTANCETYPE ="Source Definition" TOFIELD ="SHIP_TO_CUSTOMER_KEY" TOINSTANCE ="SQ_R_BKGS_BY_MONTH" TOINSTANCETYPE ="Source Qualifier"/>
        <CONNECTOR FROMFIELD ="END_CUSTOMER_KEY" FROMINSTANCE ="R_BKGS_BY_MONTH" FROMINSTANCETYPE ="Source Definition" TOFIELD ="END_CUSTOMER_KEY" TOINSTANCE ="SQ_R_BKGS_BY_MONTH" TOINSTANCETYPE ="Source Qualifier"/>
        <CONNECTOR FROMFIELD ="BKGS_MEASURE_TRANS_TYPE_CODE" FROMINSTANCE ="R_BKGS_BY_MONTH" FROMINSTANCETYPE ="Source Definition" TOFIELD ="BKGS_MEASURE_TRANS_TYPE_CODE" TOINSTANCE ="SQ_R_BKGS_BY_MONTH" TOINSTANCETYPE ="Source Qualifier"/>
        <CONNECTOR FROMFIELD ="DSV_FLG" FROMINSTANCE ="R_BKGS_BY_MONTH" FROMINSTANCETYPE ="Source Definition" TOFIELD ="XCAT_FLG" TOINSTANCE ="SQ_R_BKGS_BY_MONTH" TOINSTANCETYPE ="Source Qualifier"/>
        <CONNECTOR FROMFIELD ="DSV_FLG" FROMINSTANCE ="R_BKGS_BY_MONTH" FROMINSTANCETYPE ="Source Definition" TOFIELD ="DSV_FLG1" TOINSTANCE ="SQ_R_BKGS_BY_MONTH" TOINSTANCETYPE ="Source Qualifier"/>
        <CONNECTOR FROMFIELD ="DV_ATTRIBUTION_CD" FROMINSTANCE ="R_BKGS_BY_MONTH" FROMINSTANCETYPE ="Source Definition" TOFIELD ="RECURRING_OFFER_FLG" TOINSTANCE ="SQ_R_BKGS_BY_MONTH" TOINSTANCETYPE ="Source Qualifier"/>
        <CONNECTOR FROMFIELD ="DV_FMV_FLG" FROMINSTANCE ="R_BKGS_BY_MONTH" FROMINSTANCETYPE ="Source Definition" TOFIELD ="ELA_FLG" TOINSTANCE ="SQ_R_BKGS_BY_MONTH" TOINSTANCETYPE ="Source Qualifier"/>
        <CONNECTOR FROMFIELD ="SALES_REP_NUMBER" FROMINSTANCE ="R_BKGS_BY_MONTH" FROMINSTANCETYPE ="Source Definition" TOFIELD ="POB_TYPE_CD" TOINSTANCE ="SQ_R_BKGS_BY_MONTH" TOINSTANCETYPE ="Source Qualifier"/>
        <CONNECTOR FROMFIELD ="DSV_FLG" FROMINSTANCE ="R_BKGS_BY_MONTH" FROMINSTANCETYPE ="Source Definition" TOFIELD ="DV_RECURRING_OFFER_CD" TOINSTANCE ="SQ_R_BKGS_BY_MONTH" TOINSTANCETYPE ="Source Qualifier"/>
        <CONNECTOR FROMFIELD ="PARTNER_PARTY_SITE_KEY" FROMINSTANCE ="R_BKGS_BY_MONTH" FROMINSTANCETYPE ="Source Definition" TOFIELD ="PARTNER_PARTY_SITE_KEY" TOINSTANCE ="SQ_R_BKGS_BY_MONTH" TOINSTANCETYPE ="Source Qualifier"/>
        <CONNECTOR FROMFIELD ="WIPS_ORIGINATOR_ID_INT" FROMINSTANCE ="R_BKGS_BY_MONTH" FROMINSTANCETYPE ="Source Definition" TOFIELD ="WIPS_ORIGINATOR_ID_INT" TOINSTANCE ="SQ_R_BKGS_BY_MONTH" TOINSTANCETYPE ="Source Qualifier"/>
        <CONNECTOR FROMFIELD ="SALESREP_FLAG" FROMINSTANCE ="R_BKGS_BY_MONTH" FROMINSTANCETYPE ="Source Definition" TOFIELD ="SALESREP_FLAG" TOINSTANCE ="SQ_R_BKGS_BY_MONTH" TOINSTANCETYPE ="Source Qualifier"/>
        <CONNECTOR FROMFIELD ="SERVICE_FLAG" FROMINSTANCE ="R_BKGS_BY_MONTH" FROMINSTANCETYPE ="Source Definition" TOFIELD ="SERVICE_FLAG" TOINSTANCE ="SQ_R_BKGS_BY_MONTH" TOINSTANCETYPE ="Source Qualifier"/>
        <CONNECTOR FROMFIELD ="REVENUE_TRANSFER_KEY" FROMINSTANCE ="R_BKGS_BY_MONTH" FROMINSTANCETYPE ="Source Definition" TOFIELD ="REVENUE_TRANSFER_KEY" TOINSTANCE ="SQ_R_BKGS_BY_MONTH" TOINSTANCETYPE ="Source Qualifier"/>
        <CONNECTOR FROMFIELD ="DV_DRCT_VAL_ADDED_DSTI_ORD_FLG" FROMINSTANCE ="R_BKGS_BY_MONTH" FROMINSTANCETYPE ="Source Definition" TOFIELD ="DV_CORPORATE_BOOKING_FLG" TOINSTANCE ="SQ_R_BKGS_BY_MONTH" TOINSTANCETYPE ="Source Qualifier"/>
        <CONNECTOR FROMFIELD ="DV_FMV_FLG" FROMINSTANCE ="R_BKGS_BY_MONTH" FROMINSTANCETYPE ="Source Definition" TOFIELD ="DV_FMV_FLG" TOINSTANCE ="SQ_R_BKGS_BY_MONTH" TOINSTANCETYPE ="Source Qualifier"/>
        <CONNECTOR FROMFIELD ="DSV_FLG" FROMINSTANCE ="R_BKGS_BY_MONTH" FROMINSTANCETYPE ="Source Definition" TOFIELD ="DSV_FLG" TOINSTANCE ="SQ_R_BKGS_BY_MONTH" TOINSTANCETYPE ="Source Qualifier"/>
        <CONNECTOR FROMFIELD ="CALENDAR_YEAR_QUARTER_NUMBER_INT" FROMINSTANCE ="R_BKGS_BY_MONTH" FROMINSTANCETYPE ="Source Definition" TOFIELD ="CALENDAR_YEAR_QUARTER_NUMBER_INT" TOINSTANCE ="SQ_R_BKGS_BY_MONTH" TOINSTANCETYPE ="Source Qualifier"/>
        <CONNECTOR FROMFIELD ="SALES_REP_NUMBER" FROMINSTANCE ="R_BKGS_BY_MONTH" FROMINSTANCETYPE ="Source Definition" TOFIELD ="DV_ROUTE_TO_MARKET_CD" TOINSTANCE ="SQ_R_BKGS_BY_MONTH" TOINSTANCETYPE ="Source Qualifier"/>
        <CONNECTOR FROMFIELD ="SALES_REP_NUMBER" FROMINSTANCE ="R_BKGS_BY_MONTH" FROMINSTANCETYPE ="Source Definition" TOFIELD ="DV_AS_OF_FSC_MTH_RTM_CD" TOINSTANCE ="SQ_R_BKGS_BY_MONTH" TOINSTANCETYPE ="Source Qualifier"/>
        <CONNECTOR FROMFIELD ="FISCAL_YEAR_MONTH_NUMBER_INT" FROMINSTANCE ="R_BKGS_BY_MONTH" FROMINSTANCETYPE ="Source Definition" TOFIELD ="FISCAL_YEAR_MONTH_NUMBER_INT" TOINSTANCE ="SQ_R_BKGS_BY_MONTH" TOINSTANCETYPE ="Source Qualifier"/>
        <CONNECTOR FROMFIELD ="PRODUCT_KEY" FROMINSTANCE ="R_BKGS_BY_MONTH" FROMINSTANCETYPE ="Source Definition" TOFIELD ="PRODUCT_KEY" TOINSTANCE ="SQ_R_BKGS_BY_MONTH" TOINSTANCETYPE ="Source Qualifier"/>
        <CONNECTOR FROMFIELD ="SALES_TERRITORY_KEY" FROMINSTANCE ="R_BKGS_BY_MONTH" FROMINSTANCETYPE ="Source Definition" TOFIELD ="SALES_TERRITORY_KEY" TOINSTANCE ="SQ_R_BKGS_BY_MONTH" TOINSTANCETYPE ="Source Qualifier"/>
        <CONNECTOR FROMFIELD ="SALES_REP_NUMBER" FROMINSTANCE ="R_BKGS_BY_MONTH" FROMINSTANCETYPE ="Source Definition" TOFIELD ="SALES_REP_NUMBER" TOINSTANCE ="SQ_R_BKGS_BY_MONTH" TOINSTANCETYPE ="Source Qualifier"/>
        <CONNECTOR FROMFIELD ="CHANNEL_BOOKING_FLAG" FROMINSTANCE ="R_BKGS_BY_MONTH" FROMINSTANCETYPE ="Source Definition" TOFIELD ="CHANNEL_BOOKING_FLAG" TOINSTANCE ="SQ_R_BKGS_BY_MONTH" TOINSTANCETYPE ="Source Qualifier"/>
        <CONNECTOR FROMFIELD ="EXTENDED_HOLD_QUANTITY" FROMINSTANCE ="R_BKGS_BY_MONTH" FROMINSTANCETYPE ="Source Definition" TOFIELD ="EXTENDED_HOLD_QUANTITY" TOINSTANCE ="SQ_R_BKGS_BY_MONTH" TOINSTANCETYPE ="Source Qualifier"/>
        <CONNECTOR FROMFIELD ="EXTENDED_QUANTITY" FROMINSTANCE ="R_BKGS_BY_MONTH" FROMINSTANCETYPE ="Source Definition" TOFIELD ="EXTENDED_QUANTITY" TOINSTANCE ="SQ_R_BKGS_BY_MONTH" TOINSTANCETYPE ="Source Qualifier"/>
        <CONNECTOR FROMFIELD ="COMP_US_LIST_PRICE_AMOUNT" FROMINSTANCE ="R_BKGS_BY_MONTH" FROMINSTANCETYPE ="Source Definition" TOFIELD ="COMP_US_LIST_PRICE_AMOUNT" TOINSTANCE ="SQ_R_BKGS_BY_MONTH" TOINSTANCETYPE ="Source Qualifier"/>
        <CONNECTOR FROMFIELD ="COMP_US_HOLD_LIST_PRICE_AMT" FROMINSTANCE ="R_BKGS_BY_MONTH" FROMINSTANCETYPE ="Source Definition" TOFIELD ="COMP_US_HOLD_LIST_PRICE_AMT" TOINSTANCE ="SQ_R_BKGS_BY_MONTH" TOINSTANCETYPE ="Source Qualifier"/>
        <CONNECTOR FROMFIELD ="COMP_US_HOLD_NET_PRICE_AMT" FROMINSTANCE ="R_BKGS_BY_MONTH" FROMINSTANCETYPE ="Source Definition" TOFIELD ="COMP_US_HOLD_NET_PRICE_AMT" TOINSTANCE ="SQ_R_BKGS_BY_MONTH" TOINSTANCETYPE ="Source Qualifier"/>
        <CONNECTOR FROMFIELD ="COMP_US_HOLD_COST_AMOUNT" FROMINSTANCE ="R_BKGS_BY_MONTH" FROMINSTANCETYPE ="Source Definition" TOFIELD ="COMP_US_HOLD_COST_AMOUNT" TOINSTANCE ="SQ_R_BKGS_BY_MONTH" TOINSTANCETYPE ="Source Qualifier"/>
        <CONNECTOR FROMFIELD ="COMP_US_NET_PRICE_AMOUNT" FROMINSTANCE ="R_BKGS_BY_MONTH" FROMINSTANCETYPE ="Source Definition" TOFIELD ="COMP_US_NET_PRICE_AMOUNT" TOINSTANCE ="SQ_R_BKGS_BY_MONTH" TOINSTANCETYPE ="Source Qualifier"/>
        <CONNECTOR FROMFIELD ="COMP_US_NET_PRICE_AMOUNT" FROMINSTANCE ="R_BKGS_BY_MONTH" FROMINSTANCETYPE ="Source Definition" TOFIELD ="DV_BKG_GROSS_MGN_AMOUNT" TOINSTANCE ="SQ_R_BKGS_BY_MONTH" TOINSTANCETYPE ="Source Qualifier"/>
        <CONNECTOR FROMFIELD ="COMP_US_COST_AMOUNT" FROMINSTANCE ="R_BKGS_BY_MONTH" FROMINSTANCETYPE ="Source Definition" TOFIELD ="DV_BGM_NON_STANDARD_COST_AMT" TOINSTANCE ="SQ_R_BKGS_BY_MONTH" TOINSTANCETYPE ="Source Qualifier"/>
        <TARGETLOADORDER ORDER ="1" TARGETINSTANCE ="R_BKGS_BY_QUARTER"/>
        <MAPPINGVARIABLE AGGFUNCTION ="MAX" DATATYPE ="string" DEFAULTVALUE ="" DESCRIPTION ="" ISEXPRESSIONVARIABLE ="NO" ISPARAM ="NO" NAME ="$$COMREFVWDB" PRECISION ="30" SCALE ="0" USERDEFINED ="YES"/>
        <MAPPINGVARIABLE AGGFUNCTION ="MAX" DATATYPE ="string" DEFAULTVALUE ="" DESCRIPTION ="" ISEXPRESSIONVARIABLE ="NO" ISPARAM ="NO" NAME ="$$SLSORDVWDB" PRECISION ="30" SCALE ="0" USERDEFINED ="YES"/>
        <MAPPINGVARIABLE AGGFUNCTION ="MAX" DATATYPE ="string" DEFAULTVALUE ="" DESCRIPTION ="" ISEXPRESSIONVARIABLE ="NO" ISPARAM ="NO" NAME ="$$SLSORDDB" PRECISION ="30" SCALE ="0" USERDEFINED ="YES"/>
        <ERPINFO/>
    </MAPPING>
    <WORKFLOW DESCRIPTION ="" ISENABLED ="YES" ISRUNNABLESERVICE ="NO" ISSERVICE ="NO" ISVALID ="YES" NAME ="wf_R_BKGS_BY_QUARTER" REUSABLE_SCHEDULER ="NO" SCHEDULERNAME ="Scheduler" SERVERNAME ="EDW_DV4_Dev_961_Integration_Service" SERVER_DOMAINNAME ="Domain_EDW_Dev_961" SUSPEND_ON_ERROR ="NO" TASKS_MUST_RUN_ON_SERVER ="NO" VERSIONNUMBER ="13">
        <SCHEDULER DESCRIPTION ="" NAME ="Scheduler" REUSABLE ="NO" VERSIONNUMBER ="11">
            <SCHEDULEINFO SCHEDULETYPE ="ONDEMAND"/>
        </SCHEDULER>
        <TASK DESCRIPTION ="" NAME ="Start" REUSABLE ="NO" TYPE ="Start" VERSIONNUMBER ="11"/>
        <SESSION DESCRIPTION ="" ISVALID ="YES" MAPPINGNAME ="m_R_BKGS_BY_QUARTER" NAME ="s_m_R_BKGS_BY_QUARTER" REUSABLE ="NO" SORTORDER ="Binary" VERSIONNUMBER ="11">
            <SESSTRANSFORMATIONINST ISREPARTITIONPOINT ="YES" PARTITIONTYPE ="PASS THROUGH" PIPELINE ="1" SINSTANCENAME ="R_BKGS_BY_QUARTER" STAGE ="1" TRANSFORMATIONNAME ="R_BKGS_BY_QUARTER" TRANSFORMATIONTYPE ="Target Definition">
                <ATTRIBUTE NAME ="Table Name Prefix" VALUE ="$$SLSORDVWDB"/>
                <ATTRIBUTE NAME ="Pre SQL" VALUE ="DELETE FROM $$SLSORDVWDB.R_BKGS_BY_QUARTER ALL;"/>
                <ATTRIBUTE NAME ="Post SQL" VALUE ="CALL COLLECT_STATS_WRAP (&apos;$$SLSORDDB&apos;,&apos;R_BKGS_BY_QUARTER&apos;,&apos;D&apos;);"/>
            </SESSTRANSFORMATIONINST>
            <SESSTRANSFORMATIONINST ISREPARTITIONPOINT ="NO" PIPELINE ="0" SINSTANCENAME ="R_BKGS_BY_MONTH" STAGE ="0" TRANSFORMATIONNAME ="R_BKGS_BY_MONTH" TRANSFORMATIONTYPE ="Source Definition"/>
            <SESSTRANSFORMATIONINST ISREPARTITIONPOINT ="YES" PARTITIONTYPE ="PASS THROUGH" PIPELINE ="1" SINSTANCENAME ="SQ_R_BKGS_BY_MONTH" STAGE ="2" TRANSFORMATIONNAME ="SQ_R_BKGS_BY_MONTH" TRANSFORMATIONTYPE ="Source Qualifier"/>
            <CONFIGREFERENCE REFOBJECTNAME ="default_session_config" TYPE ="Session config">
                <ATTRIBUTE NAME ="Pre 85 Timestamp Compatibility" VALUE ="YES"/>
                <ATTRIBUTE NAME ="Save session log for these runs" VALUE ="5"/>
                <ATTRIBUTE NAME ="Stop on errors" VALUE ="1"/>
                <ATTRIBUTE NAME ="Override tracing" VALUE ="Normal"/>
            </CONFIGREFERENCE>
            <SESSIONEXTENSION NAME ="Relational Writer" SINSTANCENAME ="R_BKGS_BY_QUARTER" SUBTYPE ="Relational Writer" TRANSFORMATIONTYPE ="Target Definition" TYPE ="WRITER">
                <CONNECTIONREFERENCE CNXREFNAME ="DB Connection" CONNECTIONNAME ="TD_E_SLSORD_BATCH" CONNECTIONNUMBER ="1" CONNECTIONSUBTYPE ="Teradata" CONNECTIONTYPE ="Relational" VARIABLE =""/>
                <ATTRIBUTE NAME ="Target load type" VALUE ="Bulk"/>
                <ATTRIBUTE NAME ="Insert" VALUE ="YES"/>
                <ATTRIBUTE NAME ="Update as Update" VALUE ="NO"/>
                <ATTRIBUTE NAME ="Update as Insert" VALUE ="NO"/>
                <ATTRIBUTE NAME ="Update else Insert" VALUE ="NO"/>
                <ATTRIBUTE NAME ="Delete" VALUE ="NO"/>
                <ATTRIBUTE NAME ="Truncate target table option" VALUE ="NO"/>
                <ATTRIBUTE NAME ="Reject file directory" VALUE ="$PMRootDir/DATA/EDWTD_BKG_AGGRS/reject"/>
                <ATTRIBUTE NAME ="Reject filename" VALUE ="r_bkgs_by_quarter1.bad"/>
            </SESSIONEXTENSION>
            <SESSIONEXTENSION DSQINSTNAME ="SQ_R_BKGS_BY_MONTH" DSQINSTTYPE ="Source Qualifier" NAME ="Relational Reader" SINSTANCENAME ="R_BKGS_BY_MONTH" SUBTYPE ="Relational Reader" TRANSFORMATIONTYPE ="Source Definition" TYPE ="READER"/>
            <SESSIONEXTENSION NAME ="Relational Reader" SINSTANCENAME ="SQ_R_BKGS_BY_MONTH" SUBTYPE ="Relational Reader" TRANSFORMATIONTYPE ="Source Qualifier" TYPE ="READER">
                <CONNECTIONREFERENCE CNXREFNAME ="DB Connection" CONNECTIONNAME ="TD_E_SLSORD_BATCH" CONNECTIONNUMBER ="1" CONNECTIONSUBTYPE ="Teradata" CONNECTIONTYPE ="Relational" VARIABLE =""/>
            </SESSIONEXTENSION>
            <ATTRIBUTE NAME ="General Options" VALUE =""/>
            <ATTRIBUTE NAME ="Write Backward Compatible Session Log File" VALUE ="NO"/>
            <ATTRIBUTE NAME ="Session Log File Name" VALUE ="s_m_R_BKGS_BY_QUARTER.log"/>
            <ATTRIBUTE NAME ="Session Log File directory" VALUE ="$PMSessionLogDir&#x5c;"/>
            <ATTRIBUTE NAME ="Parameter Filename" VALUE ="$PMRootDir/ctrl/db.parm"/>
            <ATTRIBUTE NAME ="Enable Test Load" VALUE ="NO"/>
            <ATTRIBUTE NAME ="$Source connection value" VALUE =""/>
            <ATTRIBUTE NAME ="$Target connection value" VALUE =""/>
            <ATTRIBUTE NAME ="Treat source rows as" VALUE ="Insert"/>
            <ATTRIBUTE NAME ="Commit Type" VALUE ="Target"/>
            <ATTRIBUTE NAME ="Commit Interval" VALUE ="10000"/>
            <ATTRIBUTE NAME ="Commit On End Of File" VALUE ="YES"/>
            <ATTRIBUTE NAME ="Rollback Transactions on Errors" VALUE ="NO"/>
            <ATTRIBUTE NAME ="Recovery Strategy" VALUE ="Fail task and continue workflow"/>
            <ATTRIBUTE NAME ="Java Classpath" VALUE =""/>
            <ATTRIBUTE NAME ="Performance" VALUE =""/>
            <ATTRIBUTE NAME ="DTM buffer size" VALUE ="Auto"/>
            <ATTRIBUTE NAME ="Collect performance data" VALUE ="NO"/>
            <ATTRIBUTE NAME ="Write performance data to repository" VALUE ="NO"/>
            <ATTRIBUTE NAME ="Incremental Aggregation" VALUE ="NO"/>
            <ATTRIBUTE NAME ="Enable high precision" VALUE ="NO"/>
            <ATTRIBUTE NAME ="Session retry on deadlock" VALUE ="NO"/>
            <ATTRIBUTE NAME ="Pushdown Optimization" VALUE ="Full"/>
            <ATTRIBUTE NAME ="Allow Temporary View for Pushdown" VALUE ="NO"/>
            <ATTRIBUTE NAME ="Allow Temporary Sequence for Pushdown" VALUE ="NO"/>
            <ATTRIBUTE NAME ="Allow Pushdown for User Incompatible Connections" VALUE ="NO"/>
        </SESSION>
        <TASKINSTANCE DESCRIPTION ="" FAIL_PARENT_IF_INSTANCE_DID_NOT_RUN ="YES" FAIL_PARENT_IF_INSTANCE_FAILS ="YES" ISENABLED ="YES" NAME ="s_m_MT_POS_DISTRIBUTOR" REUSABLE ="YES" TASKNAME ="s_m_MT_POS_DISTRIBUTOR" TASKTYPE ="Session" TREAT_INPUTLINK_AS_AND ="YES">
            <CONFIGREFERENCE REFOBJECTNAME ="default_session_config" TYPE ="Session config">
                <ATTRIBUTE NAME ="Pre 85 Timestamp Compatibility" VALUE ="YES"/>
                <ATTRIBUTE NAME ="Save session log for these runs" VALUE ="5"/>
                <ATTRIBUTE NAME ="Stop on errors" VALUE ="1"/>
                <ATTRIBUTE NAME ="Override tracing" VALUE ="Normal"/>
            </CONFIGREFERENCE>
            <SESSIONEXTENSION NAME ="Relational Writer" SINSTANCENAME ="MT_POS_DISTRIBUTOR" SUBTYPE ="Relational Writer" TRANSFORMATIONTYPE ="Target Definition" TYPE ="WRITER">
                <ATTRIBUTE NAME ="Target load type" VALUE ="Bulk"/>
                <ATTRIBUTE NAME ="Update as Update" VALUE ="NO"/>
                <ATTRIBUTE NAME ="Update as Insert" VALUE ="NO"/>
                <ATTRIBUTE NAME ="Update else Insert" VALUE ="NO"/>
                <ATTRIBUTE NAME ="Delete" VALUE ="NO"/>
                <ATTRIBUTE NAME ="Reject file directory" VALUE ="$PMRootDir/DATA/EDWTD_BKG_AGGRS/reject"/>
            </SESSIONEXTENSION>
        </TASKINSTANCE>
        <TASKINSTANCE DESCRIPTION ="" FAIL_PARENT_IF_INSTANCE_DID_NOT_RUN ="YES" FAIL_PARENT_IF_INSTANCE_FAILS ="YES" ISENABLED ="YES" NAME ="s_m_R_BKGS_BY_QUARTER" REUSABLE ="NO" TASKNAME ="s_m_R_BKGS_BY_QUARTER" TASKTYPE ="Session" TREAT_INPUTLINK_AS_AND ="YES"/>
        <TASKINSTANCE DESCRIPTION ="" ISENABLED ="YES" NAME ="Start" REUSABLE ="NO" TASKNAME ="Start" TASKTYPE ="Start"/>
        <WORKFLOWLINK CONDITION ="$s_m_R_BKGS_BY_QUARTER.PrevTaskStatus = SUCCEEDED" FROMTASK ="s_m_R_BKGS_BY_QUARTER" TOTASK ="s_m_MT_POS_DISTRIBUTOR"/>
        <WORKFLOWLINK CONDITION ="" FROMTASK ="Start" TOTASK ="s_m_R_BKGS_BY_QUARTER"/>
        <WORKFLOWVARIABLE DATATYPE ="date/time" DEFAULTVALUE ="" DESCRIPTION ="The time this task started" ISNULL ="NO" ISPERSISTENT ="NO" NAME ="$s_m_MT_POS_DISTRIBUTOR.StartTime" USERDEFINED ="NO"/>
        <WORKFLOWVARIABLE DATATYPE ="date/time" DEFAULTVALUE ="" DESCRIPTION ="The time this task completed" ISNULL ="NO" ISPERSISTENT ="NO" NAME ="$s_m_MT_POS_DISTRIBUTOR.EndTime" USERDEFINED ="NO"/>
        <WORKFLOWVARIABLE DATATYPE ="integer" DEFAULTVALUE ="" DESCRIPTION ="Status of this task&apos;s execution" ISNULL ="NO" ISPERSISTENT ="NO" NAME ="$s_m_MT_POS_DISTRIBUTOR.Status" USERDEFINED ="NO"/>
        <WORKFLOWVARIABLE DATATYPE ="integer" DEFAULTVALUE ="" DESCRIPTION ="Status of the previous task that is not disabled" ISNULL ="NO" ISPERSISTENT ="NO" NAME ="$s_m_MT_POS_DISTRIBUTOR.PrevTaskStatus" USERDEFINED ="NO"/>
        <WORKFLOWVARIABLE DATATYPE ="integer" DEFAULTVALUE ="" DESCRIPTION ="Error code for this task&apos;s execution" ISNULL ="NO" ISPERSISTENT ="NO" NAME ="$s_m_MT_POS_DISTRIBUTOR.ErrorCode" USERDEFINED ="NO"/>
        <WORKFLOWVARIABLE DATATYPE ="string" DEFAULTVALUE ="" DESCRIPTION ="Error message for this task&apos;s execution" ISNULL ="NO" ISPERSISTENT ="NO" NAME ="$s_m_MT_POS_DISTRIBUTOR.ErrorMsg" USERDEFINED ="NO"/>
        <WORKFLOWVARIABLE DATATYPE ="integer" DEFAULTVALUE ="" DESCRIPTION ="Rows successfully read" ISNULL ="NO" ISPERSISTENT ="NO" NAME ="$s_m_MT_POS_DISTRIBUTOR.SrcSuccessRows" USERDEFINED ="NO"/>
        <WORKFLOWVARIABLE DATATYPE ="integer" DEFAULTVALUE ="" DESCRIPTION ="Rows failed to read" ISNULL ="NO" ISPERSISTENT ="NO" NAME ="$s_m_MT_POS_DISTRIBUTOR.SrcFailedRows" USERDEFINED ="NO"/>
        <WORKFLOWVARIABLE DATATYPE ="integer" DEFAULTVALUE ="" DESCRIPTION ="Rows successfully loaded" ISNULL ="NO" ISPERSISTENT ="NO" NAME ="$s_m_MT_POS_DISTRIBUTOR.TgtSuccessRows" USERDEFINED ="NO"/>
        <WORKFLOWVARIABLE DATATYPE ="integer" DEFAULTVALUE ="" DESCRIPTION ="Rows failed to load" ISNULL ="NO" ISPERSISTENT ="NO" NAME ="$s_m_MT_POS_DISTRIBUTOR.TgtFailedRows" USERDEFINED ="NO"/>
        <WORKFLOWVARIABLE DATATYPE ="integer" DEFAULTVALUE ="" DESCRIPTION ="Total number of transformation errors" ISNULL ="NO" ISPERSISTENT ="NO" NAME ="$s_m_MT_POS_DISTRIBUTOR.TotalTransErrors" USERDEFINED ="NO"/>
        <WORKFLOWVARIABLE DATATYPE ="integer" DEFAULTVALUE ="" DESCRIPTION ="First error code" ISNULL ="NO" ISPERSISTENT ="NO" NAME ="$s_m_MT_POS_DISTRIBUTOR.FirstErrorCode" USERDEFINED ="NO"/>
        <WORKFLOWVARIABLE DATATYPE ="string" DEFAULTVALUE ="" DESCRIPTION ="First error message" ISNULL ="NO" ISPERSISTENT ="NO" NAME ="$s_m_MT_POS_DISTRIBUTOR.FirstErrorMsg" USERDEFINED ="NO"/>
        <WORKFLOWVARIABLE DATATYPE ="date/time" DEFAULTVALUE ="" DESCRIPTION ="The time this task started" ISNULL ="NO" ISPERSISTENT ="NO" NAME ="$s_m_R_BKGS_BY_QUARTER.StartTime" USERDEFINED ="NO"/>
        <WORKFLOWVARIABLE DATATYPE ="date/time" DEFAULTVALUE ="" DESCRIPTION ="The time this task completed" ISNULL ="NO" ISPERSISTENT ="NO" NAME ="$s_m_R_BKGS_BY_QUARTER.EndTime" USERDEFINED ="NO"/>
        <WORKFLOWVARIABLE DATATYPE ="integer" DEFAULTVALUE ="" DESCRIPTION ="Status of this task&apos;s execution" ISNULL ="NO" ISPERSISTENT ="NO" NAME ="$s_m_R_BKGS_BY_QUARTER.Status" USERDEFINED ="NO"/>
        <WORKFLOWVARIABLE DATATYPE ="integer" DEFAULTVALUE ="" DESCRIPTION ="Status of the previous task that is not disabled" ISNULL ="NO" ISPERSISTENT ="NO" NAME ="$s_m_R_BKGS_BY_QUARTER.PrevTaskStatus" USERDEFINED ="NO"/>
        <WORKFLOWVARIABLE DATATYPE ="integer" DEFAULTVALUE ="" DESCRIPTION ="Error code for this task&apos;s execution" ISNULL ="NO" ISPERSISTENT ="NO" NAME ="$s_m_R_BKGS_BY_QUARTER.ErrorCode" USERDEFINED ="NO"/>
        <WORKFLOWVARIABLE DATATYPE ="string" DEFAULTVALUE ="" DESCRIPTION ="Error message for this task&apos;s execution" ISNULL ="NO" ISPERSISTENT ="NO" NAME ="$s_m_R_BKGS_BY_QUARTER.ErrorMsg" USERDEFINED ="NO"/>
        <WORKFLOWVARIABLE DATATYPE ="integer" DEFAULTVALUE ="" DESCRIPTION ="Rows successfully read" ISNULL ="NO" ISPERSISTENT ="NO" NAME ="$s_m_R_BKGS_BY_QUARTER.SrcSuccessRows" USERDEFINED ="NO"/>
        <WORKFLOWVARIABLE DATATYPE ="integer" DEFAULTVALUE ="" DESCRIPTION ="Rows failed to read" ISNULL ="NO" ISPERSISTENT ="NO" NAME ="$s_m_R_BKGS_BY_QUARTER.SrcFailedRows" USERDEFINED ="NO"/>
        <WORKFLOWVARIABLE DATATYPE ="integer" DEFAULTVALUE ="" DESCRIPTION ="Rows successfully loaded" ISNULL ="NO" ISPERSISTENT ="NO" NAME ="$s_m_R_BKGS_BY_QUARTER.TgtSuccessRows" USERDEFINED ="NO"/>
        <WORKFLOWVARIABLE DATATYPE ="integer" DEFAULTVALUE ="" DESCRIPTION ="Rows failed to load" ISNULL ="NO" ISPERSISTENT ="NO" NAME ="$s_m_R_BKGS_BY_QUARTER.TgtFailedRows" USERDEFINED ="NO"/>
        <WORKFLOWVARIABLE DATATYPE ="integer" DEFAULTVALUE ="" DESCRIPTION ="Total number of transformation errors" ISNULL ="NO" ISPERSISTENT ="NO" NAME ="$s_m_R_BKGS_BY_QUARTER.TotalTransErrors" USERDEFINED ="NO"/>
        <WORKFLOWVARIABLE DATATYPE ="integer" DEFAULTVALUE ="" DESCRIPTION ="First error code" ISNULL ="NO" ISPERSISTENT ="NO" NAME ="$s_m_R_BKGS_BY_QUARTER.FirstErrorCode" USERDEFINED ="NO"/>
        <WORKFLOWVARIABLE DATATYPE ="string" DEFAULTVALUE ="" DESCRIPTION ="First error message" ISNULL ="NO" ISPERSISTENT ="NO" NAME ="$s_m_R_BKGS_BY_QUARTER.FirstErrorMsg" USERDEFINED ="NO"/>
        <WORKFLOWVARIABLE DATATYPE ="date/time" DEFAULTVALUE ="" DESCRIPTION ="The time this task started" ISNULL ="NO" ISPERSISTENT ="NO" NAME ="$Start.StartTime" USERDEFINED ="NO"/>
        <WORKFLOWVARIABLE DATATYPE ="date/time" DEFAULTVALUE ="" DESCRIPTION ="The time this task completed" ISNULL ="NO" ISPERSISTENT ="NO" NAME ="$Start.EndTime" USERDEFINED ="NO"/>
        <WORKFLOWVARIABLE DATATYPE ="integer" DEFAULTVALUE ="" DESCRIPTION ="Status of this task&apos;s execution" ISNULL ="NO" ISPERSISTENT ="NO" NAME ="$Start.Status" USERDEFINED ="NO"/>
        <WORKFLOWVARIABLE DATATYPE ="integer" DEFAULTVALUE ="" DESCRIPTION ="Status of the previous task that is not disabled" ISNULL ="NO" ISPERSISTENT ="NO" NAME ="$Start.PrevTaskStatus" USERDEFINED ="NO"/>
        <WORKFLOWVARIABLE DATATYPE ="integer" DEFAULTVALUE ="" DESCRIPTION ="Error code for this task&apos;s execution" ISNULL ="NO" ISPERSISTENT ="NO" NAME ="$Start.ErrorCode" USERDEFINED ="NO"/>
        <WORKFLOWVARIABLE DATATYPE ="string" DEFAULTVALUE ="" DESCRIPTION ="Error message for this task&apos;s execution" ISNULL ="NO" ISPERSISTENT ="NO" NAME ="$Start.ErrorMsg" USERDEFINED ="NO"/>
        <ATTRIBUTE NAME ="Parameter Filename" VALUE =""/>
        <ATTRIBUTE NAME ="Write Backward Compatible Workflow Log File" VALUE ="NO"/>
        <ATTRIBUTE NAME ="Workflow Log File Name" VALUE ="wf_R_BKGS_BY_QUARTER.log"/>
        <ATTRIBUTE NAME ="Workflow Log File Directory" VALUE ="$PMWorkflowLogDir&#x5c;"/>
        <ATTRIBUTE NAME ="Save Workflow log by" VALUE ="By runs"/>
        <ATTRIBUTE NAME ="Save workflow log for these runs" VALUE ="0"/>
        <ATTRIBUTE NAME ="Service Name" VALUE =""/>
        <ATTRIBUTE NAME ="Service Timeout" VALUE ="0"/>
        <ATTRIBUTE NAME ="Is Service Visible" VALUE ="NO"/>
        <ATTRIBUTE NAME ="Is Service Protected" VALUE ="NO"/>
        <ATTRIBUTE NAME ="Fail task after wait time" VALUE ="0"/>
        <ATTRIBUTE NAME ="Enable HA recovery" VALUE ="NO"/>
        <ATTRIBUTE NAME ="Automatically recover terminated tasks" VALUE ="NO"/>
        <ATTRIBUTE NAME ="Service Level Name" VALUE ="Default"/>
        <ATTRIBUTE NAME ="Allow concurrent run with unique run instance name" VALUE ="NO"/>
        <ATTRIBUTE NAME ="Allow concurrent run with same run instance name" VALUE ="NO"/>
        <ATTRIBUTE NAME ="Maximum number of concurrent runs" VALUE ="0"/>
        <ATTRIBUTE NAME ="Assigned Web Services Hubs" VALUE =""/>
        <ATTRIBUTE NAME ="Maximum number of concurrent runs per Hub" VALUE ="1000"/>
        <ATTRIBUTE NAME ="Expected Service Time" VALUE ="1"/>
    </WORKFLOW>
</FOLDER>
</REPOSITORY>
</POWERMART>