ID|Name|Address|City|PostCode|State|Company|Contact
8E291674-9788-DA89-6FC3-9568B21293AD|Vladimir Knight|139-6823 Orci, Rd.|Liverpool|1012|NSW|Cum Sociis Natoque Foundation|4225-4691
8A4564A6-49E2-4EA5-9604-C26B77F4ECC3|Brennan Trujillo|Ap #503-223 Sed Rd.|Dubbo|1074|NSW|Consectetuer Adipiscing Elit LLC|2564-3192
819B8B2E-B236-1B06-5748-26A35617D7F9|Igor Mckenzie|736-9250 Adipiscing Rd.|Gold Coast|6006|QLD|Ultrices Mauris Company|3862-1586
20C71855-36CF-ADC9-C5B9-EA31D32259A5|Prescott Ferrell|Ap #547-2966 At, Street|Bundaberg|1014|QLD|Vestibulum Accumsan Neque Corp.|7020-3603
5DBBA8A8-7D41-3DC5-FD55-02F03F52CC0B|Fritz Richards|1644 Orci St.|Devonport|7720|TAS|Aptent Taciti Limited|4027-7714
CE5AA7A7-DE3B-B8EF-A066-6C712D52CEE2|Ignatius Harris|P.O. Box 633, 6816 Dui Road|Hamilton|8524|VIC|Mus LLC|8857-1591
C5E64A0C-579B-7E53-C8B4-D5643AA901BD|Jared Blackwell|265-2068 Nunc Avenue|Melbourne|2012|VIC|Dui Company|3244-1630
0B44E7C1-ABE2-3EFB-D118-78A363E99436|Marshall William|P.O. Box 632, 4673 Amet Ave|Townsville|7165|QLD|Tellus Non Magna Corp.|3109-7156
E127A35B-ABB1-59B8-C8A5-2854883CC46B|Elijah Wood|Ap #503-8597 Morbi Rd.|Wagga Wagga|4323|NSW|Eu Incorporated|6127-0203
D1E7E9C2-EBA1-8EFD-2F8A-7D0A7780BDCF|Jacob Wood|Ap #701-8163 In Road|Port Pirie|3375|SA|Semper Rutrum Fusce Foundation|8900-2312
B17C6EF6-E14E-94C6-5E9D-8B16F7830DFE|Kyle Frost|9476 Posuere St.|Frankston|6899|VIC|In Hendrerit Consectetuer Foundation|3603-7015
BCDCB646-E63B-8633-1367-F8915D86857D|Arden Harrison|P.O. Box 115, 4135 Ac, St.|Ipswich|7275|QLD|Curabitur Corp.|3762-6036
33F714FA-A31B-393C-E916-D56D32379605|Axel Snider|Ap #919-5110 Convallis Street|Cairns|4494|QLD|Curabitur Ut Odio Limited|7589-3045
0771C665-695E-BE58-AD1E-21260DAA14D0|Allistair Sheppard|P.O. Box 592, 8430 Praesent Av.|Redlands|2490|QLD|Metus Vitae Velit Company|4459-6977
450E6D65-F862-9E31-9ED2-FF0D3F1BE65C|Damon Holman|Ap #884-9231 Class St.|Albury|6143|NSW|Ullamcorper Duis Limited|8668-2104
C1FF55C8-3F6D-ACF2-61EE-A482F8B28F65|Eagan Higgins|2871 Cursus Rd.|Joondalup|1049|WA|Ligula Associates|3429-0400
69B5AE52-51C4-C673-DB08-008F64C16C5F|Harding Stephenson|460-2978 Fusce Ave|Shepparton|3569|VIC|Aliquam Gravida Mauris Limited|4510-0048
75CF0C73-F92E-F416-E3A6-E8B8DFC8CED4|Tiger Hughes|P.O. Box 757, 9626 Erat Avenue|Wodonga|4532|VIC|Purus Nullam Corp.|6921-1568
8F1A07F2-CFCB-CB20-C734-8FD948AE68EF|Kermit Leach|Ap #593-2427 Montes, St.|Newcastle|7074|NSW|Ante Dictum Associates|7870-0037
3541C6A6-0DDE-BA1A-88C8-40DBABF27A4F|Austin Fuentes|P.O. Box 279, 6724 Nunc St.|Cockburn|4117|WA|Lorem Lorem Industries|7609-1773
DDF3E619-8822-8D87-4C89-6CDD32145FCA|Uriel Wilson|533-7743 Proin St.|Greater Hobart|4426|TAS|Duis Risus Company|1184-9696
C945DDD7-B22E-5F57-135F-62CF7710FDE4|Daquan Mcclain|P.O. Box 746, 8807 Lobortis Avenue|Burnie|3995|TAS|Enim Etiam Gravida PC|5575-1126
04F11223-E87F-2B87-A142-186137398E9F|Gregory Guy|Ap #853-7895 Donec Street|Hamilton|6692|VIC|In Lorem LLP|7129-6136
F086856B-55D3-ADAD-E83D-4B824604E608|Colton Summers|Ap #306-8101 Mauris Av.|Mount Isa|7934|QLD|Nunc LLP|4128-9707
32648663-2914-161E-D818-E16A7D0038D0|Burke Hopkins|Ap #649-4454 Nunc Street|Hervey Bay|3640|QLD|Nunc Ut Erat Corp.|5671-6457
8C163C2D-050B-297D-81A5-E095374AD33F|Bruno Wood|1478 Eu Av.|Canberra|8365|ACT|Ipsum Dolor Sit Corporation|3133-0222
1BDB771B-0647-AC64-81AA-5DB7B6995915|Nash Phelps|4223 Cum Road|Lithgow|6532|NSW|Tellus Company|9107-8714
DF61F461-D01A-6A2E-E755-F36C039EDBFB|Emery Kirkland|P.O. Box 533, 9929 Adipiscing Ave|Mackay|2012|QLD|Sapien Molestie Limited|6953-4453
8BB5B6F5-A250-9AD9-8C8A-6E6761040CAB|Julian Burns|944-9568 Quam Ave|Moe|7176|VIC|Neque Nullam Ut Incorporated|2987-3182
2252948B-92DB-4B97-8F67-A4E56EE8039D|Burke Delgado|P.O. Box 844, 3469 Diam St.|Bendigo|4782|VIC|Tristique Corporation|5652-9257
7DB222EA-4351-E589-ECE6-B57554C2D1A0|Hakeem Estrada|P.O. Box 178, 4393 Ultrices Street|Belmont|2663|WA|Mauris Ut Institute|1247-4510
980A942F-EC18-D166-151B-EEC67D3308C1|Coby Landry|2828 Odio St.|Parramatta|8327|NSW|Ipsum PC|5123-7668
4AB3BD17-E3E5-45AF-0E2E-F095E26DDF3D|Alvin Stafford|3200 Tempor Avenue|Newcastle|9496|NSW|Integer Mollis Integer Limited|8503-7561
B68CFF22-603C-6ED2-A08F-9333133B5AD2|Craig Mcdaniel|Ap #809-9707 Libero St.|Blue Mountains|6087|NSW|Aliquam Auctor PC|4910-7335
34E79D65-6F24-77CF-9191-246CB8F5338A|John Schultz|3575 Et Av.|Cessnock|2099|NSW|Elementum Incorporated|7530-4542
5B00DE61-F4C8-1DBF-0E57-D91B96315E83|Jesse Burris|315 Lacus. Rd.|Swan Hill|4763|VIC|Velit Associates|2548-7824
DB4251A6-027E-2E98-C334-783B18798724|Brett Gilliam|7211 Nulla St.|Adelaide|7187|SA|Ultrices Sit Amet Company|7172-2525
CBB5960F-BC56-B6AE-E423-D1BCD740C9E1|Ray Mcpherson|Ap #172-1534 Ac Road|Queanbeyan|5217|NSW|Eget Laoreet Corporation|2204-1749
DB7ABC6C-D0F7-0298-83C6-D3F99B53B424|Uriel Giles|Ap #177-1670 Vivamus Street|Geelong|8274|VIC|Etiam Consulting|1288-0780
A72C171B-EF62-3973-B264-FD69A403DDE6|Reuben Elliott|Ap #966-1585 Sed, St.|Charters Towers|6149|QLD|Feugiat Industries|2620-1482
D5545B63-FE45-2F6F-B03F-0E95BD602E5E|Oren Torres|7603 In Street|Ipswich|7322|QLD|Enim Mi Tempor Associates|4100-5604
168EF178-2EC0-D529-33CD-367D481C3B1F|Gregory Ramirez|P.O. Box 633, 6139 Adipiscing, Street|Ararat|9682|VIC|Nec Institute|9168-0425
D3B241F2-C32B-3E76-6630-4632CF43EDEB|Gage Carroll|P.O. Box 663, 8064 Sapien. St.|Nedlands|6022|WA|Diam Company|6996-3582
4A3491CF-0468-36A4-0B40-245EB2E56066|Leonard Villarreal|Ap #122-7299 Libero Road|Maryborough|6921|QLD|Semper Cursus Integer Company|2331-1966
943CA4E4-BC22-F85A-9739-1F3B59DC3E19|Brody Drake|693-550 Dui. Ave|Albany|5272|WA|Metus Vitae Industries|3095-4239
2F26DCEC-C801-143E-BC85-094173DA094F|Valentine Browning|288-871 Ipsum Road|Gosnells|7668|WA|Non PC|5534-9022
434423F9-1C5F-3AF9-64A3-0CF9AB9D5773|Ira Hobbs|Ap #609-6195 Sed Rd.|Charters Towers|4757|QLD|Lectus Consulting|7870-1751
07D2FDA8-40DF-82E0-8B14-8979D35CCC1A|Micah Warner|Ap #669-6776 Luctus Road|Redlands|4410|QLD|Nonummy Ut Molestie Limited|8539-5766
179A7DA3-C6BF-2163-7C89-A84AC8A63E74|Ray Glenn|P.O. Box 541, 3081 Et, Avenue|Campbelltown|4074|NSW|Suspendisse LLP|3181-3585
74E1EED1-1AA3-DA31-01DB-210A46871448|Henry Ayala|P.O. Box 953, 4256 Nec St.|Lithgow|7325|NSW|Velit In Aliquet Foundation|4930-8482
7A175C69-69F8-085C-DA66-E665FCAD4CBD|Kane Mejia|3803 Natoque St.|Cockburn|4237|WA|Suspendisse Sed LLC|7159-1572
2921758D-9939-75ED-92A9-FF3B568E65C3|Amos Christensen|P.O. Box 134, 9427 Sit Rd.|Redcliffe|8996|QLD|Est Tempor Limited|5136-1750
1640136E-B945-2B6E-6CD2-A515A8B3068D|Brenden Le|9251 Et, St.|Tamworth|1943|NSW|Egestas Ltd|1132-9660
EE24249F-E262-9CC9-C7EB-406931ABEC24|Damian Barton|Ap #225-9252 Turpis. Rd.|Brisbane|7671|QLD|Nec Ante Maecenas Industries|6102-2917
9CCEAB4C-E6A0-047A-BC38-EA33287EC491|Wang Ford|6076 Nunc Av.|Ararat|6442|VIC|Nonummy Fusce Fermentum LLC|9015-0174
AC6EC46D-4329-E28E-149D-8502439D9212|Kieran Ballard|381-2217 Mi Road|Kalgoorlie-Boulder|8953|WA|Velit Sed Corp.|1099-2671
CF294342-0247-2BBE-A8C8-E420DDFAB9CD|Zahir Frye|Ap #640-938 Ullamcorper, Ave|Campbelltown|2805|NSW|Et PC|6439-4340
7E611724-D900-8355-2FF5-E8EBE327790A|Hop Leonard|P.O. Box 987, 8636 Fermentum Road|Moe|7201|VIC|Magnis Dis Parturient LLP|2902-6353
415C70FD-36D2-7F17-F118-0B8156BAC727|Wing Murray|929 Mollis Street|Palmerston|5229|NT|Non Dui Nec LLC|4504-7862
94B4E51D-6124-1FE0-C6D4-C6A104808EBF|Channing Lynch|P.O. Box 916, 3447 A St.|Bendigo|8150|VIC|Faucibus Morbi Limited|1572-2973
28534EE2-E032-B2FF-8EED-ABBF73724F2E|Judah Berry|Ap #930-7404 Eros Av.|Townsville|8248|QLD|Purus Industries|2633-5686
B956A5E0-72C0-F028-9111-9AF64CB5730C|Hakeem Chen|P.O. Box 453, 4021 Et Road|Subiaco|4749|WA|Nibh Dolor Nonummy LLC|8496-8075
32409E1B-D412-1EB7-B168-B86B529537BA|Kuame Henry|832-6476 Posuere Av.|Liverpool|2808|NSW|Lacus Industries|8046-5723
40A83047-F8B6-BC44-2327-E57916BCBC9D|Elmo Marks|600-6573 Lacinia Avenue|Sydney|4013|NSW|Duis Associates|5231-1655
727DE19F-B6B1-E99D-4A97-EC1E7951739A|Colorado Cleveland|6437 Lacus. Rd.|Grafton|4183|NSW|Quisque Fringilla Euismod Institute|5624-8955
A06983F4-0D05-6614-32B1-6FFE48E1F713|Dante Wood|P.O. Box 256, 5383 Sit St.|Wodonga|2427|VIC|Montes Nascetur Foundation|2838-2323
3A87C7B1-38F8-D728-9838-008353F7B1C6|Clinton Bradford|P.O. Box 446, 3974 Est Av.|South Perth|8784|WA|Vehicula Corporation|6556-0426
FCCE114C-FF6D-2337-E10C-E5AB49DE9C68|Thor Moses|Ap #716-3650 Varius. Rd.|Orange|2683|NSW|Elit Pretium Et LLC|7614-1214
C660037C-E6C8-A23A-38AC-4B78B7297186|Tobias Guzman|4679 Magna Ave|Toowoomba|2424|QLD|Sed Leo Corporation|5686-5286
143F8FDC-1685-E985-78E8-35239254B4A1|Marshall Ross|Ap #288-9109 Nisl Rd.|Ararat|7737|VIC|Ut Associates|9423-6599
66E3FF14-4636-BF5F-6B35-3E7AFB2AFEDC|Sawyer Pickett|P.O. Box 171, 5620 Egestas Avenue|Sydney|5706|NSW|Elit Corporation|9785-4574
D74D9D5E-72FE-8070-7C6F-BA9C2598DEAC|Ian Cochran|9345 Vestibulum Street|Morwell|6791|VIC|In Cursus Et PC|2409-2600
B2387CFD-8550-7046-B9E7-983E91A1AA1E|Stuart Nixon|Ap #112-4197 Duis St.|Melton|1630|VIC|Sapien Cursus In Limited|7746-6680
77A5DDBC-10E5-7F3E-7959-26447A5CB8C9|Macaulay Wolfe|9591 Mus. St.|Swan Hill|3351|VIC|Nunc Sed Libero Foundation|1979-9893
8373D218-B378-1186-0563-5FD2BE26BEE1|Reuben Barr|115-213 Mattis Street|Orange|2096|NSW|Facilisis Lorem Tristique Corp.|3237-6639
4B8F5BAB-2810-D32A-4042-32DB2B28E433|Boris Ayala|7356 Diam. Rd.|Sydney|9616|NSW|Quisque Tincidunt Pede Ltd|9172-3452
093E334E-939A-6A2D-C159-84CCEB700E23|Macaulay Collins|911 Sapien, Road|Campbelltown|8394|NSW|Etiam LLC|9689-3544
DA8A68B3-2E93-6CAC-4B13-E269D35D875B|Tiger Arnold|P.O. Box 898, 3672 Suspendisse Av.|Port Pirie|6762|SA|Dictum Corporation|9929-1608
1986BC4B-DEC0-895B-B13E-5626469C8159|Yuli Odom|Ap #450-4935 Mollis Rd.|Melton|2332|VIC|Mauris Corp.|5274-8168
B9D53B8D-A6F8-748C-6869-571526A4FBCB|Elijah Kane|8362 Magna Road|Brisbane|4095|QLD|Integer Aliquam Corp.|8531-1221
5BAF7A55-9E2B-6B80-F701-DFB79D883E9A|Ishmael Farley|283-9808 Eget St.|Sydney|6451|NSW|Cras Vulputate Velit Corp.|6542-8381
F86AB2D0-5F84-622C-DD42-7F6BEB906F06|Russell Vargas|Ap #759-9792 Enim Av.|Toowoomba|5991|QLD|Nulla Corporation|5143-5121
5EE9C9F7-DA1F-BD8F-0F06-FA57E9B724A2|Burton Farley|7202 Quisque Road|Mandurah|9907|WA|Parturient Montes Nascetur Company|1846-9967
839C465A-3291-A99C-E52E-2F40E6CB6CF8|Conan Serrano|728-5323 Pellentesque Rd.|Sydney|9179|NSW|Dapibus Rutrum Consulting|4181-4129
BDD1C875-164F-AC8F-69E7-ECDE10AF4617|Cade Jenkins|P.O. Box 365, 6641 Ullamcorper Street|Launceston|1266|TAS|Euismod Et Commodo Company|3459-4412
077D9816-63EF-39EF-C40E-CBF49706E1D4|Alan Padilla|Ap #574-7390 Urna. St.|Wangaratta|9698|VIC|In Sodales Elit Inc.|3407-1919
313817CA-DC3B-2E57-A43A-61F64630FAAF|Ulric Morton|P.O. Box 836, 9008 Luctus St.|Devonport|9227|TAS|Vel Venenatis Vel Inc.|7623-2330
7407DB09-8509-8282-897D-8E12F8F89340|Malik England|466-7426 Nam St.|Bendigo|5475|VIC|In Limited|8974-7965
838FD4E6-0724-3D29-0FF5-5F2321A4BC5E|Roth Larsen|P.O. Box 519, 1423 Adipiscing St.|Penrith|7722|NSW|Velit Limited|4052-4028
888F2401-2F6D-4F28-B58F-B59313F6E992|Hashim Wiggins|P.O. Box 488, 5313 Erat. Ave|Canning|4753|WA|Pretium Aliquet Company|4203-4900
BD0033CA-99B2-CC76-0D5E-D9629D1D3625|Keith Steele|Ap #136-3386 Eu Ave|Bendigo|4896|VIC|Enim Curabitur Massa Institute|3097-2792
62CB16FF-B3BF-8B49-A937-78CEC6B67FA8|Keefe Roberson|Ap #217-2080 Neque Street|Shepparton|6404|VIC|Ligula Aenean Consulting|5415-3912
2421623D-569A-8A03-0F6A-F7655DDA0F2D|Baker Lynn|614-1010 Purus St.|Cairns|6462|QLD|Magna Sed Dui Limited|5441-9518
4FB76C3A-64FA-5C2F-B9F4-7693B7232486|Thor Griffin|109-5580 Ad St.|Nedlands|1960|WA|Ac Fermentum LLC|6418-5374
8C0A52BA-53FD-BD0B-D901-632A84EC18DE|Logan Bradley|Ap #928-3973 Volutpat Road|Melton|3519|VIC|Lacus Vestibulum Foundation|4201-8282
9E2DD466-A2FD-D8C1-8335-98D0CC993222|Oscar Duran|183-3812 Nec, Av.|Orange|2036|NSW|Neque Tellus Institute|4729-7223
8A97F00C-48C0-0333-04B9-A58A4578491F|Carlos Nash|P.O. Box 867, 4513 Euismod Rd.|Ballarat|5243|VIC|Lorem Corporation|1839-0193
7F41C1FB-8B51-C181-3C67-FECCEE49097B|Troy Wallace|659 Neque Avenue|Bairnsdale|9476|VIC|Nisl Sem PC|2193-4961
CF659347-4CA9-0ACC-8933-D433EB657B96|Fletcher Bass|P.O. Box 975, 7455 Mollis St.|Warrnambool|6139|VIC|Vitae Dolor Corp.|8426-5358
F6E3F05E-AB87-8E09-8B4A-76EAB24A0802|Xavier Cross|5956 Erat Rd.|Bendigo|9537|VIC|Aptent Taciti Sociosqu Consulting|9928-4308